# VHH-NNLO SMEFT grid scan points
# process: WplusHH
# energy_tev: 13.6
# scan_axes: phi,phiW
# windows: phi=[-15,5]; phiW=[-1,1]
# n_points_per_axis: 40
# n_points_total: 1600
# fixed_wcs: phi=0,phiBox=0,phiD=0,phiW=0,phiq3st=0
#
phi	phiW	sigma_lo	sigma_nnlo	k	sigma_smeft_over_sm_lo	sigma_smeft_over_sm_nnlo
-15	-1	0.484104908	0.5966555044	1.232492161	1.631545786	1.666858045
-15	-0.9487179487	0.5318666175	0.6534215679	1.228544049	1.792513821	1.825443642
-15	-0.8974358974	0.5796283271	0.7101876315	1.22524659	1.953481856	1.98402924
-15	-0.8461538462	0.6273900366	0.766953695	1.222451187	2.114449891	2.142614837
-15	-0.7948717949	0.6751517462	0.8237197585	1.22005129	2.275417927	2.301200435
-15	-0.7435897436	0.7229134557	0.8804858221	1.217968507	2.436385962	2.459786032
-15	-0.6923076923	0.7706751652	0.9372518856	1.21614388	2.597353997	2.61837163
-15	-0.641025641	0.8184368748	0.9940179491	1.214532213	2.758322032	2.776957227
-15	-0.5897435897	0.8661985843	1.050784013	1.21309828	2.919290068	2.935542825
-15	-0.5384615385	0.9139602939	1.107550076	1.211814215	3.080258103	3.094128422
-15	-0.4871794872	0.9617220034	1.16431614	1.210657691	3.241226138	3.25271402
-15	-0.4358974359	1.009483713	1.221082203	1.209610604	3.402194174	3.411299617
-15	-0.3846153846	1.057245422	1.277848267	1.208658122	3.563162209	3.569885215
-15	-0.3333333333	1.105007132	1.33461433	1.207787979	3.724130244	3.728470812
-15	-0.2820512821	1.152768842	1.391380394	1.206989939	3.885098279	3.88705641
-15	-0.2307692308	1.200530551	1.448146457	1.206255398	4.046066315	4.045642007
-15	-0.1794871795	1.248292261	1.504912521	1.205577066	4.20703435	4.204227605
-15	-0.1282051282	1.29605397	1.561678584	1.204948729	4.368002385	4.362813202
-15	-0.07692307692	1.34381568	1.618444648	1.204365057	4.528970421	4.5213988
-15	-0.02564102564	1.391577389	1.675210712	1.203821451	4.689938456	4.679984397
-15	0.02564102564	1.439339099	1.731976775	1.203313921	4.850906491	4.838569995
-15	0.07692307692	1.487100808	1.788742839	1.202838993	5.011874526	4.997155592
-15	0.1282051282	1.534862518	1.845508902	1.202393622	5.172842562	5.15574119
-15	0.1794871795	1.582624227	1.902274966	1.201975133	5.333810597	5.314326787
-15	0.2307692308	1.630385937	1.959041029	1.201581162	5.494778632	5.472912385
-15	0.2820512821	1.678147647	2.015807093	1.201209618	5.655746668	5.631497982
-15	0.3333333333	1.725909356	2.072573156	1.200858637	5.816714703	5.79008358
-15	0.3846153846	1.773671066	2.12933922	1.200526558	5.977682738	5.948669177
-15	0.4358974359	1.821432775	2.186105283	1.200211895	6.138650773	6.107254775
-15	0.4871794872	1.869194485	2.242871347	1.199913313	6.299618809	6.265840372
-15	0.5384615385	1.916956194	2.29963741	1.199629609	6.460586844	6.42442597
-15	0.5897435897	1.964717904	2.356403474	1.199359699	6.621554879	6.583011567
-15	0.641025641	2.012479613	2.413169537	1.1991026	6.782522915	6.741597165
-15	0.6923076923	2.060241323	2.469935601	1.198857422	6.94349095	6.900182762
-15	0.7435897436	2.108003032	2.526701665	1.198623354	7.104458985	7.05876836
-15	0.7948717949	2.155764742	2.583467728	1.198399657	7.26542702	7.217353957
-15	0.8461538462	2.203526451	2.640233792	1.198185658	7.426395056	7.375939555
-15	0.8974358974	2.251288161	2.696999855	1.197980739	7.587363091	7.534525152
-15	0.9487179487	2.299049871	2.753765919	1.197784334	7.748331126	7.69311075
-15	1	2.34681158	2.810531982	1.197595924	7.909299161	7.851696347
-14.48717949	-1	0.4458572925	0.5506506653	1.235037925	1.502642453	1.538335747
-14.48717949	-0.9487179487	0.493619002	0.6074167288	1.230537573	1.663610488	1.696921345
-14.48717949	-0.8974358974	0.5413807116	0.6641827924	1.226831282	1.824578524	1.855506942
-14.48717949	-0.8461538462	0.5891424211	0.7209488559	1.223725928	1.985546559	2.01409254
-14.48717949	-0.7948717949	0.6369041307	0.7777149194	1.221086317	2.146514594	2.172678137
-14.48717949	-0.7435897436	0.6846658402	0.834480983	1.218814981	2.30748263	2.331263735
-14.48717949	-0.6923076923	0.7324275497	0.8912470465	1.216839873	2.468450665	2.489849332
-14.48717949	-0.641025641	0.7801892593	0.94801311	1.21510659	2.6294187	2.64843493
-14.48717949	-0.5897435897	0.8279509688	1.004779174	1.213573281	2.790386735	2.807020527
-14.48717949	-0.5384615385	0.8757126784	1.061545237	1.212207227	2.951354771	2.965606125
-14.48717949	-0.4871794872	0.9234743879	1.118311301	1.210982476	3.112322806	3.124191722
-14.48717949	-0.4358974359	0.9712360974	1.175077364	1.209878182	3.273290841	3.28277732
-14.48717949	-0.3846153846	1.018997807	1.231843428	1.208877408	3.434258876	3.441362917
-14.48717949	-0.3333333333	1.066759517	1.288609491	1.207966249	3.595226912	3.599948515
-14.48717949	-0.2820512821	1.114521226	1.345375555	1.207133183	3.756194947	3.758534112
-14.48717949	-0.2307692308	1.162282936	1.402141618	1.206368583	3.917162982	3.91711971
-14.48717949	-0.1794871795	1.210044645	1.458907682	1.205664343	4.078131018	4.075705307
-14.48717949	-0.1282051282	1.257806355	1.515673745	1.205013586	4.239099053	4.234290905
-14.48717949	-0.07692307692	1.305568064	1.572439809	1.204410442	4.400067088	4.392876502
-14.48717949	-0.02564102564	1.353329774	1.629205872	1.20384987	4.561035123	4.5514621
-14.48717949	0.02564102564	1.401091483	1.685971936	1.203327517	4.722003159	4.710047697
-14.48717949	0.07692307692	1.448853193	1.742738	1.202839603	4.882971194	4.868633295
-14.48717949	0.1282051282	1.496614902	1.799504063	1.202382831	5.043939229	5.027218892
-14.48717949	0.1794871795	1.544376612	1.856270127	1.201954311	5.204907265	5.18580449
-14.48717949	0.2307692308	1.592138321	1.91303619	1.201551501	5.3658753	5.344390087
-14.48717949	0.2820512821	1.639900031	1.969802254	1.201172155	5.526843335	5.502975685
-14.48717949	0.3333333333	1.687661741	2.026568317	1.20081428	5.68781137	5.661561282
-14.48717949	0.3846153846	1.73542345	2.083334381	1.200476103	5.848779406	5.82014688
-14.48717949	0.4358974359	1.78318516	2.140100444	1.200156043	6.009747441	5.978732477
-14.48717949	0.4871794872	1.830946869	2.196866508	1.19985268	6.170715476	6.137318075
-14.48717949	0.5384615385	1.878708579	2.253632571	1.199564742	6.331683512	6.295903672
-14.48717949	0.5897435897	1.926470288	2.310398635	1.199291081	6.492651547	6.45448927
-14.48717949	0.641025641	1.974231998	2.367164698	1.199030662	6.653619582	6.613074867
-14.48717949	0.6923076923	2.021993707	2.423930762	1.198782545	6.814587617	6.771660465
-14.48717949	0.7435897436	2.069755417	2.480696825	1.198545879	6.975555653	6.930246062
-14.48717949	0.7948717949	2.117517126	2.537462889	1.19831989	7.136523688	7.08883166
-14.48717949	0.8461538462	2.165278836	2.594228953	1.19810387	7.297491723	7.247417257
-14.48717949	0.8974358974	2.213040545	2.650995016	1.197897174	7.458459758	7.406002855
-14.48717949	0.9487179487	2.260802255	2.70776108	1.197699212	7.619427794	7.564588452
-14.48717949	1	2.308563965	2.764527143	1.197509441	7.780395829	7.72317405
-13.97435897	-1	0.407609677	0.5046458262	1.238061446	1.373739121	1.40981345
-13.97435897	-0.9487179487	0.4553713865	0.5614118898	1.232865978	1.534707156	1.568399048
-13.97435897	-0.8974358974	0.5031330961	0.6181779533	1.228656906	1.695675191	1.726984645
-13.97435897	-0.8461538462	0.5508948056	0.6749440168	1.225177675	1.856643227	1.885570243
-13.97435897	-0.7948717949	0.5986565151	0.7317100804	1.222253599	2.017611262	2.04415584
-13.97435897	-0.7435897436	0.6464182247	0.7884761439	1.219761625	2.178579297	2.202741438
-13.97435897	-0.6923076923	0.6941799342	0.8452422074	1.217612561	2.339547332	2.361327035
-13.97435897	-0.641025641	0.7419416438	0.902008271	1.215740185	2.500515368	2.519912633
-13.97435897	-0.5897435897	0.7897033533	0.9587743345	1.214094293	2.661483403	2.67849823
-13.97435897	-0.5384615385	0.8374650629	1.015540398	1.212636136	2.822451438	2.837083828
-13.97435897	-0.4871794872	0.8852267724	1.072306462	1.211335327	2.983419473	2.995669425
-13.97435897	-0.4358974359	0.9329884819	1.129072525	1.2101677	3.144387509	3.154255023
-13.97435897	-0.3846153846	0.9807501915	1.185838589	1.209113798	3.305355544	3.31284062
-13.97435897	-0.3333333333	1.028511901	1.242604652	1.208157777	3.466323579	3.471426218
-13.97435897	-0.2820512821	1.076273611	1.299370716	1.207286607	3.627291615	3.630011815
-13.97435897	-0.2307692308	1.12403532	1.356136779	1.206489471	3.78825965	3.788597413
-13.97435897	-0.1794871795	1.17179703	1.412902843	1.205757317	3.949227685	3.94718301
-13.97435897	-0.1282051282	1.219558739	1.469668906	1.20508251	4.11019572	4.105768608
-13.97435897	-0.07692307692	1.267320449	1.52643497	1.204458566	4.271163756	4.264354205
-13.97435897	-0.02564102564	1.315082158	1.583201033	1.203879943	4.432131791	4.422939803
-13.97435897	0.02564102564	1.362843868	1.639967097	1.203341876	4.593099826	4.5815254
-13.97435897	0.07692307692	1.410605577	1.69673316	1.202840247	4.754067862	4.740110998
-13.97435897	0.1282051282	1.458367287	1.753499224	1.202371474	4.915035897	4.898696595
-13.97435897	0.1794871795	1.506128996	1.810265288	1.201932432	5.076003932	5.057282193
-13.97435897	0.2307692308	1.553890706	1.867031351	1.20152038	5.236971967	5.21586779
-13.97435897	0.2820512821	1.601652415	1.923797415	1.201132902	5.397940003	5.374453387
-13.97435897	0.3333333333	1.649414125	1.980563478	1.200767865	5.558908038	5.533038985
-13.97435897	0.3846153846	1.697175835	2.037329542	1.200423374	5.719876073	5.691624582
-13.97435897	0.4358974359	1.744937544	2.094095605	1.200097741	5.880844109	5.85021018
-13.97435897	0.4871794872	1.792699254	2.150861669	1.19978946	6.041812144	6.008795777
-13.97435897	0.5384615385	1.840460963	2.207627732	1.199497178	6.202780179	6.167381375
-13.97435897	0.5897435897	1.888222673	2.264393796	1.199219683	6.363748214	6.325966972
-13.97435897	0.641025641	1.935984382	2.321159859	1.19895588	6.52471625	6.48455257
-13.97435897	0.6923076923	1.983746092	2.377925923	1.19870478	6.685684285	6.643138167
-13.97435897	0.7435897436	2.031507801	2.434691986	1.198465487	6.84665232	6.801723765
-13.97435897	0.7948717949	2.079269511	2.49145805	1.198237187	7.007620355	6.960309362
-13.97435897	0.8461538462	2.12703122	2.548224113	1.19801914	7.168588391	7.11889496
-13.97435897	0.8974358974	2.17479293	2.604990177	1.19781067	7.329556426	7.277480557
-13.97435897	0.9487179487	2.22255464	2.661756241	1.19761116	7.490524461	7.436066155
-13.97435897	1	2.270316349	2.718522304	1.197420045	7.651492497	7.594651752
-13.46153846	-1	0.3693620615	0.4586409871	1.241711142	1.244835788	1.281291153
-13.46153846	-0.9487179487	0.417123771	0.5154070507	1.235621383	1.405803824	1.43987675
-13.46153846	-0.8974358974	0.4648854806	0.5721731142	1.230782931	1.566771859	1.598462348
-13.46153846	-0.8461538462	0.5126471901	0.6289391777	1.226846045	1.727739894	1.757047945
-13.46153846	-0.7948717949	0.5604088996	0.6857052413	1.223580214	1.888707929	1.915633543
-13.46153846	-0.7435897436	0.6081706092	0.7424713048	1.220827336	2.049675965	2.07421914
-13.46153846	-0.6923076923	0.6559323187	0.7992373683	1.21847536	2.210644	2.232804738
-13.46153846	-0.641025641	0.7036940283	0.8560034319	1.216442655	2.371612035	2.391390335
-13.46153846	-0.5897435897	0.7514557378	0.9127694954	1.214668342	2.53258007	2.549975933
-13.46153846	-0.5384615385	0.7992174473	0.9695355589	1.213106098	2.693548106	2.70856153
-13.46153846	-0.4871794872	0.8469791569	1.026301622	1.211720045	2.854516141	2.867147128
-13.46153846	-0.4358974359	0.8947408664	1.083067686	1.210481969	3.015484176	3.025732725
-13.46153846	-0.3846153846	0.942502576	1.13983375	1.209369373	3.176452212	3.184318323
-13.46153846	-0.3333333333	0.9902642855	1.196599813	1.208364101	3.337420247	3.34290392
-13.46153846	-0.2820512821	1.038025995	1.253365877	1.207451338	3.498388282	3.501489518
-13.46153846	-0.2307692308	1.085787705	1.31013194	1.206618876	3.659356317	3.660075115
-13.46153846	-0.1794871795	1.133549414	1.366898004	1.205856566	3.820324353	3.818660713
-13.46153846	-0.1282051282	1.181311124	1.423664067	1.205155897	3.981292388	3.97724631
-13.46153846	-0.07692307692	1.229072833	1.480430131	1.204509685	4.142260423	4.135831908
-13.46153846	-0.02564102564	1.276834543	1.537196194	1.203911817	4.303228459	4.294417505
-13.46153846	0.02564102564	1.324596252	1.593962258	1.203357065	4.464196494	4.453003103
-13.46153846	0.07692307692	1.372357962	1.650728321	1.202840926	4.625164529	4.6115887
-13.46153846	0.1282051282	1.420119671	1.707494385	1.202359505	4.786132564	4.770174298
-13.46153846	0.1794871795	1.467881381	1.764260448	1.201909413	4.9471006	4.928759895
-13.46153846	0.2307692308	1.51564309	1.821026512	1.201487688	5.108068635	5.087345493
-13.46153846	0.2820512821	1.5634048	1.877792575	1.20109173	5.26903667	5.24593109
-13.46153846	0.3333333333	1.61116651	1.934558639	1.200719248	5.430004706	5.404516688
-13.46153846	0.3846153846	1.658928219	1.991324703	1.200368213	5.590972741	5.563102285
-13.46153846	0.4358974359	1.706689929	2.048090766	1.200036827	5.751940776	5.721687883
-13.46153846	0.4871794872	1.754451638	2.10485683	1.199723483	5.912908811	5.88027348
-13.46153846	0.5384615385	1.802213348	2.161622893	1.199426747	6.073876847	6.038859078
-13.46153846	0.5897435897	1.849975057	2.218388957	1.199145333	6.234844882	6.197444675
-13.46153846	0.641025641	1.897736767	2.27515502	1.198878085	6.395812917	6.356030273
-13.46153846	0.6923076923	1.945498476	2.331921084	1.198623958	6.556780953	6.51461587
-13.46153846	0.7435897436	1.993260186	2.388687147	1.19838201	6.717748988	6.673201468
-13.46153846	0.7948717949	2.041021895	2.445453211	1.198151385	6.878717023	6.831787065
-13.46153846	0.8461538462	2.088783605	2.502219274	1.197931307	7.039685058	6.990372663
-13.46153846	0.8974358974	2.136545314	2.558985338	1.197721069	7.200653094	7.14895826
-13.46153846	0.9487179487	2.184307024	2.615751401	1.197520025	7.361621129	7.307543858
-13.46153846	1	2.232068734	2.672517465	1.197327584	7.522589164	7.466129455
-12.94871795	-1	0.331114446	0.4126361481	1.246204003	1.115932456	1.152768855
-12.94871795	-0.9487179487	0.3788761555	0.4694022116	1.238933105	1.276900491	1.311354453
-12.94871795	-0.8974358974	0.4266378651	0.5261682751	1.233290147	1.437868526	1.46994005
-12.94871795	-0.8461538462	0.4743995746	0.5829343387	1.228783435	1.598836562	1.628525648
-12.94871795	-0.7948717949	0.5221612841	0.6397004022	1.225101174	1.759804597	1.787111245
-12.94871795	-0.7435897436	0.5699229937	0.6964664657	1.222036088	1.920772632	1.945696843
-12.94871795	-0.6923076923	0.6176847032	0.7532325293	1.21944501	2.081740667	2.10428244
-12.94871795	-0.641025641	0.6654464128	0.8099985928	1.217225876	2.242708703	2.262868038
-12.94871795	-0.5897435897	0.7132081223	0.8667646563	1.215303961	2.403676738	2.421453635
-12.94871795	-0.5384615385	0.7609698318	0.9235307199	1.213623302	2.564644773	2.580039233
-12.94871795	-0.4871794872	0.8087315414	0.9802967834	1.212141153	2.725612809	2.73862483
-12.94871795	-0.4358974359	0.8564932509	1.037062847	1.210824307	2.886580844	2.897210428
-12.94871795	-0.3846153846	0.9042549605	1.09382891	1.209646569	3.047548879	3.055796025
-12.94871795	-0.3333333333	0.95201667	1.150594974	1.208587003	3.208516914	3.214381623
-12.94871795	-0.2820512821	0.9997783795	1.207361038	1.207628673	3.36948495	3.37296722
-12.94871795	-0.2307692308	1.047540089	1.264127101	1.206757731	3.530452985	3.531552818
-12.94871795	-0.1794871795	1.095301799	1.320893165	1.205962746	3.69142102	3.690138415
-12.94871795	-0.1282051282	1.143063508	1.377659228	1.205234196	3.852389056	3.848724013
-12.94871795	-0.07692307692	1.190825218	1.434425292	1.204564087	4.013357091	4.00730961
-12.94871795	-0.02564102564	1.238586927	1.491191355	1.20394566	4.174325126	4.165895208
-12.94871795	0.02564102564	1.286348637	1.547957419	1.203373156	4.335293161	4.324480805
-12.94871795	0.07692307692	1.334110346	1.604723482	1.202841644	4.496261197	4.483066403
-12.94871795	0.1282051282	1.381872056	1.661489546	1.202346873	4.657229232	4.641652
-12.94871795	0.1794871795	1.429633765	1.718255609	1.201885162	4.818197267	4.800237598
-12.94871795	0.2307692308	1.477395475	1.775021673	1.201453303	4.979165303	4.958823195
-12.94871795	0.2820512821	1.525157184	1.831787736	1.201048492	5.140133338	5.117408793
-12.94871795	0.3333333333	1.572918894	1.8885538	1.200668265	5.301101373	5.27599439
-12.94871795	0.3846153846	1.620680604	1.945319863	1.200310449	5.462069408	5.434579988
-12.94871795	0.4358974359	1.668442313	2.002085927	1.199973119	5.623037444	5.593165585
-12.94871795	0.4871794872	1.716204023	2.058851991	1.199654565	5.784005479	5.751751183
-12.94871795	0.5384615385	1.763965732	2.115618054	1.199353261	5.944973514	5.91033678
-12.94871795	0.5897435897	1.811727442	2.172384118	1.199067844	6.10594155	6.068922378
-12.94871795	0.641025641	1.859489151	2.229150181	1.198797089	6.266909585	6.227507975
-12.94871795	0.6923076923	1.907250861	2.285916245	1.198539894	6.42787762	6.386093573
-12.94871795	0.7435897436	1.95501257	2.342682308	1.198295266	6.588845655	6.54467917
-12.94871795	0.7948717949	2.00277428	2.399448372	1.198062306	6.749813691	6.703264768
-12.94871795	0.8461538462	2.050535989	2.456214435	1.197840198	6.910781726	6.861850365
-12.94871795	0.8974358974	2.098297699	2.512980499	1.197628201	7.071749761	7.020435963
-12.94871795	0.9487179487	2.146059409	2.569746562	1.197425641	7.232717796	7.17902156
-12.94871795	1	2.193821118	2.626512626	1.1972319	7.393685832	7.337607158
-12.43589744	-1	0.2928668305	0.366631309	1.251870375	0.9870291234	1.024246558
-12.43589744	-0.9487179487	0.34062854	0.4233973725	1.242988543	1.147997159	1.182832156
-12.43589744	-0.8974358974	0.3883902495	0.480163436	1.23629117	1.308965194	1.341417753
-12.43589744	-0.8461538462	0.4361519591	0.5369294996	1.231060616	1.469933229	1.500003351
-12.43589744	-0.7948717949	0.4839136686	0.5936955631	1.226862562	1.630901265	1.658588948
-12.43589744	-0.7435897436	0.5316753782	0.6504616266	1.22341875	1.7918693	1.817174546
-12.43589744	-0.6923076923	0.5794370877	0.7072276902	1.22054267	1.952837335	1.975760143
-12.43589744	-0.641025641	0.6271987973	0.7639937537	1.218104622	2.11380537	2.134345741
-12.43589744	-0.5897435897	0.6749605068	0.8207598172	1.216011617	2.274773406	2.292931338
-12.43589744	-0.5384615385	0.7227222163	0.8775258808	1.214195248	2.435741441	2.451516936
-12.43589744	-0.4871794872	0.7704839259	0.9342919443	1.21260407	2.596709476	2.610102533
-12.43589744	-0.4358974359	0.8182456354	0.9910580079	1.211198649	2.757677511	2.768688131
-12.43589744	-0.3846153846	0.866007345	1.047824071	1.20994825	2.918645547	2.927273728
-12.43589744	-0.3333333333	0.9137690545	1.104590135	1.208828565	3.079613582	3.085859326
-12.43589744	-0.2820512821	0.961530764	1.161356198	1.207820115	3.240581617	3.244444923
-12.43589744	-0.2307692308	1.009292474	1.218122262	1.20690711	3.401549653	3.403030521
-12.43589744	-0.1794871795	1.057054183	1.274888326	1.20607661	3.562517688	3.561616118
-12.43589744	-0.1282051282	1.104815893	1.331654389	1.205317916	3.723485723	3.720201716
-12.43589744	-0.07692307692	1.152577602	1.388420453	1.204622101	3.884453758	3.878787313
-12.43589744	-0.02564102564	1.200339312	1.445186516	1.203981659	4.045421794	4.037372911
-12.43589744	0.02564102564	1.248101021	1.50195258	1.203390234	4.206389829	4.195958508
-12.43589744	0.07692307692	1.295862731	1.558718643	1.202842405	4.367357864	4.354544106
-12.43589744	0.1282051282	1.34362444	1.615484707	1.202333523	4.5283259	4.513129703
-12.43589744	0.1794871795	1.39138615	1.67225077	1.201859577	4.689293935	4.671715301
-12.43589744	0.2307692308	1.439147859	1.729016834	1.20141709	4.85026197	4.830300898
-12.43589744	0.2820512821	1.486909569	1.785782897	1.20100303	5.011230005	4.988886496
-12.43589744	0.3333333333	1.534671279	1.842548961	1.200614742	5.172198041	5.147472093
-12.43589744	0.3846153846	1.582432988	1.899315024	1.200249893	5.333166076	5.306057691
-12.43589744	0.4358974359	1.630194698	1.956081088	1.199906423	5.494134111	5.464643288
-12.43589744	0.4871794872	1.677956407	2.012847151	1.199582506	5.655102147	5.623228886
-12.43589744	0.5384615385	1.725718117	2.069613215	1.199276519	5.816070182	5.781814483
-12.43589744	0.5897435897	1.773479826	2.126379279	1.198987012	5.977038217	5.940400081
-12.43589744	0.641025641	1.821241536	2.183145342	1.198712691	6.138006252	6.098985678
-12.43589744	0.6923076923	1.869003245	2.239911406	1.19845239	6.298974288	6.257571276
-12.43589744	0.7435897436	1.916764955	2.296677469	1.198205061	6.459942323	6.416156873
-12.43589744	0.7948717949	1.964526664	2.353443533	1.197969758	6.620910358	6.574742471
-12.43589744	0.8461538462	2.012288374	2.410209596	1.197745625	6.781878393	6.733328068
-12.43589744	0.8974358974	2.060050083	2.46697566	1.197531885	6.942846429	6.891913666
-12.43589744	0.9487179487	2.107811793	2.523741723	1.197327831	7.103814464	7.050499263
-12.43589744	1	2.155573503	2.580507787	1.19713282	7.264782499	7.209084861
-11.92307692	-1	0.254619215	0.3206264699	1.259239095	0.858125791	0.8957242609
-11.92307692	-0.9487179487	0.3023809245	0.3773925334	1.248069911	1.019093826	1.054309858
-11.92307692	-0.8974358974	0.350142634	0.434158597	1.239947823	1.180061862	1.212895456
-11.92307692	-0.8461538462	0.3979043436	0.4909246605	1.233775575	1.341029897	1.371481053
-11.92307692	-0.7948717949	0.4456660531	0.547690724	1.228926278	1.501997932	1.530066651
-11.92307692	-0.7435897436	0.4934277627	0.6044567876	1.225015764	1.662965967	1.688652248
-11.92307692	-0.6923076923	0.5411894722	0.6612228511	1.22179548	1.823934003	1.847237846
-11.92307692	-0.641025641	0.5889511817	0.7179889146	1.219097502	1.984902038	2.005823443
-11.92307692	-0.5897435897	0.6367128913	0.7747549782	1.216804291	2.145870073	2.164409041
-11.92307692	-0.5384615385	0.6844746008	0.8315210417	1.214831114	2.306838108	2.322994638
-11.92307692	-0.4871794872	0.7322363104	0.8882871052	1.213115346	2.467806144	2.481580236
-11.92307692	-0.4358974359	0.7799980199	0.9450531688	1.211609702	2.628774179	2.640165833
-11.92307692	-0.3846153846	0.8277597294	1.001819232	1.21027781	2.789742214	2.798751431
-11.92307692	-0.3333333333	0.875521439	1.058585296	1.209091233	2.95071025	2.957337028
-11.92307692	-0.2820512821	0.9232831485	1.115351359	1.208027419	3.111678285	3.115922626
-11.92307692	-0.2307692308	0.9710448581	1.172117423	1.207068256	3.27264632	3.274508223
-11.92307692	-0.1794871795	1.018806568	1.228883486	1.206199023	3.433614355	3.433093821
-11.92307692	-0.1282051282	1.066568277	1.28564955	1.20540764	3.594582391	3.591679418
-11.92307692	-0.07692307692	1.114329987	1.342415614	1.204684097	3.755550426	3.750265016
-11.92307692	-0.02564102564	1.162091696	1.399181677	1.204020028	3.916518461	3.908850613
-11.92307692	0.02564102564	1.209853406	1.455947741	1.203408391	4.077486497	4.067436211
-11.92307692	0.07692307692	1.257615115	1.512713804	1.202843211	4.238454532	4.226021808
-11.92307692	0.1282051282	1.305376825	1.569479868	1.20231939	4.399422567	4.384607406
-11.92307692	0.1794871795	1.353138534	1.626245931	1.201832547	4.560390602	4.543193003
-11.92307692	0.2307692308	1.400900244	1.683011995	1.2013789	4.721358638	4.701778601
-11.92307692	0.2820512821	1.448661953	1.739778058	1.200955167	4.882326673	4.860364198
-11.92307692	0.3333333333	1.496423663	1.796544122	1.200558482	5.043294708	5.018949796
-11.92307692	0.3846153846	1.544185373	1.853310185	1.200186337	5.204262744	5.177535393
-11.92307692	0.4358974359	1.591947082	1.910076249	1.199836521	5.365230779	5.336120991
-11.92307692	0.4871794872	1.639708792	1.966842312	1.199507085	5.526198814	5.494706588
-11.92307692	0.5384615385	1.687470501	2.023608376	1.199196297	5.687166849	5.653292186
-11.92307692	0.5897435897	1.735232211	2.080374439	1.198902618	5.848134885	5.811877783
-11.92307692	0.641025641	1.78299392	2.137140503	1.198624672	6.00910292	5.970463381
-11.92307692	0.6923076923	1.83075563	2.193906567	1.198361229	6.170070955	6.129048978
-11.92307692	0.7435897436	1.878517339	2.25067263	1.198111182	6.331038991	6.287634576
-11.92307692	0.7948717949	1.926279049	2.307438694	1.197873535	6.492007026	6.446220173
-11.92307692	0.8461538462	1.974040758	2.364204757	1.197647387	6.652975061	6.604805771
-11.92307692	0.8974358974	2.021802468	2.420970821	1.197431925	6.813943096	6.763391368
-11.92307692	0.9487179487	2.069564178	2.477736884	1.197226407	6.974911132	6.921976966
-11.92307692	1	2.117325887	2.534502948	1.197030161	7.135879167	7.080562563
-11.41025641	-1	0.2163715995	0.2746216308	1.269212926	0.7292224585	0.7672019636
-11.41025641	-0.9487179487	0.264133309	0.3313876943	1.254622886	0.8901904938	0.9257875611
-11.41025641	-0.8974358974	0.3118950185	0.3881537579	1.244501306	1.051158529	1.084373159
-11.41025641	-0.8461538462	0.3596567281	0.4449198214	1.237067978	1.212126564	1.242958756
-11.41025641	-0.7948717949	0.4074184376	0.5016858849	1.23137747	1.3730946	1.401544354
-11.41025641	-0.7435897436	0.4551801472	0.5584519485	1.226881163	1.534062635	1.560129951
-11.41025641	-0.6923076923	0.5029418567	0.615218012	1.223238837	1.69503067	1.718715549
-11.41025641	-0.641025641	0.5507035662	0.6719840756	1.220228298	1.855998705	1.877301146
-11.41025641	-0.5897435897	0.5984652758	0.7287501391	1.217698284	2.016966741	2.035886744
-11.41025641	-0.5384615385	0.6462269853	0.7855162026	1.215542248	2.177934776	2.194472341
-11.41025641	-0.4871794872	0.6939886949	0.8422822662	1.213682978	2.338902811	2.353057939
-11.41025641	-0.4358974359	0.7417504044	0.8990483297	1.212063147	2.499870847	2.511643536
-11.41025641	-0.3846153846	0.7895121139	0.9558143932	1.2106393	2.660838882	2.670229134
-11.41025641	-0.3333333333	0.8372738235	1.012580457	1.209377898	2.821806917	2.828814731
-11.41025641	-0.2820512821	0.885035533	1.06934652	1.208252641	2.982774952	2.987400329
-11.41025641	-0.2307692308	0.9327972426	1.126112584	1.207242617	3.143742988	3.145985926
-11.41025641	-0.1794871795	0.9805589521	1.182878647	1.206330986	3.304711023	3.304571524
-11.41025641	-0.1282051282	1.028320662	1.239644711	1.205504039	3.465679058	3.463157121
-11.41025641	-0.07692307692	1.076082371	1.296410774	1.2047505	3.626647094	3.621742719
-11.41025641	-0.02564102564	1.123844081	1.353176838	1.204061009	3.787615129	3.780328316
-11.41025641	0.02564102564	1.17160579	1.409942901	1.203427734	3.948583164	3.938913914
-11.41025641	0.07692307692	1.2193675	1.466708965	1.202844069	4.109551199	4.097499511
-11.41025641	0.1282051282	1.267129209	1.523475029	1.202304404	4.270519235	4.256085109
-11.41025641	0.1794871795	1.314890919	1.580241092	1.201803944	4.43148727	4.414670706
-11.41025641	0.2307692308	1.362652628	1.637007156	1.201338567	4.592455305	4.573256304
-11.41025641	0.2820512821	1.410414338	1.693773219	1.200904708	4.753423341	4.731841901
-11.41025641	0.3333333333	1.458176048	1.750539283	1.200499271	4.914391376	4.890427499
-11.41025641	0.3846153846	1.505937757	1.807305346	1.200119552	5.075359411	5.049013096
-11.41025641	0.4358974359	1.553699467	1.86407141	1.199763178	5.236327446	5.207598694
-11.41025641	0.4871794872	1.601461176	1.920837473	1.199428061	5.397295482	5.366184291
-11.41025641	0.5384615385	1.649222886	1.977603537	1.199112354	5.558263517	5.524769889
-11.41025641	0.5897435897	1.696984595	2.0343696	1.198814418	5.719231552	5.683355486
-11.41025641	0.641025641	1.744746305	2.091135664	1.198532794	5.880199588	5.841941084
-11.41025641	0.6923076923	1.792508014	2.147901727	1.198266178	6.041167623	6.000526681
-11.41025641	0.7435897436	1.840269724	2.204667791	1.198013401	6.202135658	6.159112279
-11.41025641	0.7948717949	1.888031433	2.261433854	1.197773413	6.363103693	6.317697876
-11.41025641	0.8461538462	1.935793143	2.318199918	1.197545268	6.524071729	6.476283473
-11.41025641	0.8974358974	1.983554852	2.374965982	1.197328109	6.685039764	6.634869071
-11.41025641	0.9487179487	2.031316562	2.431732045	1.197121163	6.846007799	6.793454668
-11.41025641	1	2.079078272	2.488498109	1.196923725	7.006975834	6.952040266
-10.8974359	-1	0.1781239839	0.2286167917	1.283470012	0.6003191261	0.6386796663
-10.8974359	-0.9487179487	0.2258856935	0.2853828553	1.263394998	0.7612871614	0.7972652638
-10.8974359	-0.8974358974	0.273647403	0.3421489188	1.250327666	0.9222551967	0.9558508613
-10.8974359	-0.8461538462	0.3214091126	0.3989149823	1.241143971	1.083223232	1.114436459
-10.8974359	-0.7948717949	0.3691708221	0.4556810459	1.234336569	1.244191267	1.273022056
-10.8974359	-0.7435897436	0.4169325317	0.5124471094	1.229088811	1.405159303	1.431607654
-10.8974359	-0.6923076923	0.4646942412	0.5692131729	1.224919791	1.566127338	1.590193251
-10.8974359	-0.641025641	0.5124559507	0.6259792365	1.22152789	1.727095373	1.748778849
-10.8974359	-0.5897435897	0.5602176603	0.6827453	1.218714347	1.888063408	1.907364446
-10.8974359	-0.5384615385	0.6079793698	0.7395113635	1.216342857	2.049031444	2.065950044
-10.8974359	-0.4871794872	0.6557410794	0.7962774271	1.214316827	2.209999479	2.224535641
-10.8974359	-0.4358974359	0.7035027889	0.8530434906	1.212565897	2.370967514	2.383121239
-10.8974359	-0.3846153846	0.7512644984	0.9098095541	1.211037599	2.531935549	2.541706836
-10.8974359	-0.3333333333	0.799026208	0.9665756177	1.209692008	2.692903585	2.700292434
-10.8974359	-0.2820512821	0.8467879175	1.023341681	1.208498208	2.85387162	2.858878031
-10.8974359	-0.2307692308	0.8945496271	1.080107745	1.207431888	3.014839655	3.017463629
-10.8974359	-0.1794871795	0.9423113366	1.136873808	1.206473661	3.175807691	3.176049226
-10.8974359	-0.1282051282	0.9900730461	1.193639872	1.205607886	3.336775726	3.334634824
-10.8974359	-0.07692307692	1.037834756	1.250405935	1.204821797	3.497743761	3.493220421
-10.8974359	-0.02564102564	1.085596465	1.307171999	1.204104878	3.658711796	3.651806019
-10.8974359	0.02564102564	1.133358175	1.363938062	1.203448383	3.819679832	3.810391616
-10.8974359	0.07692307692	1.181119884	1.420704126	1.202844982	3.980647867	3.968977214
-10.8974359	0.1282051282	1.228881594	1.477470189	1.202288485	4.141615902	4.127562811
-10.8974359	0.1794871795	1.276643303	1.534236253	1.201773627	4.302583938	4.286148409
-10.8974359	0.2307692308	1.324405013	1.591002317	1.201295903	4.463551973	4.444734006
-10.8974359	0.2820512821	1.372166722	1.64776838	1.200851437	4.624520008	4.603319604
-10.8974359	0.3333333333	1.419928432	1.704534444	1.200436871	4.785488043	4.761905201
-10.8974359	0.3846153846	1.467690142	1.761300507	1.200049286	4.946456079	4.920490799
-10.8974359	0.4358974359	1.515451851	1.818066571	1.199686133	5.107424114	5.079076396
-10.8974359	0.4871794872	1.563213561	1.874832634	1.19934517	5.268392149	5.237661994
-10.8974359	0.5384615385	1.61097527	1.931598698	1.199024425	5.429360185	5.396247591
-10.8974359	0.5897435897	1.65873698	1.988364761	1.198722152	5.59032822	5.554833189
-10.8974359	0.641025641	1.706498689	2.045130825	1.198436798	5.751296255	5.713418786
-10.8974359	0.6923076923	1.754260399	2.101896888	1.198166982	5.91226429	5.872004384
-10.8974359	0.7435897436	1.802022108	2.158662952	1.19791147	6.073232326	6.030589981
-10.8974359	0.7948717949	1.849783818	2.215429015	1.197669151	6.234200361	6.189175579
-10.8974359	0.8461538462	1.897545527	2.272195079	1.197439032	6.395168396	6.347761176
-10.8974359	0.8974358974	1.945307237	2.328961142	1.197220212	6.556136431	6.506346774
-10.8974359	0.9487179487	1.993068946	2.385727206	1.19701188	6.717104467	6.664932371
-10.8974359	1	2.040830656	2.44249327	1.196813299	6.878072502	6.823517969
-10.38461538	-1	0.1398763684	0.1826119526	1.305523976	0.4714157937	0.510157369
-10.38461538	-0.9487179487	0.187638078	0.2393780162	1.275743275	0.632383829	0.6687429665
-10.38461538	-0.8974358974	0.2353997875	0.2961440797	1.258047354	0.7933518642	0.827328564
-10.38461538	-0.8461538462	0.2831614971	0.3529101433	1.246321081	0.9543198995	0.9859141615
-10.38461538	-0.7948717949	0.3309232066	0.4096762068	1.237979684	1.115287935	1.144499759
-10.38461538	-0.7435897436	0.3786849161	0.4664422703	1.231742408	1.27625597	1.303085356
-10.38461538	-0.6923076923	0.4264466257	0.5232083339	1.226902272	1.437224005	1.461670954
-10.38461538	-0.641025641	0.4742083352	0.5799743974	1.223037122	1.598192041	1.620256551
-10.38461538	-0.5897435897	0.5219700448	0.6367404609	1.219879315	1.759160076	1.778842149
-10.38461538	-0.5384615385	0.5697317543	0.6935065245	1.217250959	1.920128111	1.937427746
-10.38461538	-0.4871794872	0.6174934638	0.750272588	1.215029198	2.081096146	2.096013344
-10.38461538	-0.4358974359	0.6652551734	0.8070386515	1.213126457	2.242064182	2.254598941
-10.38461538	-0.3846153846	0.7130168829	0.8638047151	1.211478628	2.403032217	2.413184539
-10.38461538	-0.3333333333	0.7607785925	0.9205707786	1.2100377	2.564000252	2.571770136
-10.38461538	-0.2820512821	0.808540302	0.9773368421	1.208767009	2.724968288	2.730355734
-10.38461538	-0.2307692308	0.8563020116	1.034102906	1.207638067	2.885936323	2.888941331
-10.38461538	-0.1794871795	0.9040637211	1.090868969	1.206628409	3.046904358	3.047526929
-10.38461538	-0.1282051282	0.9518254306	1.147635033	1.205720078	3.207872393	3.206112526
-10.38461538	-0.07692307692	0.9995871402	1.204401096	1.20489855	3.368840429	3.364698124
-10.38461538	-0.02564102564	1.04734885	1.26116716	1.20415195	3.529808464	3.523283721
-10.38461538	0.02564102564	1.095110559	1.317933223	1.203470474	3.690776499	3.681869319
-10.38461538	0.07692307692	1.142872269	1.374699287	1.202845956	3.851744535	3.840454916
-10.38461538	0.1282051282	1.190633978	1.43146535	1.202271543	4.01271257	3.999040514
-10.38461538	0.1794871795	1.238395688	1.488231414	1.201741437	4.173680605	4.157626111
-10.38461538	0.2307692308	1.286157397	1.544997477	1.201250703	4.33464864	4.316211709
-10.38461538	0.2820512821	1.333919107	1.601763541	1.20079511	4.495616676	4.474797306
-10.38461538	0.3333333333	1.381680816	1.658529605	1.200371015	4.656584711	4.633382904
-10.38461538	0.3846153846	1.429442526	1.715295668	1.199975261	4.817552746	4.791968501
-10.38461538	0.4358974359	1.477204236	1.772061732	1.199605098	4.978520782	4.950554099
-10.38461538	0.4871794872	1.524965945	1.828827795	1.199258122	5.139488817	5.109139696
-10.38461538	0.5384615385	1.572727655	1.885593859	1.19893222	5.300456852	5.267725294
-10.38461538	0.5897435897	1.620489364	1.942359922	1.198625529	5.461424887	5.426310891
-10.38461538	0.641025641	1.668251074	1.999125986	1.1983364	5.622392923	5.584896489
-10.38461538	0.6923076923	1.716012783	2.055892049	1.198063365	5.783360958	5.743482086
-10.38461538	0.7435897436	1.763774493	2.112658113	1.197805117	5.944328993	5.902067684
-10.38461538	0.7948717949	1.811536202	2.169424176	1.197560487	6.105297029	6.060653281
-10.38461538	0.8461538462	1.859297912	2.22619024	1.197328425	6.266265064	6.219238879
-10.38461538	0.8974358974	1.907059621	2.282956303	1.197107986	6.427233099	6.377824476
-10.38461538	0.9487179487	1.954821331	2.339722367	1.19689832	6.588201134	6.536410074
-10.38461538	1	2.002583041	2.39648843	1.196698655	6.74916917	6.694995671
-9.871794872	-1	0.1016287529	0.1366071136	1.3441778	0.3425124613	0.3816350717
-9.871794872	-0.9487179487	0.1493904625	0.1933731771	1.294414475	0.5034804965	0.5402206692
-9.871794872	-0.8974358974	0.197152172	0.2501392406	1.268762287	0.6644485318	0.6988062667
-9.871794872	-0.8461538462	0.2449138816	0.3069053042	1.253115186	0.8254165671	0.8573918642
-9.871794872	-0.7948717949	0.2926755911	0.3636713677	1.242574983	0.9863846024	1.015977462
-9.871794872	-0.7435897436	0.3404373006	0.4204374312	1.23499226	1.147352638	1.174563059
-9.871794872	-0.6923076923	0.3881990102	0.4772034948	1.229275403	1.308320673	1.333148657
-9.871794872	-0.641025641	0.4359607197	0.5339695583	1.224811168	1.469288708	1.491734254
-9.871794872	-0.5897435897	0.4837224293	0.5907356218	1.221228511	1.630256743	1.650319852
-9.871794872	-0.5384615385	0.5314841388	0.6475016854	1.218289763	1.791224779	1.808905449
-9.871794872	-0.4871794872	0.5792458483	0.7042677489	1.215835644	1.952192814	1.967491047
-9.871794872	-0.4358974359	0.6270075579	0.7610338124	1.213755405	2.113160849	2.126076644
-9.871794872	-0.3846153846	0.6747692674	0.817799876	1.211969655	2.274128885	2.284662242
-9.871794872	-0.3333333333	0.722530977	0.8745659395	1.210419992	2.43509692	2.443247839
-9.871794872	-0.2820512821	0.7702926865	0.931332003	1.209062502	2.596064955	2.601833437
-9.871794872	-0.2307692308	0.818054396	0.9880980666	1.207863525	2.75703299	2.760419034
-9.871794872	-0.1794871795	0.8658161056	1.04486413	1.206796828	2.918001026	2.919004632
-9.871794872	-0.1282051282	0.9135778151	1.101630194	1.205841665	3.078969061	3.077590229
-9.871794872	-0.07692307692	0.9613395247	1.158396257	1.204981411	3.239937096	3.236175827
-9.871794872	-0.02564102564	1.009101234	1.215162321	1.204202591	3.400905132	3.394761424
-9.871794872	0.02564102564	1.056862944	1.271928384	1.203494163	3.561873167	3.553347022
-9.871794872	0.07692307692	1.104624653	1.328694448	1.202846998	3.722841202	3.711932619
-9.871794872	0.1282051282	1.152386363	1.385460511	1.202253477	3.883809237	3.870518217
-9.871794872	0.1794871795	1.200148072	1.442226575	1.201707196	4.044777273	4.029103814
-9.871794872	0.2307692308	1.247909782	1.498992638	1.201202731	4.205745308	4.187689412
-9.871794872	0.2820512821	1.295671491	1.555758702	1.200735458	4.366713343	4.346275009
-9.871794872	0.3333333333	1.343433201	1.612524765	1.20030141	4.527681379	4.504860607
-9.871794872	0.3846153846	1.391194911	1.669290829	1.199897165	4.688649414	4.663446204
-9.871794872	0.4358974359	1.43895662	1.726056893	1.199519755	4.849617449	4.822031802
-9.871794872	0.4871794872	1.48671833	1.782822956	1.199166594	5.010585484	4.980617399
-9.871794872	0.5384615385	1.534480039	1.83958902	1.198835418	5.17155352	5.139202997
-9.871794872	0.5897435897	1.582241749	1.896355083	1.198524236	5.332521555	5.297788594
-9.871794872	0.641025641	1.630003458	1.953121147	1.19823129	5.49348959	5.456374192
-9.871794872	0.6923076923	1.677765168	2.00988721	1.197955023	5.654457626	5.614959789
-9.871794872	0.7435897436	1.725526877	2.066653274	1.19769405	5.815425661	5.773545387
-9.871794872	0.7948717949	1.773288587	2.123419337	1.197447135	5.976393696	5.932130984
-9.871794872	0.8461538462	1.821050296	2.180185401	1.197213171	6.137361731	6.090716582
-9.871794872	0.8974358974	1.868812006	2.236951464	1.196991167	6.298329767	6.249302179
-9.871794872	0.9487179487	1.916573715	2.293717528	1.196780228	6.459297802	6.407887777
-9.871794872	1	1.964335425	2.350483591	1.196579546	6.620265837	6.566473374
-9.358974359	-1	0.06338113743	0.09060227448	1.429483253	0.2136091288	0.2531127744
-9.358974359	-0.9487179487	0.111142847	0.147368338	1.325936325	0.3745771641	0.4116983719
-9.358974359	-0.8974358974	0.1589045565	0.2041344016	1.284635293	0.5355451994	0.5702839694
-9.358974359	-0.8461538462	0.2066662661	0.2609004651	1.262424052	0.6965132347	0.7288695669
-9.358974359	-0.7948717949	0.2544279756	0.3176665286	1.248551885	0.8574812699	0.8874551644
-9.358974359	-0.7435897436	0.3021896851	0.3744325922	1.239064768	1.018449305	1.046040762
-9.358974359	-0.6923076923	0.3499513947	0.4311986557	1.232167273	1.179417341	1.204626359
-9.358974359	-0.641025641	0.3977131042	0.4879647192	1.22692643	1.340385376	1.363211957
-9.358974359	-0.5897435897	0.4454748138	0.5447307828	1.222809384	1.501353411	1.521797554
-9.358974359	-0.5384615385	0.4932365233	0.6014968463	1.219489673	1.662321446	1.680383152
-9.358974359	-0.4871794872	0.5409982328	0.6582629098	1.216756118	1.823289482	1.838968749
-9.358974359	-0.4358974359	0.5887599424	0.7150289734	1.21446607	1.984257517	1.997554347
-9.358974359	-0.3846153846	0.6365216519	0.7717950369	1.212519691	2.145225552	2.156139944
-9.358974359	-0.3333333333	0.6842833615	0.8285611004	1.21084502	2.306193587	2.314725542
-9.358974359	-0.2820512821	0.732045071	0.885327164	1.209388874	2.467161623	2.473311139
-9.358974359	-0.2307692308	0.7798067805	0.9420932275	1.2081111	2.628129658	2.631896737
-9.358974359	-0.1794871795	0.8275684901	0.998859291	1.206980815	2.789097693	2.790482334
-9.358974359	-0.1282051282	0.8753301996	1.055625355	1.205973877	2.950065729	2.949067932
-9.358974359	-0.07692307692	0.9230919092	1.112391418	1.205071139	3.111033764	3.107653529
-9.358974359	-0.02564102564	0.9708536187	1.169157482	1.204257222	3.272001799	3.266239127
-9.358974359	0.02564102564	1.018615328	1.225923545	1.203519632	3.432969834	3.424824724
-9.358974359	0.07692307692	1.066377038	1.282689609	1.202848114	3.59393787	3.583410322
-9.358974359	0.1282051282	1.114138747	1.339455672	1.20223417	3.754905905	3.741995919
-9.358974359	0.1794871795	1.161900457	1.396221736	1.2016707	3.91587394	3.900581517
-9.358974359	0.2307692308	1.209662166	1.452987799	1.201151726	4.076841976	4.059167114
-9.358974359	0.2820512821	1.257423876	1.509753863	1.200672177	4.237810011	4.217752712
-9.358974359	0.3333333333	1.305185585	1.566519926	1.200227725	4.398778046	4.376338309
-9.358974359	0.3846153846	1.352947295	1.62328599	1.199814653	4.559746081	4.534923907
-9.358974359	0.4358974359	1.400709005	1.680052053	1.199429752	4.720714117	4.693509504
-9.358974359	0.4871794872	1.448470714	1.736818117	1.199070233	4.881682152	4.852095102
-9.358974359	0.5384615385	1.496232424	1.79358418	1.198733667	5.042650187	5.010680699
-9.358974359	0.5897435897	1.543994133	1.850350244	1.198417924	5.203618223	5.169266297
-9.358974359	0.641025641	1.591755843	1.907116308	1.198121129	5.364586258	5.327851894
-9.358974359	0.6923076923	1.639517552	1.963882371	1.197841626	5.525554293	5.486437492
-9.358974359	0.7435897436	1.687279262	2.020648435	1.197577947	5.686522328	5.645023089
-9.358974359	0.7948717949	1.735040971	2.077414498	1.197328785	5.847490364	5.803608687
-9.358974359	0.8461538462	1.782802681	2.134180562	1.197092973	6.008458399	5.962194284
-9.358974359	0.8974358974	1.83056439	2.190946625	1.196869466	6.169426434	6.120779882
-9.358974359	0.9487179487	1.8783261	2.247712689	1.196657326	6.330394469	6.279365479
-9.358974359	1	1.92608781	2.304478752	1.196455707	6.491362505	6.437951077
-8.846153846	-1	0.02513352193	0.0445974354	1.774420455	0.0847057964	0.1245904771
-8.846153846	-0.9487179487	0.07289523147	0.1013634989	1.390536759	0.2456738317	0.2831760746
-8.846153846	-0.8974358974	0.120656941	0.1581295625	1.310571619	0.406641867	0.4417616721
-8.846153846	-0.8461538462	0.1684186505	0.214895626	1.275960978	0.5676099022	0.6003472696
-8.846153846	-0.7948717949	0.2161803601	0.2716616895	1.256643709	0.7285779375	0.7589328671
-8.846153846	-0.7435897436	0.2639420696	0.3284277531	1.244317564	0.8895459728	0.9175184646
-8.846153846	-0.6923076923	0.3117037792	0.3851938166	1.235768837	1.050514008	1.076104062
-8.846153846	-0.641025641	0.3594654887	0.4419598801	1.229491826	1.211482043	1.23468966
-8.846153846	-0.5897435897	0.4072271982	0.4987259437	1.224687216	1.372450079	1.393275257
-8.846153846	-0.5384615385	0.4549889078	0.5554920072	1.220891318	1.533418114	1.551860855
-8.846153846	-0.4871794872	0.5027506173	0.6122580707	1.217816646	1.694386149	1.710446452
-8.846153846	-0.4358974359	0.5505123269	0.6690241343	1.215275484	1.855354184	1.86903205
-8.846153846	-0.3846153846	0.5982740364	0.7257901978	1.213140056	2.01632222	2.027617647
-8.846153846	-0.3333333333	0.646035746	0.7825562613	1.211320374	2.177290255	2.186203245
-8.846153846	-0.2820512821	0.6937974555	0.8393223249	1.20975123	2.33825829	2.344788842
-8.846153846	-0.2307692308	0.741559165	0.8960883884	1.208384214	2.499226326	2.50337444
-8.846153846	-0.1794871795	0.7893208746	0.9528544519	1.207182633	2.660194361	2.661960037
-8.846153846	-0.1282051282	0.8370825841	1.009620515	1.206118171	2.821162396	2.820545635
-8.846153846	-0.07692307692	0.8848442937	1.066386579	1.205168623	2.982130431	2.979131232
-8.846153846	-0.02564102564	0.9326060032	1.123152643	1.204316334	3.143098467	3.13771683
-8.846153846	0.02564102564	0.9803677127	1.179918706	1.203547088	3.304066502	3.296302427
-8.846153846	0.07692307692	1.028129422	1.23668477	1.202849313	3.465034537	3.454888025
-8.846153846	0.1282051282	1.075891132	1.293450833	1.202213491	3.626002573	3.613473622
-8.846153846	0.1794871795	1.123652841	1.350216897	1.20163172	3.786970608	3.77205922
-8.846153846	0.2307692308	1.171414551	1.40698296	1.20109739	3.947938643	3.930644817
-8.846153846	0.2820512821	1.21917626	1.463749024	1.200604926	4.108906678	4.089230415
-8.846153846	0.3333333333	1.26693797	1.520515087	1.200149592	4.269874714	4.247816012
-8.846153846	0.3846153846	1.31469968	1.577281151	1.199727341	4.430842749	4.40640161
-8.846153846	0.4358974359	1.362461389	1.634047214	1.199334695	4.591810784	4.564987207
-8.846153846	0.4871794872	1.410223099	1.690813278	1.198968645	4.75277882	4.723572805
-8.846153846	0.5384615385	1.457984808	1.747579341	1.198626578	4.913746855	4.882158402
-8.846153846	0.5897435897	1.505746518	1.804345405	1.198306211	5.07471489	5.040744
-8.846153846	0.641025641	1.553508227	1.861111468	1.198005544	5.235682925	5.199329597
-8.846153846	0.6923076923	1.601269937	1.917877532	1.197722812	5.396650961	5.357915195
-8.846153846	0.7435897436	1.649031646	1.974643596	1.197456459	5.557618996	5.516500792
-8.846153846	0.7948717949	1.696793356	2.031409659	1.1972051	5.718587031	5.67508639
-8.846153846	0.8461538462	1.744555065	2.088175723	1.196967504	5.879555066	5.833671987
-8.846153846	0.8974358974	1.792316775	2.144941786	1.196742571	6.040523102	5.992257585
-8.846153846	0.9487179487	1.840078484	2.20170785	1.196529316	6.201491137	6.150843182
-8.846153846	1	1.887840194	2.258473913	1.19632685	6.362459172	6.30942878
-8.333333333	-1	-0.01311409358	-0.001407403681	0.1073199358	-0.04419753603	-0.003931820172
-8.333333333	-0.9487179487	0.03464761596	0.05535865985	1.597762453	0.1167704993	0.1546537773
-8.333333333	-0.8974358974	0.0824093255	0.1121247234	1.360582952	0.2777385345	0.3132393748
-8.333333333	-0.8461538462	0.130171035	0.1688907869	1.2974529	0.4387065698	0.4718249723
-8.333333333	-0.7948717949	0.1779327446	0.2256568505	1.268214296	0.5996746051	0.6304105698
-8.333333333	-0.7435897436	0.2256944541	0.282422914	1.251350704	0.7606426404	0.7889961673
-8.333333333	-0.6923076923	0.2734561637	0.3391889775	1.240377884	0.9216106757	0.9475817648
-8.333333333	-0.641025641	0.3212178732	0.3959550411	1.232668149	1.082578711	1.106167362
-8.333333333	-0.5897435897	0.3689795827	0.4527211046	1.226954351	1.243546746	1.26475296
-8.333333333	-0.5384615385	0.4167412923	0.5094871681	1.222550243	1.404514781	1.423338557
-8.333333333	-0.4871794872	0.4645030018	0.5662532317	1.219051824	1.565482817	1.581924155
-8.333333333	-0.4358974359	0.5122647114	0.6230192952	1.216205765	1.726450852	1.740509752
-8.333333333	-0.3846153846	0.5600264209	0.6797853587	1.213845157	1.887418887	1.89909535
-8.333333333	-0.3333333333	0.6077881304	0.7365514223	1.211855555	2.048386923	2.057680947
-8.333333333	-0.2820512821	0.65554984	0.7933174858	1.210155868	2.209354958	2.216266545
-8.333333333	-0.2307692308	0.7033115495	0.8500835493	1.208687032	2.370322993	2.374852142
-8.333333333	-0.1794871795	0.7510732591	0.9068496129	1.207405006	2.531291028	2.53343774
-8.333333333	-0.1282051282	0.7988349686	0.9636156764	1.206276283	2.692259064	2.692023337
-8.333333333	-0.07692307692	0.8465966781	1.02038174	1.205274916	2.853227099	2.850608935
-8.333333333	-0.02564102564	0.8943583877	1.077147803	1.204380501	3.014195134	3.009194532
-8.333333333	0.02564102564	0.9421200972	1.133913867	1.203576774	3.17516317	3.16778013
-8.333333333	0.07692307692	0.9898818068	1.190679931	1.202850605	3.336131205	3.326365727
-8.333333333	0.1282051282	1.037643516	1.247445994	1.202191287	3.49709924	3.484951325
-8.333333333	0.1794871795	1.085405226	1.304212058	1.201589993	3.658067275	3.643536922
-8.333333333	0.2307692308	1.133166935	1.360978121	1.201039387	3.819035311	3.80212252
-8.333333333	0.2820512821	1.180928645	1.417744185	1.200533318	3.980003346	3.960708117
-8.333333333	0.3333333333	1.228690354	1.474510248	1.200066594	4.140971381	4.119293715
-8.333333333	0.3846153846	1.276452064	1.531276312	1.199634796	4.301939417	4.277879312
-8.333333333	0.4358974359	1.324213774	1.588042375	1.199234147	4.462907452	4.43646491
-8.333333333	0.4871794872	1.371975483	1.644808439	1.198861393	4.623875487	4.595050507
-8.333333333	0.5384615385	1.419737193	1.701574502	1.198513719	4.784843522	4.753636105
-8.333333333	0.5897435897	1.467498902	1.758340566	1.198188675	4.945811558	4.912221702
-8.333333333	0.641025641	1.515260612	1.815106629	1.197884123	5.106779593	5.0708073
-8.333333333	0.6923076923	1.563022321	1.871872693	1.197598184	5.267747628	5.229392897
-8.333333333	0.7435897436	1.610784031	1.928638756	1.197329201	5.428715664	5.387978495
-8.333333333	0.7948717949	1.65854574	1.98540482	1.19707571	5.589683699	5.546564092
-8.333333333	0.8461538462	1.70630745	2.042170884	1.196836411	5.750651734	5.70514969
-8.333333333	0.8974358974	1.754069159	2.098936947	1.196610143	5.911619769	5.863735287
-8.333333333	0.9487179487	1.801830869	2.155703011	1.19639587	6.072587805	6.022320885
-8.333333333	1	1.849592578	2.212469074	1.196192664	6.23355584	6.180906482
-7.820512821	-1	-0.05136170909	-0.04741224276	0.92310485	-0.1731008685	-0.1324541175
-7.820512821	-0.9487179487	-0.003599999547	0.00935382077	-2.598283874	-0.01213283318	0.02613148003
-7.820512821	-0.8974358974	0.04416170999	0.0661198843	1.497222012	0.1488352021	0.1847170775
-7.820512821	-0.8461538462	0.09192341953	0.1228859478	1.336829596	0.3098032374	0.343302675
-7.820512821	-0.7948717949	0.1396851291	0.1796520114	1.28612124	0.4707712727	0.5018882725
-7.820512821	-0.7435897436	0.1874468386	0.2364180749	1.261254	0.6317393079	0.66047387
-7.820512821	-0.6923076923	0.2352085482	0.2931841384	1.246485898	0.7927073432	0.8190594675
-7.820512821	-0.641025641	0.2829702577	0.349950202	1.236703125	0.9536753785	0.977645065
-7.820512821	-0.5897435897	0.3307319672	0.4067162655	1.229745854	1.114643414	1.136230663
-7.820512821	-0.5384615385	0.3784936768	0.463482329	1.224544444	1.275611449	1.29481626
-7.820512821	-0.4871794872	0.4262553863	0.5202483926	1.220508665	1.436579484	1.453401858
-7.820512821	-0.4358974359	0.4740170959	0.5770144561	1.217286172	1.59754752	1.611987455
-7.820512821	-0.3846153846	0.5217788054	0.6337805196	1.214653629	1.758515555	1.770573053
-7.820512821	-0.3333333333	0.5695405149	0.6905465832	1.212462617	1.91948359	1.92915865
-7.820512821	-0.2820512821	0.6173022245	0.7473126467	1.210610649	2.080451625	2.087744247
-7.820512821	-0.2307692308	0.665063934	0.8040787102	1.20902468	2.241419661	2.246329845
-7.820512821	-0.1794871795	0.7128256436	0.8608447738	1.207651242	2.402387696	2.404915442
-7.820512821	-0.1282051282	0.7605873531	0.9176108373	1.206450296	2.563355731	2.56350104
-7.820512821	-0.07692307692	0.8083490626	0.9743769008	1.205391267	2.724323767	2.722086637
-7.820512821	-0.02564102564	0.8561107722	1.031142964	1.204450403	2.885291802	2.880672235
-7.820512821	0.02564102564	0.9038724817	1.087909028	1.203608971	3.046259837	3.039257832
-7.820512821	0.07692307692	0.9516341913	1.144675091	1.202852001	3.207227872	3.19784343
-7.820512821	0.1282051282	0.9993959008	1.201441155	1.202167383	3.368195908	3.356429027
-7.820512821	0.1794871795	1.04715761	1.258207219	1.201545217	3.529163943	3.515014625
-7.820512821	0.2307692308	1.09491932	1.314973282	1.200977331	3.690131978	3.673600222
-7.820512821	0.2820512821	1.142681029	1.371739346	1.200456917	3.851100014	3.83218582
-7.820512821	0.3333333333	1.190442739	1.428505409	1.199978262	4.012068049	3.990771417
-7.820512821	0.3846153846	1.238204449	1.485271473	1.199536534	4.173036084	4.149357015
-7.820512821	0.4358974359	1.285966158	1.542037536	1.199127618	4.334004119	4.307942612
-7.820512821	0.4871794872	1.333727868	1.5988036	1.198747989	4.494972155	4.46652821
-7.820512821	0.5384615385	1.381489577	1.655569663	1.19839461	4.65594019	4.625113807
-7.820512821	0.5897435897	1.429251287	1.712335727	1.198064849	4.816908225	4.783699405
-7.820512821	0.641025641	1.477012996	1.76910179	1.197756414	4.977876261	4.942285002
-7.820512821	0.6923076923	1.524774706	1.825867854	1.197467303	5.138844296	5.1008706
-7.820512821	0.7435897436	1.572536415	1.882633917	1.197195753	5.299812331	5.259456197
-7.820512821	0.7948717949	1.620298125	1.939399981	1.196940212	5.460780366	5.418041795
-7.820512821	0.8461538462	1.668059834	1.996166044	1.196699305	5.621748402	5.576627392
-7.820512821	0.8974358974	1.715821544	2.052932108	1.19647181	5.782716437	5.73521299
-7.820512821	0.9487179487	1.763583253	2.109698172	1.196256637	5.943684472	5.893798587
-7.820512821	1	1.811344963	2.166464235	1.196052811	6.104652507	6.052384185
-7.307692308	-1	-0.08960932459	-0.09341708185	1.042492869	-0.3020042009	-0.2609764148
-7.307692308	-0.9487179487	-0.04184761505	-0.03665101831	0.8758209582	-0.1410361656	-0.1023908173
-7.307692308	-0.8974358974	0.005914094488	0.02011504522	3.401204574	0.01993186968	0.05619478023
-7.307692308	-0.8461538462	0.05367580403	0.07688110875	1.432323375	0.180899905	0.2147803777
-7.307692308	-0.7948717949	0.1014375136	0.1336471723	1.317532021	0.3418679402	0.3733659752
-7.307692308	-0.7435897436	0.1491992231	0.1904132358	1.276234768	0.5028359755	0.5319515727
-7.307692308	-0.6923076923	0.1969609326	0.2471792994	1.25496613	0.6638040108	0.6905371702
-7.307692308	-0.641025641	0.2447226422	0.3039453629	1.241999351	0.8247720461	0.8491227677
-7.307692308	-0.5897435897	0.2924843517	0.3607114264	1.233267436	0.9857400814	1.007708365
-7.307692308	-0.5384615385	0.3402460613	0.41747749	1.226986988	1.146708117	1.166293963
-7.307692308	-0.4871794872	0.3880077708	0.4742435535	1.222252721	1.307676152	1.32487956
-7.307692308	-0.4358974359	0.4357694804	0.531009617	1.218556234	1.468644187	1.483465158
-7.307692308	-0.3846153846	0.4835311899	0.5877756806	1.215590003	1.629612222	1.642050755
-7.307692308	-0.3333333333	0.5312928994	0.6445417441	1.213157083	1.790580258	1.800636353
-7.307692308	-0.2820512821	0.579054609	0.7013078076	1.211125508	1.951548293	1.95922195
-7.307692308	-0.2307692308	0.6268163185	0.7580738712	1.209403535	2.112516328	2.117807548
-7.307692308	-0.1794871795	0.6745780281	0.8148399347	1.2079254	2.273484364	2.276393145
-7.307692308	-0.1282051282	0.7223397376	0.8716059982	1.206642737	2.434452399	2.434978743
-7.307692308	-0.07692307692	0.7701014471	0.9283720618	1.205519176	2.595420434	2.59356434
-7.307692308	-0.02564102564	0.8178631567	0.9851381253	1.204526842	2.756388469	2.752149938
-7.307692308	0.02564102564	0.8656248662	1.041904189	1.203644014	2.917356505	2.910735535
-7.307692308	0.07692307692	0.9133865758	1.098670252	1.202853514	3.07832454	3.069321133
-7.307692308	0.1282051282	0.9611482853	1.155436316	1.202141577	3.239292575	3.22790673
-7.307692308	0.1794871795	1.008909995	1.212202379	1.201497047	3.400260611	3.386492328
-7.307692308	0.2307692308	1.056671704	1.268968443	1.200910782	3.561228646	3.545077925
-7.307692308	0.2820512821	1.104433414	1.325734506	1.200375224	3.722196681	3.703663523
-7.307692308	0.3333333333	1.152195123	1.38250057	1.199884066	3.883164716	3.86224912
-7.307692308	0.3846153846	1.199956833	1.439266634	1.199432008	4.044132752	4.020834718
-7.307692308	0.4358974359	1.247718543	1.496032697	1.199014558	4.205100787	4.179420315
-7.307692308	0.4871794872	1.295480252	1.552798761	1.19862789	4.366068822	4.338005913
-7.307692308	0.5384615385	1.343241962	1.609564824	1.198268719	4.527036858	4.49659151
-7.307692308	0.5897435897	1.391003671	1.666330888	1.197934213	4.688004893	4.655177108
-7.307692308	0.641025641	1.438765381	1.723096951	1.197621916	4.848972928	4.813762705
-7.307692308	0.6923076923	1.48652709	1.779863015	1.197329686	5.009940963	4.972348303
-7.307692308	0.7435897436	1.5342888	1.836629078	1.197055651	5.170908999	5.1309339
-7.307692308	0.7948717949	1.582050509	1.893395142	1.196798162	5.331877034	5.289519498
-7.307692308	0.8461538462	1.629812219	1.950161205	1.196555764	5.492845069	5.448105095
-7.307692308	0.8974358974	1.677573928	2.006927269	1.196327169	5.653813104	5.606690693
-7.307692308	0.9487179487	1.725335638	2.063693332	1.19611123	5.81478114	5.76527629
-7.307692308	1	1.773097347	2.120459396	1.195906925	5.975749175	5.923861888
-6.794871795	-1	-0.1278569401	-0.1394219209	1.090452507	-0.4309075333	-0.3894987121
-6.794871795	-0.9487179487	-0.08009523056	-0.0826558574	1.031969779	-0.269939498	-0.2309131146
-6.794871795	-0.8974358974	-0.03233352102	-0.02588979386	0.8007106262	-0.1089714627	-0.07232751706
-6.794871795	-0.8461538462	0.01542818852	0.03087626967	2.001289369	0.05199657253	0.08625808044
-6.794871795	-0.7948717949	0.06318989806	0.08764233321	1.386967473	0.2129646078	0.2448436779
-6.794871795	-0.7435897436	0.1109516076	0.1444083967	1.301543978	0.3739326431	0.4034292754
-6.794871795	-0.6923076923	0.1587133171	0.2011744603	1.267533588	0.5349006784	0.5620148729
-6.794871795	-0.641025641	0.2064750267	0.2579405238	1.249257733	0.6958687137	0.7206004704
-6.794871795	-0.5897435897	0.2542367362	0.3147065873	1.237848597	0.8568367489	0.8791860679
-6.794871795	-0.5384615385	0.3019984458	0.3714726509	1.230048221	1.017804784	1.037771665
-6.794871795	-0.4871794872	0.3497601553	0.4282387144	1.224378214	1.178772819	1.196357263
-6.794871795	-0.4358974359	0.3975218648	0.4850047779	1.220070695	1.339740855	1.35494286
-6.794871795	-0.3846153846	0.4452835744	0.5417708415	1.216687236	1.50070889	1.513528458
-6.794871795	-0.3333333333	0.4930452839	0.598536905	1.213959294	1.661676925	1.672114055
-6.794871795	-0.2820512821	0.5408069935	0.6553029685	1.211713192	1.822644961	1.830699653
-6.794871795	-0.2307692308	0.588568703	0.7120690321	1.209831628	1.983612996	1.98928525
-6.794871795	-0.1794871795	0.6363304125	0.7688350956	1.208232516	2.144581031	2.147870848
-6.794871795	-0.1282051282	0.6840921221	0.8256011591	1.206856697	2.305549066	2.306456445
-6.794871795	-0.07692307692	0.7318538316	0.8823672227	1.205660454	2.466517102	2.465042043
-6.794871795	-0.02564102564	0.7796155412	0.9391332862	1.204610781	2.627485137	2.62362764
-6.794871795	0.02564102564	0.8273772507	0.9958993497	1.203682297	2.788453172	2.782213238
-6.794871795	0.07692307692	0.8751389603	1.052665413	1.202855159	2.949421208	2.940798835
-6.794871795	0.1282051282	0.9229006698	1.109431477	1.202113633	3.110389243	3.099384433
-6.794871795	0.1794871795	0.9706623793	1.16619754	1.20144508	3.271357278	3.25797003
-6.794871795	0.2307692308	1.018424089	1.222963604	1.200839235	3.432325313	3.416555628
-6.794871795	0.2820512821	1.066185798	1.279729667	1.20028767	3.593293349	3.575141225
-6.794871795	0.3333333333	1.113947508	1.336495731	1.199783402	3.754261384	3.733726823
-6.794871795	0.3846153846	1.161709217	1.393261794	1.199320599	3.915229419	3.89231242
-6.794871795	0.4358974359	1.209470927	1.450027858	1.198894348	4.076197455	4.050898018
-6.794871795	0.4871794872	1.257232637	1.506793922	1.198500482	4.23716549	4.209483615
-6.794871795	0.5384615385	1.304994346	1.563559985	1.198135448	4.398133525	4.368069213
-6.794871795	0.5897435897	1.352756056	1.620326049	1.197796189	4.55910156	4.52665481
-6.794871795	0.641025641	1.400517765	1.677092112	1.19748007	4.720069596	4.685240408
-6.794871795	0.6923076923	1.448279475	1.733858176	1.197184802	4.881037631	4.843826005
-6.794871795	0.7435897436	1.496041184	1.790624239	1.196908386	5.042005666	5.002411603
-6.794871795	0.7948717949	1.543802894	1.847390303	1.196649074	5.202973702	5.1609972
-6.794871795	0.8461538462	1.591564603	1.904156366	1.196405325	5.363941737	5.319582798
-6.794871795	0.8974358974	1.639326313	1.96092243	1.196175779	5.524909772	5.478168395
-6.794871795	0.9487179487	1.687088022	2.017688493	1.195959231	5.685877807	5.636753993
-6.794871795	1	1.734849732	2.074454557	1.195754606	5.846845843	5.79533959
-6.282051282	-1	-0.1661045556	-0.18542676	1.116325554	-0.5598108657	-0.5180210093
-6.282051282	-0.9487179487	-0.1183428461	-0.1286606965	1.087186093	-0.3988428305	-0.3594354119
-6.282051282	-0.8974358974	-0.07058113652	-0.07189463294	1.018609737	-0.2378747952	-0.2008498144
-6.282051282	-0.8461538462	-0.02281942698	-0.01512856941	0.6629688564	-0.0769067599	-0.04226421686
-6.282051282	-0.7948717949	0.02494228256	0.04163749412	1.669353798	0.08406127538	0.1163213806
-6.282051282	-0.7435897436	0.0727039921	0.09840355766	1.353482179	0.2450293107	0.2749069781
-6.282051282	-0.6923076923	0.1204657016	0.1551696212	1.28808133	0.4059973459	0.4334925756
-6.282051282	-0.641025641	0.1682274112	0.2119356847	1.259816597	0.5669653812	0.5920781731
-6.282051282	-0.5897435897	0.2159891207	0.2687017483	1.244052235	0.7279334165	0.7506637706
-6.282051282	-0.5384615385	0.2637508303	0.3254678118	1.233997298	0.8889014518	0.9092493681
-6.282051282	-0.4871794872	0.3115125398	0.3822338753	1.227025646	1.049869487	1.067834966
-6.282051282	-0.4358974359	0.3592742493	0.4389999389	1.221907609	1.210837522	1.226420563
-6.282051282	-0.3846153846	0.4070359589	0.4957660024	1.217990675	1.371805558	1.385006161
-6.282051282	-0.3333333333	0.4547976684	0.5525320659	1.214896435	1.532773593	1.543591758
-6.282051282	-0.2820512821	0.502559378	0.6092981295	1.212390329	1.693741628	1.702177356
-6.282051282	-0.2307692308	0.5503210875	0.666064193	1.210319227	1.854709663	1.860762953
-6.282051282	-0.1794871795	0.598082797	0.7228302565	1.208578913	2.015677699	2.019348551
-6.282051282	-0.1282051282	0.6458445066	0.7795963201	1.207095999	2.176645734	2.177934148
-6.282051282	-0.07692307692	0.6936062161	0.8363623836	1.205817313	2.337613769	2.336519746
-6.282051282	-0.02564102564	0.7413679257	0.8931284471	1.204703382	2.498581805	2.495105343
-6.282051282	0.02564102564	0.7891296352	0.9498945107	1.203724291	2.65954984	2.653690941
-6.282051282	0.07692307692	0.8368913447	1.006660574	1.202856955	2.820517875	2.812276538
-6.282051282	0.1282051282	0.8846530543	1.063426638	1.202083272	2.98148591	2.970862136
-6.282051282	0.1794871795	0.9324147638	1.120192701	1.20138885	3.142453946	3.129447733
-6.282051282	0.2307692308	0.9801764734	1.176958765	1.200762104	3.303421981	3.288033331
-6.282051282	0.2820512821	1.027938183	1.233724828	1.2001936	3.464390016	3.446618928
-6.282051282	0.3333333333	1.075699892	1.290490892	1.19967558	3.625358052	3.605204526
-6.282051282	0.3846153846	1.123461602	1.347256955	1.199201604	3.786326087	3.763790123
-6.282051282	0.4358974359	1.171223312	1.404023019	1.198766286	3.947294122	3.922375721
-6.282051282	0.4871794872	1.218985021	1.460789082	1.19836508	4.108262157	4.080961318
-6.282051282	0.5384615385	1.266746731	1.517555146	1.197994129	4.269230193	4.239546916
-6.282051282	0.5897435897	1.31450844	1.57432121	1.197650134	4.430198228	4.398132513
-6.282051282	0.641025641	1.36227015	1.631087273	1.19733026	4.591166263	4.556718111
-6.282051282	0.6923076923	1.410031859	1.687853337	1.197032057	4.752134299	4.715303708
-6.282051282	0.7435897436	1.457793569	1.7446194	1.196753393	4.913102334	4.873889306
-6.282051282	0.7948717949	1.505555278	1.801385464	1.19649241	5.074070369	5.032474903
-6.282051282	0.8461538462	1.553316988	1.858151527	1.196247477	5.235038404	5.191060501
-6.282051282	0.8974358974	1.601078697	1.914917591	1.196017156	5.39600644	5.349646098
-6.282051282	0.9487179487	1.648840407	1.971683654	1.195800179	5.556974475	5.508231696
-6.282051282	1	1.696602116	2.028449718	1.195595419	5.71794251	5.666817293
-5.769230769	-1	-0.2043521711	-0.2314315991	1.132513532	-0.6887141982	-0.6465433066
-5.769230769	-0.9487179487	-0.1565904616	-0.1746655356	1.115428959	-0.5277461629	-0.4879577091
-5.769230769	-0.8974358974	-0.108828752	-0.117899472	1.083348562	-0.3667781276	-0.3293721116
-5.769230769	-0.8461538462	-0.06106704249	-0.06113340849	1.001086773	-0.2058100923	-0.1707865141
-5.769230769	-0.7948717949	-0.01330533295	-0.004367344959	0.3282401858	-0.04484205704	-0.01220091665
-5.769230769	-0.7435897436	0.03445637659	0.05239871857	1.520726314	0.1161259782	0.1463846808
-5.769230769	-0.6923076923	0.08221808613	0.1091647821	1.327746573	0.2770940135	0.3049702783
-5.769230769	-0.641025641	0.1299797957	0.1659308456	1.276589525	0.4380620488	0.4635558758
-5.769230769	-0.5897435897	0.1777415052	0.2226969092	1.252925753	0.5990300841	0.6221414733
-5.769230769	-0.5384615385	0.2255032148	0.2794629727	1.239285981	0.7599981194	0.7807270708
-5.769230769	-0.4871794872	0.2732649243	0.3362290362	1.230414174	0.9209661546	0.9393126683
-5.769230769	-0.4358974359	0.3210266338	0.3929950998	1.224182228	1.08193419	1.097898266
-5.769230769	-0.3846153846	0.3687883434	0.4497611633	1.219564478	1.242902225	1.256483863
-5.769230769	-0.3333333333	0.4165500529	0.5065272268	1.216005672	1.40387026	1.415069461
-5.769230769	-0.2820512821	0.4643117625	0.5632932904	1.213179023	1.564838296	1.573655058
-5.769230769	-0.2307692308	0.512073472	0.6200593539	1.210879664	1.725806331	1.732240656
-5.769230769	-0.1794871795	0.5598351815	0.6768254174	1.20897264	1.886774366	1.890826253
-5.769230769	-0.1282051282	0.6075968911	0.733591481	1.207365429	2.047742402	2.049411851
-5.769230769	-0.07692307692	0.6553586006	0.7903575445	1.205992481	2.208710437	2.207997448
-5.769230769	-0.02564102564	0.7031203102	0.847123608	1.204806056	2.369678472	2.366583046
-5.769230769	0.02564102564	0.7508820197	0.9038896716	1.203770563	2.530646507	2.525168643
-5.769230769	0.07692307692	0.7986437292	0.9606557351	1.202858922	2.691614543	2.683754241
-5.769230769	0.1282051282	0.8464054388	1.017421799	1.202050167	2.852582578	2.842339838
-5.769230769	0.1794871795	0.8941671483	1.074187862	1.20132781	3.013550613	3.000925436
-5.769230769	0.2307692308	0.9419288579	1.130953926	1.20067871	3.174518649	3.159511033
-5.769230769	0.2820512821	0.9896905674	1.187719989	1.20009226	3.335486684	3.318096631
-5.769230769	0.3333333333	1.037452277	1.244486053	1.199559807	3.496454719	3.476682228
-5.769230769	0.3846153846	1.085213986	1.301252116	1.199074222	3.657422754	3.635267826
-5.769230769	0.4358974359	1.132975696	1.35801818	1.198629578	3.81839079	3.793853423
-5.769230769	0.4871794872	1.180737406	1.414784243	1.198220906	3.979358825	3.952439021
-5.769230769	0.5384615385	1.228499115	1.471550307	1.19784401	4.14032686	4.111024618
-5.769230769	0.5897435897	1.276260825	1.52831637	1.197495325	4.301294896	4.269610216
-5.769230769	0.641025641	1.324022534	1.585082434	1.197171795	4.462262931	4.428195813
-5.769230769	0.6923076923	1.371784244	1.641848498	1.196870794	4.623230966	4.586781411
-5.769230769	0.7435897436	1.419545953	1.698614561	1.196590048	4.784199001	4.745367008
-5.769230769	0.7948717949	1.467307663	1.755380625	1.196327579	4.945167037	4.903952606
-5.769230769	0.8461538462	1.515069372	1.812146688	1.196081659	5.106135072	5.062538203
-5.769230769	0.8974358974	1.562831082	1.868912752	1.195850769	5.267103107	5.221123801
-5.769230769	0.9487179487	1.610592791	1.925678815	1.195633574	5.428071142	5.379709398
-5.769230769	1	1.658354501	1.982444879	1.195428889	5.589039178	5.538294996
-5.256410256	-1	-0.2425997866	-0.2774364382	1.143597206	-0.8176175306	-0.7750656039
-5.256410256	-0.9487179487	-0.1948380771	-0.2206703746	1.132583415	-0.6566494953	-0.6164800064
-5.256410256	-0.8974358974	-0.1470763675	-0.1639043111	1.114416367	-0.49568146	-0.4578944089
-5.256410256	-0.8461538462	-0.099314658	-0.1071382476	1.078775779	-0.3347134248	-0.2993088114
-5.256410256	-0.7948717949	-0.05155294846	-0.05037218404	0.9770960837	-0.1737453895	-0.1407232139
-5.256410256	-0.7435897436	-0.003791238915	0.006393879492	-1.686488147	-0.01277735419	0.01786238355
-5.256410256	-0.6923076923	0.04397047063	0.06315994303	1.436417262	0.1481906811	0.176447981
-5.256410256	-0.641025641	0.09173218017	0.1199260066	1.307349355	0.3091587164	0.3350335785
-5.256410256	-0.5897435897	0.1394938897	0.1766920701	1.266665303	0.4701267517	0.493619176
-5.256410256	-0.5384615385	0.1872555992	0.2334581336	1.246735129	0.6310947869	0.6522047735
-5.256410256	-0.4871794872	0.2350173088	0.2902241972	1.234905627	0.7920628222	0.810790371
-5.256410256	-0.4358974359	0.2827790183	0.3469902607	1.22707216	0.9530308575	0.9693759685
-5.256410256	-0.3846153846	0.3305407279	0.4037563242	1.221502496	1.113998893	1.127961566
-5.256410256	-0.3333333333	0.3783024374	0.4605223878	1.217339203	1.274966928	1.286547164
-5.256410256	-0.2820512821	0.4260641469	0.5172884513	1.214109319	1.435934963	1.445132761
-5.256410256	-0.2307692308	0.4738258565	0.5740545148	1.21153058	1.596902999	1.603718359
-5.256410256	-0.1794871795	0.521587566	0.6308205784	1.209424111	1.757871034	1.762303956
-5.256410256	-0.1282051282	0.5693492756	0.6875866419	1.207671058	1.918839069	1.920889554
-5.256410256	-0.07692307692	0.6171109851	0.7443527054	1.206189362	2.079807104	2.079475151
-5.256410256	-0.02564102564	0.6648726947	0.801118769	1.204920544	2.24077514	2.238060749
-5.256410256	0.02564102564	0.7126344042	0.8578848325	1.203821802	2.401743175	2.396646346
-5.256410256	0.07692307692	0.7603961137	0.914650896	1.202861087	2.56271121	2.555231944
-5.256410256	0.1282051282	0.8081578233	0.9714169596	1.202013928	2.723679246	2.713817541
-5.256410256	0.1794871795	0.8559195328	1.028183023	1.201261315	2.884647281	2.872403139
-5.256410256	0.2307692308	0.9036812424	1.084949087	1.200588256	3.045615316	3.030988736
-5.256410256	0.2820512821	0.9514429519	1.14171515	1.199982771	3.206583351	3.189574333
-5.256410256	0.3333333333	0.9992046614	1.198481214	1.199435171	3.367551387	3.348159931
-5.256410256	0.3846153846	1.046966371	1.255247277	1.198937532	3.528519422	3.506745528
-5.256410256	0.4358974359	1.094728081	1.312013341	1.198483317	3.689487457	3.665331126
-5.256410256	0.4871794872	1.14248979	1.368779404	1.198067078	3.850455493	3.823916723
-5.256410256	0.5384615385	1.1902515	1.425545468	1.197684244	4.011423528	3.982502321
-5.256410256	0.5897435897	1.238013209	1.482311531	1.19733095	4.172391563	4.141087918
-5.256410256	0.641025641	1.285774919	1.539077595	1.197003902	4.333359598	4.299673516
-5.256410256	0.6923076923	1.333536628	1.595843658	1.196700282	4.494327634	4.458259113
-5.256410256	0.7435897436	1.381298338	1.652609722	1.196417658	4.655295669	4.616844711
-5.256410256	0.7948717949	1.429060047	1.709375786	1.196153926	4.816263704	4.775430308
-5.256410256	0.8461538462	1.476821757	1.766141849	1.195907252	4.97723174	4.934015906
-5.256410256	0.8974358974	1.524583466	1.822907913	1.195676034	5.138199775	5.092601503
-5.256410256	0.9487179487	1.572345176	1.879673976	1.195458863	5.29916781	5.251187101
-5.256410256	1	1.620106885	1.93644004	1.195254496	5.460135845	5.409772698
-4.743589744	-1	-0.2808474021	-0.3234412773	1.151661987	-0.946520863	-0.9035879012
-4.743589744	-0.9487179487	-0.2330856926	-0.2666752137	1.144108035	-0.7855528277	-0.7450023037
-4.743589744	-0.8974358974	-0.185323983	-0.2099091502	1.132660472	-0.6245847925	-0.5864167062
-4.743589744	-0.8461538462	-0.1375622735	-0.1531430867	1.113263708	-0.4636167572	-0.4278311087
-4.743589744	-0.7948717949	-0.08980056396	-0.09637702312	1.073234052	-0.3026487219	-0.2692455112
-4.743589744	-0.7435897436	-0.04203885442	-0.03961095959	0.9422464084	-0.1416806866	-0.1106599137
-4.743589744	-0.6923076923	0.005722855119	0.01715510394	2.99764778	0.01928734866	0.04792568375
-4.743589744	-0.641025641	0.05348456466	0.07392116748	1.382102817	0.1802553839	0.2065112813
-4.743589744	-0.5897435897	0.1012462742	0.130687231	1.290785582	0.3412234192	0.3650968787
-4.743589744	-0.5384615385	0.1490079837	0.1874532945	1.258008396	0.5021914545	0.5236824762
-4.743589744	-0.4871794872	0.1967696933	0.2442193581	1.241143156	0.6631594898	0.6822680737
-4.743589744	-0.4358974359	0.2445314028	0.3009854216	1.230866131	0.8241275251	0.8408536712
-4.743589744	-0.3846153846	0.2922931124	0.3577514851	1.223947709	0.9850955603	0.9994392687
-4.743589744	-0.3333333333	0.3400548219	0.4145175487	1.218972713	1.146063596	1.158024866
-4.743589744	-0.2820512821	0.3878165314	0.4712836122	1.215223112	1.307031631	1.316610464
-4.743589744	-0.2307692308	0.435578241	0.5280496757	1.212295808	1.467999666	1.475196061
-4.743589744	-0.1794871795	0.4833399505	0.5848157393	1.209947033	1.628967701	1.633781659
-4.743589744	-0.1282051282	0.5311016601	0.6415818028	1.208020707	1.789935737	1.792367256
-4.743589744	-0.07692307692	0.5788633696	0.6983478663	1.206412261	1.950903772	1.950952854
-4.743589744	-0.02564102564	0.6266250791	0.7551139299	1.205049008	2.111871807	2.109538451
-4.743589744	0.02564102564	0.6743867887	0.8118799934	1.203878853	2.272839843	2.268124049
-4.743589744	0.07692307692	0.7221484982	0.8686460569	1.202863482	2.433807878	2.426709646
-4.743589744	0.1282051282	0.7699102078	0.9254121205	1.201974089	2.594775913	2.585295244
-4.743589744	0.1794871795	0.8176719173	0.982178184	1.201188598	2.755743948	2.743880841
-4.743589744	0.2307692308	0.8654336268	1.038944248	1.200489807	2.916711984	2.902466439
-4.743589744	0.2820512821	0.9131953364	1.095710311	1.199864112	3.077680019	3.061052036
-4.743589744	0.3333333333	0.9609570459	1.152476375	1.199300613	3.238648054	3.219637634
-4.743589744	0.3846153846	1.008718755	1.209242438	1.198790477	3.39961609	3.378223231
-4.743589744	0.4358974359	1.056480465	1.266008502	1.198326466	3.560584125	3.536808829
-4.743589744	0.4871794872	1.104242175	1.322774565	1.197902594	3.72155216	3.695394426
-4.743589744	0.5384615385	1.152003884	1.379540629	1.197513869	3.882520195	3.853980024
-4.743589744	0.5897435897	1.199765594	1.436306692	1.197156094	4.043488231	4.012565621
-4.743589744	0.641025641	1.247527303	1.493072756	1.196825714	4.204456266	4.171151219
-4.743589744	0.6923076923	1.295289013	1.549838819	1.196519699	4.365424301	4.329736816
-4.743589744	0.7435897436	1.343050722	1.606604883	1.196235448	4.526392337	4.488322414
-4.743589744	0.7948717949	1.390812432	1.663370946	1.195970721	4.687360372	4.646908011
-4.743589744	0.8461538462	1.438574141	1.72013701	1.195723571	4.848328407	4.805493609
-4.743589744	0.8974358974	1.486335851	1.776903073	1.195492306	5.009296442	4.964079206
-4.743589744	0.9487179487	1.53409756	1.833669137	1.19527544	5.170264478	5.122664804
-4.743589744	1	1.58185927	1.890435201	1.195071671	5.331232513	5.281250401
-4.230769231	-1	-0.3190950176	-0.3694461163	1.157793434	-1.075424195	-1.032110199
-4.230769231	-0.9487179487	-0.2713333081	-0.3126800528	1.152383594	-0.9144561602	-0.873524601
-4.230769231	-0.8974358974	-0.2235715985	-0.2559139893	1.144662341	-0.7534881249	-0.7149390035
-4.230769231	-0.8461538462	-0.175809889	-0.1991479257	1.13274587	-0.5925200896	-0.556353406
-4.230769231	-0.7948717949	-0.1280481795	-0.1423818622	1.111939762	-0.4315520543	-0.3977678085
-4.230769231	-0.7435897436	-0.08028646993	-0.08561579867	1.066378915	-0.270584019	-0.239182211
-4.230769231	-0.6923076923	-0.03252476039	-0.02884973514	0.8870083837	-0.1096159838	-0.08059661354
-4.230769231	-0.641025641	0.01523694915	0.02791632839	1.83214685	0.05135205152	0.07798898396
-4.230769231	-0.5897435897	0.06299865869	0.08468239193	1.34419357	0.2123200868	0.2365745815
-4.230769231	-0.5384615385	0.1107603682	0.1414484555	1.2770674	0.3732881221	0.395160179
-4.230769231	-0.4871794872	0.1585220778	0.198214519	1.250390619	0.5342561574	0.5537457765
-4.230769231	-0.4358974359	0.2062837873	0.2549805825	1.236067002	0.6952241926	0.7123313739
-4.230769231	-0.3846153846	0.2540454969	0.3117466461	1.227129195	0.8561922279	0.8709169714
-4.230769231	-0.3333333333	0.3018072064	0.3685127096	1.221020247	1.017160263	1.029502569
-4.230769231	-0.2820512821	0.3495689159	0.4252787731	1.216580633	1.178128298	1.188088166
-4.230769231	-0.2307692308	0.3973306255	0.4820448367	1.21320836	1.339096334	1.346673764
-4.230769231	-0.1794871795	0.445092335	0.5388109002	1.210559827	1.500064369	1.505259361
-4.230769231	-0.1282051282	0.4928540446	0.5955769637	1.208424625	1.661032404	1.663844959
-4.230769231	-0.07692307692	0.5406157541	0.6523430273	1.206666699	1.82200044	1.822430556
-4.230769231	-0.02564102564	0.5883774636	0.7091090908	1.205194173	1.982968475	1.981016154
-4.230769231	0.02564102564	0.6361391732	0.7658751543	1.203942764	2.14393651	2.139601751
-4.230769231	0.07692307692	0.6839008827	0.8226412179	1.202866144	2.304904545	2.298187349
-4.230769231	0.1282051282	0.7316625923	0.8794072814	1.201930085	2.465872581	2.456772946
-4.230769231	0.1794871795	0.7794243018	0.9361733449	1.201108745	2.626840616	2.615358544
-4.230769231	0.2307692308	0.8271860113	0.9929394085	1.200382254	2.787808651	2.773944141
-4.230769231	0.2820512821	0.8749477209	1.049705472	1.199735078	2.948776687	2.932529739
-4.230769231	0.3333333333	0.9227094304	1.106471536	1.199154901	3.109744722	3.091115336
-4.230769231	0.3846153846	0.97047114	1.163237599	1.198631831	3.270712757	3.249700934
-4.230769231	0.4358974359	1.01823285	1.220003663	1.198157831	3.431680792	3.408286531
-4.230769231	0.4871794872	1.065994559	1.276769726	1.197726307	3.592648828	3.566872129
-4.230769231	0.5384615385	1.113756269	1.33353579	1.197331793	3.753616863	3.725457726
-4.230769231	0.5897435897	1.161517978	1.390301853	1.196969724	3.914584898	3.884043324
-4.230769231	0.641025641	1.209279688	1.447067917	1.196636255	4.075552934	4.042628921
-4.230769231	0.6923076923	1.257041397	1.50383398	1.196328127	4.236520969	4.201214519
-4.230769231	0.7435897436	1.304803107	1.560600044	1.196042557	4.397489004	4.359800116
-4.230769231	0.7948717949	1.352564816	1.617366107	1.195777155	4.558457039	4.518385714
-4.230769231	0.8461538462	1.400326526	1.674132171	1.195529857	4.719425075	4.676971311
-4.230769231	0.8974358974	1.448088235	1.730898234	1.195298872	4.88039311	4.835556909
-4.230769231	0.9487179487	1.495849945	1.787664298	1.195082638	5.041361145	4.994142506
-4.230769231	1	1.543611654	1.844430361	1.194879785	5.20232918	5.152728104
-3.717948718	-1	-0.3573426331	-0.4154509554	1.162612341	-1.204327528	-1.160632496
-3.717948718	-0.9487179487	-0.3095809236	-0.3586848919	1.158614322	-1.043359493	-1.002046898
-3.717948718	-0.8974358974	-0.2618192141	-0.3019188284	1.153157645	-0.8823914573	-0.8434613008
-3.717948718	-0.8461538462	-0.2140575045	-0.2451527648	1.14526592	-0.721423422	-0.6848757033
-3.717948718	-0.7948717949	-0.166295795	-0.1883867013	1.13284104	-0.5604553868	-0.5262901058
-3.717948718	-0.7435897436	-0.1185340854	-0.1316206378	1.110403284	-0.3994873515	-0.3677045083
-3.717948718	-0.6923076923	-0.07077237589	-0.07485457422	1.057680674	-0.2385193162	-0.2091189108
-3.717948718	-0.641025641	-0.02301066635	-0.01808851069	0.7860924326	-0.07755128091	-0.05053331334
-3.717948718	-0.5897435897	0.02475104319	0.03867755285	1.562663543	0.08341675437	0.1080522842
-3.717948718	-0.5384615385	0.07251275273	0.09544361638	1.316232149	0.2443847897	0.2666378817
-3.717948718	-0.4871794872	0.1202744623	0.1522096799	1.265519521	0.4053528249	0.4252234792
-3.717948718	-0.4358974359	0.1680361718	0.2089757434	1.24363547	0.5663208602	0.5838090767
-3.717948718	-0.3846153846	0.2157978813	0.265741807	1.231438443	0.7272888955	0.7423946742
-3.717948718	-0.3333333333	0.2635595909	0.3225078705	1.223662055	0.8882569308	0.9009802716
-3.717948718	-0.2820512821	0.3113213004	0.379273934	1.218271713	1.049224966	1.059565869
-3.717948718	-0.2307692308	0.35908301	0.4360399976	1.214315313	1.210193001	1.218151467
-3.717948718	-0.1794871795	0.4068447195	0.4928060611	1.211287839	1.371161037	1.376737064
-3.717948718	-0.1282051282	0.4546064291	0.5495721246	1.208896508	1.532129072	1.535322662
-3.717948718	-0.07692307692	0.5023681386	0.6063381882	1.20695988	1.693097107	1.693908259
-3.717948718	-0.02564102564	0.5501298481	0.6631042517	1.205359524	1.854065142	1.852493857
-3.717948718	0.02564102564	0.5978915577	0.7198703152	1.204014852	2.015033178	2.011079454
-3.717948718	0.07692307692	0.6456532672	0.7766363788	1.202869122	2.176001213	2.169665052
-3.717948718	0.1282051282	0.6934149768	0.8334024423	1.201881226	2.336969248	2.328250649
-3.717948718	0.1794871795	0.7411766863	0.8901685059	1.20102065	2.497937284	2.486836247
-3.717948718	0.2307692308	0.7889383958	0.9469345694	1.200264272	2.658905319	2.645421844
-3.717948718	0.2820512821	0.8367001054	1.003700633	1.199594247	2.819873354	2.804007442
-3.717948718	0.3333333333	0.8844618149	1.060466696	1.198996586	2.980841389	2.962593039
-3.717948718	0.3846153846	0.9322235245	1.11723276	1.198460166	3.141809425	3.121178637
-3.717948718	0.4358974359	0.979985234	1.173998824	1.197976034	3.30277746	3.279764234
-3.717948718	0.4871794872	1.027746944	1.230764887	1.197536898	3.463745495	3.438349832
-3.717948718	0.5384615385	1.075508653	1.287530951	1.197136766	3.624713531	3.596935429
-3.717948718	0.5897435897	1.123270363	1.344297014	1.196770661	3.785681566	3.755521027
-3.717948718	0.641025641	1.171032072	1.401063078	1.19643442	3.946649601	3.914106624
-3.717948718	0.6923076923	1.218793782	1.457829141	1.196124532	4.107617636	4.072692222
-3.717948718	0.7435897436	1.266555491	1.514595205	1.195838015	4.268585672	4.231277819
-3.717948718	0.7948717949	1.314317201	1.571361268	1.195572323	4.429553707	4.389863417
-3.717948718	0.8461538462	1.36207891	1.628127332	1.195325263	4.590521742	4.548449014
-3.717948718	0.8974358974	1.40984062	1.684893395	1.195094943	4.751489778	4.707034612
-3.717948718	0.9487179487	1.457602329	1.741659459	1.194879717	4.912457813	4.865620209
-3.717948718	1	1.505364039	1.798425522	1.194678148	5.073425848	5.024205807
-3.205128205	-1	-0.3955902486	-0.4614557945	1.166499417	-1.33323086	-1.289154793
-3.205128205	-0.9487179487	-0.3478285391	-0.404689731	1.163474774	-1.172262825	-1.130569196
-3.205128205	-0.8974358974	-0.3000668296	-0.3479236674	1.159487265	-1.01129479	-0.9719835981
-3.205128205	-0.8461538462	-0.25230512	-0.2911576039	1.153990073	-0.8503267545	-0.8133980006
-3.205128205	-0.7948717949	-0.2045434105	-0.2343915404	1.145925649	-0.6893587192	-0.6548124031
-3.205128205	-0.7435897436	-0.1567817009	-0.1776254768	1.13294776	-0.5283906839	-0.4962268056
-3.205128205	-0.6923076923	-0.1090199914	-0.1208594133	1.108598632	-0.3674226486	-0.3376412081
-3.205128205	-0.641025641	-0.06125828186	-0.06409334977	1.046280565	-0.2064546133	-0.1790556106
-3.205128205	-0.5897435897	-0.01349657232	-0.007327286238	0.5428997871	-0.04548657806	-0.02047001313
-3.205128205	-0.5384615385	0.03426513722	0.0494387773	1.442830273	0.1154814572	0.1381155844
-3.205128205	-0.4871794872	0.08202684676	0.1062048408	1.294757083	0.2764494925	0.2967011819
-3.205128205	-0.4358974359	0.1297885563	0.1629709044	1.255664667	0.4374175278	0.4552867794
-3.205128205	-0.3846153846	0.1775502658	0.2197369679	1.237604274	0.5983855631	0.6138723769
-3.205128205	-0.3333333333	0.2253119754	0.2765030314	1.227200778	0.7593535983	0.7724579744
-3.205128205	-0.2820512821	0.2730736849	0.333269095	1.22043651	0.9203216336	0.9310435719
-3.205128205	-0.2307692308	0.3208353945	0.3900351585	1.215686191	1.081289669	1.089629169
-3.205128205	-0.1794871795	0.368597104	0.446801222	1.212166936	1.242257704	1.248214767
-3.205128205	-0.1282051282	0.4163588135	0.5035672856	1.209455088	1.403225739	1.406800364
-3.205128205	-0.07692307692	0.4641205231	0.5603333491	1.207301382	1.564193775	1.565385962
-3.205128205	-0.02564102564	0.5118822326	0.6170994126	1.205549584	1.72516181	1.723971559
-3.205128205	0.02564102564	0.5596439422	0.6738654762	1.204096793	1.886129845	1.882557157
-3.205128205	0.07692307692	0.6074056517	0.7306315397	1.202872475	2.047097881	2.041142754
-3.205128205	0.1282051282	0.6551673612	0.7873976032	1.201826663	2.208065916	2.199728352
-3.205128205	0.1794871795	0.7029290708	0.8441636668	1.200922969	2.369033951	2.358313949
-3.205128205	0.2307692308	0.7506907803	0.9009297303	1.200134268	2.530001986	2.516899547
-3.205128205	0.2820512821	0.7984524899	0.9576957938	1.199439924	2.690970022	2.675485144
-3.205128205	0.3333333333	0.8462141994	1.014461857	1.19882396	2.851938057	2.834070742
-3.205128205	0.3846153846	0.893975909	1.071227921	1.198273813	3.012906092	2.992656339
-3.205128205	0.4358974359	0.9417376185	1.127993984	1.197779469	3.173874128	3.151241937
-3.205128205	0.4871794872	0.989499328	1.184760048	1.197332847	3.334842163	3.309827534
-3.205128205	0.5384615385	1.037261038	1.241526112	1.196927356	3.495810198	3.468413132
-3.205128205	0.5897435897	1.085022747	1.298292175	1.196557564	3.656778233	3.626998729
-3.205128205	0.641025641	1.132784457	1.355058239	1.196218955	3.817746269	3.785584327
-3.205128205	0.6923076923	1.180546166	1.411824302	1.195907744	3.978714304	3.944169924
-3.205128205	0.7435897436	1.228307876	1.468590366	1.195620735	4.139682339	4.102755522
-3.205128205	0.7948717949	1.276069585	1.525356429	1.195355212	4.300650375	4.261341119
-3.205128205	0.8461538462	1.323831295	1.582122493	1.195108847	4.46161841	4.419926717
-3.205128205	0.8974358974	1.371593004	1.638888556	1.194879641	4.622586445	4.578512314
-3.205128205	0.9487179487	1.419354714	1.69565462	1.19466586	4.78355448	4.737097912
-3.205128205	1	1.467116423	1.752420683	1.194465998	4.944522516	4.895683509
-2.692307692	-1	-0.4338378641	-0.5074606336	1.169701115	-1.462134193	-1.41767709
-2.692307692	-0.9487179487	-0.3860761546	-0.4506945701	1.1673722	-1.301166157	-1.259091493
-2.692307692	-0.8974358974	-0.3383144451	-0.3939285065	1.164385714	-1.140198122	-1.100505895
-2.692307692	-0.8461538462	-0.2905527355	-0.337162443	1.160417376	-0.9792300869	-0.9419202979
-2.692307692	-0.7948717949	-0.242791026	-0.2803963795	1.154887741	-0.8182620516	-0.7833347004
-2.692307692	-0.7435897436	-0.1950293164	-0.2236303159	1.146649745	-0.6572940163	-0.6247491029
-2.692307692	-0.6923076923	-0.1472676069	-0.1668642524	1.133068269	-0.496325981	-0.4661635054
-2.692307692	-0.641025641	-0.09950589737	-0.1100981889	1.106448882	-0.3353579458	-0.3075779079
-2.692307692	-0.5897435897	-0.05174418782	-0.05333212532	1.030688229	-0.1743899105	-0.1489923104
-2.692307692	-0.5384615385	-0.003982478284	0.003433938213	-0.8622616292	-0.0134218752	0.009593287071
-2.692307692	-0.4871794872	0.04377923126	0.06020000175	1.375081289	0.1475461601	0.1681788846
-2.692307692	-0.4358974359	0.0915409408	0.1169660653	1.277745938	0.3085141954	0.3267644821
-2.692307692	-0.3846153846	0.1393026503	0.1737321288	1.247155947	0.4694822306	0.4853500796
-2.692307692	-0.3333333333	0.1870643599	0.2304981923	1.232186572	0.6304502659	0.6439356771
-2.692307692	-0.2820512821	0.2348260694	0.2872642559	1.223306495	0.7914183012	0.8025212746
-2.692307692	-0.2307692308	0.282587779	0.3440303194	1.217428159	0.9523863365	0.9611068721
-2.692307692	-0.1794871795	0.3303494885	0.4007963829	1.213249594	1.113354372	1.11969247
-2.692307692	-0.1282051282	0.378111198	0.4575624465	1.210126674	1.274322407	1.278278067
-2.692307692	-0.07692307692	0.4258729076	0.51432851	1.207704226	1.435290442	1.436863665
-2.692307692	-0.02564102564	0.4736346171	0.5710945736	1.20577034	1.596258478	1.595449262
-2.692307692	0.02564102564	0.5213963267	0.6278606371	1.204190757	1.757226513	1.75403486
-2.692307692	0.07692307692	0.5691580362	0.6846267006	1.202876279	1.918194548	1.912620457
-2.692307692	0.1282051282	0.6169197457	0.7413927642	1.201765334	2.079162583	2.071206055
-2.692307692	0.1794871795	0.6646814553	0.7981588277	1.200814046	2.240130619	2.229791652
-2.692307692	0.2307692308	0.7124431648	0.8549248912	1.199990306	2.401098654	2.38837725
-2.692307692	0.2820512821	0.7602048744	0.9116909548	1.199270072	2.562066689	2.546962847
-2.692307692	0.3333333333	0.8079665839	0.9684570183	1.19863499	2.723034725	2.705548445
-2.692307692	0.3846153846	0.8557282934	1.025223082	1.198070801	2.88400276	2.864134042
-2.692307692	0.4358974359	0.903490003	1.081989145	1.197566262	3.044970795	3.02271964
-2.692307692	0.4871794872	0.9512517125	1.138755209	1.197112388	3.20593883	3.181305237
-2.692307692	0.5384615385	0.9990134221	1.195521272	1.196701912	3.366906866	3.339890835
-2.692307692	0.5897435897	1.046775132	1.252287336	1.196328894	3.527874901	3.498476432
-2.692307692	0.641025641	1.094536841	1.309053399	1.195988431	3.688842936	3.65706203
-2.692307692	0.6923076923	1.142298551	1.365819463	1.195676439	3.849810972	3.815647627
-2.692307692	0.7435897436	1.19006026	1.422585527	1.195389489	4.010779007	3.974233225
-2.692307692	0.7948717949	1.23782197	1.47935159	1.195124684	4.171747042	4.132818822
-2.692307692	0.8461538462	1.285583679	1.536117654	1.194879554	4.332715077	4.29140442
-2.692307692	0.8974358974	1.333345389	1.592883717	1.194651986	4.493683113	4.449990017
-2.692307692	0.9487179487	1.381107098	1.649649781	1.194440158	4.654651148	4.608575614
-2.692307692	1	1.428868808	1.706415844	1.194242491	4.815619183	4.767161212
-2.179487179	-1	-0.4720854797	-0.5534654727	1.172384021	-1.591037525	-1.546199388
-2.179487179	-0.9487179487	-0.4243237701	-0.4966994091	1.170567015	-1.43006949	-1.38761379
-2.179487179	-0.8974358974	-0.3765620606	-0.4399333456	1.168289086	-1.269101455	-1.229028193
-2.179487179	-0.8461538462	-0.328800351	-0.3831672821	1.16534937	-1.108133419	-1.070442595
-2.179487179	-0.7948717949	-0.2810386415	-0.3264012185	1.161410462	-0.947165384	-0.9118569977
-2.179487179	-0.7435897436	-0.233276932	-0.269635155	1.15585863	-0.7861973488	-0.7532714002
-2.179487179	-0.6923076923	-0.1855152224	-0.2128690915	1.147448111	-0.6252293135	-0.5946858027
-2.179487179	-0.641025641	-0.1377535129	-0.1561030279	1.133205424	-0.4642612782	-0.4361002052
-2.179487179	-0.5897435897	-0.08999180333	-0.0993369644	1.103844581	-0.3032932429	-0.2775146077
-2.179487179	-0.5384615385	-0.04223009379	-0.04257090087	1.008070242	-0.1423252076	-0.1189290102
-2.179487179	-0.4871794872	0.00553161575	0.01419516266	2.566187404	0.01864282765	0.03965658727
-2.179487179	-0.4358974359	0.05329332529	0.0709612262	1.331521833	0.1796108629	0.1982421848
-2.179487179	-0.3846153846	0.1010550348	0.1277272897	1.263937912	0.3405788982	0.3568277823
-2.179487179	-0.3333333333	0.1488167444	0.1844933533	1.239735179	0.5015469335	0.5154133798
-2.179487179	-0.2820512821	0.1965784539	0.2412594168	1.227293287	0.6625149688	0.6739989773
-2.179487179	-0.2307692308	0.2443401635	0.2980254803	1.219715482	0.8234830041	0.8325845748
-2.179487179	-0.1794871795	0.292101873	0.3547915439	1.214615778	0.9844510393	0.9911701723
-2.179487179	-0.1282051282	0.3398635825	0.4115576074	1.210949418	1.145419075	1.14975577
-2.179487179	-0.07692307692	0.3876252921	0.4683236709	1.208186567	1.30638711	1.308341367
-2.179487179	-0.02564102564	0.4353870016	0.5250897345	1.206029883	1.467355145	1.466926965
-2.179487179	0.02564102564	0.4831487112	0.581855798	1.204299597	1.62832318	1.625512562
-2.179487179	0.07692307692	0.5309104207	0.6386218615	1.20288063	1.789291216	1.78409816
-2.179487179	0.1282051282	0.5786721302	0.6953879251	1.201695898	1.950259251	1.942683757
-2.179487179	0.1794871795	0.6264338398	0.7521539886	1.200691822	2.111227286	2.101269355
-2.179487179	0.2307692308	0.6741955493	0.8089200521	1.199830009	2.272195322	2.259854952
-2.179487179	0.2820512821	0.7219572589	0.8656861157	1.199082224	2.433163357	2.41844055
-2.179487179	0.3333333333	0.7697189684	0.9224521792	1.19842724	2.594131392	2.577026147
-2.179487179	0.3846153846	0.8174806779	0.9792182427	1.197848792	2.755099427	2.735611745
-2.179487179	0.4358974359	0.8652423875	1.035984306	1.197334205	2.916067463	2.894197342
-2.179487179	0.4871794872	0.913004097	1.09275037	1.196873457	3.077035498	3.05278294
-2.179487179	0.5384615385	0.9607658066	1.149516433	1.196458518	3.238003533	3.211368537
-2.179487179	0.5897435897	1.008527516	1.206282497	1.196082881	3.398971569	3.369954135
-2.179487179	0.641025641	1.056289226	1.26304856	1.195741213	3.559939604	3.528539732
-2.179487179	0.6923076923	1.104050935	1.319814624	1.195429107	3.720907639	3.68712533
-2.179487179	0.7435897436	1.151812645	1.376580687	1.195142885	3.881875674	3.845710927
-2.179487179	0.7948717949	1.199574354	1.433346751	1.194879455	4.04284371	4.004296525
-2.179487179	0.8461538462	1.247336064	1.490112815	1.194636199	4.203811745	4.162882122
-2.179487179	0.8974358974	1.295097773	1.546878878	1.194410885	4.36477978	4.32146772
-2.179487179	0.9487179487	1.342859483	1.603644942	1.194201599	4.525747816	4.480053317
-2.179487179	1	1.390621192	1.660411005	1.194006689	4.686715851	4.638638915
-1.666666667	-1	-0.5103330952	-0.5994703118	1.174664778	-1.719940858	-1.674721685
-1.666666667	-0.9487179487	-0.4625713856	-0.5427042482	1.173233505	-1.558972822	-1.516136087
-1.666666667	-0.8974358974	-0.4148096761	-0.4859381847	1.171472636	-1.398004787	-1.35755049
-1.666666667	-0.8461538462	-0.3670479665	-0.4291721212	1.169253504	-1.237036752	-1.198964893
-1.666666667	-0.7948717949	-0.319286257	-0.3724060576	1.166370457	-1.076068716	-1.040379295
-1.666666667	-0.7435897436	-0.2715245475	-0.3156399941	1.162473143	-0.9151006812	-0.8817936975
-1.666666667	-0.6923076923	-0.2237628379	-0.2588739306	1.156912081	-0.7541326459	-0.7232081
-1.666666667	-0.641025641	-0.1760011284	-0.202107867	1.148332791	-0.5931646106	-0.5646225025
-1.666666667	-0.5897435897	-0.1282394188	-0.1453418035	1.13336293	-0.4321965753	-0.406036905
-1.666666667	-0.5384615385	-0.0804777093	-0.08857573995	1.100624517	-0.2712285401	-0.2474513075
-1.666666667	-0.4871794872	-0.03271599976	-0.03180967642	0.9722972446	-0.1102605048	-0.08886571002
-1.666666667	-0.4358974359	0.01504570978	0.02495638712	1.658704539	0.0507075305	0.06971988748
-1.666666667	-0.3846153846	0.06280741933	0.08172245065	1.301159187	0.2116755658	0.228305485
-1.666666667	-0.3333333333	0.1105691289	0.1384885142	1.252506153	0.3726436011	0.3868910825
-1.666666667	-0.2820512821	0.1583308384	0.1952545777	1.233206239	0.5336116363	0.54547668
-1.666666667	-0.2307692308	0.2060925479	0.2520206413	1.22285179	0.6945796716	0.7040622775
-1.666666667	-0.1794871795	0.2538542575	0.3087867048	1.216393642	0.8555477069	0.862647875
-1.666666667	-0.1282051282	0.301615967	0.3655527683	1.211980824	1.016515742	1.021233472
-1.666666667	-0.07692307692	0.3493776766	0.4223188319	1.208774516	1.177483777	1.17981907
-1.666666667	-0.02564102564	0.3971393861	0.4790848954	1.206339417	1.338451813	1.338404667
-1.666666667	0.02564102564	0.4449010956	0.5358509589	1.204427151	1.499419848	1.496990265
-1.666666667	0.07692307692	0.4926628052	0.5926170225	1.202885658	1.660387883	1.655575862
-1.666666667	0.1282051282	0.5404245147	0.649383086	1.201616633	1.821355919	1.81416146
-1.666666667	0.1794871795	0.5881862243	0.7061491495	1.200553703	1.982323954	1.972747057
-1.666666667	0.2307692308	0.6359479338	0.7629152131	1.199650431	2.143291989	2.131332655
-1.666666667	0.2820512821	0.6837096434	0.8196812766	1.198873359	2.304260024	2.289918252
-1.666666667	0.3333333333	0.7314713529	0.8764473401	1.198197765	2.46522806	2.44850385
-1.666666667	0.3846153846	0.7792330624	0.9332134037	1.19760499	2.626196095	2.607089447
-1.666666667	0.4358974359	0.826994772	0.9899794672	1.197080684	2.78716413	2.765675045
-1.666666667	0.4871794872	0.8747564815	1.046745531	1.196613632	2.948132166	2.924260642
-1.666666667	0.5384615385	0.9225181911	1.103511594	1.196194942	3.109100201	3.08284624
-1.666666667	0.5897435897	0.9702799006	1.160277658	1.195817472	3.270068236	3.241431837
-1.666666667	0.641025641	1.01804161	1.217043721	1.19547542	3.431036271	3.400017435
-1.666666667	0.6923076923	1.06580332	1.273809785	1.195164024	3.592004307	3.558603032
-1.666666667	0.7435897436	1.113565029	1.330575848	1.194879341	3.752972342	3.71718863
-1.666666667	0.7948717949	1.161326739	1.387341912	1.194618074	3.913940377	3.875774227
-1.666666667	0.8461538462	1.209088448	1.444107975	1.194377448	4.074908413	4.034359825
-1.666666667	0.8974358974	1.256850158	1.500874039	1.19415511	4.235876448	4.192945422
-1.666666667	0.9487179487	1.304611867	1.557640103	1.193949052	4.396844483	4.35153102
-1.666666667	1	1.352373577	1.614406166	1.193757549	4.557812518	4.510116617
-1.153846154	-1	-0.5485807107	-0.6454751508	1.176627501	-1.84884419	-1.803243982
-1.153846154	-0.9487179487	-0.5008190011	-0.5887090873	1.175492715	-1.687876155	-1.644658385
-1.153846154	-0.8974358974	-0.4530572916	-0.5319430238	1.174118668	-1.526908119	-1.486072787
-1.153846154	-0.8461538462	-0.405295582	-0.4751769602	1.172420775	-1.365940084	-1.32748719
-1.153846154	-0.7948717949	-0.3575338725	-0.4184108967	1.17026925	-1.204972049	-1.168901592
-1.153846154	-0.7435897436	-0.309772163	-0.3616448332	1.167454266	-1.044004014	-1.010315995
-1.153846154	-0.6923076923	-0.2620104534	-0.3048787696	1.163613	-0.8830359783	-0.8517303973
-1.153846154	-0.641025641	-0.2142487439	-0.2481127061	1.158059093	-0.722067943	-0.6931447998
-1.153846154	-0.5897435897	-0.1664870343	-0.1913466426	1.149318584	-0.5610999078	-0.5345592023
-1.153846154	-0.5384615385	-0.1187253248	-0.134580579	1.13354568	-0.4001318725	-0.3759736048
-1.153846154	-0.4871794872	-0.07096361526	-0.0778145155	1.096541026	-0.2391638372	-0.2173880073
-1.153846154	-0.4358974359	-0.02320190572	-0.02104845197	0.9071863415	-0.07819580192	-0.05880240982
-1.153846154	-0.3846153846	0.02455980382	0.03571761157	1.454311762	0.08277223336	0.09978318768
-1.153846154	-0.3333333333	0.07232151336	0.0924836751	1.278785119	0.2437402686	0.2583687852
-1.153846154	-0.2820512821	0.1200832229	0.1492497386	1.242885851	0.4047083039	0.4169543827
-1.153846154	-0.2307692308	0.1678449324	0.2060158022	1.227417469	0.5656763392	0.5755399802
-1.153846154	-0.1794871795	0.215606642	0.2627818657	1.218802275	0.7266443745	0.7341255777
-1.153846154	-0.1282051282	0.2633683515	0.3195479292	1.213311802	0.8876124098	0.8927111752
-1.153846154	-0.07692307692	0.3111300611	0.3763139928	1.209507019	1.048580445	1.051296773
-1.153846154	-0.02564102564	0.3588917706	0.4330800563	1.206714926	1.20954848	1.20988237
-1.153846154	0.02564102564	0.4066534801	0.4898461198	1.204578698	1.370516516	1.368467968
-1.153846154	0.07692307692	0.4544151897	0.5466121834	1.202891531	1.531484551	1.527053565
-1.153846154	0.1282051282	0.5021768992	0.6033782469	1.201525295	1.692452586	1.685639163
-1.153846154	0.1794871795	0.5499386088	0.6601443104	1.200396371	1.853420621	1.84422476
-1.153846154	0.2307692308	0.5977003183	0.716910374	1.19944787	2.014388657	2.002810358
-1.153846154	0.2820512821	0.6454620278	0.7736764375	1.19863974	2.175356692	2.161395955
-1.153846154	0.3333333333	0.6932237374	0.830442501	1.197942967	2.336324727	2.319981553
-1.153846154	0.3846153846	0.7409854469	0.8872085646	1.197336018	2.497292763	2.47856715
-1.153846154	0.4358974359	0.7887471565	0.9439746281	1.196802575	2.658260798	2.637152748
-1.153846154	0.4871794872	0.836508866	1.000740692	1.196330048	2.819228833	2.795738345
-1.153846154	0.5384615385	0.8842705755	1.057506755	1.195908565	2.980196868	2.954323943
-1.153846154	0.5897435897	0.9320322851	1.114272819	1.19553028	3.141164904	3.11290954
-1.153846154	0.641025641	0.9797939946	1.171038882	1.195188875	3.302132939	3.271495138
-1.153846154	0.6923076923	1.027555704	1.227804946	1.194879208	3.463100974	3.430080735
-1.153846154	0.7435897436	1.075317414	1.284571009	1.194597049	3.62406901	3.588666333
-1.153846154	0.7948717949	1.123079123	1.341337073	1.194338889	3.785037045	3.74725193
-1.153846154	0.8461538462	1.170840833	1.398103136	1.194101792	3.94600508	3.905837528
-1.153846154	0.8974358974	1.218602542	1.4548692	1.19388328	4.106973115	4.064423125
-1.153846154	0.9487179487	1.266364252	1.511635263	1.19368125	4.267941151	4.223008723
-1.153846154	1	1.314125961	1.568401327	1.193493906	4.428909186	4.38159432
-0.641025641	-1	-0.5868283262	-0.6914799899	1.178334377	-1.977747522	-1.93176628
-0.641025641	-0.9487179487	-0.5390666166	-0.6347139264	1.177431336	-1.816779487	-1.773180682
-0.641025641	-0.8974358974	-0.4913049071	-0.5779478629	1.176352718	-1.655811452	-1.614595085
-0.641025641	-0.8461538462	-0.4435431976	-0.5211817993	1.175041805	-1.494843417	-1.456009487
-0.641025641	-0.7948717949	-0.395781488	-0.4644157358	1.173414497	-1.333875381	-1.29742389
-0.641025641	-0.7435897436	-0.3480197785	-0.4076496723	1.171340531	-1.172907346	-1.138838292
-0.641025641	-0.6923076923	-0.3002580689	-0.3508836087	1.168606759	-1.011939311	-0.9802526946
-0.641025641	-0.641025641	-0.2524963594	-0.2941175452	1.164838756	-0.8509712755	-0.8216670971
-0.641025641	-0.5897435897	-0.2047346498	-0.2373514817	1.15931271	-0.6900032402	-0.6630814996
-0.641025641	-0.5384615385	-0.1569729403	-0.1805854181	1.150423874	-0.5290352049	-0.5044959021
-0.641025641	-0.4871794872	-0.1092112308	-0.1238193546	1.133760271	-0.3680671696	-0.3459103046
-0.641025641	-0.4358974359	-0.06144952123	-0.06705329105	1.091193059	-0.2070991344	-0.1873247071
-0.641025641	-0.3846153846	-0.01368781169	-0.01028722752	0.7515611517	-0.04613109907	-0.02873910961
-0.641025641	-0.3333333333	0.03407389785	0.04647883602	1.364059851	0.1148369362	0.1298464879
-0.641025641	-0.2820512821	0.08183560739	0.1032448996	1.261613408	0.2758049715	0.2884320854
-0.641025641	-0.2307692308	0.1295973169	0.1600109631	1.234678054	0.4367730068	0.4470176829
-0.641025641	-0.1794871795	0.1773590265	0.2167770266	1.222249755	0.5977410421	0.6056032804
-0.641025641	-0.1282051282	0.225120736	0.2735430902	1.215095042	0.7587090773	0.7641888779
-0.641025641	-0.07692307692	0.2728824456	0.3303091537	1.21044486	0.9196771126	0.9227744754
-0.641025641	-0.02564102564	0.3206441551	0.3870752172	1.207180019	1.080645148	1.081360073
-0.641025641	0.02564102564	0.3684058646	0.4438412808	1.204761714	1.241613183	1.23994567
-0.641025641	0.07692307692	0.4161675742	0.5006073443	1.202898485	1.402581218	1.398531268
-0.641025641	0.1282051282	0.4639292837	0.5573734078	1.201418896	1.563549254	1.557116865
-0.641025641	0.1794871795	0.5116909933	0.6141394714	1.20021552	1.724517289	1.715702463
-0.641025641	0.2307692308	0.5594527028	0.6709055349	1.199217613	1.885485324	1.87428806
-0.641025641	0.2820512821	0.6072144123	0.7276715984	1.198376691	2.04645336	2.032873658
-0.641025641	0.3333333333	0.6549761219	0.784437662	1.197658412	2.207421395	2.191459255
-0.641025641	0.3846153846	0.7027378314	0.8412037255	1.197037768	2.36838943	2.350044853
-0.641025641	0.4358974359	0.750499541	0.897969789	1.19649612	2.529357465	2.50863045
-0.641025641	0.4871794872	0.7982612505	0.9547358526	1.196019288	2.690325501	2.667216048
-0.641025641	0.5384615385	0.84602296	1.011501916	1.195596295	2.851293536	2.825801645
-0.641025641	0.5897435897	0.8937846696	1.06826798	1.195218508	3.012261571	2.984387243
-0.641025641	0.641025641	0.9415463791	1.125034043	1.19487905	3.173229607	3.14297284
-0.641025641	0.6923076923	0.9893080887	1.181800107	1.194572369	3.334197642	3.301558438
-0.641025641	0.7435897436	1.037069798	1.23856617	1.194293935	3.495165677	3.460144035
-0.641025641	0.7948717949	1.084831508	1.295332234	1.194040019	3.656133712	3.618729633
-0.641025641	0.8461538462	1.132593217	1.352098297	1.193807518	3.817101748	3.77731523
-0.641025641	0.8974358974	1.180354927	1.408864361	1.193593833	3.978069783	3.935900828
-0.641025641	0.9487179487	1.228116636	1.465630424	1.193396768	4.139037818	4.094486425
-0.641025641	1	1.275878346	1.522396488	1.193214457	4.300005854	4.253072023
-0.1282051282	-1	-0.6250759417	-0.737484829	1.179832369	-2.106650855	-2.060288577
-0.1282051282	-0.9487179487	-0.5773142321	-0.6807187655	1.179113085	-1.94568282	-1.901702979
-0.1282051282	-0.8974358974	-0.5295525226	-0.6239527019	1.178264054	-1.784714784	-1.743117382
-0.1282051282	-0.8461538462	-0.4817908131	-0.5671866384	1.177246687	-1.623746749	-1.584531784
-0.1282051282	-0.7948717949	-0.4340291035	-0.5104205749	1.176005412	-1.462778714	-1.425946187
-0.1282051282	-0.7435897436	-0.386267394	-0.4536545113	1.174457172	-1.301810678	-1.267360589
-0.1282051282	-0.6923076923	-0.3385056844	-0.3968884478	1.172472032	-1.140842643	-1.108774992
-0.1282051282	-0.641025641	-0.2907439749	-0.3401223843	1.169834678	-0.9798746079	-0.9501893944
-0.1282051282	-0.5897435897	-0.2429822654	-0.2833563207	1.166160503	-0.8189065726	-0.7916037969
-0.1282051282	-0.5384615385	-0.1952205558	-0.2265902572	1.160688516	-0.6579385373	-0.6330181994
-0.1282051282	-0.4871794872	-0.1474588463	-0.1698241937	1.151671792	-0.4969705021	-0.4744326019
-0.1282051282	-0.4358974359	-0.09969713673	-0.1130581301	1.134015819	-0.3360024668	-0.3158470044
-0.1282051282	-0.3846153846	-0.05193542719	-0.0562920666	1.083885695	-0.1750344315	-0.1572614069
-0.1282051282	-0.3333333333	-0.004173717653	0.0004739969352	-0.1135670821	-0.01406639622	0.00132419059
-0.1282051282	-0.2820512821	0.04358799189	0.05724006047	1.313207101	0.1469016391	0.1599097881
-0.1282051282	-0.2307692308	0.09134970143	0.114006124	1.248018573	0.3078696743	0.3184953856
-0.1282051282	-0.1794871795	0.139111411	0.1707721875	1.227592951	0.4688377096	0.4770809831
-0.1282051282	-0.1282051282	0.1868731205	0.2275382511	1.217608238	0.6298057449	0.6356665806
-0.1282051282	-0.07692307692	0.23463483	0.2843043146	1.211688455	0.7907737802	0.7942521781
-0.1282051282	-0.02564102564	0.2823965396	0.3410703781	1.207771096	0.9517418155	0.9528377756
-0.1282051282	0.02564102564	0.3301582491	0.3978364417	1.204987132	1.112709851	1.111423373
-0.1282051282	0.07692307692	0.3779199587	0.4546025052	1.202906845	1.273677886	1.270008971
-0.1282051282	0.1282051282	0.4256816682	0.5113685687	1.201293377	1.434645921	1.428594568
-0.1282051282	0.1794871795	0.4734433778	0.5681346323	1.200005447	1.595613957	1.587180166
-0.1282051282	0.2307692308	0.5212050873	0.6249006958	1.198953562	1.756581992	1.745765763
-0.1282051282	0.2820512821	0.5689667968	0.6816667593	1.198078277	1.917550027	1.904351361
-0.1282051282	0.3333333333	0.6167285064	0.7384328229	1.197338562	2.078518062	2.062936958
-0.1282051282	0.3846153846	0.6644902159	0.7951988864	1.196705184	2.239486098	2.221522556
-0.1282051282	0.4358974359	0.7122519255	0.8519649499	1.196156752	2.400454133	2.380108153
-0.1282051282	0.4871794872	0.760013635	0.9087310135	1.195677251	2.561422168	2.538693751
-0.1282051282	0.5384615385	0.8077753445	0.965497077	1.195254452	2.722390204	2.697279348
-0.1282051282	0.5897435897	0.8555370541	1.022263141	1.194878861	2.883358239	2.855864946
-0.1282051282	0.641025641	0.9032987636	1.079029204	1.194542988	3.044326274	3.014450543
-0.1282051282	0.6923076923	0.9510604732	1.135795268	1.19424085	3.205294309	3.173036141
-0.1282051282	0.7435897436	0.9988221827	1.192561331	1.193967607	3.366262345	3.331621738
-0.1282051282	0.7948717949	1.046583892	1.249327395	1.193719303	3.52723038	3.490207336
-0.1282051282	0.8461538462	1.094345602	1.306093458	1.193492674	3.688198415	3.648792933
-0.1282051282	0.8974358974	1.142107311	1.362859522	1.193284999	3.849166451	3.807378531
-0.1282051282	0.9487179487	1.189869021	1.419625585	1.193093996	4.010134486	3.965964128
-0.1282051282	1	1.23763073	1.476391649	1.192917736	4.171102521	4.124549726
0.3846153846	-1	-0.6633235572	-0.7834896681	1.181157611	-2.235554187	-2.188810874
0.3846153846	-0.9487179487	-0.6155618476	-0.7267236046	1.180585846	-2.074586152	-2.030225277
0.3846153846	-0.8974358974	-0.5678001381	-0.669957541	1.17991789	-1.913618117	-1.871639679
0.3846153846	-0.8461538462	-0.5200384286	-0.6131914775	1.179127241	-1.752650081	-1.713054082
0.3846153846	-0.7948717949	-0.472276719	-0.556425414	1.178176674	-1.591682046	-1.554468484
0.3846153846	-0.7435897436	-0.4245150095	-0.4996593504	1.177012212	-1.430714011	-1.395882887
0.3846153846	-0.6923076923	-0.3767532999	-0.4428932869	1.175552509	-1.269745976	-1.237297289
0.3846153846	-0.641025641	-0.3289915904	-0.3861272233	1.173668977	-1.10877794	-1.078711692
0.3846153846	-0.5897435897	-0.2812298809	-0.3293611598	1.171145679	-0.947809905	-0.9201260942
0.3846153846	-0.5384615385	-0.2334681713	-0.2725950963	1.167589975	-0.7868418698	-0.7615404967
0.3846153846	-0.4871794872	-0.1857064618	-0.2158290327	1.162205293	-0.6258738345	-0.6029548992
0.3846153846	-0.4358974359	-0.1379447522	-0.1590629692	1.153091848	-0.4649057992	-0.4443693017
0.3846153846	-0.3846153846	-0.0901830427	-0.1022969057	1.134325286	-0.3039377639	-0.2857837042
0.3846153846	-0.3333333333	-0.04242133316	-0.04553084215	1.073300596	-0.1429697286	-0.1271981067
0.3846153846	-0.2820512821	0.005340376381	0.01123522139	2.103825758	0.01799830664	0.03138749079
0.3846153846	-0.2307692308	0.05310208592	0.06800128492	1.28057653	0.1789663419	0.1899730883
0.3846153846	-0.1794871795	0.1008637955	0.1247673485	1.236988435	0.3399343772	0.3485586858
0.3846153846	-0.1282051282	0.148625505	0.181533412	1.221414938	0.5009024125	0.5071442833
0.3846153846	-0.07692307692	0.1963872145	0.2382994755	1.213416444	0.6618704478	0.6657298808
0.3846153846	-0.02564102564	0.2441489241	0.2950655391	1.208547366	0.822838483	0.8243154783
0.3846153846	0.02564102564	0.2919106336	0.3518316026	1.205271621	0.9838065183	0.9829010758
0.3846153846	0.07692307692	0.3396723432	0.4085976661	1.202917089	1.144774554	1.141486673
0.3846153846	0.1282051282	0.3874340527	0.4653637297	1.201143076	1.305742589	1.300072271
0.3846153846	0.1794871795	0.4351957622	0.5221297932	1.19975845	1.466710624	1.458657868
0.3846153846	0.2307692308	0.4829574718	0.5788958567	1.198647688	1.627678659	1.617243466
0.3846153846	0.2820512821	0.5307191813	0.6356619203	1.19773685	1.788646695	1.775829063
0.3846153846	0.3333333333	0.5784808909	0.6924279838	1.196976417	1.94961473	1.934414661
0.3846153846	0.3846153846	0.6262426004	0.7491940473	1.196331976	2.110582765	2.093000258
0.3846153846	0.4358974359	0.6740043099	0.8059601109	1.195778868	2.271550801	2.251585856
0.3846153846	0.4871794872	0.7217660195	0.8627261744	1.195298963	2.432518836	2.410171453
0.3846153846	0.5384615385	0.769527729	0.9194922379	1.194878629	2.593486871	2.568757051
0.3846153846	0.5897435897	0.8172894386	0.9762583015	1.194507423	2.754454906	2.727342648
0.3846153846	0.641025641	0.8650511481	1.033024365	1.194177208	2.915422942	2.885928246
0.3846153846	0.6923076923	0.9128128577	1.089790429	1.193881549	3.076390977	3.044513843
0.3846153846	0.7435897436	0.9605745672	1.146556492	1.193615292	3.237359012	3.203099441
0.3846153846	0.7948717949	1.008336277	1.203322556	1.193374258	3.398327048	3.361685038
0.3846153846	0.8461538462	1.056097986	1.260088619	1.193155025	3.559295083	3.520270636
0.3846153846	0.8974358974	1.103859696	1.316854683	1.192954764	3.720263118	3.678856233
0.3846153846	0.9487179487	1.151621405	1.373620746	1.192771114	3.881231153	3.837441831
0.3846153846	1	1.199383115	1.43038681	1.19260209	4.042199189	3.996027428
0.8974358974	-1	-0.7015711727	-0.8294945072	1.182338356	-2.36445752	-2.317333171
0.8974358974	-0.9487179487	-0.6538094632	-0.7727284436	1.181886294	-2.203489484	-2.158747574
0.8974358974	-0.8974358974	-0.6060477536	-0.7159623801	1.18136298	-2.042521449	-2.000161976
0.8974358974	-0.8461538462	-0.5582860441	-0.6591963166	1.180750125	-1.881553414	-1.841576379
0.8974358974	-0.7948717949	-0.5105243345	-0.602430253	1.180022601	-1.720585379	-1.682990781
0.8974358974	-0.7435897436	-0.462762625	-0.5456641895	1.179144901	-1.559617343	-1.524405184
0.8974358974	-0.6923076923	-0.4150009154	-0.488898126	1.178065175	-1.398649308	-1.365819586
0.8974358974	-0.641025641	-0.3672392059	-0.4321320624	1.176704599	-1.237681273	-1.207233989
0.8974358974	-0.5897435897	-0.3194774964	-0.3753659989	1.174937212	-1.076713237	-1.048648391
0.8974358974	-0.5384615385	-0.2717157868	-0.3185999354	1.172548489	-0.9157452022	-0.890062794
0.8974358974	-0.4871794872	-0.2239540773	-0.2618338718	1.169140902	-0.7547771669	-0.7314771965
0.8974358974	-0.4358974359	-0.1761923677	-0.2050678083	1.163885876	-0.5938091316	-0.572891599
0.8974358974	-0.3846153846	-0.1284306582	-0.1483017448	1.154722298	-0.4328410964	-0.4143060015
0.8974358974	-0.3333333333	-0.08066894867	-0.09153568123	1.13470775	-0.2718730611	-0.255720404
0.8974358974	-0.2820512821	-0.03290723912	-0.0347696177	1.056594799	-0.1109050258	-0.0971348065
0.8974358974	-0.2307692308	0.01485447042	0.02199644584	1.480796368	0.05006300949	0.061450791
0.8974358974	-0.1794871795	0.06261617996	0.07876250937	1.257861936	0.2110310448	0.2200363885
0.8974358974	-0.1282051282	0.1103778895	0.1355285729	1.227859796	0.3719990801	0.378621986
0.8974358974	-0.07692307692	0.158139599	0.1922946364	1.215980296	0.5329671153	0.5372075835
0.8974358974	-0.02564102564	0.2059013086	0.2490607	1.209612031	0.6939351506	0.695793181
0.8974358974	0.02564102564	0.2536630181	0.3058267635	1.205641902	0.8549031859	0.8543787785
0.8974358974	0.07692307692	0.3014247277	0.362592827	1.202929932	1.015871221	1.012964376
0.8974358974	0.1282051282	0.3491864372	0.4193588906	1.200959848	1.176839256	1.171549973
0.8974358974	0.1794871795	0.3969481467	0.4761249541	1.199463854	1.337807292	1.330135571
0.8974358974	0.2307692308	0.4447098563	0.5328910176	1.198289199	1.498775327	1.488721168
0.8974358974	0.2820512821	0.4924715658	0.5896570812	1.197342389	1.659743362	1.647306766
0.8974358974	0.3333333333	0.5402332754	0.6464231447	1.196562993	1.820711398	1.805892363
0.8974358974	0.3846153846	0.5879949849	0.7031892082	1.195910214	1.981679433	1.964477961
0.8974358974	0.4358974359	0.6357566944	0.7599552718	1.195355516	2.142647468	2.123063558
0.8974358974	0.4871794872	0.683518404	0.8167213353	1.194878339	2.303615503	2.281649156
0.8974358974	0.5384615385	0.7312801135	0.8734873988	1.194463493	2.464583539	2.440234753
0.8974358974	0.5897435897	0.7790418231	0.9302534624	1.194099514	2.625551574	2.598820351
0.8974358974	0.641025641	0.8268035326	0.9870195259	1.193777587	2.786519609	2.757405948
0.8974358974	0.6923076923	0.8745652421	1.043785589	1.193490822	2.947487645	2.915991546
0.8974358974	0.7435897436	0.9223269517	1.100551653	1.193233756	3.10845568	3.074577143
0.8974358974	0.7948717949	0.9700886612	1.157317717	1.193002004	3.269423715	3.233162741
0.8974358974	0.8461538462	1.017850371	1.21408378	1.192792001	3.43039175	3.391748338
0.8974358974	0.8974358974	1.06561208	1.270849844	1.192600823	3.591359786	3.550333936
0.8974358974	0.9487179487	1.11337379	1.327615907	1.192426047	3.752327821	3.708919533
0.8974358974	1	1.161135499	1.384381971	1.19226565	3.913295856	3.867505131
1.41025641	-1	-0.7398187882	-0.8754993463	1.183397016	-2.493360852	-2.445855469
1.41025641	-0.9487179487	-0.6920570787	-0.8187332827	1.183043	-2.332392817	-2.287269871
1.41025641	-0.8974358974	-0.6442953691	-0.7619672192	1.182636498	-2.171424782	-2.128684274
1.41025641	-0.8461538462	-0.5965336596	-0.7052011556	1.182164903	-2.010456746	-1.970098676
1.41025641	-0.7948717949	-0.54877195	-0.6484350921	1.181611218	-1.849488711	-1.811513079
1.41025641	-0.7435897436	-0.5010102405	-0.5916690286	1.180951966	-1.688520676	-1.652927481
1.41025641	-0.6923076923	-0.453248531	-0.534902965	1.180153776	-1.52755264	-1.494341884
1.41025641	-0.641025641	-0.4054868214	-0.4781369015	1.179167549	-1.366584605	-1.335756286
1.41025641	-0.5897435897	-0.3577251119	-0.421370838	1.177917971	-1.20561657	-1.177170689
1.41025641	-0.5384615385	-0.3099634023	-0.3646047744	1.176283302	-1.044648535	-1.018585091
1.41025641	-0.4871794872	-0.2622016928	-0.3078387109	1.174053103	-0.8836804993	-0.8599994938
1.41025641	-0.4358974359	-0.2144399833	-0.2510726474	1.170829449	-0.7227124641	-0.7014138963
1.41025641	-0.3846153846	-0.1666782737	-0.1943065838	1.165758317	-0.5617444288	-0.5428282988
1.41025641	-0.3333333333	-0.1189165642	-0.1375405203	1.156613641	-0.4007763935	-0.3842427013
1.41025641	-0.2820512821	-0.07115485463	-0.08077445678	1.135192492	-0.2398083582	-0.2256571038
1.41025641	-0.2307692308	-0.02339314509	-0.02400839325	1.026300361	-0.07884032294	-0.0670715063
1.41025641	-0.1794871795	0.02436856445	0.03275767029	1.344259337	0.08212771234	0.0915140912
1.41025641	-0.1282051282	0.07213027399	0.08952373382	1.241139523	0.2430957476	0.2500996887
1.41025641	-0.07692307692	0.1198919835	0.1462897974	1.220179974	0.4040637829	0.4086852862
1.41025641	-0.02564102564	0.1676536931	0.2030558609	1.211162469	0.5650318182	0.5672708837
1.41025641	0.02564102564	0.2154154026	0.2598219244	1.206143671	0.7259998535	0.7258564812
1.41025641	0.07692307692	0.2631771122	0.316587988	1.202946508	0.8869678887	0.8844420787
1.41025641	0.1282051282	0.3109388217	0.3733540515	1.200731544	1.047935924	1.043027676
1.41025641	0.1794871795	0.3587005312	0.430120115	1.199106434	1.208903959	1.201613274
1.41025641	0.2307692308	0.4064622408	0.4868861786	1.197863245	1.369871995	1.360198871
1.41025641	0.2820512821	0.4542239503	0.5436522421	1.196881498	1.53084003	1.518784469
1.41025641	0.3333333333	0.5019856599	0.6004183056	1.196086569	1.691808065	1.677370066
1.41025641	0.3846153846	0.5497473694	0.6571843692	1.195429766	1.8527761	1.835955664
1.41025641	0.4358974359	0.5975090789	0.7139504327	1.194877966	2.013744136	1.994541261
1.41025641	0.4871794872	0.6452707885	0.7707164962	1.194407852	2.174712171	2.153126859
1.41025641	0.5384615385	0.693032498	0.8274825598	1.194002535	2.335680206	2.311712456
1.41025641	0.5897435897	0.7407942076	0.8842486233	1.193649484	2.496648242	2.470298054
1.41025641	0.641025641	0.7885559171	0.9410146868	1.193339199	2.657616277	2.628883651
1.41025641	0.6923076923	0.8363176266	0.9977807504	1.193064356	2.818584312	2.787469249
1.41025641	0.7435897436	0.8840793362	1.054546814	1.192819208	2.979552347	2.946054846
1.41025641	0.7948717949	0.9318410457	1.111312877	1.192599191	3.140520383	3.104640444
1.41025641	0.8461538462	0.9796027553	1.168078941	1.192400628	3.301488418	3.263226041
1.41025641	0.8974358974	1.027364465	1.224845004	1.192220528	3.462456453	3.421811639
1.41025641	0.9487179487	1.075126174	1.281611068	1.192056429	3.623424489	3.580397236
1.41025641	1	1.122887884	1.338377132	1.19190629	3.784392524	3.738982834
1.923076923	-1	-0.7780664037	-0.9215041853	1.184351594	-2.622264185	-2.574377766
1.923076923	-0.9487179487	-0.7303046942	-0.8647381218	1.184078548	-2.461296149	-2.415792169
1.923076923	-0.8974358974	-0.6825429846	-0.8079720583	1.183767289	-2.300328114	-2.257206571
1.923076923	-0.8461538462	-0.6347812751	-0.7512059947	1.18340919	-2.139360079	-2.098620974
1.923076923	-0.7948717949	-0.5870195655	-0.6944399312	1.18299282	-1.978392043	-1.940035376
1.923076923	-0.7435897436	-0.539257856	-0.6376738677	1.182502694	-1.817424008	-1.781449779
1.923076923	-0.6923076923	-0.4914961465	-0.5809078041	1.181917312	-1.656455973	-1.622864181
1.923076923	-0.641025641	-0.4437344369	-0.5241417406	1.181205913	-1.495487938	-1.464278584
1.923076923	-0.5897435897	-0.3959727274	-0.4673756771	1.180322898	-1.334519902	-1.305692986
1.923076923	-0.5384615385	-0.3482110178	-0.4106096135	1.179197649	-1.173551867	-1.147107389
1.923076923	-0.4871794872	-0.3004493083	-0.35384355	1.177714643	-1.012583832	-0.9885217911
1.923076923	-0.4358974359	-0.2526875988	-0.2970774865	1.175671018	-0.8516157965	-0.8299361936
1.923076923	-0.3846153846	-0.2049258892	-0.2403114229	1.172674784	-0.6906477612	-0.6713505961
1.923076923	-0.3333333333	-0.1571641797	-0.1835453594	1.167857458	-0.5296797259	-0.5127649986
1.923076923	-0.2820512821	-0.1094024701	-0.1267792959	1.158833943	-0.3687116906	-0.3541794011
1.923076923	-0.2307692308	-0.0616407606	-0.07001323233	1.135826873	-0.2077436554	-0.1955938036
1.923076923	-0.1794871795	-0.01387905106	-0.01324716879	0.9544722287	-0.04677562008	-0.03700820609
1.923076923	-0.1282051282	0.03388265848	0.04351889474	1.284400241	0.1141924152	0.1215773914
1.923076923	-0.07692307692	0.08164436803	0.1002849583	1.228314466	0.2751604505	0.2801629889
1.923076923	-0.02564102564	0.1294060776	0.1570510218	1.213629412	0.4361284858	0.4387485864
1.923076923	0.02564102564	0.1771677871	0.2138170853	1.206862087	0.597096521	0.5973341839
1.923076923	0.07692307692	0.2249294966	0.2705831489	1.202968721	0.7580645563	0.7559197814
1.923076923	0.1282051282	0.2726912062	0.3273492124	1.200439196	0.9190325916	0.9145053789
1.923076923	0.1794871795	0.3204529157	0.3841152759	1.198663695	1.080000627	1.073090976
1.923076923	0.2307692308	0.3682146253	0.4408813395	1.197348799	1.240968662	1.231676574
1.923076923	0.2820512821	0.4159763348	0.497647403	1.196335852	1.401936697	1.390262171
1.923076923	0.3333333333	0.4637380443	0.5544134665	1.195531558	1.562904733	1.548847769
1.923076923	0.3846153846	0.5114997539	0.6111795301	1.194877467	1.723872768	1.707433366
1.923076923	0.4358974359	0.5592614634	0.6679455936	1.194335096	1.884840803	1.866018964
1.923076923	0.4871794872	0.607023173	0.7247116571	1.193878075	2.045808839	2.024604561
1.923076923	0.5384615385	0.6547848825	0.7814777207	1.193487726	2.206776874	2.183190159
1.923076923	0.5897435897	0.7025465921	0.8382437842	1.193150453	2.367744909	2.341775756
1.923076923	0.641025641	0.7503083016	0.8950098477	1.192856118	2.528712944	2.500361354
1.923076923	0.6923076923	0.7980700111	0.9517759113	1.192597013	2.68968098	2.658946951
1.923076923	0.7435897436	0.8458317207	1.008541975	1.19236717	2.850649015	2.817532549
1.923076923	0.7948717949	0.8935934302	1.065308038	1.192161896	3.01161705	2.976118146
1.923076923	0.8461538462	0.9413551398	1.122074102	1.191977453	3.172585086	3.134703744
1.923076923	0.8974358974	0.9891168493	1.178840165	1.191810822	3.333553121	3.293289341
1.923076923	0.9487179487	1.036878559	1.235606229	1.191659542	3.494521156	3.451874939
1.923076923	1	1.084640268	1.292372292	1.191521586	3.655489191	3.610460536
2.435897436	-1	-0.8163140192	-0.9675090244	1.18521672	-2.751167517	-2.702900063
2.435897436	-0.9487179487	-0.7685523097	-0.9107429609	1.185011026	-2.590199482	-2.544314466
2.435897436	-0.8974358974	-0.7207906001	-0.8539768973	1.184778072	-2.429231446	-2.385728868
2.435897436	-0.8461538462	-0.6730288906	-0.7972108338	1.184512054	-2.268263411	-2.227143271
2.435897436	-0.7948717949	-0.625267181	-0.7404447703	1.184205397	-2.107295376	-2.068557673
2.435897436	-0.7435897436	-0.5775054715	-0.6836787067	1.183848016	-1.946327341	-1.909972076
2.435897436	-0.6923076923	-0.529743762	-0.6269126432	1.183426192	-1.785359305	-1.751386478
2.435897436	-0.641025641	-0.4819820524	-0.5701465797	1.182920768	-1.62439127	-1.592800881
2.435897436	-0.5897435897	-0.4342203429	-0.5133805161	1.182304156	-1.463423235	-1.434215283
2.435897436	-0.5384615385	-0.3864586333	-0.4566144526	1.181535133	-1.302455199	-1.275629686
2.435897436	-0.4871794872	-0.3386969238	-0.3998483891	1.18054922	-1.141487164	-1.117044088
2.435897436	-0.4358974359	-0.2909352143	-0.3430823255	1.179239599	-0.9805191289	-0.9584584909
2.435897436	-0.3846153846	-0.2431735047	-0.286316262	1.177415534	-0.8195510936	-0.7998728934
2.435897436	-0.3333333333	-0.1954117952	-0.2295501985	1.174699809	-0.6585830584	-0.6412872959
2.435897436	-0.2820512821	-0.1476500856	-0.1727841349	1.170227123	-0.4976150231	-0.4827016984
2.435897436	-0.2307692308	-0.0998883761	-0.1160180714	1.1614772	-0.3366469878	-0.3241161009
2.435897436	-0.1794871795	-0.05212666656	-0.05925200788	1.136692825	-0.1756789525	-0.1655305034
2.435897436	-0.1282051282	-0.004364957022	-0.002485944343	0.569523212	-0.01471091723	-0.00694490589
2.435897436	-0.07692307692	0.04339675252	0.05428011919	1.250787583	0.146257118	0.1516406916
2.435897436	-0.02564102564	0.09115846206	0.1110461827	1.218166479	0.3072251533	0.3102262891
2.435897436	0.02564102564	0.1389201716	0.1678122463	1.207976094	0.4681931886	0.4688118866
2.435897436	0.07692307692	0.1866818811	0.2245783098	1.203000036	0.6291612239	0.6273974841
2.435897436	0.1282051282	0.2344435907	0.2813443733	1.20005146	0.7901292592	0.7859830816
2.435897436	0.1794871795	0.2822053002	0.3381104369	1.198100945	0.9510972945	0.9445686791
2.435897436	0.2307692308	0.3299670098	0.3948765004	1.196715092	1.11206533	1.103154277
2.435897436	0.2820512821	0.3777287193	0.4516425639	1.195679706	1.273033365	1.261739874
2.435897436	0.3333333333	0.4254904288	0.5084086275	1.194876766	1.4340014	1.420325472
2.435897436	0.3846153846	0.4732521384	0.565174691	1.194235895	1.594969436	1.578911069
2.435897436	0.4358974359	0.5210138479	0.6219407545	1.193712522	1.755937471	1.737496667
2.435897436	0.4871794872	0.5687755575	0.6787068181	1.193277048	1.916905506	1.896082264
2.435897436	0.5384615385	0.616537267	0.7354728816	1.192909044	2.077873541	2.054667862
2.435897436	0.5897435897	0.6642989765	0.7922389451	1.192593957	2.238841577	2.213253459
2.435897436	0.641025641	0.7120606861	0.8490050087	1.19232114	2.399809612	2.371839057
2.435897436	0.6923076923	0.7598223956	0.9057710722	1.19208262	2.560777647	2.530424654
2.435897436	0.7435897436	0.8075841052	0.9625371357	1.191872313	2.721745683	2.689010252
2.435897436	0.7948717949	0.8553458147	1.019303199	1.191685493	2.882713718	2.847595849
2.435897436	0.8461538462	0.9031075242	1.076069263	1.191518434	3.043681753	3.006181447
2.435897436	0.8974358974	0.9508692338	1.132835326	1.191368157	3.204649788	3.164767044
2.435897436	0.9487179487	0.9986309433	1.18960139	1.191232254	3.365617824	3.323352642
2.435897436	1	1.046392653	1.246367453	1.191108758	3.526585859	3.481938239
2.948717949	-1	-0.8545616347	-1.013513863	1.186004405	-2.880070849	-2.831422361
2.948717949	-0.9487179487	-0.8067999252	-0.9567478	1.185855093	-2.719102814	-2.672836763
2.948717949	-0.8974358974	-0.7590382156	-0.8999817364	1.185686989	-2.558134779	-2.514251166
2.948717949	-0.8461538462	-0.7112765061	-0.8432156729	1.185496309	-2.397166744	-2.355665568
2.948717949	-0.7948717949	-0.6635147966	-0.7864496094	1.185278178	-2.236198708	-2.197079971
2.948717949	-0.7435897436	-0.615753087	-0.7296835458	1.185026208	-2.075230673	-2.038494373
2.948717949	-0.6923076923	-0.5679913775	-0.6729174823	1.184731862	-1.914262638	-1.879908776
2.948717949	-0.641025641	-0.5202296679	-0.6161514188	1.184383469	-1.753294602	-1.721323178
2.948717949	-0.5897435897	-0.4724679584	-0.5593853552	1.183964638	-1.592326567	-1.562737581
2.948717949	-0.5384615385	-0.4247062489	-0.5026192917	1.183451605	-1.431358532	-1.404151983
2.948717949	-0.4871794872	-0.3769445393	-0.4458532282	1.182808561	-1.270390497	-1.245566386
2.948717949	-0.4358974359	-0.3291828298	-0.3890871646	1.181978917	-1.109422461	-1.086980788
2.948717949	-0.3846153846	-0.2814211202	-0.3323211011	1.180867665	-0.9484544261	-0.9283951907
2.948717949	-0.3333333333	-0.2336594107	-0.2755550376	1.179302116	-0.7874863908	-0.7698095932
2.948717949	-0.2820512821	-0.1858977011	-0.218788974	1.176932112	-0.6265183555	-0.6112239957
2.948717949	-0.2307692308	-0.1381359916	-0.1620229105	1.172923209	-0.4655503202	-0.4526383982
2.948717949	-0.1794871795	-0.09037428207	-0.105256847	1.164676992	-0.3045822849	-0.2940528007
2.948717949	-0.1282051282	-0.04261257253	-0.04849078343	1.13794546	-0.1436142497	-0.1354672032
2.948717949	-0.07692307692	0.005149137013	0.008275280108	1.607119812	0.01735378562	0.02311839431
2.948717949	-0.02564102564	0.05291084655	0.06504134364	1.229262956	0.1783218209	0.1817039918
2.948717949	0.02564102564	0.1006725561	0.1218074072	1.20993657	0.3392898562	0.3402895893
2.948717949	0.07692307692	0.1484342656	0.1785734707	1.20304749	0.5002578915	0.4988751868
2.948717949	0.1282051282	0.1961959752	0.2353395342	1.199512549	0.6612259267	0.6574607843
2.948717949	0.1794871795	0.2439576847	0.2921055978	1.19736174	0.822193962	0.8160463818
2.948717949	0.2307692308	0.2917193943	0.3488716613	1.195915212	0.9831619973	0.9746319793
2.948717949	0.2820512821	0.3394811038	0.4056377248	1.19487571	1.144130033	1.133217577
2.948717949	0.3333333333	0.3872428133	0.4624037884	1.194092627	1.305098068	1.291803174
2.948717949	0.3846153846	0.4350045229	0.5191698519	1.193481503	1.466066103	1.450388772
2.948717949	0.4358974359	0.4827662324	0.5759359154	1.1929913	1.627034138	1.608974369
2.948717949	0.4871794872	0.530527942	0.632701979	1.19258936	1.788002174	1.767559967
2.948717949	0.5384615385	0.5782896515	0.6894680425	1.192253814	1.948970209	1.926145564
2.948717949	0.5897435897	0.626051361	0.746234106	1.191969465	2.109938244	2.084731162
2.948717949	0.641025641	0.6738130706	0.8030001696	1.191725427	2.27090628	2.243316759
2.948717949	0.6923076923	0.7215747801	0.8597662331	1.191513696	2.431874315	2.401902357
2.948717949	0.7435897436	0.7693364897	0.9165322966	1.191328254	2.59284235	2.560487954
2.948717949	0.7948717949	0.8170981992	0.9732983602	1.191164491	2.753810385	2.719073552
2.948717949	0.8461538462	0.8648599087	1.030064424	1.191018815	2.914778421	2.877659149
2.948717949	0.8974358974	0.9126216183	1.086830487	1.190888387	3.075746456	3.036244747
2.948717949	0.9487179487	0.9603833278	1.143596551	1.190770932	3.236714491	3.194830344
2.948717949	1	1.008145037	1.200362614	1.190664607	3.397682527	3.353415942
3.461538462	-1	-0.8928092502	-1.059518703	1.186724603	-3.008974182	-2.959944658
3.461538462	-0.9487179487	-0.8450475407	-1.002752639	1.186622753	-2.848006147	-2.80135906
3.461538462	-0.8974358974	-0.7972858311	-0.9459865755	1.186508701	-2.687038111	-2.642773463
3.461538462	-0.8461538462	-0.7495241216	-0.889220512	1.186380113	-2.526070076	-2.484187865
3.461538462	-0.7948717949	-0.7017624121	-0.8324544484	1.186234022	-2.365102041	-2.325602268
3.461538462	-0.7435897436	-0.6540007025	-0.7756883849	1.186066593	-2.204134005	-2.16701667
3.461538462	-0.6923076923	-0.606238993	-0.7189223214	1.185872782	-2.04316597	-2.008431073
3.461538462	-0.641025641	-0.5584772834	-0.6621562578	1.185645822	-1.882197935	-1.849845475
3.461538462	-0.5897435897	-0.5107155739	-0.6053901943	1.185376412	-1.7212299	-1.691259878
3.461538462	-0.5384615385	-0.4629538644	-0.5486241308	1.185051412	-1.560261864	-1.53267428
3.461538462	-0.4871794872	-0.4151921548	-0.4918580672	1.18465164	-1.399293829	-1.374088683
3.461538462	-0.4358974359	-0.3674304453	-0.4350920037	1.184147937	-1.238325794	-1.215503085
3.461538462	-0.3846153846	-0.3196687357	-0.3783259402	1.183493717	-1.077357758	-1.056917488
3.461538462	-0.3333333333	-0.2719070262	-0.3215598766	1.182609663	-0.9163897232	-0.8983318905
3.461538462	-0.2820512821	-0.2241453167	-0.2647938131	1.181348855	-0.7554216879	-0.739746293
3.461538462	-0.2307692308	-0.1763836071	-0.2080277496	1.179405235	-0.5944536526	-0.5811606955
3.461538462	-0.1794871795	-0.1286218976	-0.151261686	1.17601815	-0.4334856174	-0.422575098
3.461538462	-0.1282051282	-0.08086018803	-0.09449562251	1.168629765	-0.2725175821	-0.2639895005
3.461538462	-0.07692307692	-0.03309847849	-0.03772955897	1.139918229	-0.1115495468	-0.105403903
3.461538462	-0.02564102564	0.01466323105	0.01903650456	1.298247603	0.04941848848	0.05318169452
3.461538462	0.02564102564	0.06242494059	0.07580256809	1.214299403	0.2103865238	0.211767292
3.461538462	0.07692307692	0.1101866501	0.1325686316	1.203127888	0.371354559	0.3703528895
3.461538462	0.1282051282	0.1579483597	0.1893346952	1.19871264	0.5323225943	0.528938487
3.461538462	0.1794871795	0.2057100692	0.2461007587	1.196347654	0.6932906296	0.6875240845
3.461538462	0.2307692308	0.2534717787	0.3028668222	1.194873937	0.8542586649	0.846109682
3.461538462	0.2820512821	0.3012334883	0.3596328858	1.193867547	1.0152267	1.00469528
3.461538462	0.3333333333	0.3489951978	0.4163989493	1.193136616	1.176194735	1.163280877
3.461538462	0.3846153846	0.3967569074	0.4731650128	1.192581664	1.337162771	1.321866474
3.461538462	0.4358974359	0.4445186169	0.5299310764	1.192145967	1.498130806	1.480452072
3.461538462	0.4871794872	0.4922803265	0.5866971399	1.191794814	1.659098841	1.639037669
3.461538462	0.5384615385	0.540042036	0.6434632034	1.191505773	1.820066877	1.797623267
3.461538462	0.5897435897	0.5878037455	0.700229267	1.191263704	1.981034912	1.956208864
3.461538462	0.641025641	0.6355654551	0.7569953305	1.191058017	2.142002947	2.114794462
3.461538462	0.6923076923	0.6833271646	0.813761394	1.190881083	2.302970982	2.273380059
3.461538462	0.7435897436	0.7310888742	0.8705274576	1.190727268	2.463939018	2.431965657
3.461538462	0.7948717949	0.7788505837	0.9272935211	1.190592317	2.624907053	2.590551254
3.461538462	0.8461538462	0.8266122932	0.9840595846	1.190472961	2.785875088	2.749136852
3.461538462	0.8974358974	0.8743740028	1.040825648	1.190366645	2.946843124	2.907722449
3.461538462	0.9487179487	0.9221357123	1.097591712	1.190271342	3.107811159	3.066308047
3.461538462	1	0.9698974219	1.154357775	1.190185425	3.268779194	3.224893644
3.974358974	-1	-0.9310568657	-1.105523542	1.187385628	-3.137877514	-3.088466955
3.974358974	-0.9487179487	-0.8832951562	-1.048757478	1.187323932	-2.976909479	-2.929881358
3.974358974	-0.8974358974	-0.8355334466	-0.9919914146	1.187255182	-2.815941444	-2.77129576
3.974358974	-0.8461538462	-0.7877717371	-0.9352253511	1.187178096	-2.654973408	-2.612710163
3.974358974	-0.7948717949	-0.7400100276	-0.8784592875	1.187091059	-2.494005373	-2.454124565
3.974358974	-0.7435897436	-0.692248318	-0.821693224	1.186992012	-2.333037338	-2.295538968
3.974358974	-0.6923076923	-0.6444866085	-0.7649271605	1.186878285	-2.172069303	-2.13695337
3.974358974	-0.641025641	-0.5967248989	-0.7081610969	1.186746352	-2.011101267	-1.978367773
3.974358974	-0.5897435897	-0.5489631894	-0.6513950334	1.186591462	-1.850133232	-1.819782175
3.974358974	-0.5384615385	-0.5012014799	-0.5946289699	1.186407051	-1.689165197	-1.661196578
3.974358974	-0.4871794872	-0.4534397703	-0.5378629063	1.186183792	-1.528197161	-1.50261098
3.974358974	-0.4358974359	-0.4056780608	-0.4810968428	1.185907963	-1.367229126	-1.344025383
3.974358974	-0.3846153846	-0.3579163512	-0.4243307793	1.185558519	-1.206261091	-1.185439785
3.974358974	-0.3333333333	-0.3101546417	-0.3675647157	1.18510145	-1.045293056	-1.026854188
3.974358974	-0.2820512821	-0.2623929322	-0.3107986522	1.184477987	-0.8843250204	-0.8682685903
3.974358974	-0.2307692308	-0.2146312226	-0.2540325887	1.183577047	-0.7233569851	-0.7096829928
3.974358974	-0.1794871795	-0.1668695131	-0.1972665251	1.182160369	-0.5623889498	-0.5510973953
3.974358974	-0.1282051282	-0.1191078035	-0.1405004616	1.179607527	-0.4014209145	-0.3925117978
3.974358974	-0.07692307692	-0.071346094	-0.08373439806	1.173636752	-0.2404528792	-0.2339262003
3.974358974	-0.02564102564	-0.02358438446	-0.02696833452	1.143482654	-0.07948484395	-0.07534060278
3.974358974	0.02564102564	0.02417732508	0.02979772901	1.232465912	0.08148319133	0.08324499472
3.974358974	0.07692307692	0.07193903462	0.08656379254	1.203293775	0.2424512266	0.2418305922
3.974358974	0.1282051282	0.1197007442	0.1433298561	1.197401546	0.4034192619	0.4004161897
3.974358974	0.1794871795	0.1674624537	0.2000959196	1.194870344	0.5643872972	0.5590017872
3.974358974	0.2307692308	0.2152241632	0.2568619831	1.193462571	0.7253553325	0.7175873847
3.974358974	0.2820512821	0.2629858728	0.3136280467	1.192566138	0.8863233677	0.8761729822
3.974358974	0.3333333333	0.3107475823	0.3703941102	1.191945268	1.047291403	1.03475858
3.974358974	0.3846153846	0.3585092919	0.4271601737	1.191489826	1.208259438	1.193344177
3.974358974	0.4358974359	0.4062710014	0.4839262373	1.191141469	1.369227474	1.351929775
3.974358974	0.4871794872	0.4540327109	0.5406923008	1.190866402	1.530195509	1.510515372
3.974358974	0.5384615385	0.5017944205	0.5974583643	1.190643698	1.691163544	1.66910097
3.974358974	0.5897435897	0.54955613	0.6542244279	1.190459704	1.852131579	1.827686567
3.974358974	0.641025641	0.5973178396	0.7109904914	1.190305135	2.013099615	1.986272165
3.974358974	0.6923076923	0.6450795491	0.7677565549	1.190173454	2.17406765	2.144857762
3.974358974	0.7435897436	0.6928412586	0.8245226185	1.190059928	2.335035685	2.30344336
3.974358974	0.7948717949	0.7406029682	0.881288682	1.189961045	2.496003721	2.462028957
3.974358974	0.8461538462	0.7883646777	0.9380547455	1.189874143	2.656971756	2.620614555
3.974358974	0.8974358974	0.8361263873	0.9948208091	1.18979717	2.817939791	2.779200152
3.974358974	0.9487179487	0.8838880968	1.051586873	1.189728515	2.978907826	2.93778575
3.974358974	1	0.9316498064	1.108352936	1.189666899	3.139875862	3.096371347
4.487179487	-1	-0.9693044812	-1.151528381	1.187994488	-3.266780847	-3.216989253
4.487179487	-0.9487179487	-0.9215427717	-1.094762317	1.187966908	-3.105812811	-3.058403655
4.487179487	-0.8974358974	-0.8737810622	-1.037996254	1.187936313	-2.944844776	-2.899818058
4.487179487	-0.8461538462	-0.8260193526	-0.9812301901	1.187902181	-2.783876741	-2.74123246
4.487179487	-0.7948717949	-0.7782576431	-0.9244641266	1.187863858	-2.622908706	-2.582646863
4.487179487	-0.7435897436	-0.7304959335	-0.8676980631	1.187820525	-2.46194067	-2.424061265
4.487179487	-0.6923076923	-0.682734224	-0.8109319995	1.187771128	-2.300972635	-2.265475668
4.487179487	-0.641025641	-0.6349725145	-0.754165936	1.187714301	-2.1400046	-2.10689007
4.487179487	-0.5897435897	-0.5872108049	-0.6973998725	1.187648229	-1.979036564	-1.948304473
4.487179487	-0.5384615385	-0.5394490954	-0.6406338089	1.187570457	-1.818068529	-1.789718875
4.487179487	-0.4871794872	-0.4916873858	-0.5838677454	1.187477577	-1.657100494	-1.631133278
4.487179487	-0.4358974359	-0.4439256763	-0.5271016819	1.18736471	-1.496132459	-1.47254768
4.487179487	-0.3846153846	-0.3961639667	-0.4703356183	1.187224629	-1.335164423	-1.313962083
4.487179487	-0.3333333333	-0.3484022572	-0.4135695548	1.187046141	-1.174196388	-1.155376485
4.487179487	-0.2820512821	-0.3006405477	-0.3568034913	1.186810941	-1.013228353	-0.9967908876
4.487179487	-0.2307692308	-0.2528788381	-0.3000374277	1.186486896	-0.8522603175	-0.8382052901
4.487179487	-0.1794871795	-0.2051171286	-0.2432713642	1.186011943	-0.6912922822	-0.6796196926
4.487179487	-0.1282051282	-0.157355419	-0.1865053007	1.185248667	-0.5303242469	-0.5210340951
4.487179487	-0.07692307692	-0.1095937095	-0.1297392371	1.183820109	-0.3693562117	-0.3624484976
4.487179487	-0.02564102564	-0.06183199997	-0.07297317361	1.180184591	-0.2083881764	-0.2038629001
4.487179487	0.02564102564	-0.01407029042	-0.01620711007	1.151867487	-0.0474201411	-0.04527730257
4.487179487	0.07692307692	0.03369141912	0.04055895346	1.203836304	0.1135478942	0.1133082949
4.487179487	0.1282051282	0.08145312866	0.097325017	1.194859161	0.2745159295	0.2718938924
4.487179487	0.1794871795	0.1292148382	0.1540910805	1.192518465	0.4354839647	0.4304794899
4.487179487	0.2307692308	0.1769765477	0.2108571441	1.191441164	0.596452	0.5890650874
4.487179487	0.2820512821	0.2247382573	0.2676232076	1.190821762	0.7574200353	0.7476506849
4.487179487	0.3333333333	0.2724999668	0.3243892711	1.190419489	0.9183880706	0.9062362824
4.487179487	0.3846153846	0.3202616764	0.3811553347	1.1901372	1.079356106	1.06482188
4.487179487	0.4358974359	0.3680233859	0.4379213982	1.189928181	1.240324141	1.223407477
4.487179487	0.4871794872	0.4157850954	0.4946874617	1.189767183	1.401292176	1.381993075
4.487179487	0.5384615385	0.463546805	0.5514535253	1.189639362	1.562260212	1.540578672
4.487179487	0.5897435897	0.5113085145	0.6082195888	1.18953542	1.723228247	1.69916427
4.487179487	0.641025641	0.5590702241	0.6649856523	1.189449239	1.884196282	1.857749867
4.487179487	0.6923076923	0.6068319336	0.7217517159	1.189376623	2.045164318	2.016335465
4.487179487	0.7435897436	0.6545936431	0.7785177794	1.189314604	2.206132353	2.174921062
4.487179487	0.7948717949	0.7023553527	0.8352838429	1.18926102	2.367100388	2.33350666
4.487179487	0.8461538462	0.7501170622	0.8920499065	1.189214259	2.528068423	2.492092257
4.487179487	0.8974358974	0.7978787718	0.94881597	1.189173097	2.689036459	2.650677855
4.487179487	0.9487179487	0.8456404813	1.005582034	1.189136584	2.850004494	2.809263452
4.487179487	1	0.8934021908	1.062348097	1.189103976	3.010972529	2.96784905
5	-1	-1.007552097	-1.19753322	1.188557121	-3.395684179	-3.34551155
5	-0.9487179487	-0.9597903872	-1.140767156	1.188558639	-3.234716144	-3.186925952
5	-0.8974358974	-0.9120286777	-1.084001093	1.188560315	-3.073748109	-3.028340355
5	-0.8461538462	-0.8642669681	-1.027235029	1.188562177	-2.912780073	-2.869754757
5	-0.7948717949	-0.8165052586	-0.9704689657	1.188564257	-2.751812038	-2.71116916
5	-0.7435897436	-0.768743549	-0.9137029022	1.188566595	-2.590844003	-2.552583562
5	-0.6923076923	-0.7209818395	-0.8569368386	1.188569242	-2.429875967	-2.393997965
5	-0.641025641	-0.67322013	-0.8001707751	1.188572266	-2.268907932	-2.235412367
5	-0.5897435897	-0.6254584204	-0.7434047116	1.188575751	-2.107939897	-2.07682677
5	-0.5384615385	-0.5776967109	-0.686638648	1.188579812	-1.946971862	-1.918241172
5	-0.4871794872	-0.5299350013	-0.6298725845	1.188584605	-1.786003826	-1.759655575
5	-0.4358974359	-0.4821732918	-0.573106521	1.188590349	-1.625035791	-1.601069977
5	-0.3846153846	-0.4344115823	-0.5163404574	1.188597354	-1.464067756	-1.44248438
5	-0.3333333333	-0.3866498727	-0.4595743939	1.188606091	-1.30309972	-1.283898782
5	-0.2820512821	-0.3388881632	-0.4028083304	1.188617291	-1.142131685	-1.125313185
5	-0.2307692308	-0.2911264536	-0.3460422668	1.188632165	-0.9811636499	-0.9667275874
5	-0.1794871795	-0.2433647441	-0.2892762033	1.188652877	-0.8201956146	-0.8081419899
5	-0.1282051282	-0.1956030346	-0.2325101398	1.188683705	-0.6592275794	-0.6495563924
5	-0.07692307692	-0.147841325	-0.1757440762	1.18873445	-0.4982595441	-0.4909707949
5	-0.02564102564	-0.1000796155	-0.1189780127	1.188833631	-0.3372915088	-0.3323851974
5	0.02564102564	-0.05231790593	-0.06221194916	1.1891139	-0.1763234735	-0.1737995999
5	0.07692307692	-0.00455619639	-0.005445885621	1.195270167	-0.01535543824	-0.01521400237
5	0.1282051282	0.04320551315	0.05132017791	1.187815493	0.145612597	0.1433715951
5	0.1794871795	0.09096722269	0.1080862414	1.188188869	0.3065806323	0.3019571926
5	0.2307692308	0.1387289322	0.164852305	1.188305153	0.4675486676	0.4605427901
5	0.2820512821	0.1864906418	0.2216183685	1.188361874	0.6285167029	0.6191283876
5	0.3333333333	0.2342523513	0.278384432	1.188395465	0.7894847382	0.7777139851
5	0.3846153846	0.2820140609	0.3351504956	1.188417679	0.9504527734	0.9362995826
5	0.4358974359	0.3297757704	0.3919165591	1.188433458	1.111420809	1.09488518
5	0.4871794872	0.3775374799	0.4486826226	1.188445245	1.272388844	1.253470778
5	0.5384615385	0.4252991895	0.5054486862	1.188454384	1.433356879	1.412056375
5	0.5897435897	0.473060899	0.5622147497	1.188461678	1.594324915	1.570641973
5	0.641025641	0.5208226086	0.6189808132	1.188467634	1.75529295	1.72922757
5	0.6923076923	0.5685843181	0.6757468768	1.188472589	1.916260985	1.887813168
5	0.7435897436	0.6163460276	0.7325129403	1.188476777	2.07722902	2.046398765
5	0.7948717949	0.6641077372	0.7892790039	1.188480362	2.238197056	2.204984363
5	0.8461538462	0.7118694467	0.8460450674	1.188483466	2.399165091	2.36356996
5	0.8974358974	0.7596311563	0.9028111309	1.18848618	2.560133126	2.522155558
5	0.9487179487	0.8073928658	0.9595771945	1.188488572	2.721101162	2.680741155
5	1	0.8551545753	1.016343258	1.188490698	2.882069197	2.839326753
