# VHH-NNLO SMEFT grid scan points
# process: WminusHH
# energy_tev: 13.6
# scan_axes: phi,phiW
# windows: phi=[-15,5]; phiW=[-1,1]
# n_points_per_axis: 40
# n_points_total: 1600
# fixed_wcs: phi=0,phiBox=0,phiD=0,phiW=0,phiq3st=0
#
phi	phiW	sigma_lo	sigma_nnlo	k	sigma_smeft_over_sm_lo	sigma_smeft_over_sm_nnlo
-15	-1	0.2925114467	0.3411405447	1.166246821	1.829420689	1.822966401
-15	-0.9487179487	0.3172276848	0.3699820271	1.16629804	1.984000613	1.977087786
-15	-0.8974358974	0.341943923	0.3988235095	1.166341855	2.138580538	2.131209172
-15	-0.8461538462	0.3666601611	0.427664992	1.166379763	2.293160463	2.285330558
-15	-0.7948717949	0.3913763993	0.4565064744	1.166412884	2.447740388	2.439451943
-15	-0.7435897436	0.4160926374	0.4853479568	1.166442069	2.602320312	2.593573329
-15	-0.6923076923	0.4408088755	0.5141894393	1.166467982	2.756900237	2.747694714
-15	-0.641025641	0.4655251137	0.5430309217	1.166491142	2.911480162	2.9018161
-15	-0.5897435897	0.4902413518	0.5718724042	1.166511968	3.066060087	3.055937486
-15	-0.5384615385	0.51495759	0.6007138866	1.166530795	3.220640011	3.210058871
-15	-0.4871794872	0.5396738281	0.629555369	1.166547897	3.375219936	3.364180257
-15	-0.4358974359	0.5643900663	0.6583968515	1.166563501	3.529799861	3.518301642
-15	-0.3846153846	0.5891063044	0.6872383339	1.166577795	3.684379785	3.672423028
-15	-0.3333333333	0.6138225425	0.7160798163	1.166590939	3.83895971	3.826544414
-15	-0.2820512821	0.6385387807	0.7449212988	1.166603065	3.993539635	3.980665799
-15	-0.2307692308	0.6632550188	0.7737627812	1.166614287	4.14811956	4.134787185
-15	-0.1794871795	0.687971257	0.8026042636	1.166624703	4.302699484	4.28890857
-15	-0.1282051282	0.7126874951	0.8314457461	1.166634397	4.457279409	4.443029956
-15	-0.07692307692	0.7374037333	0.8602872285	1.166643441	4.611859334	4.597151342
-15	-0.02564102564	0.7621199714	0.8891287109	1.166651898	4.766439259	4.751272727
-15	0.02564102564	0.7868362096	0.9179701934	1.166659824	4.921019183	4.905394113
-15	0.07692307692	0.8115524477	0.9468116758	1.166667267	5.075599108	5.059515498
-15	0.1282051282	0.8362686858	0.9756531582	1.16667427	5.230179033	5.213636884
-15	0.1794871795	0.860984924	1.004494641	1.166680871	5.384758957	5.367758269
-15	0.2307692308	0.8857011621	1.033336123	1.166687103	5.539338882	5.521879655
-15	0.2820512821	0.9104174003	1.062177606	1.166692997	5.693918807	5.676001041
-15	0.3333333333	0.9351336384	1.091019088	1.16669858	5.848498732	5.830122426
-15	0.3846153846	0.9598498766	1.11986057	1.166703875	6.003078656	5.984243812
-15	0.4358974359	0.9845661147	1.148702053	1.166708904	6.157658581	6.138365197
-15	0.4871794872	1.009282353	1.177543535	1.166713687	6.312238506	6.292486583
-15	0.5384615385	1.033998591	1.206385018	1.166718241	6.466818431	6.446607969
-15	0.5897435897	1.058714829	1.2352265	1.166722583	6.621398355	6.600729354
-15	0.641025641	1.083431067	1.264067983	1.166726727	6.77597828	6.75485074
-15	0.6923076923	1.108147305	1.292909465	1.166730685	6.930558205	6.908972125
-15	0.7435897436	1.132863544	1.321750947	1.166734471	7.085138129	7.063093511
-15	0.7948717949	1.157579782	1.35059243	1.166738095	7.239718054	7.217214897
-15	0.8461538462	1.18229602	1.379433912	1.166741568	7.394297979	7.371336282
-15	0.8974358974	1.207012258	1.408275395	1.166744899	7.548877904	7.525457668
-15	0.9487179487	1.231728496	1.437116877	1.166748096	7.703457828	7.679579053
-15	1	1.256444734	1.46595836	1.166751167	7.858037753	7.833700439
-14.48717949	-1	0.2714999884	0.3166477378	1.16629006	1.698011143	1.692083207
-14.48717949	-0.9487179487	0.2962162266	0.3454892202	1.166341305	1.852591067	1.846204593
-14.48717949	-0.8974358974	0.3209324647	0.3743307026	1.166384657	2.007170992	2.000325978
-14.48717949	-0.8461538462	0.3456487029	0.4031721851	1.166421808	2.161750917	2.154447364
-14.48717949	-0.7948717949	0.370364941	0.4320136675	1.166454002	2.316330842	2.308568749
-14.48717949	-0.7435897436	0.3950811792	0.4608551499	1.166482167	2.470910766	2.462690135
-14.48717949	-0.6923076923	0.4197974173	0.4896966324	1.166507016	2.625490691	2.616811521
-14.48717949	-0.641025641	0.4445136554	0.5185381148	1.166529101	2.780070616	2.770932906
-14.48717949	-0.5897435897	0.4692298936	0.5473795973	1.16654886	2.934650541	2.925054292
-14.48717949	-0.5384615385	0.4939461317	0.5762210797	1.166566641	3.089230465	3.079175677
-14.48717949	-0.4871794872	0.5186623699	0.6050625621	1.166582728	3.24381039	3.233297063
-14.48717949	-0.4358974359	0.543378608	0.6339040446	1.166597351	3.398390315	3.387418449
-14.48717949	-0.3846153846	0.5680948462	0.662745527	1.166610701	3.552970239	3.541539834
-14.48717949	-0.3333333333	0.5928110843	0.6915870094	1.166622939	3.707550164	3.69566122
-14.48717949	-0.2820512821	0.6175273224	0.7204284919	1.166634197	3.862130089	3.849782605
-14.48717949	-0.2307692308	0.6422435606	0.7492699743	1.166644588	4.016710014	4.003903991
-14.48717949	-0.1794871795	0.6669597987	0.7781114567	1.166654209	4.171289938	4.158025376
-14.48717949	-0.1282051282	0.6916760369	0.8069529392	1.166663143	4.325869863	4.312146762
-14.48717949	-0.07692307692	0.716392275	0.8357944216	1.16667146	4.480449788	4.466268148
-14.48717949	-0.02564102564	0.7411085132	0.864635904	1.166679223	4.635029713	4.620389533
-14.48717949	0.02564102564	0.7658247513	0.8934773865	1.166686484	4.789609637	4.774510919
-14.48717949	0.07692307692	0.7905409895	0.9223188689	1.166693291	4.944189562	4.928632304
-14.48717949	0.1282051282	0.8152572276	0.9511603513	1.166699686	5.098769487	5.08275369
-14.48717949	0.1794871795	0.8399734657	0.9800018338	1.166705704	5.253349411	5.236875076
-14.48717949	0.2307692308	0.8646897039	1.008843316	1.166711378	5.407929336	5.390996461
-14.48717949	0.2820512821	0.889405942	1.037684799	1.166716737	5.562509261	5.545117847
-14.48717949	0.3333333333	0.9141221802	1.066526281	1.166721806	5.717089186	5.699239232
-14.48717949	0.3846153846	0.9388384183	1.095367764	1.166726608	5.87166911	5.853360618
-14.48717949	0.4358974359	0.9635546565	1.124209246	1.166731164	6.026249035	6.007482004
-14.48717949	0.4871794872	0.9882708946	1.153050728	1.166735492	6.18082896	6.161603389
-14.48717949	0.5384615385	1.012987133	1.181892211	1.166739609	6.335408885	6.315724775
-14.48717949	0.5897435897	1.037703371	1.210733693	1.166743529	6.489988809	6.46984616
-14.48717949	0.641025641	1.062419609	1.239575176	1.166747267	6.644568734	6.623967546
-14.48717949	0.6923076923	1.087135847	1.268416658	1.166750836	6.799148659	6.778088932
-14.48717949	0.7435897436	1.111852085	1.297258141	1.166754245	6.953728583	6.932210317
-14.48717949	0.7948717949	1.136568323	1.326099623	1.166757506	7.108308508	7.086331703
-14.48717949	0.8461538462	1.161284562	1.354941105	1.166760629	7.262888433	7.240453088
-14.48717949	0.8974358974	1.1860008	1.383782588	1.166763621	7.417468358	7.394574474
-14.48717949	0.9487179487	1.210717038	1.41262407	1.166766491	7.572048282	7.54869586
-14.48717949	1	1.235433276	1.441465553	1.166769247	7.726628207	7.702817245
-13.97435897	-1	0.2504885302	0.2921549309	1.166340553	1.566601597	1.561200013
-13.97435897	-0.9487179487	0.2752047683	0.3209964133	1.166391176	1.721181521	1.715321399
-13.97435897	-0.8974358974	0.2999210065	0.3498378957	1.166433455	1.875761446	1.869442784
-13.97435897	-0.8461538462	0.3246372446	0.3786793782	1.166469296	2.030341371	2.02356417
-13.97435897	-0.7948717949	0.3493534828	0.4075208606	1.166500066	2.184921296	2.177685555
-13.97435897	-0.7435897436	0.3740697209	0.4363623431	1.166526769	2.33950122	2.331806941
-13.97435897	-0.6923076923	0.3987859591	0.4652038255	1.166550163	2.494081145	2.485928327
-13.97435897	-0.641025641	0.4235021972	0.4940453079	1.166570826	2.64866107	2.640049712
-13.97435897	-0.5897435897	0.4482184353	0.5228867904	1.16658921	2.803240995	2.794171098
-13.97435897	-0.5384615385	0.4729346735	0.5517282728	1.166605672	2.957820919	2.948292483
-13.97435897	-0.4871794872	0.4976509116	0.5805697552	1.1666205	3.112400844	3.102413869
-13.97435897	-0.4358974359	0.5223671498	0.6094112377	1.166633924	3.266980769	3.256535255
-13.97435897	-0.3846153846	0.5470833879	0.6382527201	1.166646135	3.421560693	3.41065664
-13.97435897	-0.3333333333	0.5717996261	0.6670942025	1.166657291	3.576140618	3.564778026
-13.97435897	-0.2820512821	0.5965158642	0.695935685	1.166667522	3.730720543	3.718899411
-13.97435897	-0.2307692308	0.6212321023	0.7247771674	1.166676939	3.885300468	3.873020797
-13.97435897	-0.1794871795	0.6459483405	0.7536186498	1.166685635	4.039880392	4.027142183
-13.97435897	-0.1282051282	0.6706645786	0.7824601323	1.16669369	4.194460317	4.181263568
-13.97435897	-0.07692307692	0.6953808168	0.8113016147	1.166701173	4.349040242	4.335384954
-13.97435897	-0.02564102564	0.7200970549	0.8401430971	1.166708142	4.503620167	4.489506339
-13.97435897	0.02564102564	0.7448132931	0.8689845796	1.166714649	4.658200091	4.643627725
-13.97435897	0.07692307692	0.7695295312	0.897826062	1.166720737	4.812780016	4.797749111
-13.97435897	0.1282051282	0.7942457694	0.9266675444	1.166726447	4.967359941	4.951870496
-13.97435897	0.1794871795	0.8189620075	0.9555090269	1.166731812	5.121939865	5.105991882
-13.97435897	0.2307692308	0.8436782456	0.9843505093	1.166736863	5.27651979	5.260113267
-13.97435897	0.2820512821	0.8683944838	1.013191992	1.166741626	5.431099715	5.414234653
-13.97435897	0.3333333333	0.8931107219	1.042033474	1.166746125	5.58567964	5.568356039
-13.97435897	0.3846153846	0.9178269601	1.070874957	1.166750382	5.740259564	5.722477424
-13.97435897	0.4358974359	0.9425431982	1.099716439	1.166754416	5.894839489	5.87659881
-13.97435897	0.4871794872	0.9672594364	1.128557921	1.166758244	6.049419414	6.030720195
-13.97435897	0.5384615385	0.9919756745	1.157399404	1.166761881	6.203999339	6.184841581
-13.97435897	0.5897435897	1.016691913	1.186240886	1.166765341	6.358579263	6.338962967
-13.97435897	0.641025641	1.041408151	1.215082369	1.166768637	6.513159188	6.493084352
-13.97435897	0.6923076923	1.066124389	1.243923851	1.16677178	6.667739113	6.647205738
-13.97435897	0.7435897436	1.090840627	1.272765334	1.166774781	6.822319037	6.801327123
-13.97435897	0.7948717949	1.115556865	1.301606816	1.166777649	6.976898962	6.955448509
-13.97435897	0.8461538462	1.140273103	1.330448299	1.166780392	7.131478887	7.109569895
-13.97435897	0.8974358974	1.164989342	1.359289781	1.166783019	7.286058812	7.26369128
-13.97435897	0.9487179487	1.18970558	1.388131263	1.166785537	7.440638736	7.417812666
-13.97435897	1	1.214421818	1.416972746	1.166787952	7.595218661	7.571934051
-13.46153846	-1	0.2294770719	0.267662124	1.166400293	1.435192051	1.430316819
-13.46153846	-0.9487179487	0.2541933101	0.2965036064	1.166449291	1.589771975	1.584438205
-13.46153846	-0.8974358974	0.2789095482	0.3253450888	1.166489605	1.7443519	1.73855959
-13.46153846	-0.8461538462	0.3036257864	0.3541865713	1.166523356	1.898931825	1.892680976
-13.46153846	-0.7948717949	0.3283420245	0.3830280537	1.166552025	2.05351175	2.046802362
-13.46153846	-0.7435897436	0.3530582627	0.4118695362	1.166576681	2.208091674	2.200923747
-13.46153846	-0.6923076923	0.3777745008	0.4407110186	1.16659811	2.362671599	2.355045133
-13.46153846	-0.641025641	0.402490739	0.469552501	1.166616907	2.517251524	2.509166518
-13.46153846	-0.5897435897	0.4272069771	0.4983939835	1.166633529	2.671831449	2.663287904
-13.46153846	-0.5384615385	0.4519232152	0.5272354659	1.166648333	2.826411373	2.81740929
-13.46153846	-0.4871794872	0.4766394534	0.5560769483	1.166661602	2.980991298	2.971530675
-13.46153846	-0.4358974359	0.5013556915	0.5849184308	1.166673563	3.135571223	3.125652061
-13.46153846	-0.3846153846	0.5260719297	0.6137599132	1.166684399	3.290151147	3.279773446
-13.46153846	-0.3333333333	0.5507881678	0.6426013956	1.166694263	3.444731072	3.433894832
-13.46153846	-0.2820512821	0.575504406	0.6714428781	1.16670328	3.599310997	3.588016218
-13.46153846	-0.2307692308	0.6002206441	0.7002843605	1.166711554	3.753890922	3.742137603
-13.46153846	-0.1794871795	0.6249368822	0.7291258429	1.166719174	3.908470846	3.896258989
-13.46153846	-0.1282051282	0.6496531204	0.7579673254	1.166726214	4.063050771	4.050380374
-13.46153846	-0.07692307692	0.6743693585	0.7868088078	1.166732738	4.217630696	4.20450176
-13.46153846	-0.02564102564	0.6990855967	0.8156502902	1.1667388	4.372210621	4.358623146
-13.46153846	0.02564102564	0.7238018348	0.8444917727	1.166744449	4.526790545	4.512744531
-13.46153846	0.07692307692	0.748518073	0.8733332551	1.166749724	4.68137047	4.666865917
-13.46153846	0.1282051282	0.7732343111	0.9021747375	1.166754662	4.835950395	4.820987302
-13.46153846	0.1794871795	0.7979505493	0.93101622	1.166759295	4.990530319	4.975108688
-13.46153846	0.2307692308	0.8226667874	0.9598577024	1.166763649	5.145110244	5.129230074
-13.46153846	0.2820512821	0.8473830255	0.9886991848	1.166767749	5.299690169	5.283351459
-13.46153846	0.3333333333	0.8720992637	1.017540667	1.166771616	5.454270094	5.437472845
-13.46153846	0.3846153846	0.8968155018	1.04638215	1.16677527	5.608850018	5.59159423
-13.46153846	0.4358974359	0.92153174	1.075223632	1.166778729	5.763429943	5.745715616
-13.46153846	0.4871794872	0.9462479781	1.104065115	1.166782007	5.918009868	5.899837002
-13.46153846	0.5384615385	0.9709642163	1.132906597	1.166785117	6.072589793	6.053958387
-13.46153846	0.5897435897	0.9956804544	1.161748079	1.166788074	6.227169717	6.208079773
-13.46153846	0.641025641	1.020396693	1.190589562	1.166790887	6.381749642	6.362201158
-13.46153846	0.6923076923	1.045112931	1.219431044	1.166793567	6.536329567	6.516322544
-13.46153846	0.7435897436	1.069829169	1.248272527	1.166796123	6.690909491	6.67044393
-13.46153846	0.7948717949	1.094545407	1.277114009	1.166798564	6.845489416	6.824565315
-13.46153846	0.8461538462	1.119261645	1.305955492	1.166800897	7.000069341	6.978686701
-13.46153846	0.8974358974	1.143977883	1.334796974	1.166803129	7.154649266	7.132808086
-13.46153846	0.9487179487	1.168694121	1.363638456	1.166805267	7.30922919	7.286929472
-13.46153846	1	1.19341036	1.392479939	1.166807316	7.463809115	7.441050857
-12.94871795	-1	0.2084656137	0.2431693171	1.166472075	1.303782505	1.299433625
-12.94871795	-0.9487179487	0.2331818518	0.2720107995	1.16651788	1.458362429	1.453555011
-12.94871795	-0.8974358974	0.25789809	0.300852282	1.166554905	1.612942354	1.607676397
-12.94871795	-0.8461538462	0.2826143281	0.3296937644	1.166585454	1.767522279	1.761797782
-12.94871795	-0.7948717949	0.3073305663	0.3585352468	1.16661109	1.922102204	1.915919168
-12.94871795	-0.7435897436	0.3320468044	0.3873767293	1.166632909	2.076682128	2.070040553
-12.94871795	-0.6923076923	0.3567630426	0.4162182117	1.166651704	2.231262053	2.224161939
-12.94871795	-0.641025641	0.3814792807	0.4450596941	1.166668065	2.385841978	2.378283325
-12.94871795	-0.5897435897	0.4061955189	0.4739011766	1.166682434	2.540421903	2.53240471
-12.94871795	-0.5384615385	0.430911757	0.502742659	1.166695155	2.695001827	2.686526096
-12.94871795	-0.4871794872	0.4556279951	0.5315841414	1.166706495	2.849581752	2.840647481
-12.94871795	-0.4358974359	0.4803442333	0.5604256239	1.166716669	3.004161677	2.994768867
-12.94871795	-0.3846153846	0.5050604714	0.5892671063	1.166725847	3.158741601	3.148890253
-12.94871795	-0.3333333333	0.5297767096	0.6181085887	1.166734169	3.313321526	3.303011638
-12.94871795	-0.2820512821	0.5544929477	0.6469500712	1.166741748	3.467901451	3.457133024
-12.94871795	-0.2307692308	0.5792091859	0.6757915536	1.166748681	3.622481376	3.611254409
-12.94871795	-0.1794871795	0.603925424	0.704633036	1.166755046	3.7770613	3.765375795
-12.94871795	-0.1282051282	0.6286416621	0.7334745185	1.166760911	3.931641225	3.919497181
-12.94871795	-0.07692307692	0.6533579003	0.7623160009	1.166766332	4.08622115	4.073618566
-12.94871795	-0.02564102564	0.6780741384	0.7911574833	1.166771358	4.240801075	4.227739952
-12.94871795	0.02564102564	0.7027903766	0.8199989658	1.16677603	4.395380999	4.381861337
-12.94871795	0.07692307692	0.7275066147	0.8488404482	1.166780385	4.549960924	4.535982723
-12.94871795	0.1282051282	0.7522228529	0.8776819306	1.166784454	4.704540849	4.690104109
-12.94871795	0.1794871795	0.776939091	0.9065234131	1.166788264	4.859120773	4.844225494
-12.94871795	0.2307692308	0.8016553292	0.9353648955	1.166791839	5.013700698	4.99834688
-12.94871795	0.2820512821	0.8263715673	0.9642063779	1.1667952	5.168280623	5.152468265
-12.94871795	0.3333333333	0.8510878054	0.9930478604	1.166798366	5.322860548	5.306589651
-12.94871795	0.3846153846	0.8758040436	1.021889343	1.166801353	5.477440472	5.460711036
-12.94871795	0.4358974359	0.9005202817	1.050730825	1.166804176	5.632020397	5.614832422
-12.94871795	0.4871794872	0.9252365199	1.079572308	1.166806848	5.786600322	5.768953808
-12.94871795	0.5384615385	0.949952758	1.10841379	1.166809382	5.941180246	5.923075193
-12.94871795	0.5897435897	0.9746689962	1.137255273	1.166811786	6.095760171	6.077196579
-12.94871795	0.641025641	0.9993852343	1.166096755	1.166814072	6.250340096	6.231317964
-12.94871795	0.6923076923	1.024101472	1.194938237	1.166816248	6.404920021	6.38543935
-12.94871795	0.7435897436	1.048817711	1.22377972	1.166818321	6.559499945	6.539560736
-12.94871795	0.7948717949	1.073533949	1.252621202	1.166820298	6.71407987	6.693682121
-12.94871795	0.8461538462	1.098250187	1.281462685	1.166822187	6.868659795	6.847803507
-12.94871795	0.8974358974	1.122966425	1.310304167	1.166823992	7.02323972	7.001924892
-12.94871795	0.9487179487	1.147682663	1.33914565	1.16682572	7.177819644	7.156046278
-12.94871795	1	1.172398901	1.367987132	1.166827375	7.332399569	7.310167664
-12.43589744	-1	0.1874541555	0.2186765102	1.16655995	1.172372959	1.168550432
-12.43589744	-0.9487179487	0.2121703936	0.2475179926	1.166600054	1.326952883	1.322671817
-12.43589744	-0.8974358974	0.2368866317	0.2763594751	1.166631789	1.481532808	1.476793203
-12.43589744	-0.8461538462	0.2616028699	0.3052009575	1.166657528	1.636112733	1.630914588
-12.43589744	-0.7948717949	0.286319108	0.3340424399	1.166678823	1.790692658	1.785035974
-12.43589744	-0.7435897436	0.3110353462	0.3628839224	1.166696733	1.945272582	1.93915736
-12.43589744	-0.6923076923	0.3357515843	0.3917254048	1.166712007	2.099852507	2.093278745
-12.43589744	-0.641025641	0.3604678225	0.4205668872	1.166725186	2.254432432	2.247400131
-12.43589744	-0.5897435897	0.3851840606	0.4494083697	1.166736674	2.409012356	2.401521516
-12.43589744	-0.5384615385	0.4099002988	0.4782498521	1.166746776	2.563592281	2.555642902
-12.43589744	-0.4871794872	0.4346165369	0.5070913345	1.166755729	2.718172206	2.709764288
-12.43589744	-0.4358974359	0.459332775	0.535932817	1.166763719	2.872752131	2.863885673
-12.43589744	-0.3846153846	0.4840490132	0.5647742994	1.166770893	3.027332055	3.018007059
-12.43589744	-0.3333333333	0.5087652513	0.5936157818	1.16677737	3.18191198	3.172128444
-12.43589744	-0.2820512821	0.5334814895	0.6224572643	1.166783247	3.336491905	3.32624983
-12.43589744	-0.2307692308	0.5581977276	0.6512987467	1.166788603	3.49107183	3.480371216
-12.43589744	-0.1794871795	0.5829139658	0.6801402291	1.166793505	3.645651754	3.634492601
-12.43589744	-0.1282051282	0.6076302039	0.7089817116	1.166798008	3.800231679	3.788613987
-12.43589744	-0.07692307692	0.632346442	0.737823194	1.166802159	3.954811604	3.942735372
-12.43589744	-0.02564102564	0.6570626802	0.7666646764	1.166805998	4.109391528	4.096856758
-12.43589744	0.02564102564	0.6817789183	0.7955061589	1.166809559	4.263971453	4.250978143
-12.43589744	0.07692307692	0.7064951565	0.8243476413	1.16681287	4.418551378	4.405099529
-12.43589744	0.1282051282	0.7312113946	0.8531891237	1.166815958	4.573131303	4.559220915
-12.43589744	0.1794871795	0.7559276328	0.8820306062	1.166818843	4.727711227	4.7133423
-12.43589744	0.2307692308	0.7806438709	0.9108720886	1.166821546	4.882291152	4.867463686
-12.43589744	0.2820512821	0.8053601091	0.939713571	1.166824083	5.036871077	5.021585071
-12.43589744	0.3333333333	0.8300763472	0.9685550535	1.166826469	5.191451002	5.175706457
-12.43589744	0.3846153846	0.8547925853	0.9973965359	1.166828717	5.346030926	5.329827843
-12.43589744	0.4358974359	0.8795088235	1.026238018	1.166830839	5.500610851	5.483949228
-12.43589744	0.4871794872	0.9042250616	1.055079501	1.166832845	5.655190776	5.638070614
-12.43589744	0.5384615385	0.9289412998	1.083920983	1.166834743	5.8097707	5.792191999
-12.43589744	0.5897435897	0.9536575379	1.112762466	1.166836544	5.964350625	5.946313385
-12.43589744	0.641025641	0.9783737761	1.141603948	1.166838253	6.11893055	6.100434771
-12.43589744	0.6923076923	1.003090014	1.170445431	1.166839879	6.273510475	6.254556156
-12.43589744	0.7435897436	1.027806252	1.199286913	1.166841426	6.428090399	6.408677542
-12.43589744	0.7948717949	1.05252249	1.228128395	1.1668429	6.582670324	6.562798927
-12.43589744	0.8461538462	1.077238729	1.256969878	1.166844307	6.737250249	6.716920313
-12.43589744	0.8974358974	1.101954967	1.28581136	1.166845651	6.891830174	6.871041699
-12.43589744	0.9487179487	1.126671205	1.314652843	1.166846935	7.046410098	7.025163084
-12.43589744	1	1.151387443	1.343494325	1.166848165	7.200990023	7.17928447
-11.92307692	-1	0.1664426972	0.1941837033	1.16667001	1.040963413	1.037667238
-11.92307692	-0.9487179487	0.1911589354	0.2230251857	1.166700292	1.195543337	1.191788623
-11.92307692	-0.8974358974	0.2158751735	0.2518666682	1.16672364	1.350123262	1.345910009
-11.92307692	-0.8461538462	0.2405914116	0.2807081506	1.16674219	1.504703187	1.500031395
-11.92307692	-0.7948717949	0.2653076498	0.309549633	1.166757284	1.659283112	1.65415278
-11.92307692	-0.7435897436	0.2900238879	0.3383911155	1.166769806	1.813863036	1.808274166
-11.92307692	-0.6923076923	0.3147401261	0.3672325979	1.166780361	1.968442961	1.962395551
-11.92307692	-0.641025641	0.3394563642	0.3960740803	1.166789379	2.123022886	2.116516937
-11.92307692	-0.5897435897	0.3641726024	0.4249155628	1.166797173	2.27760281	2.270638323
-11.92307692	-0.5384615385	0.3888888405	0.4537570452	1.166803976	2.432182735	2.424759708
-11.92307692	-0.4871794872	0.4136050787	0.4825985276	1.166809966	2.58676266	2.578881094
-11.92307692	-0.4358974359	0.4383213168	0.5114400101	1.16681528	2.741342585	2.733002479
-11.92307692	-0.3846153846	0.4630375549	0.5402814925	1.166820027	2.895922509	2.887123865
-11.92307692	-0.3333333333	0.4877537931	0.5691229749	1.166824293	3.050502434	3.04124525
-11.92307692	-0.2820512821	0.5124700312	0.5979644574	1.166828148	3.205082359	3.195366636
-11.92307692	-0.2307692308	0.5371862694	0.6268059398	1.166831648	3.359662284	3.349488022
-11.92307692	-0.1794871795	0.5619025075	0.6556474222	1.16683484	3.514242208	3.503609407
-11.92307692	-0.1282051282	0.5866187457	0.6844889047	1.166837763	3.668822133	3.657730793
-11.92307692	-0.07692307692	0.6113349838	0.7133303871	1.166840449	3.823402058	3.811852178
-11.92307692	-0.02564102564	0.6360512219	0.7421718695	1.166842927	3.977981982	3.965973564
-11.92307692	0.02564102564	0.6607674601	0.771013352	1.166845219	4.132561907	4.12009495
-11.92307692	0.07692307692	0.6854836982	0.7998548344	1.166847347	4.287141832	4.274216335
-11.92307692	0.1282051282	0.7101999364	0.8286963168	1.166849326	4.441721757	4.428337721
-11.92307692	0.1794871795	0.7349161745	0.8575377993	1.166851172	4.596301681	4.582459106
-11.92307692	0.2307692308	0.7596324127	0.8863792817	1.166852897	4.750881606	4.736580492
-11.92307692	0.2820512821	0.7843486508	0.9152207642	1.166854515	4.905461531	4.890701878
-11.92307692	0.3333333333	0.809064889	0.9440622466	1.166856033	5.060041456	5.044823263
-11.92307692	0.3846153846	0.8337811271	0.972903729	1.166857461	5.21462138	5.198944649
-11.92307692	0.4358974359	0.8584973652	1.001745211	1.166858807	5.369201305	5.353066034
-11.92307692	0.4871794872	0.8832136034	1.030586694	1.166860078	5.52378123	5.50718742
-11.92307692	0.5384615385	0.9079298415	1.059428176	1.166861279	5.678361154	5.661308806
-11.92307692	0.5897435897	0.9326460797	1.088269659	1.166862417	5.832941079	5.815430191
-11.92307692	0.641025641	0.9573623178	1.117111141	1.166863496	5.987521004	5.969551577
-11.92307692	0.6923076923	0.982078556	1.145952624	1.166864521	6.142100929	6.123672962
-11.92307692	0.7435897436	1.006794794	1.174794106	1.166865495	6.296680853	6.277794348
-11.92307692	0.7948717949	1.031511032	1.203635588	1.166866423	6.451260778	6.431915734
-11.92307692	0.8461538462	1.05622727	1.232477071	1.166867307	6.605840703	6.586037119
-11.92307692	0.8974358974	1.080943509	1.261318553	1.166868151	6.760420628	6.740158505
-11.92307692	0.9487179487	1.105659747	1.290160036	1.166868957	6.915000552	6.89427989
-11.92307692	1	1.130375985	1.319001518	1.166869728	7.069580477	7.048401276
-11.41025641	-1	0.145431239	0.1696908964	1.166811873	0.9095538667	0.9067840439
-11.41025641	-0.9487179487	0.1701474771	0.1985323788	1.166825287	1.064133791	1.060905429
-11.41025641	-0.8974358974	0.1948637153	0.2273738613	1.166835298	1.218713716	1.215026815
-11.41025641	-0.8461538462	0.2195799534	0.2562153437	1.166843055	1.373293641	1.369148201
-11.41025641	-0.7948717949	0.2442961915	0.2850568261	1.166849243	1.527873566	1.523269586
-11.41025641	-0.7435897436	0.2690124297	0.3138983086	1.166854293	1.68245349	1.677390972
-11.41025641	-0.6923076923	0.2937286678	0.342739791	1.166858494	1.837033415	1.831512357
-11.41025641	-0.641025641	0.318444906	0.3715812734	1.166862043	1.99161334	1.985633743
-11.41025641	-0.5897435897	0.3431611441	0.4004227559	1.16686508	2.146193264	2.139755129
-11.41025641	-0.5384615385	0.3678773823	0.4292642383	1.166867709	2.300773189	2.293876514
-11.41025641	-0.4871794872	0.3925936204	0.4581057207	1.166870007	2.455353114	2.4479979
-11.41025641	-0.4358974359	0.4173098586	0.4869472032	1.166872033	2.609933039	2.602119285
-11.41025641	-0.3846153846	0.4420260967	0.5157886856	1.166873833	2.764512963	2.756240671
-11.41025641	-0.3333333333	0.4667423348	0.544630168	1.166875442	2.919092888	2.910362057
-11.41025641	-0.2820512821	0.491458573	0.5734716505	1.166876889	3.073672813	3.064483442
-11.41025641	-0.2307692308	0.5161748111	0.6023131329	1.166878197	3.228252738	3.218604828
-11.41025641	-0.1794871795	0.5408910493	0.6311546153	1.166879386	3.382832662	3.372726213
-11.41025641	-0.1282051282	0.5656072874	0.6599960978	1.166880471	3.537412587	3.526847599
-11.41025641	-0.07692307692	0.5903235256	0.6888375802	1.166881465	3.691992512	3.680968985
-11.41025641	-0.02564102564	0.6150397637	0.7176790626	1.166882379	3.846572436	3.83509037
-11.41025641	0.02564102564	0.6397560018	0.7465205451	1.166883223	4.001152361	3.989211756
-11.41025641	0.07692307692	0.66447224	0.7753620275	1.166884003	4.155732286	4.143333141
-11.41025641	0.1282051282	0.6891884781	0.8042035099	1.166884728	4.310312211	4.297454527
-11.41025641	0.1794871795	0.7139047163	0.8330449924	1.166885403	4.464892135	4.451575913
-11.41025641	0.2307692308	0.7386209544	0.8618864748	1.166886032	4.61947206	4.605697298
-11.41025641	0.2820512821	0.7633371926	0.8907279573	1.166886621	4.774051985	4.759818684
-11.41025641	0.3333333333	0.7880534307	0.9195694397	1.166887173	4.92863191	4.913940069
-11.41025641	0.3846153846	0.8127696689	0.9484109221	1.166887691	5.083211834	5.068061455
-11.41025641	0.4358974359	0.837485907	0.9772524046	1.166888179	5.237791759	5.222182841
-11.41025641	0.4871794872	0.8622021451	1.006093887	1.166888638	5.392371684	5.376304226
-11.41025641	0.5384615385	0.8869183833	1.034935369	1.166889072	5.546951608	5.530425612
-11.41025641	0.5897435897	0.9116346214	1.063776852	1.166889483	5.701531533	5.684546997
-11.41025641	0.641025641	0.9363508596	1.092618334	1.166889872	5.856111458	5.838668383
-11.41025641	0.6923076923	0.9610670977	1.121459817	1.16689024	6.010691383	5.992789769
-11.41025641	0.7435897436	0.9857833359	1.150301299	1.166890591	6.165271307	6.146911154
-11.41025641	0.7948717949	1.010499574	1.179142782	1.166890924	6.319851232	6.30103254
-11.41025641	0.8461538462	1.035215812	1.207984264	1.166891241	6.474431157	6.455153925
-11.41025641	0.8974358974	1.05993205	1.236825746	1.166891544	6.629011082	6.609275311
-11.41025641	0.9487179487	1.084648288	1.265667229	1.166891832	6.783591006	6.763396697
-11.41025641	1	1.109364527	1.294508711	1.166892108	6.938170931	6.917518082
-10.8974359	-1	0.1244197807	0.1451980895	1.167001651	0.7781443206	0.7759008501
-10.8974359	-0.9487179487	0.1491360189	0.1740395719	1.166985503	0.9327242454	0.9300222357
-10.8974359	-0.8974358974	0.173852257	0.2028810544	1.166973946	1.08730417	1.084143621
-10.8974359	-0.8461538462	0.1985684952	0.2317225368	1.166965266	1.241884095	1.238265007
-10.8974359	-0.7948717949	0.2232847333	0.2605640192	1.166958508	1.39646402	1.392386392
-10.8974359	-0.7435897436	0.2480009714	0.2894055017	1.166953097	1.551043944	1.546507778
-10.8974359	-0.6923076923	0.2727172096	0.3182469841	1.166948667	1.705623869	1.700629164
-10.8974359	-0.641025641	0.2974334477	0.3470884665	1.166944973	1.860203794	1.854750549
-10.8974359	-0.5897435897	0.3221496859	0.375929949	1.166941846	2.014783718	2.008871935
-10.8974359	-0.5384615385	0.346865924	0.4047714314	1.166939164	2.169363643	2.16299332
-10.8974359	-0.4871794872	0.3715821622	0.4336129138	1.166936839	2.323943568	2.317114706
-10.8974359	-0.4358974359	0.3962984003	0.4624543963	1.166934804	2.478523493	2.471236092
-10.8974359	-0.3846153846	0.4210146385	0.4912958787	1.166933009	2.633103417	2.625357477
-10.8974359	-0.3333333333	0.4457308766	0.5201373611	1.166931412	2.787683342	2.779478863
-10.8974359	-0.2820512821	0.4704471147	0.5489788436	1.166929983	2.942263267	2.933600248
-10.8974359	-0.2307692308	0.4951633529	0.577820326	1.166928697	3.096843192	3.087721634
-10.8974359	-0.1794871795	0.519879591	0.6066618084	1.166927533	3.251423116	3.24184302
-10.8974359	-0.1282051282	0.5445958292	0.6355032909	1.166926474	3.406003041	3.395964405
-10.8974359	-0.07692307692	0.5693120673	0.6643447733	1.166925508	3.560582966	3.550085791
-10.8974359	-0.02564102564	0.5940283055	0.6931862557	1.166924622	3.71516289	3.704207176
-10.8974359	0.02564102564	0.6187445436	0.7220277382	1.166923807	3.869742815	3.858328562
-10.8974359	0.07692307692	0.6434607817	0.7508692206	1.166923054	4.02432274	4.012449948
-10.8974359	0.1282051282	0.6681770199	0.7797107031	1.166922357	4.178902665	4.166571333
-10.8974359	0.1794871795	0.692893258	0.8085521855	1.16692171	4.333482589	4.320692719
-10.8974359	0.2307692308	0.7176094962	0.8373936679	1.166921107	4.488062514	4.474814104
-10.8974359	0.2820512821	0.7423257343	0.8662351504	1.166920545	4.642642439	4.62893549
-10.8974359	0.3333333333	0.7670419725	0.8950766328	1.166920019	4.797222364	4.783056876
-10.8974359	0.3846153846	0.7917582106	0.9239181152	1.166919525	4.951802288	4.937178261
-10.8974359	0.4358974359	0.8164744488	0.9527595977	1.166919062	5.106382213	5.091299647
-10.8974359	0.4871794872	0.8411906869	0.9816010801	1.166918625	5.260962138	5.245421032
-10.8974359	0.5384615385	0.865906925	1.010442563	1.166918214	5.415542062	5.399542418
-10.8974359	0.5897435897	0.8906231632	1.039284045	1.166917826	5.570121987	5.553663804
-10.8974359	0.641025641	0.9153394013	1.068125527	1.166917458	5.724701912	5.707785189
-10.8974359	0.6923076923	0.9400556395	1.09696701	1.16691711	5.879281837	5.861906575
-10.8974359	0.7435897436	0.9647718776	1.125808492	1.166916779	6.033861761	6.01602796
-10.8974359	0.7948717949	0.9894881158	1.154649975	1.166916466	6.188441686	6.170149346
-10.8974359	0.8461538462	1.014204354	1.183491457	1.166916167	6.343021611	6.324270731
-10.8974359	0.8974358974	1.038920592	1.21233294	1.166915883	6.497601536	6.478392117
-10.8974359	0.9487179487	1.06363683	1.241174422	1.166915611	6.65218146	6.632513503
-10.8974359	1	1.088353068	1.270015904	1.166915353	6.806761385	6.786634888
-10.38461538	-1	0.1034083225	0.1207052826	1.16726855	0.6467347746	0.6450176562
-10.38461538	-0.9487179487	0.1281245606	0.149546765	1.167198266	0.8013146994	0.7991390418
-10.38461538	-0.8974358974	0.1528407988	0.1783882475	1.167150714	0.9558946241	0.9532604274
-10.38461538	-0.8461538462	0.1775570369	0.2072297299	1.167116401	1.110474549	1.107381813
-10.38461538	-0.7948717949	0.2022732751	0.2360712123	1.167090473	1.265054474	1.261503199
-10.38461538	-0.7435897436	0.2269895132	0.2649126948	1.167070192	1.419634398	1.415624584
-10.38461538	-0.6923076923	0.2517057513	0.2937541772	1.167053894	1.574214323	1.56974597
-10.38461538	-0.641025641	0.2764219895	0.3225956596	1.16704051	1.728794248	1.723867355
-10.38461538	-0.5897435897	0.3011382276	0.3514371421	1.167029323	1.883374172	1.877988741
-10.38461538	-0.5384615385	0.3258544658	0.3802786245	1.167019834	2.037954097	2.032110127
-10.38461538	-0.4871794872	0.3505707039	0.4091201069	1.167011682	2.192534022	2.186231512
-10.38461538	-0.4358974359	0.3752869421	0.4379615894	1.167004604	2.347113947	2.340352898
-10.38461538	-0.3846153846	0.4000031802	0.4668030718	1.166998401	2.501693871	2.494474283
-10.38461538	-0.3333333333	0.4247194184	0.4956445542	1.16699292	2.656273796	2.648595669
-10.38461538	-0.2820512821	0.4494356565	0.5244860367	1.166988042	2.810853721	2.802717055
-10.38461538	-0.2307692308	0.4741518946	0.5533275191	1.166983672	2.965433646	2.95683844
-10.38461538	-0.1794871795	0.4988681328	0.5821690015	1.166979735	3.12001357	3.110959826
-10.38461538	-0.1282051282	0.5235843709	0.611010484	1.16697617	3.274593495	3.265081211
-10.38461538	-0.07692307692	0.5483006091	0.6398519664	1.166972927	3.42917342	3.419202597
-10.38461538	-0.02564102564	0.5730168472	0.6686934489	1.166969963	3.583753344	3.573323983
-10.38461538	0.02564102564	0.5977330854	0.6975349313	1.166967244	3.738333269	3.727445368
-10.38461538	0.07692307692	0.6224493235	0.7263764137	1.166964741	3.892913194	3.881566754
-10.38461538	0.1282051282	0.6471655616	0.7552178962	1.16696243	4.047493119	4.035688139
-10.38461538	0.1794871795	0.6718817998	0.7840593786	1.166960288	4.202073043	4.189809525
-10.38461538	0.2307692308	0.6965980379	0.812900861	1.166958298	4.356652968	4.34393091
-10.38461538	0.2820512821	0.7213142761	0.8417423435	1.166956445	4.511232893	4.498052296
-10.38461538	0.3333333333	0.7460305142	0.8705838259	1.166954715	4.665812818	4.652173682
-10.38461538	0.3846153846	0.7707467524	0.8994253083	1.166953095	4.820392742	4.806295067
-10.38461538	0.4358974359	0.7954629905	0.9282667908	1.166951576	4.974972667	4.960416453
-10.38461538	0.4871794872	0.8201792287	0.9571082732	1.166950149	5.129552592	5.114537838
-10.38461538	0.5384615385	0.8448954668	0.9859497556	1.166948805	5.284132516	5.268659224
-10.38461538	0.5897435897	0.8696117049	1.014791238	1.166947538	5.438712441	5.42278061
-10.38461538	0.641025641	0.8943279431	1.04363272	1.166946341	5.593292366	5.576901995
-10.38461538	0.6923076923	0.9190441812	1.072474203	1.166945208	5.747872291	5.731023381
-10.38461538	0.7435897436	0.9437604194	1.101315685	1.166944134	5.902452215	5.885144766
-10.38461538	0.7948717949	0.9684766575	1.130157168	1.166943115	6.05703214	6.039266152
-10.38461538	0.8461538462	0.9931928957	1.15899865	1.166942147	6.211612065	6.193387538
-10.38461538	0.8974358974	1.017909134	1.187840133	1.166941226	6.36619199	6.347508923
-10.38461538	0.9487179487	1.042625372	1.216681615	1.166940349	6.520771914	6.501630309
-10.38461538	1	1.06734161	1.245523098	1.166939512	6.675351839	6.655751694
-9.871794872	-1	0.08239686424	0.0962124757	1.167671568	0.5153252286	0.5141344624
-9.871794872	-0.9487179487	0.1071131024	0.1250539581	1.167494502	0.6699051533	0.668255848
-9.871794872	-0.8974358974	0.1318293405	0.1538954406	1.167383831	0.8244850781	0.8223772336
-9.871794872	-0.8461538462	0.1565455787	0.182736923	1.167308106	0.9790650028	0.9764986192
-9.871794872	-0.7948717949	0.1812618168	0.2115784054	1.167253033	1.133644928	1.130620005
-9.871794872	-0.7435897436	0.205978055	0.2404198879	1.167211177	1.288224852	1.28474139
-9.871794872	-0.6923076923	0.2306942931	0.2692613703	1.167178289	1.442804777	1.438862776
-9.871794872	-0.641025641	0.2554105312	0.2981028527	1.167151767	1.597384702	1.592984162
-9.871794872	-0.5897435897	0.2801267694	0.3269443352	1.167129924	1.751964626	1.747105547
-9.871794872	-0.5384615385	0.3048430075	0.3557858176	1.167111624	1.906544551	1.901226933
-9.871794872	-0.4871794872	0.3295592457	0.3846273	1.167096069	2.061124476	2.055348318
-9.871794872	-0.4358974359	0.3542754838	0.4134687825	1.167082684	2.215704401	2.209469704
-9.871794872	-0.3846153846	0.378991722	0.4423102649	1.167071045	2.370284325	2.36359109
-9.871794872	-0.3333333333	0.4037079601	0.4711517473	1.167060831	2.52486425	2.517712475
-9.871794872	-0.2820512821	0.4284241983	0.4999932298	1.167051795	2.679444175	2.671833861
-9.871794872	-0.2307692308	0.4531404364	0.5288347122	1.167043746	2.8340241	2.825955246
-9.871794872	-0.1794871795	0.4778566745	0.5576761946	1.167036529	2.988604024	2.980076632
-9.871794872	-0.1282051282	0.5025729127	0.5865176771	1.167030021	3.143183949	3.134198017
-9.871794872	-0.07692307692	0.5272891508	0.6153591595	1.167024124	3.297763874	3.288319403
-9.871794872	-0.02564102564	0.552005389	0.644200642	1.167018755	3.452343798	3.442440789
-9.871794872	0.02564102564	0.5767216271	0.6730421244	1.167013846	3.606923723	3.596562174
-9.871794872	0.07692307692	0.6014378653	0.7018836068	1.167009341	3.761503648	3.75068356
-9.871794872	0.1282051282	0.6261541034	0.7307250893	1.167005191	3.916083573	3.904804945
-9.871794872	0.1794871795	0.6508703415	0.7595665717	1.167001357	4.070663497	4.058926331
-9.871794872	0.2307692308	0.6755865797	0.7884080541	1.166997803	4.225243422	4.213047717
-9.871794872	0.2820512821	0.7003028178	0.8172495366	1.1669945	4.379823347	4.367169102
-9.871794872	0.3333333333	0.725019056	0.846091019	1.166991422	4.534403271	4.521290488
-9.871794872	0.3846153846	0.7497352941	0.8749325014	1.166988547	4.688983196	4.675411873
-9.871794872	0.4358974359	0.7744515323	0.9037739839	1.166985855	4.843563121	4.829533259
-9.871794872	0.4871794872	0.7991677704	0.9326154663	1.16698333	4.998143046	4.983654645
-9.871794872	0.5384615385	0.8238840086	0.9614569487	1.166980957	5.15272297	5.13777603
-9.871794872	0.5897435897	0.8486002467	0.9902984312	1.166978722	5.307302895	5.291897416
-9.871794872	0.641025641	0.8733164848	1.019139914	1.166976613	5.46188282	5.446018801
-9.871794872	0.6923076923	0.898032723	1.047981396	1.16697462	5.616462745	5.600140187
-9.871794872	0.7435897436	0.9227489611	1.076822878	1.166972735	5.771042669	5.754261573
-9.871794872	0.7948717949	0.9474651993	1.105664361	1.166970947	5.925622594	5.908382958
-9.871794872	0.8461538462	0.9721814374	1.134505843	1.16696925	6.080202519	6.062504344
-9.871794872	0.8974358974	0.9968976756	1.163347326	1.166967638	6.234782443	6.216625729
-9.871794872	0.9487179487	1.021613914	1.192188808	1.166966104	6.389362368	6.370747115
-9.871794872	1	1.046330152	1.221030291	1.166964642	6.543942293	6.524868501
-9.358974359	-1	0.061385406	0.0717196688	1.168350484	0.3839156826	0.3832512685
-9.358974359	-0.9487179487	0.08610164414	0.1005611512	1.167935319	0.5384956073	0.5373726541
-9.358974359	-0.8974358974	0.1108178823	0.1294026337	1.167705347	0.6930755321	0.6914940397
-9.358974359	-0.8461538462	0.1355341204	0.1582441161	1.167559251	0.8476554568	0.8456154253
-9.358974359	-0.7948717949	0.1602503586	0.1870855985	1.167458221	1.002235382	0.9997368109
-9.358974359	-0.7435897436	0.1849665967	0.215927081	1.167384192	1.156815306	1.153858197
-9.358974359	-0.6923076923	0.2096828349	0.2447685634	1.167327614	1.311395231	1.307979582
-9.358974359	-0.641025641	0.234399073	0.2736100458	1.167282969	1.465975156	1.462100968
-9.358974359	-0.5897435897	0.2591153111	0.3024515283	1.167246841	1.62055508	1.616222353
-9.358974359	-0.5384615385	0.2838315493	0.3312930107	1.167217004	1.775135005	1.770343739
-9.358974359	-0.4871794872	0.3085477874	0.3601344931	1.167191948	1.92971493	1.924465124
-9.358974359	-0.4358974359	0.3332640256	0.3889759756	1.167170609	2.084294855	2.07858651
-9.358974359	-0.3846153846	0.3579802637	0.417817458	1.167152216	2.238874779	2.232707896
-9.358974359	-0.3333333333	0.3826965019	0.4466589404	1.167136199	2.393454704	2.386829281
-9.358974359	-0.2820512821	0.40741274	0.4755004229	1.167122125	2.548034629	2.540950667
-9.358974359	-0.2307692308	0.4321289782	0.5043419053	1.167109661	2.702614553	2.695072052
-9.358974359	-0.1794871795	0.4568452163	0.5331833878	1.167098546	2.857194478	2.849193438
-9.358974359	-0.1282051282	0.4815614544	0.5620248702	1.167088572	3.011774403	3.003314824
-9.358974359	-0.07692307692	0.5062776926	0.5908663526	1.167079572	3.166354328	3.157436209
-9.358974359	-0.02564102564	0.5309939307	0.6197078351	1.167071409	3.320934252	3.311557595
-9.358974359	0.02564102564	0.5557101689	0.6485493175	1.167063973	3.475514177	3.46567898
-9.358974359	0.07692307692	0.580426407	0.6773907999	1.16705717	3.630094102	3.619800366
-9.358974359	0.1282051282	0.6051426452	0.7062322824	1.167050923	3.784674027	3.773921752
-9.358974359	0.1794871795	0.6298588833	0.7350737648	1.167045166	3.939253951	3.928043137
-9.358974359	0.2307692308	0.6545751214	0.7639152472	1.167039843	4.093833876	4.082164523
-9.358974359	0.2820512821	0.6792913596	0.7927567297	1.167034908	4.248413801	4.236285908
-9.358974359	0.3333333333	0.7040075977	0.8215982121	1.16703032	4.402993725	4.390407294
-9.358974359	0.3846153846	0.7287238359	0.8504396945	1.167026043	4.55757365	4.54452868
-9.358974359	0.4358974359	0.753440074	0.879281177	1.167022046	4.712153575	4.698650065
-9.358974359	0.4871794872	0.7781563122	0.9081226594	1.167018304	4.8667335	4.852771451
-9.358974359	0.5384615385	0.8028725503	0.9369641418	1.167014791	5.021313424	5.006892836
-9.358974359	0.5897435897	0.8275887885	0.9658056243	1.167011489	5.175893349	5.161014222
-9.358974359	0.641025641	0.8523050266	0.9946471067	1.167008378	5.330473274	5.315135608
-9.358974359	0.6923076923	0.8770212647	1.023488589	1.167005442	5.485053199	5.469256993
-9.358974359	0.7435897436	0.9017375029	1.052330072	1.167002668	5.639633123	5.623378379
-9.358974359	0.7948717949	0.926453741	1.081171554	1.167000041	5.794213048	5.777499764
-9.358974359	0.8461538462	0.9511699792	1.110013036	1.166997551	5.948792973	5.93162115
-9.358974359	0.8974358974	0.9758862173	1.138854519	1.166995187	6.103372897	6.085742536
-9.358974359	0.9487179487	1.000602455	1.167696001	1.16699294	6.257952822	6.239863921
-9.358974359	1	1.025318694	1.196537484	1.166990801	6.412532747	6.393985307
-8.846153846	-1	0.04037394775	0.0472268619	1.169736043	0.2525061366	0.2523680747
-8.846153846	-0.9487179487	0.0650901859	0.07606834433	1.168660733	0.4070860613	0.4064894603
-8.846153846	-0.8974358974	0.08980642404	0.1049098268	1.168177309	0.561665986	0.5606108459
-8.846153846	-0.8461538462	0.1145226622	0.1337513092	1.16790255	0.7162459108	0.7147322315
-8.846153846	-0.7948717949	0.1392389003	0.1625927916	1.167725336	0.8708258355	0.8688536171
-8.846153846	-0.7435897436	0.1639551385	0.1914342741	1.167601552	1.02540576	1.022975003
-8.846153846	-0.6923076923	0.1886713766	0.2202757565	1.167510199	1.179985685	1.177096388
-8.846153846	-0.641025641	0.2133876148	0.2491172389	1.167440009	1.33456561	1.331217774
-8.846153846	-0.5897435897	0.2381038529	0.2779587214	1.167384391	1.489145534	1.485339159
-8.846153846	-0.5384615385	0.262820091	0.3068002038	1.167339234	1.643725459	1.639460545
-8.846153846	-0.4871794872	0.2875363292	0.3356416862	1.16730184	1.798305384	1.793581931
-8.846153846	-0.4358974359	0.3122525673	0.3644831687	1.167270366	1.952885309	1.947703316
-8.846153846	-0.3846153846	0.3369688055	0.3933246511	1.16724351	2.107465233	2.101824702
-8.846153846	-0.3333333333	0.3616850436	0.4221661335	1.167220323	2.262045158	2.255946087
-8.846153846	-0.2820512821	0.3864012818	0.451007616	1.167200103	2.416625083	2.410067473
-8.846153846	-0.2307692308	0.4111175199	0.4798490984	1.167182314	2.571205007	2.564188859
-8.846153846	-0.1794871795	0.4358337581	0.5086905809	1.167166543	2.725784932	2.718310244
-8.846153846	-0.1282051282	0.4605499962	0.5375320633	1.167152465	2.880364857	2.87243163
-8.846153846	-0.07692307692	0.4852662343	0.5663735457	1.167139821	3.034944782	3.026553015
-8.846153846	-0.02564102564	0.5099824725	0.5952150282	1.167128402	3.189524706	3.180674401
-8.846153846	0.02564102564	0.5346987106	0.6240565106	1.167118039	3.344104631	3.334795787
-8.846153846	0.07692307692	0.5594149488	0.652897993	1.167108592	3.498684556	3.488917172
-8.846153846	0.1282051282	0.5841311869	0.6817394755	1.167099944	3.653264481	3.643038558
-8.846153846	0.1794871795	0.6088474251	0.7105809579	1.167091998	3.807844405	3.797159943
-8.846153846	0.2307692308	0.6335636632	0.7394224403	1.167084672	3.96242433	3.951281329
-8.846153846	0.2820512821	0.6582799013	0.7682639228	1.167077897	4.117004255	4.105402715
-8.846153846	0.3333333333	0.6829961395	0.7971054052	1.167071612	4.271584179	4.2595241
-8.846153846	0.3846153846	0.7077123776	0.8259468876	1.167065765	4.426164104	4.413645486
-8.846153846	0.4358974359	0.7324286158	0.8547883701	1.167060314	4.580744029	4.567766871
-8.846153846	0.4871794872	0.7571448539	0.8836298525	1.167055218	4.735323954	4.721888257
-8.846153846	0.5384615385	0.7818610921	0.9124713349	1.167050444	4.889903878	4.876009643
-8.846153846	0.5897435897	0.8065773302	0.9413128174	1.167045963	5.044483803	5.030131028
-8.846153846	0.641025641	0.8312935684	0.9701542998	1.167041749	5.199063728	5.184252414
-8.846153846	0.6923076923	0.8560098065	0.9989957822	1.167037778	5.353643653	5.338373799
-8.846153846	0.7435897436	0.8807260446	1.027837265	1.167034029	5.508223577	5.492495185
-8.846153846	0.7948717949	0.9054422828	1.056678747	1.167030486	5.662803502	5.646616571
-8.846153846	0.8461538462	0.9301585209	1.08552023	1.16702713	5.817383427	5.800737956
-8.846153846	0.8974358974	0.9548747591	1.114361712	1.167023949	5.971963351	5.954859342
-8.846153846	0.9487179487	0.9795909972	1.143203194	1.167020928	6.126543276	6.108980727
-8.846153846	1	1.004307235	1.172044677	1.167018055	6.281123201	6.263102113
-8.333333333	-1	0.01936248951	0.022734055	1.174128719	0.1210965906	0.1214848808
-8.333333333	-0.9487179487	0.04407872765	0.05157553744	1.170077726	0.2756765153	0.2756062664
-8.333333333	-0.8974358974	0.0687949658	0.08041701987	1.168937566	0.43025644	0.429727652
-8.333333333	-0.8461538462	0.09351120394	0.1092585023	1.168400124	0.5848363647	0.5838490376
-8.333333333	-0.7948717949	0.1182274421	0.1380999847	1.168087394	0.7394162895	0.7379704232
-8.333333333	-0.7435897436	0.1429436802	0.1669414672	1.167882812	0.8939962142	0.8920918088
-8.333333333	-0.6923076923	0.1676599184	0.1957829496	1.167738548	1.048576139	1.046213194
-8.333333333	-0.641025641	0.1923761565	0.224624432	1.167631354	1.203156064	1.20033458
-8.333333333	-0.5897435897	0.2170923947	0.2534659145	1.167548568	1.357735988	1.354455966
-8.333333333	-0.5384615385	0.2418086328	0.2823073969	1.167482706	1.512315913	1.508577351
-8.333333333	-0.4871794872	0.2665248709	0.3111488793	1.167429059	1.666895838	1.662698737
-8.333333333	-0.4358974359	0.2912411091	0.3399903618	1.167384518	1.821475763	1.816820122
-8.333333333	-0.3846153846	0.3159573472	0.3688318442	1.167346946	1.976055687	1.970941508
-8.333333333	-0.3333333333	0.3406735854	0.3976733267	1.167314825	2.130635612	2.125062894
-8.333333333	-0.2820512821	0.3653898235	0.4265148091	1.16728705	2.285215537	2.279184279
-8.333333333	-0.2307692308	0.3901060617	0.4553562915	1.167262794	2.439795461	2.433305665
-8.333333333	-0.1794871795	0.4148222998	0.484197774	1.167241429	2.594375386	2.58742705
-8.333333333	-0.1282051282	0.439538538	0.5130392564	1.167222466	2.748955311	2.741548436
-8.333333333	-0.07692307692	0.4642547761	0.5418807388	1.167205523	2.903535236	2.895669822
-8.333333333	-0.02564102564	0.4889710142	0.5707222213	1.167190293	3.05811516	3.049791207
-8.333333333	0.02564102564	0.5136872524	0.5995637037	1.167176528	3.212695085	3.203912593
-8.333333333	0.07692307692	0.5384034905	0.6284051861	1.167164027	3.36727501	3.358033978
-8.333333333	0.1282051282	0.5631197287	0.6572466686	1.167152623	3.521854935	3.512155364
-8.333333333	0.1794871795	0.5878359668	0.686088151	1.167142179	3.676434859	3.66627675
-8.333333333	0.2307692308	0.612552205	0.7149296334	1.167132577	3.831014784	3.820398135
-8.333333333	0.2820512821	0.6372684431	0.7437711159	1.16712372	3.985594709	3.974519521
-8.333333333	0.3333333333	0.6619846812	0.7726125983	1.167115524	4.140174633	4.128640906
-8.333333333	0.3846153846	0.6867009194	0.8014540807	1.167107919	4.294754558	4.282762292
-8.333333333	0.4358974359	0.7114171575	0.8302955632	1.167100841	4.449334483	4.436883678
-8.333333333	0.4871794872	0.7361333957	0.8591370456	1.16709424	4.603914408	4.591005063
-8.333333333	0.5384615385	0.7608496338	0.887978528	1.167088067	4.758494332	4.745126449
-8.333333333	0.5897435897	0.785565872	0.9168200105	1.167082282	4.913074257	4.899247834
-8.333333333	0.641025641	0.8102821101	0.9456614929	1.16707685	5.067654182	5.05336922
-8.333333333	0.6923076923	0.8349983483	0.9745029753	1.16707174	5.222234107	5.207490605
-8.333333333	0.7435897436	0.8597145864	1.003344458	1.167066924	5.376814031	5.361611991
-8.333333333	0.7948717949	0.8844308245	1.03218594	1.167062377	5.531393956	5.515733377
-8.333333333	0.8461538462	0.9091470627	1.061027423	1.167058077	5.685973881	5.669854762
-8.333333333	0.8974358974	0.9338633008	1.089868905	1.167054005	5.840553805	5.823976148
-8.333333333	0.9487179487	0.958579539	1.118710388	1.167050142	5.99513373	5.978097533
-8.333333333	1	0.9832957771	1.14755187	1.167046474	6.149713655	6.132218919
-7.820512821	-1	-0.001648968734	-0.001758751896	1.066576861	-0.01031295544	-0.009398312996
-7.820512821	-0.9487179487	0.02306726941	0.02708273054	1.174076136	0.1442669693	0.1447230726
-7.820512821	-0.8974358974	0.04778350755	0.05592421297	1.170366426	0.298846894	0.2988444582
-7.820512821	-0.8461538462	0.0724997457	0.08476569541	1.169186107	0.4534268187	0.4529658438
-7.820512821	-0.7948717949	0.09721598384	0.1136071778	1.168605957	0.6080067435	0.6070872294
-7.820512821	-0.7435897436	0.121932222	0.1424486603	1.168261006	0.7625866682	0.761208615
-7.820512821	-0.6923076923	0.1466484601	0.1712901427	1.168032331	0.9171665929	0.9153300006
-7.820512821	-0.641025641	0.1713646983	0.2001316251	1.167869621	1.071746518	1.069451386
-7.820512821	-0.5897435897	0.1960809364	0.2289731076	1.16774793	1.226326442	1.223572772
-7.820512821	-0.5384615385	0.2207971746	0.25781459	1.167653483	1.380906367	1.377694157
-7.820512821	-0.4871794872	0.2455134127	0.2866560724	1.167578053	1.535486292	1.531815543
-7.820512821	-0.4358974359	0.2702296508	0.3154975549	1.167516421	1.690066217	1.685936929
-7.820512821	-0.3846153846	0.294945889	0.3443390373	1.167465119	1.844646141	1.840058314
-7.820512821	-0.3333333333	0.3196621271	0.3731805198	1.16742175	1.999226066	1.9941797
-7.820512821	-0.2820512821	0.3443783653	0.4020220022	1.167384606	2.153805991	2.148301085
-7.820512821	-0.2307692308	0.3690946034	0.4308634846	1.167352437	2.308385915	2.302422471
-7.820512821	-0.1794871795	0.3938108416	0.4597049671	1.167324305	2.46296584	2.456543857
-7.820512821	-0.1282051282	0.4185270797	0.4885464495	1.167299497	2.617545765	2.610665242
-7.820512821	-0.07692307692	0.4432433179	0.5173879319	1.167277455	2.77212569	2.764786628
-7.820512821	-0.02564102564	0.467959556	0.5462294144	1.167257741	2.926705614	2.918908013
-7.820512821	0.02564102564	0.4926757941	0.5750708968	1.167240006	3.081285539	3.073029399
-7.820512821	0.07692307692	0.5173920323	0.6039123792	1.167223965	3.235865464	3.227150784
-7.820512821	0.1282051282	0.5421082704	0.6327538617	1.167209386	3.390445389	3.38127217
-7.820512821	0.1794871795	0.5668245086	0.6615953441	1.167196079	3.545025313	3.535393556
-7.820512821	0.2307692308	0.5915407467	0.6904368265	1.167183884	3.699605238	3.689514941
-7.820512821	0.2820512821	0.6162569849	0.719278309	1.167172668	3.854185163	3.843636327
-7.820512821	0.3333333333	0.640973223	0.7481197914	1.167162316	4.008765087	3.997757712
-7.820512821	0.3846153846	0.6656894611	0.7769612738	1.167152733	4.163345012	4.151879098
-7.820512821	0.4358974359	0.6904056993	0.8058027563	1.167143836	4.317924937	4.306000484
-7.820512821	0.4871794872	0.7151219374	0.8346442387	1.167135554	4.472504862	4.460121869
-7.820512821	0.5384615385	0.7398381756	0.8634857211	1.167127826	4.627084786	4.614243255
-7.820512821	0.5897435897	0.7645544137	0.8923272036	1.167120597	4.781664711	4.76836464
-7.820512821	0.641025641	0.7892706519	0.921168686	1.167113821	4.936244636	4.922486026
-7.820512821	0.6923076923	0.81398689	0.9500101684	1.167107456	5.090824561	5.076607412
-7.820512821	0.7435897436	0.8387031282	0.9788516509	1.167101467	5.245404485	5.230728797
-7.820512821	0.7948717949	0.8634193663	1.007693133	1.16709582	5.39998441	5.384850183
-7.820512821	0.8461538462	0.8881356044	1.036534616	1.167090488	5.554564335	5.538971568
-7.820512821	0.8974358974	0.9128518426	1.065376098	1.167085444	5.709144259	5.693092954
-7.820512821	0.9487179487	0.9375680807	1.094217581	1.167080667	5.863724184	5.84721434
-7.820512821	1	0.9622843189	1.123059063	1.167076134	6.018304109	6.001335725
-7.307692308	-1	-0.02266042698	-0.02625155879	1.158475911	-0.1417225015	-0.1402815068
-7.307692308	-0.9487179487	0.002055811167	0.00258992364	1.259806193	0.01285742327	0.01383987876
-7.307692308	-0.8974358974	0.02677204931	0.03143140608	1.174038106	0.167437348	0.1679612644
-7.307692308	-0.8461538462	0.05148828745	0.06027288851	1.17061358	0.3220172727	0.3220826499
-7.307692308	-0.7948717949	0.0762045256	0.08911437094	1.169410481	0.4765971974	0.4762040355
-7.307692308	-0.7435897436	0.1009207637	0.1179558534	1.168796678	0.6311771222	0.6303254211
-7.307692308	-0.6923076923	0.1256370019	0.1467973358	1.168424378	0.7857570469	0.7844468067
-7.307692308	-0.641025641	0.15035324	0.1756388182	1.168174482	0.9403369716	0.9385681923
-7.307692308	-0.5897435897	0.1750694782	0.2044803007	1.167995146	1.094916896	1.092689578
-7.307692308	-0.5384615385	0.1997857163	0.2333217831	1.167860182	1.249496821	1.246810964
-7.307692308	-0.4871794872	0.2245019545	0.2621632656	1.167754936	1.404076746	1.400932349
-7.307692308	-0.4358974359	0.2492181926	0.291004748	1.167670566	1.558656671	1.555053735
-7.307692308	-0.3846153846	0.2739344307	0.3198462304	1.16760142	1.713236595	1.70917512
-7.307692308	-0.3333333333	0.2986506689	0.3486877129	1.16754372	1.86781652	1.863296506
-7.307692308	-0.2820512821	0.323366907	0.3775291953	1.16749484	2.022396445	2.017417891
-7.307692308	-0.2307692308	0.3480831452	0.4063706777	1.167452901	2.176976369	2.171539277
-7.307692308	-0.1794871795	0.3727993833	0.4352121602	1.167416524	2.331556294	2.325660663
-7.307692308	-0.1282051282	0.3975156215	0.4640536426	1.16738467	2.486136219	2.479782048
-7.307692308	-0.07692307692	0.4222318596	0.492895125	1.167356545	2.640716144	2.633903434
-7.307692308	-0.02564102564	0.4469480978	0.5217366075	1.167331532	2.795296068	2.788024819
-7.307692308	0.02564102564	0.4716643359	0.5505780899	1.167309139	2.949875993	2.942146205
-7.307692308	0.07692307692	0.496380574	0.5794195723	1.167288977	3.104455918	3.096267591
-7.307692308	0.1282051282	0.5210968122	0.6082610548	1.167270727	3.259035843	3.250388976
-7.307692308	0.1794871795	0.5458130503	0.6371025372	1.16725413	3.413615767	3.404510362
-7.307692308	0.2307692308	0.5705292885	0.6659440196	1.167238971	3.568195692	3.558631747
-7.307692308	0.2820512821	0.5952455266	0.6947855021	1.167225071	3.722775617	3.712753133
-7.307692308	0.3333333333	0.6199617648	0.7236269845	1.167212279	3.877355541	3.866874519
-7.307692308	0.3846153846	0.6446780029	0.7524684669	1.167200468	4.031935466	4.020995904
-7.307692308	0.4358974359	0.669394241	0.7813099494	1.16718953	4.186515391	4.17511729
-7.307692308	0.4871794872	0.6941104792	0.8101514318	1.16717937	4.341095316	4.329238675
-7.307692308	0.5384615385	0.7188267173	0.8389929142	1.167169909	4.49567524	4.483360061
-7.307692308	0.5897435897	0.7435429555	0.8678343967	1.167161077	4.650255165	4.637481447
-7.307692308	0.641025641	0.7682591936	0.8966758791	1.167152813	4.80483509	4.791602832
-7.307692308	0.6923076923	0.7929754318	0.9255173615	1.167145065	4.959415015	4.945724218
-7.307692308	0.7435897436	0.8176916699	0.954358844	1.167137784	5.113994939	5.099845603
-7.307692308	0.7948717949	0.8424079081	0.9832003264	1.167130931	5.268574864	5.253966989
-7.307692308	0.8461538462	0.8671241462	1.012041809	1.167124469	5.423154789	5.408088375
-7.307692308	0.8974358974	0.8918403843	1.040883291	1.167118365	5.577734713	5.56220976
-7.307692308	0.9487179487	0.9165566225	1.069724774	1.16711259	5.732314638	5.716331146
-7.307692308	1	0.9412728606	1.098566256	1.167107119	5.886894563	5.870452531
-6.794871795	-1	-0.04367188522	-0.05074436569	1.161945848	-0.2731320475	-0.2711647007
-6.794871795	-0.9487179487	-0.01895564708	-0.02190288326	1.155480642	-0.1185521227	-0.1170433151
-6.794871795	-0.8974358974	0.005760591067	0.006938599177	1.204494313	0.03602780198	0.03707807051
-6.794871795	-0.8461538462	0.03047682921	0.03578008161	1.174009322	0.1906077267	0.1911994561
-6.794871795	-0.7948717949	0.05519306735	0.06462156405	1.170827554	0.3451876514	0.3453208417
-6.794871795	-0.7435897436	0.0799093055	0.09346304648	1.169614051	0.4997675762	0.4994422273
-6.794871795	-0.6923076923	0.1046255436	0.1223045289	1.168973892	0.6543475009	0.6535636129
-6.794871795	-0.641025641	0.1293417818	0.1511460114	1.168578392	0.8089274256	0.8076849985
-6.794871795	-0.5897435897	0.1540580199	0.1799874938	1.168309796	0.9635073503	0.9618063841
-6.794871795	-0.5384615385	0.1787742581	0.2088289762	1.168115468	1.118087275	1.11592777
-6.794871795	-0.4871794872	0.2034904962	0.2376704587	1.167968348	1.2726672	1.270049155
-6.794871795	-0.4358974359	0.2282067344	0.2665119411	1.167853095	1.427247125	1.424170541
-6.794871795	-0.3846153846	0.2529229725	0.2953534235	1.167760368	1.581827049	1.578291926
-6.794871795	-0.3333333333	0.2776392106	0.324194906	1.167684151	1.736406974	1.732413312
-6.794871795	-0.2820512821	0.3023554488	0.3530363884	1.167620394	1.890986899	1.886534698
-6.794871795	-0.2307692308	0.3270716869	0.3818778708	1.167566274	2.045566823	2.040656083
-6.794871795	-0.1794871795	0.3517879251	0.4107193533	1.167519758	2.200146748	2.194777469
-6.794871795	-0.1282051282	0.3765041632	0.4395608357	1.16747935	2.354726673	2.348898854
-6.794871795	-0.07692307692	0.4012204014	0.4684023181	1.16744392	2.509306598	2.50302024
-6.794871795	-0.02564102564	0.4259366395	0.4972438006	1.167412602	2.663886522	2.657141626
-6.794871795	0.02564102564	0.4506528777	0.526085283	1.167384719	2.818466447	2.811263011
-6.794871795	0.07692307692	0.4753691158	0.5549267654	1.167359736	2.973046372	2.965384397
-6.794871795	0.1282051282	0.5000853539	0.5837682479	1.167337222	3.127626297	3.119505782
-6.794871795	0.1794871795	0.5248015921	0.6126097303	1.167316829	3.282206221	3.273627168
-6.794871795	0.2307692308	0.5495178302	0.6414512127	1.16729827	3.436786146	3.427748554
-6.794871795	0.2820512821	0.5742340684	0.6702926952	1.167281309	3.591366071	3.581869939
-6.794871795	0.3333333333	0.5989503065	0.6991341776	1.167265748	3.745945995	3.735991325
-6.794871795	0.3846153846	0.6236665447	0.72797566	1.16725142	3.90052592	3.89011271
-6.794871795	0.4358974359	0.6483827828	0.7568171425	1.167238185	4.055105845	4.044234096
-6.794871795	0.4871794872	0.673099021	0.7856586249	1.167225921	4.20968577	4.198355482
-6.794871795	0.5384615385	0.6978152591	0.8145001073	1.167214527	4.364265694	4.352476867
-6.794871795	0.5897435897	0.7225314972	0.8433415898	1.167203912	4.518845619	4.506598253
-6.794871795	0.641025641	0.7472477354	0.8721830722	1.167193999	4.673425544	4.660719638
-6.794871795	0.6923076923	0.7719639735	0.9010245546	1.16718472	4.828005468	4.814841024
-6.794871795	0.7435897436	0.7966802117	0.9298660371	1.167176018	4.982585393	4.96896241
-6.794871795	0.7948717949	0.8213964498	0.9587075195	1.167167839	5.137165318	5.123083795
-6.794871795	0.8461538462	0.846112688	0.987549002	1.167160138	5.291745243	5.277205181
-6.794871795	0.8974358974	0.8708289261	1.016390484	1.167152875	5.446325167	5.431326566
-6.794871795	0.9487179487	0.8955451642	1.045231967	1.167146012	5.600905092	5.585447952
-6.794871795	1	0.9202614024	1.074073449	1.167139518	5.755485017	5.739569338
-6.282051282	-1	-0.06468334346	-0.07523717259	1.163161466	-0.4045415935	-0.4020478945
-6.282051282	-0.9487179487	-0.03996710532	-0.04639569016	1.160846896	-0.2499616688	-0.2479265089
-6.282051282	-0.8974358974	-0.01525086718	-0.01755420772	1.151030136	-0.09538174403	-0.09380512333
-6.282051282	-0.8461538462	0.009465370968	0.01128727471	1.192480966	0.05919818069	0.06031626226
-6.282051282	-0.7948717949	0.03418160911	0.04012875715	1.173986778	0.2137781054	0.2144376479
-6.282051282	-0.7435897436	0.05889784726	0.06897023958	1.171014609	0.3683580301	0.3685590334
-6.282051282	-0.6923076923	0.0836140854	0.09781172202	1.16979958	0.5229379549	0.522680419
-6.282051282	-0.641025641	0.1083303235	0.1266532045	1.169138984	0.6775178796	0.6768018046
-6.282051282	-0.5897435897	0.1330465617	0.1554946869	1.168723828	0.8320978043	0.8309231902
-6.282051282	-0.5384615385	0.1577627998	0.1843361693	1.168438754	0.9866777291	0.9850445758
-6.282051282	-0.4871794872	0.182479038	0.2131776518	1.168230905	1.141257654	1.139165961
-6.282051282	-0.4358974359	0.2071952761	0.2420191342	1.168072645	1.295837579	1.293287347
-6.282051282	-0.3846153846	0.2319115143	0.2708606166	1.167948118	1.450417503	1.447408733
-6.282051282	-0.3333333333	0.2566277524	0.2997020991	1.167847578	1.604997428	1.601530118
-6.282051282	-0.2820512821	0.2813439905	0.3285435815	1.167764703	1.759577353	1.755651504
-6.282051282	-0.2307692308	0.3060602287	0.3573850639	1.167695213	1.914157277	1.909772889
-6.282051282	-0.1794871795	0.3307764668	0.3862265464	1.167636108	2.068737202	2.063894275
-6.282051282	-0.1282051282	0.355492705	0.4150680288	1.167585222	2.223317127	2.218015661
-6.282051282	-0.07692307692	0.3802089431	0.4439095112	1.167540952	2.377897052	2.372137046
-6.282051282	-0.02564102564	0.4049251813	0.4727509937	1.167502086	2.532476976	2.526258432
-6.282051282	0.02564102564	0.4296414194	0.5015924761	1.167467692	2.687056901	2.680379817
-6.282051282	0.07692307692	0.4543576576	0.5304339585	1.167437039	2.841636826	2.834501203
-6.282051282	0.1282051282	0.4790738957	0.559275441	1.16740955	2.99621675	2.988622589
-6.282051282	0.1794871795	0.5037901338	0.5881169234	1.167384758	3.150796675	3.142743974
-6.282051282	0.2307692308	0.528506372	0.6169584058	1.167362285	3.3053766	3.29686536
-6.282051282	0.2820512821	0.5532226101	0.6457998883	1.167341819	3.459956525	3.450986745
-6.282051282	0.3333333333	0.5779388483	0.6746413707	1.167323105	3.614536449	3.605108131
-6.282051282	0.3846153846	0.6026550864	0.7034828531	1.167305925	3.769116374	3.759229517
-6.282051282	0.4358974359	0.6273713246	0.7323243356	1.167290099	3.923696299	3.913350902
-6.282051282	0.4871794872	0.6520875627	0.761165818	1.167275473	4.078276224	4.067472288
-6.282051282	0.5384615385	0.6768038009	0.7900073004	1.167261915	4.232856148	4.221593673
-6.282051282	0.5897435897	0.701520039	0.8188487829	1.167249312	4.387436073	4.375715059
-6.282051282	0.641025641	0.7262362771	0.8476902653	1.167237567	4.542015998	4.529836445
-6.282051282	0.6923076923	0.7509525153	0.8765317478	1.167226595	4.696595922	4.68395783
-6.282051282	0.7435897436	0.7756687534	0.9053732302	1.167216323	4.851175847	4.838079216
-6.282051282	0.7948717949	0.8003849916	0.9342147126	1.167206685	5.005755772	4.992200601
-6.282051282	0.8461538462	0.8251012297	0.9630561951	1.167197624	5.160335697	5.146321987
-6.282051282	0.8974358974	0.8498174679	0.9918976775	1.167189091	5.314915621	5.300443372
-6.282051282	0.9487179487	0.874533706	1.02073916	1.167181039	5.469495546	5.454564758
-6.282051282	1	0.8992499441	1.049580642	1.167173431	5.624075471	5.608686144
-5.769230769	-1	-0.08569480171	-0.09972997949	1.16378097	-0.5359511395	-0.5329310884
-5.769230769	-0.9487179487	-0.06097856356	-0.07088849705	1.162515037	-0.3813712148	-0.3788097028
-5.769230769	-0.8974358974	-0.03626232542	-0.04204701462	1.159523393	-0.22679129	-0.2246883172
-5.769230769	-0.8461538462	-0.01154608728	-0.01320553218	1.143723572	-0.07221136532	-0.07056693158
-5.769230769	-0.7948717949	0.01317015087	0.01563595025	1.187226358	0.0823685594	0.08355445401
-5.769230769	-0.7435897436	0.03788638901	0.04447743269	1.173968643	0.2369484841	0.2376758396
-5.769230769	-0.6923076923	0.06260262716	0.07331891512	1.171179525	0.3915284089	0.3917972252
-5.769230769	-0.641025641	0.0873188653	0.1021603976	1.169969367	0.5461083336	0.5459186108
-5.769230769	-0.5897435897	0.1120351034	0.13100188	1.169293159	0.7006882583	0.7000399964
-5.769230769	-0.5384615385	0.1367513416	0.1598433624	1.168861384	0.855268183	0.854161382
-5.769230769	-0.4871794872	0.1614675797	0.1886848449	1.168561795	1.009848108	1.008282768
-5.769230769	-0.4358974359	0.1861838179	0.2175263273	1.168341748	1.164428032	1.162404153
-5.769230769	-0.3846153846	0.210900056	0.2463678097	1.168173278	1.319007957	1.316525539
-5.769230769	-0.3333333333	0.2356162942	0.2752092922	1.168040152	1.473587882	1.470646924
-5.769230769	-0.2820512821	0.2603325323	0.3040507746	1.167932305	1.628167807	1.62476831
-5.769230769	-0.2307692308	0.2850487704	0.332892257	1.167843161	1.782747731	1.778889696
-5.769230769	-0.1794871795	0.3097650086	0.3617337395	1.167768242	1.937327656	1.933011081
-5.769230769	-0.1282051282	0.3344812467	0.3905752219	1.167704395	2.091907581	2.087132467
-5.769230769	-0.07692307692	0.3591974849	0.4194167043	1.167649335	2.246487506	2.241253852
-5.769230769	-0.02564102564	0.383913723	0.4482581868	1.167601364	2.40106743	2.395375238
-5.769230769	0.02564102564	0.4086299612	0.4770996692	1.167559197	2.555647355	2.549496624
-5.769230769	0.07692307692	0.4333461993	0.5059411516	1.167521839	2.71022728	2.703618009
-5.769230769	0.1282051282	0.4580624375	0.5347826341	1.167488513	2.864807204	2.857739395
-5.769230769	0.1794871795	0.4827786756	0.5636241165	1.1674586	3.019387129	3.01186078
-5.769230769	0.2307692308	0.5074949137	0.5924655989	1.1674316	3.173967054	3.165982166
-5.769230769	0.2820512821	0.5322111519	0.6213070814	1.167407107	3.328546979	3.320103552
-5.769230769	0.3333333333	0.55692739	0.6501485638	1.167384789	3.483126903	3.474224937
-5.769230769	0.3846153846	0.5816436282	0.6789900462	1.167364368	3.637706828	3.628346323
-5.769230769	0.4358974359	0.6063598663	0.7078315287	1.167345611	3.792286753	3.782467708
-5.769230769	0.4871794872	0.6310761045	0.7366730111	1.167328324	3.946866678	3.936589094
-5.769230769	0.5384615385	0.6557923426	0.7655144936	1.167312339	4.101446602	4.090710479
-5.769230769	0.5897435897	0.6805085808	0.794355976	1.167297516	4.256026527	4.244831865
-5.769230769	0.641025641	0.7052248189	0.8231974584	1.167283732	4.410606452	4.398953251
-5.769230769	0.6923076923	0.729941057	0.8520389409	1.167270881	4.565186376	4.553074636
-5.769230769	0.7435897436	0.7546572952	0.8808804233	1.167258872	4.719766301	4.707196022
-5.769230769	0.7948717949	0.7793735333	0.9097219057	1.167247625	4.874346226	4.861317407
-5.769230769	0.8461538462	0.8040897715	0.9385633882	1.167237069	5.028926151	5.015438793
-5.769230769	0.8974358974	0.8288060096	0.9674048706	1.167227143	5.183506075	5.169560179
-5.769230769	0.9487179487	0.8535222478	0.996246353	1.167217792	5.338086	5.323681564
-5.769230769	1	0.8782384859	1.025087835	1.167208966	5.492665925	5.47780295
-5.256410256	-1	-0.10670626	-0.1242227864	1.164156503	-0.6673606855	-0.6638142822
-5.256410256	-0.9487179487	-0.08199002181	-0.09538130395	1.163328193	-0.5127807608	-0.5096928966
-5.256410256	-0.8974358974	-0.05727378366	-0.06653982152	1.161784978	-0.3582008361	-0.355571511
-5.256410256	-0.8461538462	-0.03255754552	-0.03769833908	1.157898683	-0.2036209113	-0.2014501254
-5.256410256	-0.7948717949	-0.007841307376	-0.008856856647	1.129512749	-0.04904098661	-0.04732873983
-5.256410256	-0.7435897436	0.01687493077	0.01998462579	1.184278979	0.1055389381	0.1067926458
-5.256410256	-0.6923076923	0.04159116891	0.04882610822	1.173953738	0.2601188628	0.2609140314
-5.256410256	-0.641025641	0.06630740706	0.07766759066	1.171326012	0.4146987876	0.415035417
-5.256410256	-0.5897435897	0.0910236452	0.1065090731	1.170125332	0.5692787123	0.5691568025
-5.256410256	-0.5384615385	0.1157398833	0.1353505555	1.169437463	0.723858637	0.7232781881
-5.256410256	-0.4871794872	0.1404561215	0.164192038	1.168991684	0.8784385617	0.8773995737
-5.256410256	-0.4358974359	0.1651723596	0.1930335204	1.168679317	1.033018486	1.031520959
-5.256410256	-0.3846153846	0.1898885978	0.2218750028	1.168448266	1.187598411	1.185642345
-5.256410256	-0.3333333333	0.2146048359	0.2507164853	1.168270436	1.342178336	1.339763731
-5.256410256	-0.2820512821	0.2393210741	0.2795579677	1.168129338	1.496758261	1.493885116
-5.256410256	-0.2307692308	0.2640373122	0.3083994501	1.168014655	1.651338185	1.648006502
-5.256410256	-0.1794871795	0.2887535504	0.3372409326	1.167919605	1.80591811	1.802127887
-5.256410256	-0.1282051282	0.3134697885	0.366082415	1.167839544	1.960498035	1.956249273
-5.256410256	-0.07692307692	0.3381860266	0.3949238974	1.167771186	2.11507796	2.110370658
-5.256410256	-0.02564102564	0.3629022648	0.4237653799	1.167712139	2.269657884	2.264492044
-5.256410256	0.02564102564	0.3876185029	0.4526068623	1.167660622	2.424237809	2.41861343
-5.256410256	0.07692307692	0.4123347411	0.4814483447	1.167615281	2.578817734	2.572734815
-5.256410256	0.1282051282	0.4370509792	0.5102898272	1.167575069	2.733397658	2.726856201
-5.256410256	0.1794871795	0.4617672174	0.5391313096	1.167539161	2.887977583	2.880977586
-5.256410256	0.2307692308	0.4864834555	0.567972792	1.167506902	3.042557508	3.035098972
-5.256410256	0.2820512821	0.5111996936	0.5968142745	1.167477762	3.197137433	3.189220358
-5.256410256	0.3333333333	0.5359159318	0.6256557569	1.167451311	3.351717357	3.343341743
-5.256410256	0.3846153846	0.5606321699	0.6544972393	1.167427191	3.506297282	3.497463129
-5.256410256	0.4358974359	0.5853484081	0.6833387218	1.167405108	3.660877207	3.651584514
-5.256410256	0.4871794872	0.6100646462	0.7121802042	1.167384815	3.815457132	3.8057059
-5.256410256	0.5384615385	0.6347808844	0.7410216867	1.167366102	3.970037056	3.959827286
-5.256410256	0.5897435897	0.6594971225	0.7698631691	1.167348792	4.124616981	4.113948671
-5.256410256	0.641025641	0.6842133607	0.7987046515	1.167332732	4.279196906	4.268070057
-5.256410256	0.6923076923	0.7089295988	0.827546134	1.167317792	4.43377683	4.422191442
-5.256410256	0.7435897436	0.7336458369	0.8563876164	1.167303859	4.588356755	4.576312828
-5.256410256	0.7948717949	0.7583620751	0.8852290988	1.167290834	4.74293668	4.730434214
-5.256410256	0.8461538462	0.7830783132	0.9140705813	1.167278631	4.897516605	4.884555599
-5.256410256	0.8974358974	0.8077945514	0.9429120637	1.167267175	5.052096529	5.038676985
-5.256410256	0.9487179487	0.8325107895	0.9717535461	1.167256399	5.206676454	5.19279837
-5.256410256	1	0.8572270277	1.000595029	1.167246244	5.361256379	5.346919756
-4.743589744	-1	-0.1277177182	-0.1487155933	1.164408474	-0.7987702315	-0.7946974761
-4.743589744	-0.9487179487	-0.1030014801	-0.1198741108	1.163809596	-0.6441903068	-0.6405760905
-4.743589744	-0.8974358974	-0.07828524191	-0.09103262841	1.162832562	-0.4896103821	-0.4864547049
-4.743589744	-0.8461538462	-0.05356900376	-0.06219114598	1.16095394	-0.3350304574	-0.3323333193
-4.743589744	-0.7948717949	-0.02885276562	-0.03334966355	1.155856738	-0.1804505326	-0.1782119337
-4.743589744	-0.7435897436	-0.004136527475	-0.00450818111	1.089846771	-0.0258706079	-0.02409054808
-4.743589744	-0.6923076923	0.02057971067	0.02433330132	1.182392781	0.1287093168	0.1300308375
-4.743589744	-0.641025641	0.04529594881	0.05317478376	1.173941272	0.2832892416	0.2841522231
-4.743589744	-0.5897435897	0.07001218696	0.08201626619	1.171456996	0.4378691663	0.4382736087
-4.743589744	-0.5384615385	0.0947284251	0.1108577486	1.170269098	0.592449091	0.5923949943
-4.743589744	-0.4871794872	0.1194446632	0.1396992311	1.169572815	0.7470290157	0.7465163799
-4.743589744	-0.4358974359	0.1441609014	0.1685407135	1.169115286	0.9016089405	0.9006377655
-4.743589744	-0.3846153846	0.1688771395	0.1973821959	1.168791682	1.056188865	1.054759151
-4.743589744	-0.3333333333	0.1935933777	0.2262236784	1.168550707	1.21076879	1.208880537
-4.743589744	-0.2820512821	0.2183096158	0.2550651608	1.168364297	1.365348715	1.363001922
-4.743589744	-0.2307692308	0.243025854	0.2839066432	1.168215803	1.519928639	1.517123308
-4.743589744	-0.1794871795	0.2677420921	0.3127481257	1.168094726	1.674508564	1.671244693
-4.743589744	-0.1282051282	0.2924583303	0.3415896081	1.167994113	1.829088489	1.825366079
-4.743589744	-0.07692307692	0.3171745684	0.3704310905	1.167909181	1.983668414	1.979487465
-4.743589744	-0.02564102564	0.3418908065	0.399272573	1.167836529	2.138248338	2.13360885
-4.743589744	0.02564102564	0.3666070447	0.4281140554	1.167773674	2.292828263	2.287730236
-4.743589744	0.07692307692	0.3913232828	0.4569555378	1.167718758	2.447408188	2.441851621
-4.743589744	0.1282051282	0.416039521	0.4857970203	1.167670367	2.601988112	2.595973007
-4.743589744	0.1794871795	0.4407557591	0.5146385027	1.167627404	2.756568037	2.750094393
-4.743589744	0.2307692308	0.4654719973	0.5434799851	1.167589003	2.911147962	2.904215778
-4.743589744	0.2820512821	0.4901882354	0.5723214676	1.167554474	3.065727887	3.058337164
-4.743589744	0.3333333333	0.5149044735	0.60116295	1.167523261	3.220307811	3.212458549
-4.743589744	0.3846153846	0.5396207117	0.6300044325	1.167494907	3.374887736	3.366579935
-4.743589744	0.4358974359	0.5643369498	0.6588459149	1.167469036	3.529467661	3.520701321
-4.743589744	0.4871794872	0.589053188	0.6876873973	1.167445337	3.684047586	3.674822706
-4.743589744	0.5384615385	0.6137694261	0.7165288798	1.167423546	3.83862751	3.828944092
-4.743589744	0.5897435897	0.6384856643	0.7453703622	1.167403442	3.993207435	3.983065477
-4.743589744	0.641025641	0.6632019024	0.7742118446	1.167384837	4.14778736	4.137186863
-4.743589744	0.6923076923	0.6879181406	0.8030533271	1.167367568	4.302367284	4.291308249
-4.743589744	0.7435897436	0.7126343787	0.8318948095	1.167351498	4.456947209	4.445429634
-4.743589744	0.7948717949	0.7373506168	0.8607362919	1.167336505	4.611527134	4.59955102
-4.743589744	0.8461538462	0.762066855	0.8895777744	1.167322484	4.766107059	4.753672405
-4.743589744	0.8974358974	0.7867830931	0.9184192568	1.167309345	4.920686983	4.907793791
-4.743589744	0.9487179487	0.8114993313	0.9472607392	1.167297005	5.075266908	5.061915177
-4.743589744	1	0.8362155694	0.9761022217	1.167285395	5.229846833	5.216036562
-4.230769231	-1	-0.1487291764	-0.1732084002	1.164589251	-0.9301797775	-0.9255806699
-4.230769231	-0.9487179487	-0.1240129383	-0.1443669177	1.16412787	-0.7755998528	-0.7714592843
-4.230769231	-0.8974358974	-0.09929670015	-0.1155254353	1.163436802	-0.6210199281	-0.6173378987
-4.230769231	-0.8461538462	-0.07458046201	-0.08668395288	1.16228769	-0.4664400034	-0.4632165131
-4.230769231	-0.7948717949	-0.04986422386	-0.05784247044	1.159999414	-0.3118600786	-0.3090951275
-4.230769231	-0.7435897436	-0.02514798572	-0.02900098801	1.153213157	-0.1572801539	-0.1549737419
-4.230769231	-0.6923076923	-0.0004317475748	-0.0001595055737	0.3694417364	-0.002700229187	-0.0008523563269
-4.230769231	-0.641025641	0.02428449057	0.02868197686	1.181082089	0.1518796955	0.1532690293
-4.230769231	-0.5897435897	0.04900072871	0.0575234593	1.173930691	0.3064596203	0.3073904149
-4.230769231	-0.5384615385	0.07371696686	0.08636494173	1.171574814	0.461039545	0.4615118005
-4.230769231	-0.4871794872	0.098433205	0.1152064242	1.170402042	0.6156194697	0.6156331861
-4.230769231	-0.4358974359	0.1231494431	0.1440479066	1.169700024	0.7701993944	0.7697545716
-4.230769231	-0.3846153846	0.1478656813	0.172889389	1.169232695	0.9247793192	0.9238759572
-4.230769231	-0.3333333333	0.1725819194	0.2017308715	1.168899223	1.079359244	1.077997343
-4.230769231	-0.2820512821	0.1972981576	0.2305723539	1.168649301	1.233939169	1.232118728
-4.230769231	-0.2307692308	0.2220143957	0.2594138363	1.168455025	1.388519093	1.386240114
-4.230769231	-0.1794871795	0.2467306339	0.2882553188	1.168299673	1.543099018	1.5403615
-4.230769231	-0.1282051282	0.271446872	0.3170968012	1.168172611	1.697678943	1.694482885
-4.230769231	-0.07692307692	0.2961631102	0.3459382836	1.168066757	1.852258868	1.848604271
-4.230769231	-0.02564102564	0.3208793483	0.3747797661	1.16797721	2.006838792	2.002725656
-4.230769231	0.02564102564	0.3455955864	0.4036212485	1.167900472	2.161418717	2.156847042
-4.230769231	0.07692307692	0.3703118246	0.4324627309	1.167833977	2.315998642	2.310968428
-4.230769231	0.1282051282	0.3950280627	0.4613042134	1.167775804	2.470578566	2.465089813
-4.230769231	0.1794871795	0.4197443009	0.4901456958	1.167724481	2.625158491	2.619211199
-4.230769231	0.2307692308	0.444460539	0.5189871782	1.167678866	2.779738416	2.773332584
-4.230769231	0.2820512821	0.4691767772	0.5478286607	1.167638057	2.934318341	2.92745397
-4.230769231	0.3333333333	0.4938930153	0.5766701431	1.167601333	3.088898265	3.081575356
-4.230769231	0.3846153846	0.5186092534	0.6055116256	1.167568109	3.24347819	3.235696741
-4.230769231	0.4358974359	0.5433254916	0.634353108	1.167537908	3.398058115	3.389818127
-4.230769231	0.4871794872	0.5680417297	0.6631945904	1.167510335	3.55263804	3.543939512
-4.230769231	0.5384615385	0.5927579679	0.6920360729	1.167485062	3.707217964	3.698060898
-4.230769231	0.5897435897	0.617474206	0.7208775553	1.167461812	3.861797889	3.852182284
-4.230769231	0.641025641	0.6421904442	0.7497190377	1.167440351	4.016377814	4.006303669
-4.230769231	0.6923076923	0.6669066823	0.7785605202	1.167420481	4.170957738	4.160425055
-4.230769231	0.7435897436	0.6916229205	0.8074020026	1.167402032	4.325537663	4.31454644
-4.230769231	0.7948717949	0.7163391586	0.836243485	1.167384855	4.480117588	4.468667826
-4.230769231	0.8461538462	0.7410553967	0.8650849675	1.167368825	4.634697513	4.622789212
-4.230769231	0.8974358974	0.7657716349	0.8939264499	1.167353829	4.789277437	4.776910597
-4.230769231	0.9487179487	0.790487873	0.9227679323	1.167339771	4.943857362	4.931031983
-4.230769231	1	0.8152041112	0.9516094148	1.167326565	5.098437287	5.085153368
-3.717948718	-1	-0.1697406347	-0.1977012071	1.164725273	-1.061589324	-1.056463864
-3.717948718	-0.9487179487	-0.1450243965	-0.1688597246	1.16435392	-0.9070093988	-0.9023424781
-3.717948718	-0.8974358974	-0.1203081584	-0.1400182422	1.163829985	-0.7524294741	-0.7482210925
-3.717948718	-0.8461538462	-0.09559192025	-0.1111767598	1.163035113	-0.5978495494	-0.594099707
-3.717948718	-0.7948717949	-0.07087568211	-0.08233527734	1.161685855	-0.4432696247	-0.4399783214
-3.717948718	-0.7435897436	-0.04615944396	-0.05349379491	1.158891666	-0.2886896999	-0.2858569358
-3.717948718	-0.6923076923	-0.02144320582	-0.02465231247	1.149656105	-0.1341097752	-0.1317355502
-3.717948718	-0.641025641	0.003273032326	0.004189169963	1.279904855	0.02047014953	0.02238583543
-3.717948718	-0.5897435897	0.02798927047	0.0330306524	1.180118375	0.1750500743	0.176507221
-3.717948718	-0.5384615385	0.05270550861	0.06187213483	1.173921597	0.329629999	0.3306286066
-3.717948718	-0.4871794872	0.07742174676	0.09071361727	1.171681357	0.4842099237	0.4847499922
-3.717948718	-0.4358974359	0.1021379849	0.1195550997	1.170525342	0.6387898484	0.6388713778
-3.717948718	-0.3846153846	0.126854223	0.1483965821	1.169819802	0.7933697732	0.7929927634
-3.717948718	-0.3333333333	0.1515704612	0.1772380646	1.169344364	0.9479496979	0.947114149
-3.717948718	-0.2820512821	0.1762866993	0.206079547	1.169002243	1.102529623	1.101235535
-3.717948718	-0.2307692308	0.2010029375	0.2349210294	1.16874426	1.257109547	1.25535692
-3.717948718	-0.1794871795	0.2257191756	0.2637625119	1.168542775	1.411689472	1.409478306
-3.717948718	-0.1282051282	0.2504354138	0.2926039943	1.16838106	1.566269397	1.563599691
-3.717948718	-0.07692307692	0.2751516519	0.3214454767	1.168248399	1.720849322	1.717721077
-3.717948718	-0.02564102564	0.2998678901	0.3502869592	1.168137606	1.875429246	1.871842463
-3.717948718	0.02564102564	0.3245841282	0.3791284416	1.168043686	2.030009171	2.025963848
-3.717948718	0.07692307692	0.3493003663	0.407969924	1.167963058	2.184589096	2.180085234
-3.717948718	0.1282051282	0.3740166045	0.4368114065	1.167893086	2.33916902	2.334206619
-3.717948718	0.1794871795	0.3987328426	0.4656528889	1.167831789	2.493748945	2.488328005
-3.717948718	0.2307692308	0.4234490808	0.4944943714	1.167777647	2.64832887	2.642449391
-3.717948718	0.2820512821	0.4481653189	0.5233358538	1.167729478	2.802908795	2.796570776
-3.717948718	0.3333333333	0.4728815571	0.5521773362	1.167686343	2.957488719	2.950692162
-3.717948718	0.3846153846	0.4975977952	0.5810188187	1.167647494	3.112068644	3.104813547
-3.717948718	0.4358974359	0.5223140333	0.6098603011	1.167612322	3.266648569	3.258934933
-3.717948718	0.4871794872	0.5470302715	0.6387017835	1.167580327	3.421228494	3.413056319
-3.717948718	0.5384615385	0.5717465096	0.667543266	1.1675511	3.575808418	3.567177704
-3.717948718	0.5897435897	0.5964627478	0.6963847484	1.167524294	3.730388343	3.72129909
-3.717948718	0.641025641	0.6211789859	0.7252262308	1.167499621	3.884968268	3.875420475
-3.717948718	0.6923076923	0.6458952241	0.7540677133	1.167476837	4.039548192	4.029541861
-3.717948718	0.7435897436	0.6706114622	0.7829091957	1.167455732	4.194128117	4.183663246
-3.717948718	0.7948717949	0.6953277004	0.8117506781	1.167436128	4.348708042	4.337784632
-3.717948718	0.8461538462	0.7200439385	0.8405921606	1.167417869	4.503287967	4.491906018
-3.717948718	0.8974358974	0.7447601766	0.869433643	1.167400823	4.657867891	4.646027403
-3.717948718	0.9487179487	0.7694764148	0.8982751254	1.167384871	4.812447816	4.800148789
-3.717948718	1	0.7941926529	0.9271166079	1.167369913	4.967027741	4.954270174
-3.205128205	-1	-0.1907520929	-0.222194014	1.164831329	-1.19299887	-1.187347058
-3.205128205	-0.9487179487	-0.1660358548	-0.1933525315	1.164522758	-1.038418945	-1.033225672
-3.205128205	-0.8974358974	-0.1413196166	-0.1645110491	1.164106251	-0.8838390201	-0.8791042864
-3.205128205	-0.8461538462	-0.1166033785	-0.1356695667	1.163513171	-0.7292590954	-0.7249829008
-3.205128205	-0.7948717949	-0.09188714035	-0.1068280842	1.162601032	-0.5746791707	-0.5708615152
-3.205128205	-0.7435897436	-0.06717090221	-0.0779866018	1.161017632	-0.4200992459	-0.4167401296
-3.205128205	-0.6923076923	-0.04245466406	-0.04914511937	1.157590584	-0.2655193212	-0.262618744
-3.205128205	-0.641025641	-0.01773842592	-0.02030363693	1.144613227	-0.1109393965	-0.1084973584
-3.205128205	-0.5897435897	0.006977812226	0.0085378455	1.223570544	0.04364052824	0.04562402718
-3.205128205	-0.5384615385	0.03169405037	0.03737932793	1.179379962	0.198220453	0.1997454128
-3.205128205	-0.4871794872	0.05641028851	0.06622081037	1.173913698	0.3528003777	0.3538667984
-3.205128205	-0.4358974359	0.08112652666	0.0950622928	1.171778168	0.5073803024	0.507988184
-3.205128205	-0.3846153846	0.1058427648	0.1239037752	1.17064001	0.6619602271	0.6621095696
-3.205128205	-0.3333333333	0.1305590029	0.1527452577	1.169932783	0.8165401519	0.8162309552
-3.205128205	-0.2820512821	0.1552752411	0.1815867401	1.169450705	0.9711200766	0.9703523407
-3.205128205	-0.2307692308	0.1799914792	0.2104282225	1.169101023	1.125700001	1.124473726
-3.205128205	-0.1794871795	0.2047077174	0.239269705	1.168835782	1.280279926	1.278595112
-3.205128205	-0.1282051282	0.2294239555	0.2681111874	1.168627691	1.434859851	1.432716498
-3.205128205	-0.07692307692	0.2541401937	0.2969526698	1.168460075	1.589439776	1.586837883
-3.205128205	-0.02564102564	0.2788564318	0.3257941523	1.168322173	1.7440197	1.740959269
-3.205128205	0.02564102564	0.30357267	0.3546356347	1.168206725	1.898599625	1.895080654
-3.205128205	0.07692307692	0.3282889081	0.3834771171	1.168108662	2.05317955	2.04920204
-3.205128205	0.1282051282	0.3530051462	0.4123185996	1.16802433	2.207759474	2.203323426
-3.205128205	0.1794871795	0.3777213844	0.441160082	1.167951035	2.362339399	2.357444811
-3.205128205	0.2307692308	0.4024376225	0.4700015645	1.167886744	2.516919324	2.511566197
-3.205128205	0.2820512821	0.4271538607	0.4988430469	1.167829892	2.671499249	2.665687582
-3.205128205	0.3333333333	0.4518700988	0.5276845293	1.167779259	2.826079173	2.819808968
-3.205128205	0.3846153846	0.476586337	0.5565260118	1.167733879	2.980659098	2.973930353
-3.205128205	0.4358974359	0.5013025751	0.5853674942	1.167692973	3.135239023	3.128051739
-3.205128205	0.4871794872	0.5260188132	0.6142089766	1.167655911	3.289818947	3.282173125
-3.205128205	0.5384615385	0.5507350514	0.6430504591	1.167622176	3.444398872	3.43629451
-3.205128205	0.5897435897	0.5754512895	0.6718919415	1.167591339	3.598978797	3.590415896
-3.205128205	0.641025641	0.6001675277	0.7007334239	1.167563041	3.753558722	3.744537281
-3.205128205	0.6923076923	0.6248837658	0.7295749064	1.167536983	3.908138646	3.898658667
-3.205128205	0.7435897436	0.649600004	0.7584163888	1.167512907	4.062718571	4.052780053
-3.205128205	0.7948717949	0.6743162421	0.7872578712	1.167490596	4.217298496	4.206901438
-3.205128205	0.8461538462	0.6990324803	0.8160993537	1.167469863	4.371878421	4.361022824
-3.205128205	0.8974358974	0.7237487184	0.8449408361	1.167450546	4.526458345	4.515144209
-3.205128205	0.9487179487	0.7484649565	0.8737823185	1.167432504	4.68103827	4.669265595
-3.205128205	1	0.7731811947	0.902623801	1.167415616	4.835618195	4.823386981
-2.692307692	-1	-0.2117635512	-0.2466868209	1.16491634	-1.324408416	-1.318230251
-2.692307692	-0.9487179487	-0.187047313	-0.2178453384	1.164653664	-1.169828491	-1.164108866
-2.692307692	-0.8974358974	-0.1623310749	-0.189003856	1.164310999	-1.015248566	-1.00998748
-2.692307692	-0.8461538462	-0.1376148367	-0.1601623736	1.163845246	-0.8606686414	-0.8558660946
-2.692307692	-0.7948717949	-0.1128985986	-0.1313208911	1.163175564	-0.7060887167	-0.701744709
-2.692307692	-0.7435897436	-0.08818236045	-0.1024794087	1.162130478	-0.551508792	-0.5476233235
-2.692307692	-0.6923076923	-0.06346612231	-0.07363792627	1.160271395	-0.3969288672	-0.3935019379
-2.692307692	-0.641025641	-0.03874988416	-0.04479644383	1.156040716	-0.2423489425	-0.2393805523
-2.692307692	-0.5897435897	-0.01403364602	-0.0159549614	1.136907784	-0.08776901778	-0.08525916667
-2.692307692	-0.5384615385	0.01068259213	0.01288652104	1.206310312	0.06681090695	0.06886221893
-2.692307692	-0.4871794872	0.03539883027	0.04172800347	1.178796111	0.2213908317	0.2229836045
-2.692307692	-0.4358974359	0.06011506841	0.07056948591	1.173906772	0.3759707564	0.3771049901
-2.692307692	-0.3846153846	0.08483130656	0.09941096834	1.171866524	0.5305506811	0.5312263757
-2.692307692	-0.3333333333	0.1095475447	0.1282524508	1.170746922	0.6851306059	0.6853477613
-2.692307692	-0.2820512821	0.1342637828	0.1570939332	1.170039529	0.8397105306	0.8394691469
-2.692307692	-0.2307692308	0.158980021	0.1859354156	1.169552089	0.9942904553	0.9935905325
-2.692307692	-0.1794871795	0.1836962591	0.2147768981	1.169195819	1.14887038	1.147711918
-2.692307692	-0.1282051282	0.2084124973	0.2436183805	1.168924051	1.303450305	1.301833304
-2.692307692	-0.07692307692	0.2331287354	0.2724598629	1.168709908	1.458030229	1.455954689
-2.692307692	-0.02564102564	0.2578449736	0.3013013454	1.16853682	1.612610154	1.610076075
-2.692307692	0.02564102564	0.2825612117	0.3301428278	1.168394012	1.767190079	1.76419746
-2.692307692	0.07692307692	0.3072774499	0.3589843103	1.168274178	1.921770004	1.918318846
-2.692307692	0.1282051282	0.331993688	0.3878257927	1.168172187	2.076349928	2.072440232
-2.692307692	0.1794871795	0.3567099261	0.4166672751	1.16808433	2.230929853	2.226561617
-2.692307692	0.2307692308	0.3814261643	0.4455087576	1.168007859	2.385509778	2.380683003
-2.692307692	0.2820512821	0.4061424024	0.47435024	1.167940696	2.540089703	2.534804388
-2.692307692	0.3333333333	0.4308586406	0.5031917224	1.167881238	2.694669627	2.688925774
-2.692307692	0.3846153846	0.4555748787	0.5320332049	1.167828231	2.849249552	2.84304716
-2.692307692	0.4358974359	0.4802911169	0.5608746873	1.167780681	3.003829477	2.997168545
-2.692307692	0.4871794872	0.505007355	0.5897161697	1.167737784	3.158409401	3.151289931
-2.692307692	0.5384615385	0.5297235931	0.6185576522	1.167698891	3.312989326	3.305411316
-2.692307692	0.5897435897	0.5544398313	0.6473991346	1.167663465	3.467569251	3.459532702
-2.692307692	0.641025641	0.5791560694	0.676240617	1.167631063	3.622149176	3.613654088
-2.692307692	0.6923076923	0.6038723076	0.7050820995	1.167601313	3.7767291	3.767775473
-2.692307692	0.7435897436	0.6285885457	0.7339235819	1.167573903	3.931309025	3.921896859
-2.692307692	0.7948717949	0.6533047839	0.7627650643	1.167548567	4.08588895	4.076018244
-2.692307692	0.8461538462	0.678021022	0.7916065468	1.167525078	4.240468875	4.23013963
-2.692307692	0.8974358974	0.7027372602	0.8204480292	1.167503242	4.395048799	4.384261016
-2.692307692	0.9487179487	0.7274534983	0.8492895116	1.167482889	4.549628724	4.538382401
-2.692307692	1	0.7521697364	0.8781309941	1.167463874	4.704208649	4.692503787
-2.179487179	-1	-0.2327750094	-0.2711796278	1.164986003	-1.455817962	-1.449113445
-2.179487179	-0.9487179487	-0.2080587713	-0.2423381453	1.16475813	-1.301238037	-1.29499206
-2.179487179	-0.8974358974	-0.1833425331	-0.2134966629	1.164468818	-1.146658112	-1.140870674
-2.179487179	-0.8461538462	-0.158626295	-0.1846551805	1.164089349	-0.9920781874	-0.9867492885
-2.179487179	-0.7948717949	-0.1339100568	-0.155813698	1.1635698	-0.8374982627	-0.8326279029
-2.179487179	-0.7435897436	-0.1091938187	-0.1269722156	1.162815049	-0.682918338	-0.6785065173
-2.179487179	-0.6923076923	-0.08447758055	-0.09813073317	1.161618651	-0.5283384132	-0.5243851317
-2.179487179	-0.641025641	-0.0597613424	-0.06928925073	1.159432636	-0.3737584885	-0.3702637461
-2.179487179	-0.5897435897	-0.03504510426	-0.0404477683	1.154163161	-0.2191785638	-0.2161423605
-2.179487179	-0.5384615385	-0.01032886612	-0.01160628586	1.123674732	-0.06459863907	-0.06202097491
-2.179487179	-0.4871794872	0.01438737203	0.01723519657	1.197939175	0.08998128566	0.09210041068
-2.179487179	-0.4358974359	0.03910361017	0.04607667901	1.178322892	0.2445612104	0.2462217963
-2.179487179	-0.3846153846	0.06381984831	0.07491816144	1.17390065	0.3991411351	0.4003431819
-2.179487179	-0.3333333333	0.08853608646	0.1037596439	1.171947485	0.5537210598	0.5544645675
-2.179487179	-0.2820512821	0.1132523246	0.1326011263	1.170846839	0.7083009846	0.7085859531
-2.179487179	-0.2307692308	0.1379685627	0.1614426087	1.170140542	0.8628809093	0.8627073387
-2.179487179	-0.1794871795	0.1626848009	0.1902840912	1.169648856	1.017460834	1.016828724
-2.179487179	-0.1282051282	0.187401039	0.2191255736	1.169286866	1.172040759	1.17095011
-2.179487179	-0.07692307692	0.2121172772	0.2479670561	1.169009236	1.326620683	1.325071495
-2.179487179	-0.02564102564	0.2368335153	0.2768085385	1.168789553	1.481200608	1.479192881
-2.179487179	0.02564102564	0.2615497535	0.3056500209	1.16861139	1.635780533	1.633314267
-2.179487179	0.07692307692	0.2862659916	0.3344915034	1.168463992	1.790360458	1.787435652
-2.179487179	0.1282051282	0.3109822298	0.3633329858	1.168340024	1.944940382	1.941557038
-2.179487179	0.1794871795	0.3356984679	0.3921744682	1.168234311	2.099520307	2.095678423
-2.179487179	0.2307692308	0.360414706	0.4210159507	1.168143096	2.254100232	2.249799809
-2.179487179	0.2820512821	0.3851309442	0.4498574331	1.16806359	2.408680157	2.403921195
-2.179487179	0.3333333333	0.4098471823	0.4786989155	1.167993672	2.563260081	2.55804258
-2.179487179	0.3846153846	0.4345634205	0.507540398	1.167931708	2.717840006	2.712163966
-2.179487179	0.4358974359	0.4592796586	0.5363818804	1.167876413	2.872419931	2.866285351
-2.179487179	0.4871794872	0.4839958968	0.5652233628	1.167826766	3.026999855	3.020406737
-2.179487179	0.5384615385	0.5087121349	0.5940648453	1.167781943	3.18157978	3.174528123
-2.179487179	0.5897435897	0.533428373	0.6229063277	1.167741274	3.336159705	3.328649508
-2.179487179	0.641025641	0.5581446112	0.6517478101	1.167704206	3.49073963	3.482770894
-2.179487179	0.6923076923	0.5828608493	0.6805892926	1.167670282	3.645319554	3.636892279
-2.179487179	0.7435897436	0.6075770875	0.709430775	1.167639119	3.799899479	3.791013665
-2.179487179	0.7948717949	0.6322933256	0.7382722574	1.167610391	3.954479404	3.945135051
-2.179487179	0.8461538462	0.6570095638	0.7671137399	1.167583826	4.109059329	4.099256436
-2.179487179	0.8974358974	0.6817258019	0.7959552223	1.167559186	4.263639253	4.253377822
-2.179487179	0.9487179487	0.7064420401	0.8247967047	1.16753627	4.418219178	4.407499207
-2.179487179	1	0.7311582782	0.8536381872	1.167514904	4.572799103	4.561620593
-1.666666667	-1	-0.2537864677	-0.2956724347	1.165044131	-1.587227508	-1.579996639
-1.666666667	-0.9487179487	-0.2290702295	-0.2668309522	1.164843432	-1.432647583	-1.425875254
-1.666666667	-0.8974358974	-0.2043539914	-0.2379894698	1.164594184	-1.278067658	-1.271753868
-1.666666667	-0.8461538462	-0.1796377532	-0.2091479874	1.164276348	-1.123487733	-1.117632482
-1.666666667	-0.7948717949	-0.1549215151	-0.1803065049	1.163857098	-0.9689078087	-0.9635110967
-1.666666667	-0.7435897436	-0.1302052769	-0.1514650225	1.163278679	-0.814327884	-0.8093897111
-1.666666667	-0.6923076923	-0.1054890388	-0.1226235401	1.16242921	-0.6597479593	-0.6552683255
-1.666666667	-0.641025641	-0.08077280065	-0.09378205763	1.161059873	-0.5051680345	-0.5011469399
-1.666666667	-0.5897435897	-0.0560565625	-0.06494057519	1.158483009	-0.3505881098	-0.3470255544
-1.666666667	-0.5384615385	-0.03134032436	-0.03609909276	1.151841709	-0.1960081851	-0.1929041688
-1.666666667	-0.4871794872	-0.006624086217	-0.007257610325	1.095639472	-0.04142826035	-0.03878278316
-1.666666667	-0.4358974359	0.01809215193	0.02158387211	1.1929964	0.1131516644	0.1153386024
-1.666666667	-0.3846153846	0.04280839007	0.05042535454	1.17793158	0.2677315891	0.269459988
-1.666666667	-0.3333333333	0.06752462821	0.07926683698	1.173895201	0.4223115138	0.4235813736
-1.666666667	-0.2820512821	0.09224086636	0.1081083194	1.172021943	0.5768914386	0.5777027592
-1.666666667	-0.2307692308	0.1169571045	0.1369498018	1.170940427	0.7314713633	0.7318241448
-1.666666667	-0.1794871795	0.1416733426	0.1657912843	1.170236272	0.886051288	0.8859455304
-1.666666667	-0.1282051282	0.1663895808	0.1946327667	1.169741313	1.040631213	1.040066916
-1.666666667	-0.07692307692	0.1911058189	0.2234742492	1.169374383	1.195211137	1.194188302
-1.666666667	-0.02564102564	0.2158220571	0.2523157316	1.169091496	1.349791062	1.348309687
-1.666666667	0.02564102564	0.2405382952	0.281157214	1.168866744	1.504370987	1.502431073
-1.666666667	0.07692307692	0.2652545334	0.3099986965	1.168683877	1.658950912	1.656552458
-1.666666667	0.1282051282	0.2899707715	0.3388401789	1.168532184	1.813530836	1.810673844
-1.666666667	0.1794871795	0.3146870097	0.3676816613	1.168404319	1.968110761	1.96479523
-1.666666667	0.2307692308	0.3394032478	0.3965231438	1.168295078	2.122690686	2.118916615
-1.666666667	0.2820512821	0.3641194859	0.4253646262	1.168200667	2.277270611	2.273038001
-1.666666667	0.3333333333	0.3888357241	0.4542061086	1.168118258	2.431850535	2.427159386
-1.666666667	0.3846153846	0.4135519622	0.4830475911	1.1680457	2.58643046	2.581280772
-1.666666667	0.4358974359	0.4382682004	0.5118890735	1.167981325	2.741010385	2.735402158
-1.666666667	0.4871794872	0.4629844385	0.5407305559	1.167923824	2.895590309	2.889523543
-1.666666667	0.5384615385	0.4877006767	0.5695720384	1.167872151	3.050170234	3.043644929
-1.666666667	0.5897435897	0.5124169148	0.5984135208	1.167825463	3.204750159	3.197766314
-1.666666667	0.641025641	0.5371331529	0.6272550032	1.167783072	3.359330084	3.3518877
-1.666666667	0.6923076923	0.5618493911	0.6560964857	1.16774441	3.513910008	3.506009086
-1.666666667	0.7435897436	0.5865656292	0.6849379681	1.167709006	3.668489933	3.660130471
-1.666666667	0.7948717949	0.6112818674	0.7137794505	1.167676466	3.823069858	3.814251857
-1.666666667	0.8461538462	0.6359981055	0.742620933	1.167646454	3.977649783	3.968373242
-1.666666667	0.8974358974	0.6607143437	0.7714624154	1.167618688	4.132229707	4.122494628
-1.666666667	0.9487179487	0.6854305818	0.8003038978	1.167592925	4.286809632	4.276616013
-1.666666667	1	0.71014682	0.8291453803	1.167568955	4.441389557	4.430737399
-1.153846154	-1	-0.2747979259	-0.3201652416	1.16509337	-1.718637054	-1.710879833
-1.153846154	-0.9487179487	-0.2500816878	-0.2913237591	1.1649144	-1.564057129	-1.556758447
-1.153846154	-0.8974358974	-0.2253654496	-0.2624822767	1.164696173	-1.409477204	-1.402637062
-1.153846154	-0.8461538462	-0.2006492115	-0.2336407943	1.164424184	-1.254897279	-1.248515676
-1.153846154	-0.7948717949	-0.1759329733	-0.2047993118	1.164075773	-1.100317355	-1.094394291
-1.153846154	-0.7435897436	-0.1512167352	-0.1759578294	1.163613466	-0.94573743	-0.940272905
-1.153846154	-0.6923076923	-0.126500497	-0.147116347	1.162970505	-0.7911575053	-0.7861515194
-1.153846154	-0.641025641	-0.1017842589	-0.1182748645	1.162015284	-0.6365775805	-0.6320301338
-1.153846154	-0.5897435897	-0.07706802075	-0.08943338209	1.160447371	-0.4819976558	-0.4779087482
-1.153846154	-0.5384615385	-0.0523517826	-0.06059189966	1.157398978	-0.3274177311	-0.3237873626
-1.153846154	-0.4871794872	-0.02763554446	-0.03175041722	1.148897836	-0.1728378064	-0.169665977
-1.153846154	-0.4358974359	-0.002919306316	-0.002908934788	0.9964472626	-0.01825788164	-0.01554459141
-1.153846154	-0.3846153846	0.02179693183	0.02593254765	1.189733851	0.1363220431	0.1385767942
-1.153846154	-0.3333333333	0.04651316997	0.05477403008	1.177602604	0.2909019678	0.2926981798
-1.153846154	-0.2820512821	0.07122940812	0.08361551252	1.173890318	0.4454818925	0.4468195654
-1.153846154	-0.2307692308	0.09594564626	0.112456995	1.172090651	0.6000618173	0.600940951
-1.153846154	-0.1794871795	0.1206618844	0.1412984774	1.171028267	0.754641742	0.7550623366
-1.153846154	-0.1282051282	0.1453781225	0.1701399598	1.170327122	0.9092216667	0.9091837222
-1.153846154	-0.07692307692	0.1700943607	0.1989814423	1.169829743	1.063801591	1.063305108
-1.153846154	-0.02564102564	0.1948105988	0.2278229247	1.169458572	1.218381516	1.217426493
-1.153846154	0.02564102564	0.219526837	0.2566644071	1.16917098	1.372961441	1.371547879
-1.153846154	0.07692307692	0.2442430751	0.2855058896	1.168941594	1.527541366	1.525669265
-1.153846154	0.1282051282	0.2689593133	0.314347372	1.168754367	1.68212129	1.67979065
-1.153846154	0.1794871795	0.2936755514	0.3431888544	1.168598655	1.836701215	1.833912036
-1.153846154	0.2307692308	0.3183917896	0.3720303369	1.168467118	1.99128114	1.988033421
-1.153846154	0.2820512821	0.3431080277	0.4008718193	1.168354532	2.145861065	2.142154807
-1.153846154	0.3333333333	0.3678242658	0.4297133017	1.168257077	2.300440989	2.296276193
-1.153846154	0.3846153846	0.392540504	0.4585547842	1.168171894	2.455020914	2.450397578
-1.153846154	0.4358974359	0.4172567421	0.4873962666	1.168096803	2.609600839	2.604518964
-1.153846154	0.4871794872	0.4419729803	0.516237749	1.168030111	2.764180763	2.758640349
-1.153846154	0.5384615385	0.4666892184	0.5450792315	1.167970482	2.918760688	2.912761735
-1.153846154	0.5897435897	0.4914054566	0.5739207139	1.167916852	3.073340613	3.06688312
-1.153846154	0.641025641	0.5161216947	0.6027621963	1.167868358	3.227920538	3.221004506
-1.153846154	0.6923076923	0.5408379328	0.6316036788	1.167824297	3.382500462	3.375125892
-1.153846154	0.7435897436	0.565554171	0.6604451612	1.167784087	3.537080387	3.529247277
-1.153846154	0.7948717949	0.5902704091	0.6892866436	1.167747244	3.691660312	3.683368663
-1.153846154	0.8461538462	0.6149866473	0.7181281261	1.167713363	3.846240237	3.837490048
-1.153846154	0.8974358974	0.6397028854	0.7469696085	1.1676821	4.000820161	3.991611434
-1.153846154	0.9487179487	0.6644191236	0.7758110909	1.167653163	4.155400086	4.14573282
-1.153846154	1	0.6891353617	0.8046525734	1.167626301	4.309980011	4.299854205
-0.641025641	-1	-0.2958093841	-0.3446580485	1.165135614	-1.8500466	-1.841763027
-0.641025641	-0.9487179487	-0.271093146	-0.315816566	1.164974367	-1.695466675	-1.687641641
-0.641025641	-0.8974358974	-0.2463769079	-0.2869750836	1.164780767	-1.54088675	-1.533520256
-0.641025641	-0.8461538462	-0.2216606697	-0.2581336012	1.164543992	-1.386306825	-1.37939887
-0.641025641	-0.7948717949	-0.1969444316	-0.2292921187	1.164247788	-1.231726901	-1.225277484
-0.641025641	-0.7435897436	-0.1722281934	-0.2004506363	1.163866567	-1.077146976	-1.071156099
-0.641025641	-0.6923076923	-0.1475119553	-0.1716091539	1.163357597	-0.9225670513	-0.9170347132
-0.641025641	-0.641025641	-0.1227957171	-0.1427676714	1.162643737	-0.7679871266	-0.7629133276
-0.641025641	-0.5897435897	-0.09807947899	-0.113926189	1.161570087	-0.6134072018	-0.608791942
-0.641025641	-0.5384615385	-0.07336324085	-0.08508470655	1.159773009	-0.4588272771	-0.4546705564
-0.641025641	-0.4871794872	-0.0486470027	-0.05624322412	1.156149834	-0.3042473524	-0.3005491708
-0.641025641	-0.4358974359	-0.02393076456	-0.02740174169	1.145042467	-0.1496674277	-0.1464277853
-0.641025641	-0.3846153846	0.0007854735839	0.001439740749	1.83295884	0.004912497071	0.007693600342
-0.641025641	-0.3333333333	0.02550171173	0.03028122318	1.187419241	0.1594924218	0.1618149859
-0.641025641	-0.2820512821	0.05021794987	0.05912270562	1.177322168	0.3140723465	0.3159363715
-0.641025641	-0.2307692308	0.07493418802	0.08796418805	1.173885918	0.4686522712	0.4700577571
-0.641025641	-0.1794871795	0.09965042616	0.1168056705	1.17215425	0.623232196	0.6241791427
-0.641025641	-0.1282051282	0.1243666643	0.1456471529	1.171110874	0.7778121207	0.7783005283
-0.641025641	-0.07692307692	0.1490829024	0.1744886354	1.170413458	0.9323920454	0.9324219139
-0.641025641	-0.02564102564	0.1737991406	0.2033301178	1.169914403	1.08697197	1.0865433
-0.641025641	0.02564102564	0.1985153787	0.2321716002	1.169539618	1.241551895	1.240664685
-0.641025641	0.07692307692	0.2232316169	0.2610130827	1.169247826	1.39613182	1.394786071
-0.641025641	0.1282051282	0.247947855	0.2898545651	1.169014207	1.550711744	1.548907456
-0.641025641	0.1794871795	0.2726640932	0.3186960475	1.168822942	1.705291669	1.703028842
-0.641025641	0.2307692308	0.2973803313	0.34753753	1.16866347	1.859871594	1.857150227
-0.641025641	0.2820512821	0.3220965695	0.3763790124	1.168528473	2.014451519	2.011271613
-0.641025641	0.3333333333	0.3468128076	0.4052204948	1.168412717	2.169031443	2.165392999
-0.641025641	0.3846153846	0.3715290457	0.4340619773	1.168312363	2.323611368	2.319514384
-0.641025641	0.4358974359	0.3962452839	0.4629034597	1.168224528	2.478191293	2.47363577
-0.641025641	0.4871794872	0.420961522	0.4917449421	1.168147007	2.632771217	2.627757155
-0.641025641	0.5384615385	0.4456777602	0.5205864246	1.168078085	2.787351142	2.781878541
-0.641025641	0.5897435897	0.4703939983	0.549427907	1.168016405	2.941931067	2.935999927
-0.641025641	0.641025641	0.4951102365	0.5782693894	1.167960884	3.096510992	3.090121312
-0.641025641	0.6923076923	0.5198264746	0.6071108719	1.167910642	3.251090916	3.244242698
-0.641025641	0.7435897436	0.5445427127	0.6359523543	1.167864962	3.405670841	3.398364083
-0.641025641	0.7948717949	0.5692589509	0.6647938367	1.167823248	3.560250766	3.552485469
-0.641025641	0.8461538462	0.593975189	0.6936353192	1.167785005	3.714830691	3.706606855
-0.641025641	0.8974358974	0.6186914272	0.7224768016	1.167749818	3.869410615	3.86072824
-0.641025641	0.9487179487	0.6434076653	0.751318284	1.167717335	4.02399054	4.014849626
-0.641025641	1	0.6681239035	0.7801597665	1.167687254	4.178570465	4.168971011
-0.1282051282	-1	-0.3168208424	-0.3691508554	1.165172255	-1.981456146	-1.972646221
-0.1282051282	-0.9487179487	-0.2921046042	-0.3403093729	1.165025707	-1.826876221	-1.818524835
-0.1282051282	-0.8974358974	-0.2673883661	-0.3114678905	1.164852065	-1.672296296	-1.664403449
-0.1282051282	-0.8461538462	-0.242672128	-0.2826264081	1.164643053	-1.517716371	-1.510282064
-0.1282051282	-0.7948717949	-0.2179558898	-0.2537849256	1.164386637	-1.363136447	-1.356160678
-0.1282051282	-0.7435897436	-0.1932396517	-0.2249434432	1.164064628	-1.208556522	-1.202039293
-0.1282051282	-0.6923076923	-0.1685234135	-0.1961019608	1.163648164	-1.053976597	-1.047917907
-0.1282051282	-0.641025641	-0.1438071754	-0.1672604783	1.163088545	-0.8993966726	-0.8937965215
-0.1282051282	-0.5897435897	-0.1190909372	-0.1384189959	1.162296637	-0.7448167478	-0.7396751359
-0.1282051282	-0.5384615385	-0.09437469909	-0.1095775135	1.161089937	-0.5902368231	-0.5855537503
-0.1282051282	-0.4871794872	-0.06965846095	-0.08073603102	1.159026914	-0.4356568984	-0.4314323647
-0.1282051282	-0.4358974359	-0.0449422228	-0.05189454858	1.154694747	-0.2810769737	-0.2773109791
-0.1282051282	-0.3846153846	-0.02022598466	-0.02305306615	1.139774727	-0.1264970489	-0.1231895935
-0.1282051282	-0.3333333333	0.004490253484	0.005788416286	1.289106797	0.02808287578	0.03093179209
-0.1282051282	-0.2820512821	0.02920649163	0.03462989872	1.185691837	0.1826628005	0.1850531777
-0.1282051282	-0.2307692308	0.05392272977	0.06347138115	1.177080267	0.3372427252	0.3391745633
-0.1282051282	-0.1794871795	0.07863896792	0.09231286359	1.173881932	0.49182265	0.4932959489
-0.1282051282	-0.1282051282	0.1033552061	0.121154346	1.172213289	0.6464025747	0.6474173345
-0.1282051282	-0.07692307692	0.1280714442	0.1499958285	1.171188702	0.8009824994	0.8015387201
-0.1282051282	-0.02564102564	0.1527876823	0.1788373109	1.170495606	0.9555624241	0.9556601057
-0.1282051282	0.02564102564	0.1775039205	0.2076787933	1.169995529	1.110142349	1.109781491
-0.1282051282	0.07692307692	0.2022201586	0.2365202758	1.169617695	1.264722274	1.263902877
-0.1282051282	0.1282051282	0.2269363968	0.2653617582	1.169322162	1.419302198	1.418024262
-0.1282051282	0.1794871795	0.2516526349	0.2942032406	1.169084682	1.573882123	1.572145648
-0.1282051282	0.2307692308	0.2763688731	0.3230447231	1.168889678	1.728462048	1.726267034
-0.1282051282	0.2820512821	0.3010851112	0.3518862055	1.16872669	1.883041972	1.880388419
-0.1282051282	0.3333333333	0.3258013494	0.3807276879	1.168588432	2.037621897	2.034509805
-0.1282051282	0.3846153846	0.3505175875	0.4095691704	1.168469672	2.192201822	2.18863119
-0.1282051282	0.4358974359	0.3752338256	0.4384106528	1.168366557	2.346781747	2.342752576
-0.1282051282	0.4871794872	0.3999500638	0.4672521352	1.168276186	2.501361671	2.496873962
-0.1282051282	0.5384615385	0.4246663019	0.4960936177	1.168196335	2.655941596	2.650995347
-0.1282051282	0.5897435897	0.4493825401	0.5249351001	1.168125268	2.810521521	2.805116733
-0.1282051282	0.641025641	0.4740987782	0.5537765825	1.168061611	2.965101446	2.959238118
-0.1282051282	0.6923076923	0.4988150164	0.582618065	1.168004262	3.11968137	3.113359504
-0.1282051282	0.7435897436	0.5235312545	0.6114595474	1.167952328	3.274261295	3.26748089
-0.1282051282	0.7948717949	0.5482474926	0.6403010298	1.167905077	3.42884122	3.421602275
-0.1282051282	0.8461538462	0.5729637308	0.6691425123	1.167861902	3.583421144	3.575723661
-0.1282051282	0.8974358974	0.5976799689	0.6979839947	1.167822298	3.738001069	3.729845046
-0.1282051282	0.9487179487	0.6223962071	0.7268254772	1.167785839	3.892580994	3.883966432
-0.1282051282	1	0.6471124452	0.7556669596	1.167752166	4.047160919	4.038087818
0.3846153846	-1	-0.3378323006	-0.3936436623	1.165204338	-2.112865692	-2.103529414
0.3846153846	-0.9487179487	-0.3131160625	-0.3648021798	1.165070156	-1.958285767	-1.949408029
0.3846153846	-0.8974358974	-0.2883998243	-0.3359606974	1.164912975	-1.803705842	-1.795286643
0.3846153846	-0.8461538462	-0.2636835862	-0.307119215	1.164726327	-1.649125917	-1.641165258
0.3846153846	-0.7948717949	-0.2389673481	-0.2782777325	1.16450107	-1.494545993	-1.487043872
0.3846153846	-0.7435897436	-0.2142511099	-0.2494362501	1.164223841	-1.339966068	-1.332922487
0.3846153846	-0.6923076923	-0.1895348718	-0.2205947677	1.163874308	-1.185386143	-1.178801101
0.3846153846	-0.641025641	-0.1648186336	-0.1917532852	1.163419942	-1.030806219	-1.024679715
0.3846153846	-0.5897435897	-0.1401023955	-0.1629118028	1.162805263	-0.8762262939	-0.8705583297
0.3846153846	-0.5384615385	-0.1153861573	-0.1340703204	1.161927249	-0.7216463691	-0.7164369441
0.3846153846	-0.4871794872	-0.09066991919	-0.1052288379	1.160570549	-0.5670664444	-0.5623155585
0.3846153846	-0.4358974359	-0.06595368105	-0.07638735548	1.158196999	-0.4124865197	-0.4081941729
0.3846153846	-0.3846153846	-0.0412374429	-0.04754587305	1.152978209	-0.257906595	-0.2540727873
0.3846153846	-0.3333333333	-0.01652120476	-0.01870439061	1.13214447	-0.1033266702	-0.09995140175
0.3846153846	-0.2820512821	0.008195033385	0.01013709182	1.23697993	0.05125325449	0.05416998385
0.3846153846	-0.2307692308	0.03291127153	0.03897857426	1.184353337	0.2058331792	0.2082913694
0.3846153846	-0.1794871795	0.05762750967	0.06782005669	1.176869469	0.3604131039	0.362412755
0.3846153846	-0.1282051282	0.08234374782	0.09666153913	1.173878305	0.5149930287	0.5165341406
0.3846153846	-0.07692307692	0.107059986	0.1255030216	1.172268242	0.6695729534	0.6706555262
0.3846153846	-0.02564102564	0.1317762241	0.154344504	1.171262153	0.8241528781	0.8247769118
0.3846153846	0.02564102564	0.1564924622	0.1831859864	1.170573865	0.9787328029	0.9788982974
0.3846153846	0.07692307692	0.1812087004	0.2120274689	1.170073338	1.133312728	1.133019683
0.3846153846	0.1282051282	0.2059249385	0.2408689513	1.169692962	1.287892652	1.287141069
0.3846153846	0.1794871795	0.2306411767	0.2697104337	1.169394111	1.442472577	1.441262454
0.3846153846	0.2307692308	0.2553574148	0.2985519162	1.169153112	1.597052502	1.59538384
0.3846153846	0.2820512821	0.280073653	0.3273933986	1.168954649	1.751632426	1.749505225
0.3846153846	0.3333333333	0.3047898911	0.356234881	1.168788373	1.906212351	1.903626611
0.3846153846	0.3846153846	0.3295061293	0.3850763635	1.168647043	2.060792276	2.057747997
0.3846153846	0.4358974359	0.3542223674	0.4139178459	1.168525435	2.215372201	2.211869382
0.3846153846	0.4871794872	0.3789386055	0.4427593283	1.168419691	2.369952125	2.365990768
0.3846153846	0.5384615385	0.4036548437	0.4716008108	1.168326896	2.52453205	2.520112153
0.3846153846	0.5897435897	0.4283710818	0.5004422932	1.16824481	2.679111975	2.674233539
0.3846153846	0.641025641	0.45308732	0.5292837756	1.16817168	2.8336919	2.828354925
0.3846153846	0.6923076923	0.4778035581	0.5581252581	1.168106115	2.988271824	2.98247631
0.3846153846	0.7435897436	0.5025197963	0.5869667405	1.168047	3.142851749	3.136597696
0.3846153846	0.7948717949	0.5272360344	0.6158082229	1.167993428	3.297431674	3.290719081
0.3846153846	0.8461538462	0.5519522725	0.6446497054	1.167944653	3.452011598	3.444840467
0.3846153846	0.8974358974	0.5766685107	0.6734911878	1.167900059	3.606591523	3.598961853
0.3846153846	0.9487179487	0.6013847488	0.7023326703	1.167859131	3.761171448	3.753083238
0.3846153846	1	0.626100987	0.7311741527	1.167821434	3.915751373	3.907204624
0.8974358974	-1	-0.3588437589	-0.4181364692	1.165232664	-2.244275238	-2.234412608
0.8974358974	-0.9487179487	-0.3341275207	-0.3892949867	1.165109015	-2.089695313	-2.080291223
0.8974358974	-0.8974358974	-0.3094112826	-0.3604535043	1.164965612	-1.935115388	-1.926169837
0.8974358974	-0.8461538462	-0.2846950444	-0.3316120219	1.16479731	-1.780535464	-1.772048452
0.8974358974	-0.7948717949	-0.2599788063	-0.3027705394	1.164597006	-1.625955539	-1.617927066
0.8974358974	-0.7435897436	-0.2352625682	-0.273929057	1.164354615	-1.471375614	-1.46380568
0.8974358974	-0.6923076923	-0.21054633	-0.2450875746	1.164055315	-1.316795689	-1.309684295
0.8974358974	-0.641025641	-0.1858300919	-0.2162460921	1.163676399	-1.162215765	-1.155562909
0.8974358974	-0.5897435897	-0.1611138537	-0.1874046097	1.163181225	-1.00763584	-1.001441524
0.8974358974	-0.5384615385	-0.1363976156	-0.1585631272	1.162506592	-0.8530559152	-0.847320138
0.8974358974	-0.4871794872	-0.1116813774	-0.1297216448	1.161533353	-0.6984759904	-0.6931987524
0.8974358974	-0.4358974359	-0.08696513929	-0.1008801624	1.160006909	-0.5438960657	-0.5390773668
0.8974358974	-0.3846153846	-0.06224890115	-0.07203867994	1.157268299	-0.389316141	-0.3849559812
0.8974358974	-0.3333333333	-0.037532663	-0.04319719751	1.150922798	-0.2347362162	-0.2308345956
0.8974358974	-0.2820512821	-0.01281642486	-0.01435571508	1.120102933	-0.08015629152	-0.07671321
0.8974358974	-0.2307692308	0.01189981329	0.01448576736	1.217310475	0.07442363321	0.0774081756
0.8974358974	-0.1794871795	0.03661605143	0.04332724979	1.183285693	0.2290035579	0.2315295612
0.8974358974	-0.1282051282	0.06133228957	0.07216873223	1.176684137	0.3835834827	0.3856509468
0.8974358974	-0.07692307692	0.08604852772	0.1010102147	1.173874991	0.5381634074	0.5397723324
0.8974358974	-0.02564102564	0.1107647659	0.1298516971	1.17231952	0.6927433321	0.693893718
0.8974358974	0.02564102564	0.135481004	0.1586931795	1.171331588	0.8473232568	0.8480151036
0.8974358974	0.07692307692	0.1601972421	0.187534662	1.170648505	1.001903182	1.002136489
0.8974358974	0.1282051282	0.1849134803	0.2163761444	1.170148028	1.156483106	1.156257875
0.8974358974	0.1794871795	0.2096297184	0.2452176268	1.169765569	1.311063031	1.31037926
0.8974358974	0.2307692308	0.2343459566	0.2740591093	1.169463785	1.465642956	1.464500646
0.8974358974	0.2820512821	0.2590621947	0.3029005917	1.169219585	1.62022288	1.618622032
0.8974358974	0.3333333333	0.2837784329	0.3317420741	1.169017923	1.774802805	1.772743417
0.8974358974	0.3846153846	0.308494671	0.3605835566	1.168848575	1.92938273	1.926864803
0.8974358974	0.4358974359	0.3332109092	0.389425039	1.16870435	2.083962655	2.080986188
0.8974358974	0.4871794872	0.3579271473	0.4182665214	1.168580044	2.238542579	2.235107574
0.8974358974	0.5384615385	0.3826433854	0.4471080039	1.168471796	2.393122504	2.38922896
0.8974358974	0.5897435897	0.4073596236	0.4759494863	1.168376684	2.547702429	2.543350345
0.8974358974	0.641025641	0.4320758617	0.5047909687	1.168292454	2.702282354	2.697471731
0.8974358974	0.6923076923	0.4567920999	0.5336324512	1.168217339	2.856862278	2.851593116
0.8974358974	0.7435897436	0.481508338	0.5624739336	1.168149935	3.011442203	3.005714502
0.8974358974	0.7948717949	0.5062245762	0.5913154161	1.168089113	3.166022128	3.159835887
0.8974358974	0.8461538462	0.5309408143	0.6201568985	1.168033954	3.320602052	3.313957273
0.8974358974	0.8974358974	0.5556570524	0.6489983809	1.167983702	3.475181977	3.468078659
0.8974358974	0.9487179487	0.5803732906	0.6778398634	1.16793773	3.629761902	3.622200044
0.8974358974	1	0.6050895287	0.7066813458	1.167895513	3.784341827	3.77632143
1.41025641	-1	-0.3798552171	-0.4426292761	1.165257856	-2.375684784	-2.365295802
1.41025641	-0.9487179487	-0.355138979	-0.4137877936	1.165143277	-2.221104859	-2.211174417
1.41025641	-0.8974358974	-0.3304227408	-0.3849463112	1.165011555	-2.066524934	-2.057053031
1.41025641	-0.8461538462	-0.3057065027	-0.3561048288	1.164858535	-1.91194501	-1.902931645
1.41025641	-0.7948717949	-0.2809902645	-0.3272633463	1.164678594	-1.757365085	-1.74881026
1.41025641	-0.7435897436	-0.2562740264	-0.2984218639	1.164463945	-1.60278516	-1.594688874
1.41025641	-0.6923076923	-0.2315577883	-0.2695803815	1.164203474	-1.448205235	-1.440567489
1.41025641	-0.641025641	-0.2068415501	-0.240738899	1.163880753	-1.293625311	-1.286446103
1.41025641	-0.5897435897	-0.182125312	-0.2118974166	1.163470439	-1.139045386	-1.132324717
1.41025641	-0.5384615385	-0.1574090738	-0.1830559341	1.16293127	-0.9844654612	-0.9782033318
1.41025641	-0.4871794872	-0.1326928357	-0.1542144517	1.162191244	-0.8298855364	-0.8240819462
1.41025641	-0.4358974359	-0.1079765975	-0.1253729693	1.161112428	-0.6753056117	-0.6699605606
1.41025641	-0.3846153846	-0.08326035939	-0.09653148684	1.159393108	-0.520725687	-0.515839175
1.41025641	-0.3333333333	-0.05854412125	-0.06769000441	1.156222059	-0.3661457623	-0.3617177894
1.41025641	-0.2820512821	-0.0338278831	-0.03884852197	1.148417176	-0.2115658375	-0.2075964038
1.41025641	-0.2307692308	-0.009111644958	-0.01000703954	1.098269257	-0.05698591281	-0.05347501825
1.41025641	-0.1794871795	0.01560459319	0.0188344429	1.206980706	0.09759401192	0.1006463673
1.41025641	-0.1282051282	0.04032083133	0.04767592533	1.182414245	0.2521739366	0.2547677529
1.41025641	-0.07692307692	0.06503706947	0.07651740777	1.17651992	0.4067538614	0.4088891385
1.41025641	-0.02564102564	0.08975330762	0.1053588902	1.17387195	0.5613337861	0.5630105241
1.41025641	0.02564102564	0.1144695458	0.1342003726	1.172367478	0.7159137108	0.7171319097
1.41025641	0.07692307692	0.1391857839	0.1630418551	1.171397326	0.8704936355	0.8712532953
1.41025641	0.1282051282	0.163902022	0.1918833375	1.17071977	1.02507356	1.025374681
1.41025641	0.1794871795	0.1886182602	0.2207248199	1.170219785	1.179653485	1.179496067
1.41025641	0.2307692308	0.2133344983	0.2495663024	1.169835654	1.33423341	1.333617452
1.41025641	0.2820512821	0.2380507365	0.2784077848	1.16953129	1.488813334	1.487738838
1.41025641	0.3333333333	0.2627669746	0.3072492672	1.169284183	1.643393259	1.641860223
1.41025641	0.3846153846	0.2874832128	0.3360907497	1.169079566	1.797973184	1.795981609
1.41025641	0.4358974359	0.3121994509	0.3649322321	1.168907348	1.952553109	1.950102994
1.41025641	0.4871794872	0.3369156891	0.3937737145	1.168760397	2.107133033	2.10422438
1.41025641	0.5384615385	0.3616319272	0.422615197	1.168633534	2.261712958	2.258345766
1.41025641	0.5897435897	0.3863481653	0.4514566794	1.168522902	2.416292883	2.412467151
1.41025641	0.641025641	0.4110644035	0.4802981618	1.168425575	2.570872808	2.566588537
1.41025641	0.6923076923	0.4357806416	0.5091396443	1.168339287	2.725452732	2.720709922
1.41025641	0.7435897436	0.4604968798	0.5379811267	1.168262263	2.880032657	2.874831308
1.41025641	0.7948717949	0.4852131179	0.5668226092	1.168193085	3.034612582	3.028952694
1.41025641	0.8461538462	0.5099293561	0.5956640916	1.168130614	3.189192506	3.183074079
1.41025641	0.8974358974	0.5346455942	0.624505574	1.168073918	3.343772431	3.337195465
1.41025641	0.9487179487	0.5593618323	0.6533470565	1.168022233	3.498352356	3.49131685
1.41025641	1	0.5840780705	0.6821885389	1.167974922	3.652932281	3.645438236
1.923076923	-1	-0.4008666754	-0.467122083	1.165280408	-2.50709433	-2.496178996
1.923076923	-0.9487179487	-0.3761504372	-0.4382806005	1.16517371	-2.352514405	-2.34205761
1.923076923	-0.8974358974	-0.3514341991	-0.4094391181	1.165052005	-2.19793448	-2.187936225
1.923076923	-0.8461538462	-0.3267179609	-0.3805976357	1.164911885	-2.043354556	-2.033814839
1.923076923	-0.7948717949	-0.3020017228	-0.3517561532	1.16474883	-1.888774631	-1.879693454
1.923076923	-0.7435897436	-0.2772854846	-0.3229146708	1.164556707	-1.734194706	-1.725572068
1.923076923	-0.6923076923	-0.2525692465	-0.2940731883	1.164326981	-1.579614781	-1.571450682
1.923076923	-0.641025641	-0.2278530084	-0.2652317059	1.164047417	-1.425034857	-1.417329297
1.923076923	-0.5897435897	-0.2031367702	-0.2363902235	1.163699823	-1.270454932	-1.263207911
1.923076923	-0.5384615385	-0.1784205321	-0.207548741	1.163255925	-1.115875007	-1.109086526
1.923076923	-0.4871794872	-0.1537042939	-0.1787072586	1.162669266	-0.9612950825	-0.9549651401
1.923076923	-0.4358974359	-0.1289880558	-0.1498657762	1.16185778	-0.8067151577	-0.8008437545
1.923076923	-0.3846153846	-0.1042718176	-0.1210242937	1.160661591	-0.652135233	-0.6467223689
1.923076923	-0.3333333333	-0.07955557949	-0.09218281131	1.15872214	-0.4975553083	-0.4926009833
1.923076923	-0.2820512821	-0.05483934135	-0.06334132887	1.155034457	-0.3429753835	-0.3384795977
1.923076923	-0.2307692308	-0.0301231032	-0.03449984644	1.145295231	-0.1883954588	-0.1843582121
1.923076923	-0.1794871795	-0.005406865058	-0.005658364002	1.046514744	-0.0338155341	-0.03023682649
1.923076923	-0.1282051282	0.01930937309	0.02318311843	1.200614765	0.1207643906	0.1238845591
1.923076923	-0.07692307692	0.04402561123	0.05202460087	1.181689462	0.2753443154	0.2780059447
1.923076923	-0.02564102564	0.06874184937	0.0808660833	1.176373403	0.4299242401	0.4321273303
1.923076923	0.02564102564	0.09345808752	0.1097075657	1.17386915	0.5845041648	0.5862487159
1.923076923	0.07692307692	0.1181743257	0.1385490482	1.172412429	0.7390840895	0.7403701015
1.923076923	0.1282051282	0.1428905638	0.1673905306	1.171459655	0.8936640143	0.8944914871
1.923076923	0.1794871795	0.1676068019	0.196232013	1.170787884	1.048243939	1.048612873
1.923076923	0.2307692308	0.1923230401	0.2250734955	1.170288777	1.202823864	1.202734258
1.923076923	0.2820512821	0.2170392782	0.2539149779	1.169903346	1.357403788	1.356855644
1.923076923	0.3333333333	0.2417555164	0.2827564603	1.169596726	1.511983713	1.510977029
1.923076923	0.3846153846	0.2664717545	0.3115979428	1.169346985	1.666563638	1.665098415
1.923076923	0.4358974359	0.2911879927	0.3404394252	1.169139641	1.821143563	1.819219801
1.923076923	0.4871794872	0.3159042308	0.3692809076	1.168964742	1.975723487	1.973341186
1.923076923	0.5384615385	0.340620469	0.3981223901	1.168815225	2.130303412	2.127462572
1.923076923	0.5897435897	0.3653367071	0.4269638725	1.168685939	2.284883337	2.281583957
1.923076923	0.641025641	0.3900529452	0.455805355	1.168573037	2.439463262	2.435705343
1.923076923	0.6923076923	0.4147691834	0.4846468374	1.168473592	2.594043186	2.589826729
1.923076923	0.7435897436	0.4394854215	0.5134883198	1.168385331	2.748623111	2.743948114
1.923076923	0.7948717949	0.4642016597	0.5423298023	1.16830647	2.903203036	2.8980695
1.923076923	0.8461538462	0.4889178978	0.5711712847	1.168235582	3.05778296	3.052190885
1.923076923	0.8974358974	0.513634136	0.6000127671	1.168171516	3.212362885	3.206312271
1.923076923	0.9487179487	0.5383503741	0.6288542496	1.168113333	3.36694281	3.360433657
1.923076923	1	0.5630666122	0.657695732	1.168060257	3.521522735	3.514555042
2.435897436	-1	-0.4218781336	-0.4916148899	1.165300713	-2.638503876	-2.62706219
2.435897436	-0.9487179487	-0.3971618955	-0.4627734074	1.165200924	-2.483923951	-2.472940804
2.435897436	-0.8974358974	-0.3724456573	-0.433931925	1.16508789	-2.329344026	-2.318819419
2.435897436	-0.8461538462	-0.3477294192	-0.4050904425	1.164958788	-2.174764102	-2.164698033
2.435897436	-0.7948717949	-0.323013181	-0.3762489601	1.164809928	-2.020184177	-2.010576647
2.435897436	-0.7435897436	-0.2982969429	-0.3474074777	1.1646364	-1.865604252	-1.856455262
2.435897436	-0.6923076923	-0.2735807047	-0.3185659952	1.164431518	-1.711024327	-1.702333876
2.435897436	-0.641025641	-0.2488644666	-0.2897245128	1.164185939	-1.556444403	-1.548212491
2.435897436	-0.5897435897	-0.2241482285	-0.2608830304	1.163886202	-1.401864478	-1.394091105
2.435897436	-0.5384615385	-0.1994319903	-0.2320415479	1.163512171	-1.247284553	-1.23996972
2.435897436	-0.4871794872	-0.1747157522	-0.2032000655	1.163032314	-1.092704628	-1.085848334
2.435897436	-0.4358974359	-0.149999514	-0.1743585831	1.16239432	-0.9381247037	-0.9317269483
2.435897436	-0.3846153846	-0.1252832759	-0.1455171006	1.161504595	-0.783544779	-0.7776055627
2.435897436	-0.3333333333	-0.1005670377	-0.1166756182	1.160177538	-0.6289648543	-0.6234841771
2.435897436	-0.2820512821	-0.07585079959	-0.08783413577	1.157985628	-0.4743849296	-0.4693627915
2.435897436	-0.2307692308	-0.05113456145	-0.05899265333	1.153674768	-0.3198050048	-0.3152414059
2.435897436	-0.1794871795	-0.0264183233	-0.0301511709	1.141297673	-0.1652250801	-0.1611200203
2.435897436	-0.1282051282	-0.001702085158	-0.001309688465	0.7694611867	-0.01064515538	-0.006998634741
2.435897436	-0.07692307692	0.02301415299	0.02753179397	1.196298382	0.1439347693	0.1471227509
2.435897436	-0.02564102564	0.04773039113	0.0563732764	1.181077194	0.2985146941	0.3012441364
2.435897436	0.02564102564	0.07244662927	0.08521475884	1.176241872	0.4530946188	0.455365522
2.435897436	0.07692307692	0.09716286742	0.1140562413	1.173866563	0.6076745435	0.6094869076
2.435897436	0.1282051282	0.1218791056	0.1428977237	1.172454647	0.7622544682	0.7636082932
2.435897436	0.1794871795	0.1465953437	0.1717392061	1.171518834	0.916834393	0.9177296788
2.435897436	0.2307692308	0.1713115818	0.2005806886	1.170853053	1.071414318	1.071851064
2.435897436	0.2820512821	0.19602782	0.229422171	1.170355162	1.225994242	1.22597245
2.435897436	0.3333333333	0.2207440581	0.2582636534	1.169968767	1.380574167	1.380093836
2.435897436	0.3846153846	0.2454602963	0.2871051359	1.169660186	1.535154092	1.534215221
2.435897436	0.4358974359	0.2701765344	0.3159466183	1.169408065	1.689734017	1.688336607
2.435897436	0.4871794872	0.2948927726	0.3447881007	1.169198206	1.844313941	1.842457992
2.435897436	0.5384615385	0.3196090107	0.3736295832	1.169020806	1.998893866	1.996579378
2.435897436	0.5897435897	0.3443252489	0.4024710656	1.168868873	2.153473791	2.150700764
2.435897436	0.641025641	0.369041487	0.4313125481	1.168737292	2.308053716	2.304822149
2.435897436	0.6923076923	0.3937577251	0.4601540305	1.168622229	2.46263364	2.458943535
2.435897436	0.7435897436	0.4184739633	0.4889955129	1.168520758	2.617213565	2.61306492
2.435897436	0.7948717949	0.4431902014	0.5178369954	1.168430605	2.77179349	2.767186306
2.435897436	0.8461538462	0.4679064396	0.5466784778	1.168349977	2.926373414	2.921307692
2.435897436	0.8974358974	0.4926226777	0.5755199602	1.168277439	3.080953339	3.075429077
2.435897436	0.9487179487	0.5173389159	0.6043614427	1.168211832	3.235533264	3.229550463
2.435897436	1	0.542055154	0.6332029251	1.168152208	3.390113189	3.383671848
2.948717949	-1	-0.4428895918	-0.5161076968	1.165319091	-2.769913422	-2.757945384
2.948717949	-0.9487179487	-0.4181733537	-0.4872662143	1.165225402	-2.615333497	-2.603823998
2.948717949	-0.8974358974	-0.3934571156	-0.4584247319	1.165119943	-2.460753572	-2.449702613
2.948717949	-0.8461538462	-0.3687408774	-0.4295832494	1.165000345	-2.306173648	-2.295581227
2.948717949	-0.7948717949	-0.3440246393	-0.400741767	1.164863563	-2.151593723	-2.141459841
2.948717949	-0.7435897436	-0.3193084011	-0.3719002846	1.164705605	-1.997013798	-1.987338456
2.948717949	-0.6923076923	-0.294592163	-0.3430588021	1.164521142	-1.842433873	-1.83321707
2.948717949	-0.641025641	-0.2698759248	-0.3142173197	1.164302892	-1.687853949	-1.679095685
2.948717949	-0.5897435897	-0.2451596867	-0.2853758373	1.164040635	-1.533274024	-1.524974299
2.948717949	-0.5384615385	-0.2204434486	-0.2565343548	1.163719569	-1.378694099	-1.370852913
2.948717949	-0.4871794872	-0.1957272104	-0.2276928724	1.163317415	-1.224114174	-1.216731528
2.948717949	-0.4358974359	-0.1710109723	-0.19885139	1.162799014	-1.06953425	-1.062610142
2.948717949	-0.3846153846	-0.1462947341	-0.1700099075	1.162105448	-0.914954325	-0.9084887566
2.948717949	-0.3333333333	-0.121578496	-0.1411684251	1.161129885	-0.7603744003	-0.754367371
2.948717949	-0.2820512821	-0.09686225783	-0.1123269427	1.159656456	-0.6057944756	-0.6002459854
2.948717949	-0.2307692308	-0.07214601969	-0.08348546023	1.157173474	-0.4512145509	-0.4461245998
2.948717949	-0.1794871795	-0.04742978154	-0.0546439778	1.152102667	-0.2966346261	-0.2920032142
2.948717949	-0.1282051282	-0.0227135434	-0.02580249536	1.13599604	-0.1420547014	-0.1378818286
2.948717949	-0.07692307692	0.002002694743	0.003038987072	1.517448969	0.01252522333	0.01623955701
2.948717949	-0.02564102564	0.02671893289	0.03188046951	1.193178996	0.1671051481	0.1703609426
2.948717949	0.02564102564	0.05143517103	0.06072195194	1.180553126	0.3216850728	0.3244823282
2.948717949	0.07692307692	0.07615140917	0.08956343438	1.176123139	0.4762649975	0.4786037138
2.948717949	0.1282051282	0.1008676473	0.1184049168	1.173864167	0.6308449222	0.6327250994
2.948717949	0.1794871795	0.1255838855	0.1472463992	1.172494375	0.785424847	0.786846485
2.948717949	0.2307692308	0.1503001236	0.1760878817	1.171575096	0.9400047717	0.9409678706
2.948717949	0.2820512821	0.1750163617	0.2049293641	1.170915462	1.094584696	1.095089256
2.948717949	0.3333333333	0.1997325999	0.2337708465	1.170419084	1.249164621	1.249210642
2.948717949	0.3846153846	0.224448838	0.262612329	1.170032027	1.403744546	1.403332027
2.948717949	0.4358974359	0.2491650762	0.2914538114	1.16972176	1.558324471	1.557453413
2.948717949	0.4871794872	0.2738813143	0.3202952939	1.169467492	1.712904395	1.711574799
2.948717949	0.5384615385	0.2985975525	0.3491367763	1.169255318	1.86748432	1.865696184
2.948717949	0.5897435897	0.3233137906	0.3779782587	1.169075584	2.022064245	2.01981757
2.948717949	0.641025641	0.3480300288	0.4068197412	1.168921379	2.176644169	2.173938955
2.948717949	0.6923076923	0.3727462669	0.4356612236	1.168787624	2.331224094	2.328060341
2.948717949	0.7435897436	0.397462505	0.464502706	1.168670504	2.485804019	2.482181727
2.948717949	0.7948717949	0.4221787432	0.4933441885	1.168567097	2.640383944	2.636303112
2.948717949	0.8461538462	0.4468949813	0.5221856709	1.168475129	2.794963868	2.790424498
2.948717949	0.8974358974	0.4716112195	0.5510271533	1.1683928	2.949543793	2.944545883
2.948717949	0.9487179487	0.4963274576	0.5798686358	1.168318671	3.104123718	3.098667269
2.948717949	1	0.5210436958	0.6087101182	1.168251575	3.258703643	3.252788655
3.461538462	-1	-0.4639010501	-0.5406005036	1.165335805	-2.901322968	-2.888828578
3.461538462	-0.9487179487	-0.4391848119	-0.5117590212	1.165247539	-2.746743043	-2.734707192
3.461538462	-0.8974358974	-0.4144685738	-0.4829175388	1.165148745	-2.592163118	-2.580585806
3.461538462	-0.8461538462	-0.3897523357	-0.4540760563	1.165037422	-2.437583194	-2.426464421
3.461538462	-0.7948717949	-0.3650360975	-0.4252345739	1.164911023	-2.283003269	-2.272343035
3.461538462	-0.7435897436	-0.3403198594	-0.3963930915	1.164766265	-2.128423344	-2.11822165
3.461538462	-0.6923076923	-0.3156036212	-0.367551609	1.164598833	-1.973843419	-1.964100264
3.461538462	-0.641025641	-0.2908873831	-0.3387101266	1.164402949	-1.819263495	-1.809978878
3.461538462	-0.5897435897	-0.2661711449	-0.3098686442	1.164170685	-1.66468357	-1.655857493
3.461538462	-0.5384615385	-0.2414549068	-0.2810271617	1.163890871	-1.510103645	-1.501736107
3.461538462	-0.4871794872	-0.2167386687	-0.2521856793	1.163547238	-1.35552372	-1.347614722
3.461538462	-0.4358974359	-0.1920224305	-0.2233441969	1.163115144	-1.200943796	-1.193493336
3.461538462	-0.3846153846	-0.1673061924	-0.1945027144	1.162555382	-1.046363871	-1.03937195
3.461538462	-0.3333333333	-0.1425899542	-0.165661232	1.161801565	-0.8917839463	-0.8852505648
3.461538462	-0.2820512821	-0.1178737161	-0.1368197496	1.160731621	-0.7372040216	-0.7311291792
3.461538462	-0.2307692308	-0.09315747793	-0.1079782671	1.159093929	-0.5826240969	-0.5770077936
3.461538462	-0.1794871795	-0.06844123979	-0.0791367847	1.156273395	-0.4280441721	-0.422886408
3.461538462	-0.1282051282	-0.04372500164	-0.05029530226	1.150264159	-0.2734642474	-0.2687650224
3.461538462	-0.07692307692	-0.0190087635	-0.02145381983	1.128627847	-0.1188843227	-0.1146436368
3.461538462	-0.02564102564	0.005707474643	0.007387662608	1.294383781	0.03569560204	0.03947774876
3.461538462	0.02564102564	0.03042371279	0.03622914504	1.190819322	0.1902755268	0.1935991344
3.461538462	0.07692307692	0.05513995093	0.06507062748	1.180099481	0.3448554515	0.34772052
3.461538462	0.1282051282	0.07985618907	0.09391210991	1.176015422	0.4994353762	0.5018419055
3.461538462	0.1794871795	0.1045724272	0.1227535923	1.173861941	0.6540153009	0.6559632911
3.461538462	0.2307692308	0.1292886654	0.1515950748	1.172531825	0.8085952257	0.8100846767
3.461538462	0.2820512821	0.1540049035	0.1804365572	1.17162865	0.9631751504	0.9642060623
3.461538462	0.3333333333	0.1787211416	0.2092780397	1.170975284	1.117755075	1.118327448
3.461538462	0.3846153846	0.2034373798	0.2381195221	1.170480677	1.272335	1.272448834
3.461538462	0.4358974359	0.2281536179	0.2669610045	1.170093233	1.426914925	1.426570219
3.461538462	0.4871794872	0.2528698561	0.295802487	1.169781529	1.581494849	1.580691605
3.461538462	0.5384615385	0.2775860942	0.3246439694	1.169525333	1.736074774	1.73481299
3.461538462	0.5897435897	0.3023023324	0.3534854518	1.169311031	1.890654699	1.888934376
3.461538462	0.641025641	0.3270185705	0.3823269343	1.169129122	2.045234623	2.043055761
3.461538462	0.6923076923	0.3517348087	0.4111684167	1.168972779	2.199814548	2.197177147
3.461538462	0.7435897436	0.3764510468	0.4400098991	1.168836965	2.354394473	2.351298533
3.461538462	0.7948717949	0.4011672849	0.4688513816	1.168717887	2.508974398	2.505419918
3.461538462	0.8461538462	0.4258835231	0.497692864	1.16861263	2.663554322	2.659541304
3.461538462	0.8974358974	0.4505997612	0.5265343464	1.16851892	2.818134247	2.813662689
3.461538462	0.9487179487	0.4753159994	0.5553758289	1.168434956	2.972714172	2.967784075
3.461538462	1	0.5000322375	0.5842173113	1.168359293	3.127294097	3.121905461
3.974358974	-1	-0.4849125083	-0.5650933105	1.16535107	-3.032732514	-3.019711771
3.974358974	-0.9487179487	-0.4601962702	-0.5362518281	1.165267654	-2.878152589	-2.865590386
3.974358974	-0.8974358974	-0.435480032	-0.5074103457	1.165174769	-2.723572664	-2.711469
3.974358974	-0.8461538462	-0.4107637939	-0.4785688632	1.165070706	-2.56899274	-2.557347615
3.974358974	-0.7948717949	-0.3860475558	-0.4497273808	1.164953318	-2.414412815	-2.403226229
3.974358974	-0.7435897436	-0.3613313176	-0.4208858984	1.16481987	-2.25983289	-2.249104843
3.974358974	-0.6923076923	-0.3366150795	-0.3920444159	1.164666825	-2.105252965	-2.094983458
3.974358974	-0.641025641	-0.3118988413	-0.3632029335	1.164489525	-1.950673041	-1.940862072
3.974358974	-0.5897435897	-0.2871826032	-0.3343614511	1.164281706	-1.796093116	-1.786740687
3.974358974	-0.5384615385	-0.262466365	-0.3055199686	1.164034746	-1.641513191	-1.632619301
3.974358974	-0.4871794872	-0.2377501269	-0.2766784862	1.16373644	-1.486933267	-1.478497915
3.974358974	-0.4358974359	-0.2130338888	-0.2478370038	1.163368914	-1.332353342	-1.32437653
3.974358974	-0.3846153846	-0.1883176506	-0.2189955213	1.162904914	-1.177773417	-1.170255144
3.974358974	-0.3333333333	-0.1636014125	-0.1901540389	1.162300716	-1.023193492	-1.016133759
3.974358974	-0.2820512821	-0.1388851743	-0.1613125565	1.16148147	-0.8686135676	-0.8620123731
3.974358974	-0.2307692308	-0.1141689362	-0.132471074	1.16030751	-0.7140336429	-0.7078909875
3.974358974	-0.1794871795	-0.08945269803	-0.1036295916	1.158484807	-0.5594537182	-0.5537696019
3.974358974	-0.1282051282	-0.06473645989	-0.07478810916	1.155270296	-0.4048737934	-0.3996482163
3.974358974	-0.07692307692	-0.04002022174	-0.04594662672	1.148085261	-0.2502938687	-0.2455268307
3.974358974	-0.02564102564	-0.0153039836	-0.01710514429	1.117692278	-0.09571394397	-0.09140544508
3.974358974	0.02564102564	0.009412254543	0.01173633815	1.246921032	0.05886598075	0.06271594051
3.974358974	0.07692307692	0.03412849269	0.04057782058	1.188971952	0.2134459055	0.2168373261
3.974358974	0.1282051282	0.05884473083	0.06941930301	1.179702958	0.3680258302	0.3709587117
3.974358974	0.1794871795	0.08356096897	0.09826078545	1.175917257	0.5226057549	0.5250800973
3.974358974	0.2307692308	0.1082772071	0.1271022679	1.173859866	0.6771856797	0.6792014829
3.974358974	0.2820512821	0.1329934453	0.1559437503	1.172567189	0.8317656044	0.8333228685
3.974358974	0.3333333333	0.1577096834	0.1847852328	1.171679689	0.9863455291	0.9874442541
3.974358974	0.3846153846	0.1824259216	0.2136267152	1.171032677	1.140925454	1.14156564
3.974358974	0.4358974359	0.2071421597	0.2424681976	1.170540068	1.295505379	1.295687025
3.974358974	0.4871794872	0.2318583978	0.2713096801	1.170152484	1.450085303	1.449808411
3.974358974	0.5384615385	0.256574636	0.3001511625	1.169839573	1.604665228	1.603929796
3.974358974	0.5897435897	0.2812908741	0.3289926449	1.169581651	1.759245153	1.758051182
3.974358974	0.641025641	0.3060071123	0.3578341274	1.169365394	1.913825077	1.912172568
3.974358974	0.6923076923	0.3307233504	0.3866756098	1.16918146	2.068405002	2.066293953
3.974358974	0.7435897436	0.3554395886	0.4155170922	1.169023107	2.222984927	2.220415339
3.974358974	0.7948717949	0.3801558267	0.4443585747	1.168885345	2.377564852	2.374536724
3.974358974	0.8461538462	0.4048720648	0.4732000571	1.168764403	2.532144776	2.52865811
3.974358974	0.8974358974	0.429588303	0.5020415395	1.168657377	2.686724701	2.682779496
3.974358974	0.9487179487	0.4543045411	0.530883022	1.168561997	2.841304626	2.836900881
3.974358974	1	0.4790207793	0.5597245044	1.16847646	2.995884551	2.991022267
4.487179487	-1	-0.5059239666	-0.5895861174	1.165365067	-3.16414206	-3.150594965
4.487179487	-0.9487179487	-0.4812077284	-0.560744635	1.165286012	-3.009562135	-2.99647358
4.487179487	-0.8974358974	-0.4564914903	-0.5319031526	1.165198397	-2.85498221	-2.842352194
4.487179487	-0.8461538462	-0.4317752521	-0.5030616701	1.16510075	-2.700402286	-2.688230808
4.487179487	-0.7948717949	-0.407059014	-0.4742201877	1.164991245	-2.545822361	-2.534109423
4.487179487	-0.7435897436	-0.3823427759	-0.4453787053	1.164867583	-2.391242436	-2.379988037
4.487179487	-0.6923076923	-0.3576265377	-0.4165372228	1.164726828	-2.236662511	-2.225866652
4.487179487	-0.641025641	-0.3329102996	-0.3876957404	1.164565172	-2.082082587	-2.071745266
4.487179487	-0.5897435897	-0.3081940614	-0.358854258	1.164377588	-1.927502662	-1.91762388
4.487179487	-0.5384615385	-0.2834778233	-0.3300127755	1.164157294	-1.772922737	-1.763502495
4.487179487	-0.4871794872	-0.2587615851	-0.3011712931	1.163894915	-1.618342813	-1.609381109
4.487179487	-0.4358974359	-0.234045347	-0.2723298107	1.163577119	-1.463762888	-1.455259724
4.487179487	-0.3846153846	-0.2093291089	-0.2434883282	1.163184277	-1.309182963	-1.301138338
4.487179487	-0.3333333333	-0.1846128707	-0.2146468458	1.162686247	-1.154603038	-1.147016952
4.487179487	-0.2820512821	-0.1598966326	-0.1858053634	1.162034249	-1.000023114	-0.9928955669
4.487179487	-0.2307692308	-0.1351803944	-0.1569638809	1.16114383	-0.8454431889	-0.8387741813
4.487179487	-0.1794871795	-0.1104641563	-0.1281223985	1.15985495	-0.6908632642	-0.6846527957
4.487179487	-0.1282051282	-0.08574791813	-0.09928091606	1.157823049	-0.5362833394	-0.5305314101
4.487179487	-0.07692307692	-0.06103167999	-0.07043943362	1.154145415	-0.3817034147	-0.3764100245
4.487179487	-0.02564102564	-0.03631544184	-0.04159795119	1.145461795	-0.22712349	-0.2222886389
4.487179487	0.02564102564	-0.0115992037	-0.01275646875	1.099771078	-0.07254356526	-0.06816725333
4.487179487	0.07692307692	0.01311703444	0.01608501368	1.226269074	0.08203635946	0.08595413227
4.487179487	0.1282051282	0.03783327259	0.04492649612	1.187486385	0.2366162842	0.2400755179
4.487179487	0.1794871795	0.06254951073	0.07376797855	1.179353406	0.3911962089	0.3941969035
4.487179487	0.2307692308	0.08726574888	0.102609461	1.175827427	0.5457761336	0.5483182891
4.487179487	0.2820512821	0.111981987	0.1314509434	1.173857929	0.7003560584	0.7024396746
4.487179487	0.3333333333	0.1366982252	0.1602924259	1.172600637	0.8549359831	0.8565610602
4.487179487	0.3846153846	0.1614144633	0.1891339083	1.171728384	1.009515908	1.010682446
4.487179487	0.4358974359	0.1861307015	0.2179753907	1.171087784	1.164095833	1.164803831
4.487179487	0.4871794872	0.2108469396	0.2468168732	1.170597371	1.318675757	1.318925217
4.487179487	0.5384615385	0.2355631777	0.2756583556	1.17020987	1.473255682	1.473046603
4.487179487	0.5897435897	0.2602794159	0.304499838	1.169895964	1.627835607	1.627167988
4.487179487	0.641025641	0.284995654	0.3333413205	1.169636504	1.782415531	1.781289374
4.487179487	0.6923076923	0.3097118922	0.3621828029	1.169418456	1.936995456	1.935410759
4.487179487	0.7435897436	0.3344281303	0.3910242853	1.169232639	2.091575381	2.089532145
4.487179487	0.7948717949	0.3591443685	0.4198657678	1.169072397	2.246155306	2.243653531
4.487179487	0.8461538462	0.3838606066	0.4487072502	1.168932791	2.40073523	2.397774916
4.487179487	0.8974358974	0.4085768447	0.4775487326	1.168810075	2.555315155	2.551896302
4.487179487	0.9487179487	0.4332930829	0.5063902151	1.16870136	2.70989508	2.706017687
4.487179487	1	0.458009321	0.5352316975	1.168604378	2.864475005	2.860139073
5	-1	-0.5269354248	-0.6140789243	1.165377948	-3.295551606	-3.281478159
5	-0.9487179487	-0.5022191867	-0.5852374419	1.165302835	-3.140971681	-3.127356773
5	-0.8974358974	-0.4775029485	-0.5563959595	1.165219945	-2.986391756	-2.973235388
5	-0.8461538462	-0.4527867104	-0.527554477	1.165128006	-2.831811832	-2.819114002
5	-0.7948717949	-0.4280704722	-0.4987129946	1.16502545	-2.677231907	-2.664992617
5	-0.7435897436	-0.4033542341	-0.4698715122	1.164910326	-2.522651982	-2.510871231
5	-0.6923076923	-0.378637996	-0.4410300297	1.164780171	-2.368072057	-2.356749846
5	-0.641025641	-0.3539217578	-0.4121885473	1.164631838	-2.213492133	-2.20262846
5	-0.5897435897	-0.3292055197	-0.3833470649	1.164461232	-2.058912208	-2.048507074
5	-0.5384615385	-0.3044892815	-0.3545055824	1.164262928	-1.904332283	-1.894385689
5	-0.4871794872	-0.2797730434	-0.3256641	1.164029586	-1.749752359	-1.740264303
5	-0.4358974359	-0.2550568052	-0.2968226176	1.163751021	-1.595172434	-1.586142918
5	-0.3846153846	-0.2303405671	-0.2679811351	1.163412674	-1.440592509	-1.432021532
5	-0.3333333333	-0.205624329	-0.2391396527	1.162992988	-1.286012584	-1.277900146
5	-0.2820512821	-0.1809080908	-0.2102981703	1.162458624	-1.13143266	-1.123778761
5	-0.2307692308	-0.1561918527	-0.1814566878	1.161755141	-0.9768527349	-0.9696573751
5	-0.1794871795	-0.1314756145	-0.1526152054	1.160787162	-0.8222728102	-0.8155359896
5	-0.1282051282	-0.1067593764	-0.123773723	1.159370981	-0.6676928855	-0.661414604
5	-0.07692307692	-0.08204313823	-0.09493224052	1.157101527	-0.5131129607	-0.5072932184
5	-0.02564102564	-0.05732690009	-0.06609075809	1.152875142	-0.358533036	-0.3531718328
5	0.02564102564	-0.03261066194	-0.03724927565	1.142242243	-0.2039531113	-0.1990504472
5	0.07692307692	-0.0078944238	-0.008407793216	1.065029371	-0.04937318655	-0.04492906158
5	0.1282051282	0.01682181434	0.02043368922	1.214713752	0.1052067382	0.109192324
5	0.1794871795	0.04153805249	0.04927517165	1.186265814	0.2597866629	0.2633137096
5	0.2307692308	0.06625429063	0.07811665409	1.179042947	0.4143665876	0.4174350952
5	0.2820512821	0.09097052878	0.1069581365	1.175744914	0.5689465124	0.5715564808
5	0.3333333333	0.1156867669	0.135799619	1.173856117	0.7235264371	0.7256778664
5	0.3846153846	0.1404030051	0.1646411014	1.172632319	0.8781063618	0.879799252
5	0.4358974359	0.1651192432	0.1934825838	1.171774895	1.032686287	1.033920638
5	0.4871794872	0.1898354814	0.2223240663	1.171140741	1.187266211	1.188042023
5	0.5384615385	0.2145517195	0.2511655487	1.170652695	1.341846136	1.342163409
5	0.5897435897	0.2392679576	0.2800070311	1.170265479	1.496426061	1.496284794
5	0.641025641	0.2639841958	0.3088485136	1.169950772	1.651005985	1.65040618
5	0.6923076923	0.2887004339	0.337689996	1.16968995	1.80558591	1.804527566
5	0.7435897436	0.3134166721	0.3665314784	1.169470265	1.960165835	1.958648951
5	0.7948717949	0.3381329102	0.3953729609	1.169282696	2.11474576	2.112770337
5	0.8461538462	0.3628491484	0.4242144433	1.169120681	2.269325684	2.266891722
5	0.8974358974	0.3875653865	0.4530559257	1.16897933	2.423905609	2.421013108
5	0.9487179487	0.4122816246	0.4818974082	1.168854927	2.578485534	2.575134494
5	1	0.4369978628	0.5107388906	1.168744596	2.733065459	2.729255879
