# VHH-NNLO multi-axis scan points
# process: ZHH
# energy_tev: 14
# scan_axes: kappa_lambda,kappa_z
# windows: kappa_lambda=[-0.7,6.1]; kappa_z=[0.9,1.2]
# n_points: kappa_lambda:40,kappa_z:40
# fixed_kappa: 1,1,1,1
#
kappa_lambda	kappa_z	sigma_lo	sigma_nnlo	k	sigma_heft_over_sm_lo	sigma_heft_over_sm_nnlo	sigma_lo_pdfas	sigma_lo_sup	sigma_lo_inf	sigma_nnlo_pdfas	sigma_nnlo_sup	sigma_nnlo_inf
-0.7	0.9	0.107797678	0.167376697	1.552692972	0.352854843	0.4010626715	0.00235622141	0.001839195314	0.001975936556	0.003108433453	0.0102082739	0.00786342004
-0.7	0.9076923077	0.1088781613	0.1694775281	1.55657963	0.356391596	0.4060966155	0.002379391006	0.001856655535	0.00199486155	0.003141683655	0.01041465305	0.008021704326
-0.7	0.9153846154	0.1100094216	0.1716755224	1.560552904	0.3600945577	0.411363379	0.002403833721	0.001875601321	0.002015240837	0.003176802341	0.01063090515	0.008187449995
-0.7	0.9230769231	0.111192376	0.1739716254	1.564600306	0.3639667299	0.4168652274	0.002429573511	0.00189606379	0.002037104307	0.003213818973	0.01085698651	0.00836062738
-0.7	0.9307692308	0.112427949	0.1763667928	1.568709511	0.3680111391	0.4226044506	0.002456634612	0.001918074306	0.002060482085	0.003252763362	0.01109285371	0.008541207039
-0.7	0.9384615385	0.1137170727	0.1788619903	1.5728684	0.3722308363	0.4285833627	0.002485041533	0.001941664476	0.002085404535	0.003293665648	0.0113384636	0.008729159751
-0.7	0.9461538462	0.1150606869	0.1814581936	1.577065099	0.3766288974	0.4348043019	0.002514819065	0.001966866153	0.002111902254	0.003336556274	0.01159377329	0.008924456521
-0.7	0.9538461538	0.1164597387	0.1841563888	1.581288013	0.3812084228	0.4412696306	0.002545992279	0.001993711434	0.002140006077	0.003381465959	0.01185874015	0.009127068575
-0.7	0.9615384615	0.1179151828	0.1869575718	1.585525862	0.3859725375	0.4479817356	0.00257858653	0.002022232661	0.002169747073	0.003428425681	0.01213332183	0.009336967366
-0.7	0.9692307692	0.1194279815	0.1898627489	1.589767712	0.3909243913	0.4549430277	0.002612627455	0.00205246242	0.002201156548	0.003477466655	0.01241747624	0.009554124567
-0.7	0.9769230769	0.1209991046	0.1928729363	1.594003005	0.3960671587	0.4621559421	0.002648140976	0.002084433542	0.002234266044	0.003528620316	0.01271116156	0.009778512078
-0.7	0.9846153846	0.1226295293	0.1959891604	1.598221582	0.4014040386	0.4696229382	0.002685153297	0.002118179101	0.00226910734	0.0035819183	0.01301433624	0.01001010202
-0.7	0.9923076923	0.1243202405	0.1992124576	1.602413708	0.4069382547	0.4773464996	0.002723690904	0.002153732419	0.002305712448	0.003637392434	0.01332695898	0.01024886674
-0.7	1	0.1260722306	0.2025438745	1.606570086	0.4126730554	0.4853291339	0.002763780565	0.002191127059	0.00234411362	0.003695074721	0.01364898877	0.01049477881
-0.7	1.007692308	0.1278864996	0.2059844679	1.610681882	0.4186117137	0.4935733734	0.002805449326	0.00223039683	0.002384343341	0.003754997332	0.01398038486	0.01074781102
-0.7	1.015384615	0.1297640547	0.2095353045	1.61474073	0.4247575272	0.5020817741	0.00284872451	0.002271575787	0.002426434332	0.003817192595	0.01432110675	0.01100793638
-0.7	1.023076923	0.1317059111	0.2131974612	1.618738745	0.4311138183	0.5108569166	0.002893633713	0.002314698227	0.002470419552	0.003881692987	0.01467111423	0.01127512814
-0.7	1.030769231	0.1337130911	0.2169720251	1.622668531	0.4376839339	0.5199014056	0.002940204804	0.002359798692	0.002516332195	0.003948531137	0.01503036734	0.01154935977
-0.7	1.038461538	0.135786625	0.2208600934	1.626523183	0.4444712457	0.52921787	0.002988465919	0.002406911972	0.002564205689	0.004017739812	0.0153988264	0.01183060494
-0.7	1.046153846	0.1379275501	0.2248627731	1.63029629	0.4514791498	0.5388089628	0.003038445456	0.002456073096	0.002614073702	0.004089351923	0.01577645198	0.01211883757
-0.7	1.053846154	0.1401369116	0.2289811818	1.633981934	0.4587110673	0.5486773616	0.003090172079	0.002507317342	0.002665970134	0.004163400523	0.01616320494	0.0124140318
-0.7	1.061538462	0.1424157622	0.2332164468	1.637574685	0.4661704437	0.5588257677	0.003143674703	0.002560680232	0.002719929124	0.004239918806	0.01655904639	0.01271616199
-0.7	1.069230769	0.1447651619	0.2375697057	1.641069596	0.4738607493	0.5692569071	0.003198982499	0.002616197529	0.002775985045	0.004318940108	0.0169639377	0.01302520271
-0.7	1.076923077	0.1471861785	0.2420421063	1.644462195	0.4817854788	0.5799735297	0.003256124888	0.002673905245	0.002834172506	0.004400497917	0.01737784053	0.01334112878
-0.7	1.084615385	0.1496798873	0.2466348061	1.647748476	0.489948152	0.5909784098	0.003315131533	0.002733839634	0.002894526354	0.004484625869	0.01780071679	0.01366391521
-0.7	1.092307692	0.1522473709	0.2513489733	1.650924885	0.4983523129	0.6022743459	0.00337603234	0.002796037196	0.002957081669	0.004571357757	0.01823252866	0.01399353728
-0.7	1.1	0.1548897197	0.2561857857	1.65398831	0.5070015304	0.6138641606	0.003438857452	0.002860534674	0.003021873771	0.004660727535	0.01867323859	0.01432997045
-0.7	1.107692308	0.1576080314	0.2611464314	1.656936065	0.515899398	0.6257507008	0.003503637243	0.002927369058	0.003088938211	0.004752769326	0.0191228093	0.01467319042
-0.7	1.115384615	0.1604034115	0.2662321088	1.659765876	0.5250495338	0.6379368377	0.003570402318	0.002996577579	0.00315831078	0.004847517424	0.01958120376	0.01502317312
-0.7	1.123076923	0.1632769728	0.271444026	1.662475862	0.5344555807	0.6504254666	0.003639183508	0.003068197716	0.003230027503	0.004945006308	0.02004838523	0.0153798947
-0.7	1.130769231	0.1662298357	0.2767834016	1.66506452	0.5441212061	0.6632195071	0.003710011864	0.00314226719	0.003304124642	0.005045270641	0.02052431723	0.01574333152
-0.7	1.138461538	0.1692631282	0.2822514641	1.667530709	0.5540501022	0.6763219029	0.003782918656	0.003218823969	0.003380638694	0.005148345283	0.02100896352	0.01611346019
-0.7	1.146153846	0.1723779857	0.2878494521	1.669873626	0.5642459856	0.6897356222	0.00385793537	0.003297906263	0.003459606392	0.005254265294	0.02150228817	0.01649025753
-0.7	1.153846154	0.1755755513	0.2935786144	1.672092796	0.5747125979	0.703463657	0.003935093703	0.00337955253	0.003541064707	0.005363065945	0.02200425548	0.01687370056
-0.7	1.161538462	0.1788569754	0.2994402098	1.674188044	0.585453705	0.717509024	0.004014425563	0.003463801468	0.003625050843	0.005474782721	0.02251483005	0.01726376657
-0.7	1.169230769	0.1822234163	0.3054355074	1.676159484	0.5964730977	0.7318747637	0.004095963062	0.003550692023	0.003711602241	0.005589451334	0.02303397672	0.01766043305
-0.7	1.176923077	0.1856760394	0.3115657862	1.678007497	0.6077745915	0.746563941	0.004179738516	0.003640263384	0.00380075658	0.005707107722	0.02356166061	0.01806367769
-0.7	1.184615385	0.1892160179	0.3178323354	1.679732715	0.6193620262	0.7615796451	0.004265784445	0.003732554987	0.003892551772	0.005827788062	0.0240978471	0.01847347845
-0.7	1.192307692	0.1928445325	0.3242364543	1.681335997	0.6312392667	0.7769249894	0.004354133566	0.003827606509	0.003987025966	0.005951528773	0.02464250184	0.01888981348
-0.7	1.2	0.1965627713	0.3307794523	1.68281842	0.6434102022	0.7926031113	0.004444818793	0.003925457873	0.004084217549	0.006078366525	0.02519559075	0.01931266117
-0.5256410256	0.9	0.118269746	0.179521223	1.517896412	0.3871331313	0.4301629951	0.002558077508	0.001892956806	0.002061153186	0.003344157692	0.0101357365	0.007824478101
-0.5256410256	0.9076923077	0.1193675922	0.1816436517	1.521716643	0.3907267186	0.4352486907	0.00258105931	0.001908026654	0.002078090269	0.003377092859	0.01034398035	0.007983829143
-0.5256410256	0.9153846154	0.1205147501	0.1838598245	1.525620926	0.3944817179	0.4405590129	0.002605269662	0.001924512645	0.002096416567	0.003411818863	0.01056165212	0.008150306672
-0.5256410256	0.9230769231	0.1217121305	0.1861706913	1.529598493	0.3984011111	0.4460962378	0.002630732107	0.001942445366	0.00211616149	0.003448365565	0.01078871137	0.008323883401
-0.5256410256	0.9307692308	0.1229606519	0.1885772121	1.533638681	0.4024879045	0.4518626655	0.002657470457	0.001961855648	0.002137354684	0.003486763164	0.01102511792	0.00850453227
-0.5256410256	0.9384615385	0.1242612404	0.1910803569	1.537730962	0.4067451293	0.4578606208	0.002685508797	0.001982774567	0.002160026032	0.003527042164	0.01127083185	0.008692226439
-0.5256410256	0.9461538462	0.1256148295	0.1936811059	1.541864975	0.4111758412	0.4640924522	0.002714871491	0.002005233442	0.002184205651	0.003569233361	0.01152581352	0.008886939295
-0.5256410256	0.9538461538	0.1270223602	0.1963804495	1.546030551	0.4157831207	0.4705605327	0.00274558318	0.002029263838	0.002209923895	0.003613367812	0.01179002353	0.009088644446
-0.5256410256	0.9615384615	0.1284847812	0.1991793881	1.550217748	0.4205700727	0.4772672595	0.002777668788	0.002054897565	0.002237211356	0.003659476822	0.01206342278	0.009297315725
-0.5256410256	0.9692307692	0.1300030485	0.2020789321	1.554416873	0.425539827	0.484215054	0.002811153521	0.002082166677	0.002266098857	0.003707591922	0.01234597242	0.009512927188
-0.5256410256	0.9769230769	0.1315781258	0.2050801023	1.558618509	0.430695538	0.4914063618	0.002846062873	0.002111103471	0.002296617462	0.003757744851	0.01263763386	0.009735453115
-0.5256410256	0.9846153846	0.1332109844	0.2081839294	1.562813535	0.4360403847	0.4988436527	0.002882422619	0.002141740491	0.002328798469	0.003809967544	0.01293836879	0.009964868011
-0.5256410256	0.9923076923	0.134902603	0.2113914543	1.566993146	0.4415775708	0.5065294208	0.002920258822	0.002174110524	0.002362673411	0.003864292115	0.01324813917	0.0102011466
-0.5256410256	1	0.1366539678	0.2147037278	1.571148875	0.4473103246	0.5144661843	0.002959597829	0.002208246603	0.002398274059	0.003920750849	0.01356690722	0.01044426384
-0.5256410256	1.007692308	0.1384660726	0.2181218111	1.575272607	0.453241899	0.5226564858	0.003000466272	0.002244182004	0.002435632418	0.003979376188	0.01389463541	0.0106941949
-0.5256410256	1.015384615	0.1403399187	0.2216467753	1.579356589	0.4593755717	0.531102892	0.003042891064	0.002281950247	0.002474780729	0.004040200724	0.01423128651	0.01095091517
-0.5256410256	1.023076923	0.142276515	0.2252797017	1.583393449	0.4657146451	0.5398079938	0.003086899399	0.0023215851	0.002515751472	0.004103257191	0.01457682353	0.01121440029
-0.5256410256	1.030769231	0.1442768779	0.2290216818	1.587376198	0.472262446	0.5487744064	0.003132518753	0.002363120573	0.00255857736	0.004168578463	0.01493120976	0.0114846261
-0.5256410256	1.038461538	0.1463420312	0.232873817	1.591298242	0.479022326	0.5580047691	0.003179776875	0.002406590919	0.002603291342	0.004236197548	0.01529440876	0.01176156866
-0.5256410256	1.046153846	0.1484730066	0.2368372189	1.595153384	0.4859976614	0.5675017457	0.00322870179	0.00245203064	0.002649926604	0.004306147583	0.01566638433	0.01204520427
-0.5256410256	1.053846154	0.1506708428	0.2409130093	1.598935831	0.4931918531	0.5772680238	0.00327932179	0.002499474479	0.002698516568	0.00437846184	0.01604710058	0.01233550945
-0.5256410256	1.061538462	0.1529365865	0.24510232	1.60264019	0.5006083266	0.5873063156	0.00333166544	0.002548957424	0.002749094893	0.004453173718	0.01643652186	0.01263246093
-0.5256410256	1.069230769	0.1552712916	0.2494062928	1.606261468	0.5082505321	0.5976193573	0.003385761563	0.002600514709	0.00280169547	0.004530316752	0.01683461278	0.01293603569
-0.5256410256	1.076923077	0.1576760198	0.25382608	1.609795074	0.5161219446	0.6082099095	0.003441639247	0.002654181812	0.002856352431	0.004609924612	0.01724133823	0.0132462109
-0.5256410256	1.084615385	0.1601518401	0.2583628436	1.613236809	0.5242260635	0.6190807568	0.003499327832	0.002709994454	0.00291310014	0.004692031103	0.01765666337	0.01356296398
-0.5256410256	1.092307692	0.1626998293	0.2630177558	1.616582863	0.532566413	0.6302347082	0.003558856915	0.002767988604	0.0029719732	0.004776670178	0.01808055363	0.01388627256
-0.5256410256	1.1	0.1653210714	0.2677919991	1.619829807	0.541146542	0.6416745968	0.003620256338	0.002828200472	0.003033006448	0.004863875934	0.01851297468	0.01421611451
-0.5256410256	1.107692308	0.1680166582	0.2726867659	1.622974584	0.5499700238	0.6534032801	0.003683556189	0.002890666515	0.003096234958	0.004953682623	0.01895389248	0.0145524679
-0.5256410256	1.115384615	0.1707876889	0.2777032589	1.626014502	0.5590404566	0.6654236395	0.003748786798	0.002955423432	0.003161694038	0.005046124655	0.01940327326	0.01489531104
-0.5256410256	1.123076923	0.1736352702	0.2828426906	1.62894722	0.5683614632	0.677738581	0.003815978729	0.00302250817	0.003229419235	0.005141236609	0.0198610835	0.01524462246
-0.5256410256	1.130769231	0.1765605165	0.288106284	1.631770736	0.5779366911	0.6903510347	0.003885162783	0.003091957918	0.003299446331	0.005239053233	0.02032728996	0.01560038091
-0.5256410256	1.138461538	0.1795645497	0.293495272	1.634483379	0.5877698123	0.7032639546	0.003956369986	0.00316381011	0.003371811342	0.005339609457	0.02080185967	0.01596256537
-0.5256410256	1.146153846	0.1826484989	0.2990108974	1.637083793	0.5978645236	0.7164803194	0.004029631593	0.003238102426	0.003446550522	0.005442940397	0.02128475991	0.01633115505
-0.5256410256	1.153846154	0.1858135013	0.3046544136	1.639570922	0.6082245464	0.7300031318	0.00410497908	0.003314872789	0.00352370036	0.005549081363	0.02177595823	0.01670612935
-0.5256410256	1.161538462	0.1890607011	0.3104270837	1.641944	0.6188536266	0.7438354187	0.004182444142	0.003394159366	0.003603297582	0.005658067867	0.02227542247	0.01708746795
-0.5256410256	1.169230769	0.1923912503	0.3163301811	1.644202533	0.6297555351	0.7579802312	0.004262058689	0.003476000571	0.00368537915	0.005769935628	0.0227831207	0.01747515069
-0.5256410256	1.176923077	0.1958063084	0.3223649892	1.646346289	0.6409340672	0.7724406448	0.004343854843	0.00356043506	0.00376998226	0.005884720582	0.0232990213	0.01786915768
-0.5256410256	1.184615385	0.1993070425	0.3285328015	1.648375278	0.6523930429	0.7872197589	0.004427864938	0.003647501736	0.003857144346	0.006002458887	0.02382309287	0.01826946924
-0.5256410256	1.192307692	0.202894627	0.3348349219	1.650289743	0.6641363068	0.8023206975	0.004514121512	0.003737239745	0.003946903078	0.006123186929	0.02435530432	0.01867606592
-0.5256410256	1.2	0.2065702441	0.341272664	1.652090142	0.6761677283	0.8177466086	0.004602657309	0.003829688477	0.00403929636	0.006246941332	0.02489562479	0.01908892846
-0.3512820513	0.9	0.1301898649	0.1934636311	1.486011459	0.4261513345	0.4635713459	0.002789463451	0.001959570126	0.002162804149	0.003617724316	0.01008307713	0.007802996032
-0.3512820513	0.9076923077	0.1313299329	0.1956403833	1.489686159	0.4298831265	0.4687872099	0.002812772231	0.001972470228	0.00217803545	0.003650946654	0.01029397873	0.007964067633
-0.3512820513	0.9153846154	0.1325180587	0.197907879	1.493440825	0.4337722264	0.4742205102	0.002837269797	0.001986718931	0.002194593289	0.00368588951	0.01051390949	0.008131965389
-0.3512820513	0.9230769231	0.1337551471	0.2002670722	1.497266285	0.437821596	0.4798735334	0.002862979276	0.002002346288	0.002212506597	0.003722582957	0.01074283222	0.008306664397
-0.3512820513	0.9307692308	0.1350421105	0.2027189275	1.501153431	0.4420342217	0.4857485903	0.002889924057	0.002019382597	0.002231804539	0.003761057387	0.01098070997	0.008488139976
-0.3512820513	0.9384615385	0.1363798688	0.2052644192	1.505093244	0.4464131145	0.4918480158	0.002918127797	0.002037858403	0.002252516518	0.003801343496	0.01122750606	0.008676367669
-0.3512820513	0.9461538462	0.1377693493	0.2079045319	1.509076822	0.4509613103	0.4981741691	0.002947614424	0.002057804493	0.002274672172	0.00384347226	0.01148318409	0.008871323243
-0.3512820513	0.9538461538	0.1392114871	0.2106402602	1.513095396	0.4556818693	0.5047294338	0.002978408139	0.0020792519	0.002298301375	0.003887474914	0.01174770791	0.009072982689
-0.3512820513	0.9615384615	0.1407072246	0.2134726091	1.517140358	0.4605778767	0.5115162173	0.003010533422	0.002102231899	0.002323434236	0.003933382938	0.01202104166	0.009281322221
-0.3512820513	0.9692307692	0.1422575119	0.2164025934	1.521203278	0.465652442	0.5185369516	0.003044015033	0.002126776013	0.002350101103	0.003981228035	0.01230314971	0.009496318277
-0.3512820513	0.9769230769	0.1438633064	0.219431238	1.525275927	0.4709086998	0.5257940927	0.003078878014	0.002152916007	0.002378332556	0.004031042119	0.01259399674	0.009717947519
-0.3512820513	0.9846153846	0.1455255733	0.2225595782	1.529350293	0.4763498089	0.533290121	0.003115147691	0.002180683892	0.002408159414	0.0040828573	0.01289354767	0.00994618683
-0.3512820513	0.9923076923	0.1472452852	0.2257886591	1.5334186	0.481978953	0.5410275411	0.003152849674	0.002210111924	0.002439612731	0.004136705868	0.01320176768	0.01018101332
-0.3512820513	1	0.1490234222	0.229119536	1.537473323	0.4877993404	0.5490088815	0.003192009859	0.002241232602	0.002472723797	0.004192620286	0.01351862225	0.01042240432
-0.3512820513	1.007692308	0.150860972	0.2325532745	1.5415072	0.4938142041	0.5572366955	0.003232654427	0.00227407867	0.002507524137	0.004250633177	0.01384407709	0.0106703374
-0.3512820513	1.015384615	0.1527589298	0.23609095	1.54551325	0.5000268017	0.56571356	0.003274809846	0.002308683117	0.002544045514	0.004310777315	0.0141780982	0.01092479031
-0.3512820513	1.023076923	0.1547182983	0.2397336482	1.549484779	0.5064404155	0.5744420766	0.003318502866	0.002345079176	0.002582319925	0.004373085621	0.01452065183	0.01118574108
-0.3512820513	1.030769231	0.1567400878	0.2434824649	1.553415392	0.5130583523	0.5834248709	0.003363760524	0.002383300326	0.002622379605	0.004437591153	0.01487170453	0.01145316793
-0.3512820513	1.038461538	0.1588253161	0.247338506	1.557299	0.5198839438	0.5926645928	0.003410610135	0.002423380289	0.002664257022	0.004504327106	0.01523122307	0.01172704931
-0.3512820513	1.046153846	0.1609750086	0.2513028874	1.561129828	0.5269205461	0.6021639163	0.003459079298	0.002465353033	0.002707984883	0.004573326807	0.01559917452	0.01200736389
-0.3512820513	1.053846154	0.163190198	0.2553767352	1.564902416	0.5341715402	0.6119255397	0.003509195887	0.002509252768	0.00275359613	0.004644623711	0.01597552621	0.01229409058
-0.3512820513	1.061538462	0.1654719249	0.2595611856	1.568611629	0.5416403316	0.6219521856	0.003560988053	0.002555113951	0.00280112394	0.004718251405	0.01636024573	0.01258720848
-0.3512820513	1.069230769	0.167821237	0.263857385	1.572252652	0.5493303504	0.6322466007	0.00361448422	0.002602971284	0.002850601727	0.004794243604	0.01675330094	0.01288669696
-0.3512820513	1.076923077	0.17023919	0.2682664897	1.575820995	0.5572450516	0.642811556	0.003669713081	0.00265285971	0.002902063141	0.004872634155	0.01715465997	0.01319253557
-0.3512820513	1.084615385	0.1727268467	0.2727896663	1.57931249	0.5653879145	0.6536498467	0.003726703594	0.002704814422	0.002955542067	0.00495345704	0.01756429121	0.01350470412
-0.3512820513	1.092307692	0.1752852777	0.2774280915	1.582723291	0.5737624434	0.6647642922	0.003785484984	0.002758870852	0.003011072626	0.005036746377	0.01798216334	0.01382318261
-0.3512820513	1.1	0.177915561	0.2821829519	1.586049867	0.5823721671	0.6761577361	0.003846086733	0.00281506468	0.003068689178	0.005122536424	0.01840824526	0.01414795129
-0.3512820513	1.107692308	0.1806187823	0.2870554443	1.589289002	0.5912206389	0.6878330463	0.003908538579	0.002873431829	0.003128426314	0.005210861586	0.01884250619	0.01447899062
-0.3512820513	1.115384615	0.1833960346	0.2920467759	1.592437789	0.6003114371	0.6997931149	0.003972870513	0.002934008469	0.003190318865	0.005301756418	0.01928491558	0.01481628128
-0.3512820513	1.123076923	0.1862484186	0.2971581636	1.59549362	0.6096481643	0.7120408581	0.004039112775	0.002996831012	0.003254401897	0.005395255632	0.01973544316	0.0151598042
-0.3512820513	1.130769231	0.1891770425	0.3023908346	1.598454181	0.619234448	0.7245792165	0.004107295849	0.003061936114	0.00332071071	0.005491394102	0.02019405893	0.0155095405
-0.3512820513	1.138461538	0.192183022	0.3077460263	1.601317447	0.6290739402	0.7374111549	0.004177450461	0.003129360679	0.003389280842	0.005590206869	0.02066073314	0.01586547155
-0.3512820513	1.146153846	0.1952674803	0.3132249859	1.60408167	0.6391703177	0.7505396621	0.004249607575	0.003199141853	0.003460148067	0.005691729151	0.02113543634	0.01622757891
-0.3512820513	1.153846154	0.1984315482	0.318828971	1.606745368	0.6495272819	0.7639677514	0.004323798386	0.003271317026	0.003533348394	0.005795996348	0.02161813931	0.01659584441
-0.3512820513	1.161538462	0.2016763641	0.3245592492	1.609307321	0.6601485587	0.7776984603	0.004400054323	0.003345923834	0.003608918068	0.005903044048	0.02210881312	0.01697025007
-0.3512820513	1.169230769	0.2050030736	0.3304170982	1.611766557	0.6710378989	0.7917348502	0.00447840704	0.003423000158	0.003686893572	0.006012908033	0.02260742909	0.01735077814
-0.3512820513	1.176923077	0.2084128303	0.3364038059	1.614122343	0.6821990778	0.8060800071	0.004558888413	0.003502584123	0.003767311621	0.00612562429	0.02311395884	0.0177374111
-0.3512820513	1.184615385	0.2119067951	0.3425206702	1.616374171	0.6936358953	0.8207370411	0.00464153054	0.003584714097	0.003850209171	0.006241229014	0.02362837421	0.01813013164
-0.3512820513	1.192307692	0.2154861363	0.3487689992	1.618521754	0.7053521761	0.8357090864	0.004726365734	0.003669428695	0.003935623409	0.006359758615	0.02415064734	0.0185289227
-0.3512820513	1.2	0.2191520299	0.3551501109	1.620565007	0.7173517696	0.8509993016	0.004813426525	0.003756766776	0.004023591761	0.006481249727	0.02468075063	0.01893376743
-0.1769230769	0.9	0.1435580349	0.2092039211	1.457277688	0.4699094524	0.501287724	0.003050374146	0.002039035275	0.002280889443	0.003929257419	0.0100502958	0.007798973833
-0.1769230769	0.9076923077	0.1447651834	0.2114677228	1.460763686	0.4738608196	0.5067121731	0.003074524416	0.00204998626	0.002294697092	0.003963384825	0.01026464818	0.007962419795
-0.1769230769	0.9153846154	0.1460193475	0.2138196856	1.464324347	0.4779660831	0.5123478709	0.003099828585	0.002062220179	0.002309771003	0.00399917	0.01048767725	0.008132426147
-0.1769230769	0.9230769231	0.1473214258	0.2162607681	1.467951908	0.4822281845	0.5181971144	0.003126309376	0.002075766555	0.002326139627	0.00403664306	0.01071934904	0.008308970367
-0.1769230769	0.9307692308	0.1486723246	0.218791939	1.47163865	0.4866500905	0.5242622249	0.003153989768	0.002090655154	0.00234383165	0.004075834435	0.01095962984	0.008492030156
-0.1769230769	0.9384615385	0.1500729577	0.2214141772	1.475376914	0.4912347919	0.5305455478	0.003182892998	0.002106915987	0.002362875995	0.004116774853	0.01120848622	0.00868158344
-0.1769230769	0.9461538462	0.1515242463	0.2241284715	1.479159124	0.4959853045	0.5370494528	0.003213042565	0.002124579308	0.002383301818	0.00415949532	0.011465885	0.008877608365
-0.1769230769	0.9538461538	0.1530271194	0.2269358211	1.482977801	0.5009046686	0.5437763338	0.003244462237	0.002143675618	0.002405138514	0.004204027103	0.01173179329	0.009080083306
-0.1769230769	0.9615384615	0.1545825132	0.229837235	1.486825581	0.5059959494	0.5507286088	0.003277176053	0.002164235662	0.002428415714	0.004250401714	0.01200617846	0.009288986856
-0.1769230769	0.9692307692	0.1561913717	0.2328337327	1.490695229	0.5112622364	0.5579087204	0.003311208323	0.002186290427	0.002453163284	0.004298650893	0.01228900813	0.009504297836
-0.1769230769	0.9769230769	0.1578546463	0.2359263434	1.494579659	0.5167066439	0.5653191349	0.003346583637	0.002209871149	0.002479411324	0.004348806597	0.01258025021	0.009725995288
-0.1769230769	0.9846153846	0.1595732959	0.2391161066	1.498471942	0.522332311	0.5729623433	0.003383326862	0.002235009305	0.002507190174	0.004400900983	0.01287987286	0.00995405848
-0.1769230769	0.9923076923	0.1613482871	0.242404072	1.502365326	0.5281424013	0.5808408605	0.003421463146	0.002261736618	0.002536530408	0.0044549664	0.01318784451	0.0101884669
-0.1769230769	1	0.1631805939	0.2457912993	1.506253246	0.534140103	0.5889572257	0.00346101792	0.002290085055	0.002567462834	0.004511035374	0.01350413386	0.01042920027
-0.1769230769	1.007692308	0.1650711978	0.2492788581	1.510129335	0.5403286291	0.5973140024	0.0035020169	0.002320086829	0.0026000185	0.004569140601	0.01382870989	0.01067623851
-0.1769230769	1.015384615	0.1670210879	0.2528678286	1.513987435	0.5467112172	0.6059137783	0.003544486083	0.002351774395	0.002634228686	0.00462931494	0.01416154181	0.0109295618
-0.1769230769	1.023076923	0.1690312609	0.2565593007	1.51782161	0.5532911295	0.6147591652	0.003588451753	0.002385180454	0.002670124912	0.004691591402	0.01450259914	0.01118915051
-0.1769230769	1.030769231	0.1711027209	0.2603543745	1.52162615	0.560071653	0.6238527993	0.003633940479	0.002420337953	0.00270773893	0.004756003147	0.01485185163	0.01145498527
-0.1769230769	1.038461538	0.1732364795	0.2642541603	1.525395581	0.5670560991	0.633197341	0.003680979111	0.002457280082	0.002747102731	0.004822583476	0.01520926933	0.01172704689
-0.1769230769	1.046153846	0.1754335561	0.2682597785	1.529124669	0.5742478041	0.6427954747	0.003729594785	0.002496040274	0.00278824854	0.004891365832	0.01557482254	0.01200531643
-0.1769230769	1.053846154	0.1776949773	0.2723723594	1.532808432	0.5816501288	0.6526499093	0.003779814917	0.00253665221	0.00283120882	0.004962383795	0.01594848181	0.01228977518
-0.1769230769	1.061538462	0.1800217774	0.2765930438	1.536442134	0.5892664587	0.6627633777	0.003831667206	0.002579149814	0.002876016267	0.005035671077	0.01633021799	0.01258040463
-0.1769230769	1.069230769	0.1824149982	0.2809229822	1.540021298	0.5971002041	0.6731386372	0.003885179625	0.002623567253	0.002922703816	0.005111261528	0.01672000218	0.01287718652
-0.1769230769	1.076923077	0.1848756891	0.2853633355	1.5435417	0.6051547997	0.6837784693	0.003940380427	0.002669938941	0.002971304635	0.005189189131	0.01711780574	0.0131801028
-0.1769230769	1.084615385	0.1874049069	0.2899152745	1.546999378	0.6134337049	0.6946856795	0.003997298138	0.002718299536	0.003021852132	0.005269488008	0.01752360031	0.01348913563
-0.1769230769	1.092307692	0.1900037161	0.2945799803	1.550390626	0.621940404	0.7058630979	0.004055961555	0.002768683939	0.003074379948	0.005352192416	0.0179373578	0.01380426742
-0.1769230769	1.1	0.1926731886	0.2993586439	1.553711994	0.6306784057	0.7173135784	0.004116399744	0.002821127298	0.003128921959	0.005437336756	0.01835905036	0.01412548079
-0.1769230769	1.107692308	0.1954144038	0.3042524667	1.556960289	0.6396512434	0.7290399995	0.004178642035	0.002875665003	0.003185512281	0.00552495557	0.01878865044	0.01445275858
-0.1769230769	1.115384615	0.1982284488	0.3092626599	1.560132573	0.6488624752	0.7410452637	0.004242718021	0.00293233269	0.003244185261	0.005615083552	0.01922613073	0.01478608386
-0.1769230769	1.123076923	0.2011164181	0.3143904449	1.563226155	0.6583156838	0.7533322978	0.004308657557	0.002991166241	0.003304975487	0.005707755545	0.01967146421	0.01512543993
-0.1769230769	1.130769231	0.2040794137	0.3196370534	1.566238591	0.6680144767	0.7659040527	0.004376490749	0.003052201779	0.003367917779	0.005803006554	0.02012462412	0.0154708103
-0.1769230769	1.138461538	0.2071185452	0.325003727	1.569167679	0.6779624859	0.7787635037	0.004446247958	0.003115475675	0.003433047195	0.005900871743	0.02058558394	0.01582217871
-0.1769230769	1.146153846	0.2102349299	0.3304917174	1.572011452	0.688163368	0.7919136502	0.004517959794	0.003181024543	0.003500399028	0.006001386446	0.02105431747	0.01617952913
-0.1769230769	1.153846154	0.2134296922	0.3361022865	1.574768173	0.6986208045	0.8053575159	0.004591657112	0.003248885241	0.003570008808	0.006104586172	0.02153079872	0.01654284573
-0.1769230769	1.161538462	0.2167039645	0.3418367063	1.577436329	0.7093385013	0.8190981487	0.004667371007	0.003319094872	0.0036419123	0.00621050661	0.02201500201	0.01691211294
-0.1769230769	1.169230769	0.2200588864	0.3476962589	1.580014625	0.7203201891	0.8331386207	0.004745132815	0.003391690785	0.003716145506	0.006319183633	0.0225069019	0.01728731539
-0.1769230769	1.176923077	0.2234956052	0.3536822365	1.582501974	0.7315696232	0.8474820281	0.004824974107	0.003466710572	0.003792744663	0.00643065331	0.02300647323	0.01766843793
-0.1769230769	1.184615385	0.2270152757	0.3597959414	1.584897493	0.7430905835	0.8621314917	0.004906926682	0.00354419207	0.003871746245	0.006544951906	0.02351369111	0.01805546565
-0.1769230769	1.192307692	0.2306190602	0.366038686	1.587200493	0.7548868748	0.8770901561	0.004991022571	0.00362417336	0.00395318696	0.006662115892	0.02402853091	0.01844838385
-0.1769230769	1.2	0.2343081285	0.3724117929	1.589410471	0.7669623262	0.8923611903	0.00507729403	0.003706692769	0.004037103754	0.006782181949	0.02455096826	0.01884717806
-0.002564102564	0.9	0.1583742558	0.2267420932	1.431685295	0.5184074853	0.5433121292	0.003340790699	0.002131352252	0.002415409071	0.004278765888	0.0100373925	0.007812411506
-0.002564102564	0.9076923077	0.1596733437	0.2291256703	1.434965067	0.522659798	0.5490235803	0.00336629596	0.002140574747	0.002428075196	0.004314427752	0.01025598872	0.007978885629
-0.002564102564	0.9153846154	0.1610186164	0.2315952446	1.438313468	0.527063288	0.5549410949	0.003392925118	0.00215101639	0.00244194971	0.004351692379	0.01048295541	0.008151688945
-0.002564102564	0.9230769231	0.1624109666	0.234151779	1.441723943	0.5316208768	0.5610669807	0.003420700518	0.002162706169	0.002457060582	0.004390589802	0.01071826184	0.008330801312
-0.002564102564	0.9307692308	0.1638512943	0.2367962467	1.445189968	0.536335511	0.5674035694	0.003449644745	0.002175673318	0.002473436018	0.004431150362	0.01096187754	0.008516202812
-0.002564102564	0.9384615385	0.1653405072	0.2395296309	1.448705068	0.5412101614	0.5739532168	0.003479780638	0.002189947316	0.002491104461	0.004473404697	0.01121377233	0.008707873752
-0.002564102564	0.9461538462	0.1668795206	0.2423529248	1.45226283	0.5462478239	0.5807183031	0.003511131288	0.002205557885	0.002510094588	0.004517383719	0.01147391626	0.008905794662
-0.002564102564	0.9538461538	0.1684692571	0.2452671319	1.455856909	0.5514515187	0.5877012327	0.003543720042	0.002222534994	0.002530435315	0.004563118606	0.01174227968	0.009109946295
-0.002564102564	0.9615384615	0.170110647	0.2482732658	1.459481051	0.5568242909	0.5949044342	0.003577570514	0.002240908853	0.00255215579	0.004610640781	0.01201883319	0.009320309628
-0.002564102564	0.9692307692	0.171804628	0.25137235	1.463129096	0.56236921	0.6023303605	0.003612706579	0.002260709921	0.0025752854	0.004659981905	0.01230354768	0.009536865863
-0.002564102564	0.9769230769	0.1735521455	0.2545654184	1.466794995	0.5680893705	0.6099814885	0.003649152383	0.002281968898	0.002599853768	0.00471117386	0.01259639427	0.009759596424
-0.002564102564	0.9846153846	0.1753541523	0.2578535147	1.47047282	0.5739878911	0.6178603195	0.003686932343	0.002304716729	0.00262589075	0.00476424874	0.01289734437	0.009988482958
-0.002564102564	0.9923076923	0.1772116088	0.2612376931	1.474156771	0.5800679157	0.625969379	0.003726071153	0.002328984606	0.002653426441	0.004819238837	0.01320636965	0.01022350734
-0.002564102564	1	0.1791254829	0.2647190174	1.477841193	0.5863326123	0.6343112167	0.00376659378	0.002354803964	0.00268249117	0.004876176636	0.01352344206	0.01046465166
-0.002564102564	1.007692308	0.1810967501	0.268298562	1.481520579	0.5927851739	0.6428884066	0.003808525472	0.002382206481	0.002713115505	0.0049350948	0.01384853381	0.01071189824
-0.002564102564	1.015384615	0.1831263932	0.2719774111	1.48518958	0.5994288182	0.6517035467	0.003851891756	0.002411224081	0.002745330246	0.004996026167	0.01418161735	0.01096522963
-0.002564102564	1.023076923	0.1852154029	0.2757566591	1.488843016	0.6062667872	0.6607592595	0.00389671844	0.002441888935	0.002779166432	0.005059003743	0.01452266544	0.01122462858
-0.002564102564	1.030769231	0.1873647772	0.2796374105	1.492475879	0.6133023479	0.6700581916	0.003943031614	0.002474233454	0.002814655336	0.00512406069	0.01487165109	0.0114900781
-0.002564102564	1.038461538	0.1895755215	0.28362078	1.496083343	0.6205387919	0.6796030137	0.003990857651	0.002508290296	0.002851828468	0.005191230329	0.01522854756	0.01176156139
-0.002564102564	1.046153846	0.1918486491	0.2877078922	1.499660767	0.6279794352	0.6893964209	0.004040223207	0.002544092365	0.002890717575	0.005260546133	0.01559332839	0.01203906189
-0.002564102564	1.053846154	0.1941851805	0.291899882	1.503203701	0.6356276187	0.6994411325	0.004091155217	0.002581672806	0.002931354637	0.005332041719	0.0159659674	0.01232256326
-0.002564102564	1.061538462	0.196586144	0.2961978944	1.506707891	0.643486708	0.7097398919	0.0041436809	0.002621065011	0.002973771872	0.005405750854	0.01634643866	0.01261204939
-0.002564102564	1.069230769	0.1990525751	0.3006030844	1.510169282	0.6515600931	0.7202954669	0.004197827756	0.002662302617	0.003018001735	0.005481707449	0.01673471651	0.01290750438
-0.002564102564	1.076923077	0.2015855171	0.3051166172	1.513584019	0.6598511889	0.7311106493	0.004253623564	0.002705419504	0.003064076915	0.005559945556	0.01713077555	0.01320891258
-0.002564102564	1.084615385	0.2041860209	0.309739668	1.516948451	0.6683634347	0.7421882553	0.004311096378	0.002750449797	0.003112030337	0.005640499375	0.01753459067	0.01351625852
-0.002564102564	1.092307692	0.2068551446	0.3144734222	1.52025913	0.6771002948	0.7535311253	0.004370274532	0.002797427866	0.003161895164	0.00572340325	0.017946137	0.013829527
-0.002564102564	1.1	0.2095939541	0.3193190754	1.523512817	0.6860652578	0.7651421238	0.004431186632	0.002846388325	0.003213704793	0.00580869167	0.01836538996	0.01414870301
-0.002564102564	1.107692308	0.2124035227	0.324277833	1.526706473	0.6952618371	0.7770241397	0.004493861557	0.002897366034	0.003267492857	0.005896399275	0.01879232522	0.01447377179
-0.002564102564	1.115384615	0.2152849314	0.3293509108	1.529837266	0.7046935709	0.7891800861	0.004558328454	0.002950396095	0.003323293226	0.005986560855	0.01922691871	0.01480471877
-0.002564102564	1.123076923	0.2182392685	0.3345395346	1.532902566	0.7143640218	0.8016129	0.004624616738	0.003005513857	0.003381140006	0.006079211357	0.01966914666	0.01514152965
-0.002564102564	1.130769231	0.22126763	0.3398449404	1.535899944	0.7242767773	0.8143255431	0.004692756089	0.003062754913	0.003441067538	0.006174385884	0.02011898553	0.01548419031
-0.002564102564	1.138461538	0.2243711193	0.3452683741	1.538827168	0.7344354492	0.827321001	0.004762776445	0.003122155099	0.0035031104	0.006272119703	0.02057641207	0.01583268687
-0.002564102564	1.146153846	0.2275508475	0.350811092	1.541682203	0.7448436744	0.8406022837	0.004834708006	0.003183750497	0.003567303405	0.006372448247	0.02104140329	0.01618700569
-0.002564102564	1.153846154	0.2308079332	0.3564743601	1.544463205	0.755505114	0.8541724252	0.004908581225	0.003247577434	0.003633681603	0.006475407123	0.02151393646	0.01654713332
-0.002564102564	1.161538462	0.2341435023	0.362259455	1.547168516	0.7664234542	0.868034484	0.004984426809	0.00331367248	0.003702280279	0.006581032111	0.02199398914	0.01691305657
-0.002564102564	1.169230769	0.2375586885	0.3681676631	1.549796664	0.7776024056	0.8821915426	0.005062275713	0.003382072452	0.003773134954	0.006689359176	0.02248153912	0.01728476244
-0.002564102564	1.176923077	0.241054633	0.3742002809	1.552346355	0.7890457034	0.8966467078	0.005142159136	0.003452814408	0.003846281386	0.006800424468	0.02297656449	0.01766223818
-0.002564102564	1.184615385	0.2446324843	0.3803586151	1.554816467	0.8007571075	0.9114031107	0.005224108523	0.003525935655	0.003921755568	0.00691426433	0.02347904359	0.01804547125
-0.002564102564	1.192307692	0.2482933988	0.3866439825	1.557206049	0.8127404027	0.9264639065	0.005308155556	0.00360147374	0.00399959373	0.007030915302	0.02398895502	0.01843444934
-0.002564102564	1.2	0.25203854	0.3930577101	1.559514311	0.824999398	0.9418322746	0.005394332154	0.003679466457	0.004079832337	0.007150414128	0.02450627768	0.01882916036
0.1717948718	0.9	0.1746385278	0.2460781473	1.409071356	0.5716454329	0.5896445617	0.003660686857	0.002236521057	0.00256636303	0.004666181138	0.01004436723	0.007843309049
0.1717948718	0.9076923077	0.1760544138	0.2486142257	1.412144236	0.5762800617	0.5957214314	0.003688059187	0.002244235691	0.002578169762	0.00470401439	0.01026800034	0.008013465136
0.1717948718	0.9153846154	0.1775158655	0.2512345558	1.415279446	0.5810638411	0.6020001823	0.003716530268	0.002253107563	0.002591129408	0.004743403216	0.01049974397	0.008189753784
0.1717948718	0.9230769231	0.1790237694	0.2539401049	1.418471445	0.5859996728	0.6084831324	0.003746122088	0.002263165128	0.002605269459	0.004784377477	0.01073957062	0.008372157231
0.1717948718	0.9307692308	0.1805790195	0.2567318505	1.421714722	0.5910904831	0.6151726237	0.003776856869	0.002274437089	0.002620617641	0.004826967336	0.01098745308	0.008560657942
0.1717948718	0.9384615385	0.1821825174	0.2596107803	1.425003804	0.5963392232	0.6220710227	0.003808757073	0.002286952391	0.002637201917	0.004871203246	0.01124336439	0.008755238605
0.1717948718	0.9461538462	0.1838351721	0.2625778917	1.428333266	0.6017488685	0.6291807201	0.003841845406	0.002300740225	0.002655050484	0.004917115938	0.01150727786	0.008955882132
0.1717948718	0.9538461538	0.1855379002	0.2656341928	1.431697742	0.6073224195	0.6365041306	0.003876144825	0.002315830027	0.002674191776	0.004964736407	0.01177916706	0.009162571656
0.1717948718	0.9615384615	0.1872916258	0.2687807014	1.435091933	0.6130629011	0.6440436934	0.003911678535	0.002332251475	0.002694654464	0.005014095899	0.01205900585	0.009375290538
0.1717948718	0.9692307692	0.1890972807	0.2720184454	1.438510614	0.618973363	0.6518018718	0.003948470002	0.002350034494	0.002716467453	0.005065225904	0.01234676834	0.009594022359
0.1717948718	0.9769230769	0.190955804	0.275348463	1.441948646	0.6250568794	0.6597811533	0.003986542949	0.002369209253	0.002739659886	0.005118158137	0.0126424289	0.009818750925
0.1717948718	0.9846153846	0.1928681424	0.2787718025	1.445400983	0.6313165492	0.6679840496	0.004025921363	0.002389806165	0.00276426114	0.005172924536	0.01294596219	0.01004946027
0.1717948718	0.9923076923	0.1948352502	0.2822895222	1.448862677	0.6377554961	0.6764130966	0.004066629497	0.002411855889	0.002790300831	0.005229557247	0.01325734311	0.01028613464
0.1717948718	1	0.1968580892	0.2859026905	1.452328892	0.6443768683	0.6850708546	0.004108691874	0.002435389326	0.002817808806	0.005288088619	0.01357654685	0.01052875851
0.1717948718	1.007692308	0.1989376288	0.2896123861	1.455794903	0.6511838386	0.693959908	0.004152133285	0.002460437625	0.002846815153	0.005348551193	0.01390354885	0.01077731659
0.1717948718	1.015384615	0.2010748457	0.2934196974	1.459256112	0.6581796046	0.7030828653	0.004196978798	0.002487032177	0.002877350194	0.005410977695	0.01423832482	0.0110317938
0.1717948718	1.023076923	0.2032707243	0.2973257234	1.462708043	0.6653673885	0.7124423595	0.004243253753	0.002515204617	0.002909444485	0.005475401033	0.01458085075	0.01129217529
0.1717948718	1.030769231	0.2055262566	0.3013315729	1.466146359	0.6727504372	0.7220410476	0.00429098377	0.002544986827	0.002943128822	0.005541854288	0.01493110289	0.01155844643
0.1717948718	1.038461538	0.2078424421	0.305438365	1.46956686	0.6803320222	0.7318816109	0.004340194744	0.002576410933	0.002978434234	0.005610370709	0.01528905774	0.01183059282
0.1717948718	1.046153846	0.2102202876	0.3096472286	1.472965488	0.6881154395	0.7419667549	0.004390912849	0.002609509304	0.003015391986	0.005680983711	0.01565469208	0.01210860026
0.1717948718	1.053846154	0.2126608078	0.313959303	1.476338336	0.6961040101	0.7522992094	0.004443164539	0.002644314554	0.003054033581	0.005753726871	0.01602798297	0.01239245482
0.1717948718	1.061538462	0.2151650246	0.3183757376	1.479681645	0.7043010794	0.7628817282	0.004496976546	0.002680859544	0.003094390757	0.005828633923	0.01640890773	0.01268214275
0.1717948718	1.069230769	0.2177339677	0.3228976917	1.482991814	0.7127100175	0.7737170896	0.004552375883	0.002719177376	0.003136495486	0.005905738761	0.01679744392	0.01297765054
0.1717948718	1.076923077	0.2203686741	0.327526335	1.486265397	0.7213342192	0.784808096	0.00460938984	0.002759301399	0.00318037998	0.005985075431	0.0171935694	0.01327896491
0.1717948718	1.084615385	0.2230701885	0.3322628469	1.489499108	0.730177104	0.7961575739	0.004668045987	0.002801265205	0.003226076682	0.006066678139	0.01759726229	0.01358607279
0.1717948718	1.092307692	0.2258395631	0.3371084173	1.492689822	0.7392421158	0.8077683743	0.00472837217	0.002845102633	0.003273618276	0.006150581242	0.01800850096	0.01389896134
0.1717948718	1.1	0.2286778575	0.3420642461	1.495834576	0.7485327234	0.8196433722	0.004790396513	0.002890847764	0.003323037678	0.006236819256	0.01842726407	0.01421761796
0.1717948718	1.107692308	0.231586139	0.3471315432	1.498930569	0.7580524203	0.8317854669	0.004854147412	0.002938534924	0.003374368043	0.006325426852	0.01885353053	0.01454203024
0.1717948718	1.115384615	0.2345654824	0.3523115286	1.501975163	0.7678047243	0.8441975819	0.004919653539	0.002988198684	0.00342764276	0.006416438861	0.01928727952	0.01487218602
0.1717948718	1.123076923	0.2376169699	0.3576054327	1.504965882	0.7777931784	0.8568826649	0.004986943836	0.003039873861	0.003482895455	0.006509890276	0.01972849049	0.01520807335
0.1717948718	1.130769231	0.2407416914	0.3630144956	1.507900411	0.7880213497	0.8698436878	0.005056047514	0.003093595515	0.003540159988	0.006605816251	0.02017714317	0.01554968052
0.1717948718	1.138461538	0.2439407443	0.3685399677	1.510776598	0.7984928303	0.8830836469	0.005126994054	0.00314939895	0.003599470458	0.006704252108	0.02063321752	0.01589699603
0.1717948718	1.146153846	0.2472152334	0.3741831096	1.513592445	0.8092112369	0.8966055626	0.005199813198	0.003207319715	0.003660861199	0.00680523334	0.02109669381	0.01625000859
0.1717948718	1.153846154	0.2505662712	0.3799451919	1.516346116	0.8201802107	0.9104124794	0.005274534953	0.003267393605	0.003724366778	0.006908795611	0.02156755254	0.01660870718
0.1717948718	1.161538462	0.2539949775	0.3858274954	1.519035924	0.8314034177	0.9245074661	0.005351189586	0.003329656659	0.003790022003	0.007014974763	0.02204577451	0.01697308094
0.1717948718	1.169230769	0.25750248	0.3918313108	1.521660338	0.8428845485	0.938893616	0.005429807621	0.003394145158	0.003857861915	0.007123806821	0.02253134075	0.0173431193
0.1717948718	1.176923077	0.2610899137	0.3979579391	1.524217973	0.8546273184	0.9535740461	0.005510419837	0.003460895631	0.00392792179	0.007235327993	0.0230242326	0.01771881186
0.1717948718	1.184615385	0.264758421	0.4042086913	1.526707592	0.8666354673	0.9685518981	0.005593057263	0.003529944851	0.004000237142	0.00734957468	0.02352443163	0.01810014846
0.1717948718	1.192307692	0.268509152	0.4105848886	1.529128097	0.8789127598	0.9838303376	0.005677751179	0.003601329833	0.004074843721	0.007466583474	0.02403191969	0.01848711919
0.1717948718	1.2	0.2723432645	0.4170878624	1.53147853	0.8914629851	0.9994125546	0.005764533111	0.00367508784	0.004151777512	0.007586391168	0.0245466789	0.01887971433
0.3461538462	0.9	0.1923508508	0.2672120834	1.389191065	0.6296232954	0.6402850214	0.004010033603	0.00235454169	0.002733751322	0.005091388812	0.01007121999	0.007891666463
0.3461538462	0.9076923077	0.1939083937	0.269933389	1.392066552	0.6347216106	0.6468057266	0.004039783516	0.002360969092	0.002744980789	0.005132034702	0.01030068304	0.008066158316
0.3461538462	0.9153846154	0.1955110948	0.2727376192	1.394998169	0.6399677424	0.6535251331	0.004070611829	0.002368493698	0.002757310098	0.005174196768	0.01053804292	0.008246620663
0.3461538462	0.9230769231	0.1971598343	0.2756257458	1.39798122	0.6453645724	0.6604455693	0.004102540199	0.002377143434	0.002770766261	0.005217904637	0.01078327539	0.008433038124
0.3461538462	0.9307692308	0.1988555003	0.2785987505	1.401011036	0.650915007	0.6675693878	0.00413559051	0.002386946468	0.002785376521	0.005263188233	0.01103635645	0.008625395547
0.3461538462	0.9384615385	0.2005989881	0.2816576254	1.404082981	0.6566219771	0.6748989656	0.004169784877	0.002397931213	0.002801168363	0.005310077768	0.01129726241	0.008823678
0.3461538462	0.9461538462	0.2023912008	0.2848033724	1.407192463	0.6624884383	0.6824367037	0.00420514565	0.002410126328	0.002818169504	0.00535860373	0.0115659698	0.009027870776
0.3461538462	0.9538461538	0.2042330486	0.2880370038	1.410334937	0.6685173711	0.6901850275	0.004241695416	0.002423560717	0.002836407898	0.00540879687	0.01184245545	0.009237959391
0.3461538462	0.9615384615	0.2061254498	0.2913595418	1.413505911	0.6747117802	0.6981463865	0.004279457008	0.002438263525	0.002855911735	0.005460688196	0.01212669644	0.009453929586
0.3461538462	0.9692307692	0.2080693298	0.2947720188	1.416700957	0.6810746953	0.7063232544	0.004318453503	0.002454264145	0.002876709441	0.005514308958	0.01241867013	0.009675767324
0.3461538462	0.9769230769	0.2100656218	0.2982754773	1.419915714	0.6876091707	0.7147181294	0.004358708231	0.002471592214	0.002898829679	0.005569690645	0.01271835413	0.009903458793
0.3461538462	0.9846153846	0.2121152662	0.30187097	1.423145893	0.6943182853	0.7233335336	0.004400244772	0.002490277612	0.002922301346	0.005626864969	0.01302572633	0.0101369904
0.3461538462	0.9923076923	0.2142192114	0.3055595595	1.426387286	0.7012051427	0.7321720133	0.004443086967	0.002510350465	0.002947153577	0.005685863864	0.01334076489	0.01037634879
0.3461538462	1	0.2163784128	0.3093423186	1.429635769	0.7082728709	0.7412361394	0.004487258915	0.002531841144	0.002973415741	0.005746719473	0.01366344822	0.01062152082
0.3461538462	1.007692308	0.2185938339	0.3132203303	1.432887309	0.715524623	0.7505285067	0.004532784976	0.002554780263	0.003001117444	0.005809464143	0.01399375502	0.01087249356
0.3461538462	1.015384615	0.2208664452	0.3171946877	1.436137967	0.7229635765	0.7600517342	0.004579689779	0.00257919868	0.003030288529	0.005874130421	0.01433166422	0.01112925432
0.3461538462	1.023076923	0.2231972251	0.3212664937	1.439383907	0.7305929335	0.7698084653	0.004627998216	0.002605127502	0.003060959072	0.005940751042	0.01467715506	0.01139179064
0.3461538462	1.030769231	0.2255871593	0.3254368618	1.442621392	0.7384159208	0.7798013675	0.004677735451	0.002632598074	0.003093159388	0.00600935893	0.01503020703	0.01166009026
0.3461538462	1.038461538	0.2280372412	0.3297069153	1.445846799	0.7464357899	0.7900331327	0.004728926918	0.002661641992	0.003126920028	0.006079987191	0.01539079987	0.01193414117
0.3461538462	1.046153846	0.2305484717	0.3340777877	1.449056614	0.754655817	0.8005064767	0.004781598325	0.002692291092	0.003162271776	0.006152669109	0.01575891361	0.01221393156
0.3461538462	1.053846154	0.2331218591	0.3385506224	1.452247437	0.7630793029	0.8112241399	0.004835775652	0.002724577456	0.003199245654	0.006227438143	0.01613452853	0.01249944986
0.3461538462	1.061538462	0.2357584194	0.3431265733	1.455415989	0.771709573	0.8221888866	0.004891485153	0.002758533412	0.00323787292	0.006304327923	0.01651762519	0.01279068471
0.3461538462	1.069230769	0.2384591761	0.3478068041	1.458559112	0.7805499773	0.8334035055	0.004948753359	0.002794191529	0.003278185069	0.00638337225	0.01690818441	0.01308762499
0.3461538462	1.076923077	0.2412251601	0.3525924887	1.461673768	0.7896038908	0.8448708094	0.005007607075	0.002831584626	0.003320213829	0.006464605093	0.01730618729	0.01339025979
0.3461538462	1.084615385	0.2440574099	0.3574848112	1.464757048	0.7988747126	0.8565936355	0.005068073383	0.002870745761	0.003363991166	0.006548060589	0.01771161516	0.01369857843
0.3461538462	1.092307692	0.2469569716	0.3624849656	1.467806166	0.808365867	0.8685748451	0.005130179639	0.00291170824	0.003409549283	0.006633773041	0.01812444967	0.01401257045
0.3461538462	1.1	0.2499248989	0.3675941562	1.470818465	0.8180808025	0.8808173237	0.005193953475	0.002954505612	0.003456920616	0.006721776919	0.01854467268	0.01433222562
0.3461538462	1.107692308	0.2529622527	0.3728135973	1.473791419	0.8280229927	0.8933239811	0.005259422798	0.002999171671	0.00350613784	0.006812106861	0.01897226637	0.01465753393
0.3461538462	1.115384615	0.2560701018	0.3781445134	1.476722627	0.8381959354	0.9060977512	0.005326615787	0.003045740457	0.003557233863	0.006904797672	0.01940721316	0.01498848559
0.3461538462	1.123076923	0.2592495223	0.3835881391	1.47960982	0.8486031534	0.9191415924	0.005395560896	0.003094246253	0.003610241832	0.006999884327	0.01984949572	0.01532507104
0.3461538462	1.130769231	0.262501598	0.3891457189	1.482450857	0.859248194	0.9324584869	0.005466286849	0.003144723585	0.003665195129	0.007097401973	0.02029909703	0.01566728094
0.3461538462	1.138461538	0.2658274201	0.3948185077	1.485243725	0.8701346291	0.9460514414	0.00553882264	0.003197207228	0.003722127369	0.007197385929	0.0207560003	0.01601510617
0.3461538462	1.146153846	0.2692280874	0.4006077704	1.487986541	0.8812660555	0.9599234869	0.005613197533	0.003251732197	0.003781072408	0.007299871689	0.02122018902	0.01636853785
0.3461538462	1.153846154	0.2727047061	0.4065147819	1.490677545	0.8926460943	0.9740776784	0.005689441056	0.003308333755	0.003842064335	0.007404894927	0.02169164695	0.0167275673
0.3461538462	1.161538462	0.2762583902	0.4125408273	1.493315106	0.9042783915	0.9885170951	0.005767583003	0.003367047407	0.003905137474	0.007512491497	0.02217035811	0.01709218607
0.3461538462	1.169230769	0.2798902609	0.4186872019	1.495897716	0.9161666178	1.003244841	0.005847653433	0.003427908904	0.003970326388	0.007622697438	0.0226563068	0.01746238596
0.3461538462	1.176923077	0.2836014473	0.424955211	1.498423986	0.9283144682	1.018264043	0.005929682663	0.003490954241	0.004037665874	0.007735548974	0.02314947756	0.01783815895
0.3461538462	1.184615385	0.2873930856	0.43134617	1.50089265	0.9407256629	1.033577854	0.006013701268	0.003556219659	0.004107190965	0.007851082522	0.02364985523	0.01821949728
0.3461538462	1.192307692	0.29126632	0.4378614044	1.50330256	0.9534039462	1.049189449	0.006099740082	0.003623741641	0.004178936931	0.007969334694	0.0241574249	0.0186063934
0.3461538462	1.2	0.2952223019	0.4445022498	1.505652679	0.9663530874	1.06510203	0.006187830191	0.003693556917	0.004252939277	0.0080903423	0.02467217192	0.01899883997
0.5205128205	0.9	0.2115112248	0.2901439015	1.371765975	0.6923410727	0.6952335082	0.004388802109	0.002485414152	0.002917573946	0.00555425253	0.01011795078	0.007957483747
0.5205128205	0.9076923077	0.2132352834	0.2930831603	1.374459027	0.6979844448	0.7022764658	0.004421438589	0.002490774949	0.002928508278	0.005598354268	0.01035403682	0.008136965168
0.5205128205	0.9153846154	0.2150043042	0.2961044349	1.377202359	0.703774992	0.7095159473	0.00445513784	0.002497174796	0.002940491781	0.005643940458	0.01059785227	0.008322289582
0.5205128205	0.9230769231	0.2168191613	0.2992087017	1.37999197	0.7097155758	0.7169542916	0.004489921214	0.002504641085	0.002953550985	0.00569104046	0.01084937613	0.008513443993
0.5205128205	0.9307692308	0.2186807367	0.3023969466	1.382823889	0.7158090825	0.7245938619	0.004525810284	0.002513201453	0.002967712657	0.005739683926	0.01110858766	0.008710415627
0.5205128205	0.9384615385	0.2205899195	0.3056701662	1.385694173	0.7220584232	0.7324370455	0.004562826843	0.002522883781	0.002983003799	0.005789900791	0.01137546638	0.008913191936
0.5205128205	0.9461538462	0.2225476067	0.3090293667	1.388598922	0.7284665333	0.740486254	0.004600992912	0.002533716194	0.002999451649	0.005841721265	0.01164999208	0.009121760594
0.5205128205	0.9538461538	0.2245547025	0.3124755648	1.391534273	0.7350363733	0.7487439233	0.004640330741	0.002545727064	0.00301708368	0.005895175819	0.01193214483	0.009336109498
0.5205128205	0.9615384615	0.226612119	0.316009787	1.394496413	0.741770928	0.7572125133	0.004680862813	0.002558945004	0.003035927604	0.005950295183	0.01222190495	0.009556226771
0.5205128205	0.9692307692	0.2287207754	0.3196330703	1.397481578	0.748673207	0.7658945083	0.004722611849	0.002573398876	0.003056011366	0.006007110334	0.01251925303	0.009782100758
0.5205128205	0.9769230769	0.2308815989	0.3233464613	1.400486062	0.7557462445	0.7747924168	0.004765600812	0.002589117781	0.003077363148	0.006065652488	0.01282416994	0.01001372003
0.5205128205	0.9846153846	0.2330955238	0.3271510171	1.403506218	0.7629930994	0.7839087715	0.004809852906	0.00260613107	0.003100011368	0.006125953094	0.01313663679	0.01025107337
0.5205128205	0.9923076923	0.2353634923	0.3310478049	1.406538464	0.7704168553	0.7932461292	0.004855391588	0.002624468336	0.00312398468	0.006188043826	0.01345663499	0.01049414981
0.5205128205	1	0.2376864538	0.3350379017	1.409579285	0.7780206203	0.8028070711	0.004902240559	0.002644159416	0.003149311975	0.006251956576	0.01378414618	0.01074293858
0.5205128205	1.007692308	0.2400653654	0.3391223948	1.412625242	0.7858075273	0.8125942026	0.004950423779	0.002665234393	0.003176022378	0.006317723452	0.0141191523	0.01099742914
0.5205128205	1.015384615	0.2425011918	0.3433023818	1.415672967	0.7937807339	0.8226101532	0.004999965462	0.002687723593	0.003204145251	0.006385376765	0.01446163555	0.01125761119
0.5205128205	1.023076923	0.2449949052	0.34757897	1.418719176	0.801943422	0.8328575768	0.00505089008	0.002711657588	0.003233710192	0.006454949031	0.01481157838	0.01152347463
0.5205128205	1.030769231	0.2475474851	0.3519532772	1.421760665	0.8102987987	0.8433391513	0.005103222366	0.002737067195	0.003264747035	0.006526472963	0.01516896352	0.0117950096
0.5205128205	1.038461538	0.2501599189	0.356426431	1.424794318	0.8188500952	0.854057579	0.005156987318	0.002763983473	0.00329728585	0.006599981467	0.01553377396	0.01207220645
0.5205128205	1.046153846	0.2528332013	0.3609995694	1.427817105	0.8276005678	0.8650155864	0.005212210196	0.002792437729	0.003331356942	0.00667550764	0.01590599296	0.01235505578
0.5205128205	1.053846154	0.2555683345	0.3656738402	1.430826088	0.8365534971	0.8762159241	0.00526891653	0.002822461511	0.003366990854	0.006753084762	0.01628560407	0.01264354837
0.5205128205	1.061538462	0.2583663283	0.3704504015	1.433818423	0.8457121887	0.8876613671	0.005327132113	0.002854086614	0.003404218363	0.006832746303	0.01667259105	0.01293767528
0.5205128205	1.069230769	0.2612282002	0.3753304215	1.436791362	0.8550799725	0.8993547145	0.005386883012	0.002887345078	0.003443070483	0.006914525909	0.01706693799	0.01323742773
0.5205128205	1.076923077	0.2641549749	0.3803150785	1.439742252	0.8646602034	0.9112987896	0.005448195561	0.002922269185	0.003483578463	0.006998457411	0.01746862921	0.01354279722
0.5205128205	1.084615385	0.267147685	0.3854055608	1.442668541	0.8744562607	0.92349644	0.005511096366	0.002958891463	0.00352577379	0.007084574816	0.01787764929	0.01385377545
0.5205128205	1.092307692	0.2702073702	0.390603067	1.445567775	0.8844715484	0.9359505376	0.005575612304	0.002997244686	0.003569688185	0.00717291231	0.01829398312	0.01417035433
0.5205128205	1.1	0.2733350781	0.3959088056	1.448437604	0.8947094952	0.9486639782	0.005641770521	0.00303736187	0.003615353606	0.007263504256	0.01871761581	0.01449252601
0.5205128205	1.107692308	0.2765318638	0.4013239954	1.451275777	0.9051735544	0.9616396823	0.00570959844	0.003079276277	0.003662802246	0.007356385196	0.01914853275	0.01482028287
0.5205128205	1.115384615	0.2797987896	0.4068498651	1.454080147	0.9158672041	0.9748805941	0.00577912375	0.003123021414	0.003712066535	0.007451589849	0.01958671963	0.0151536175
0.5205128205	1.123076923	0.2831369258	0.4124876538	1.45684867	0.9267939469	0.9883896824	0.005850374414	0.003168631031	0.003763179139	0.007549153112	0.02003216235	0.01549252272
0.5205128205	1.130769231	0.2865473498	0.4182386104	1.459579405	0.9379573101	1.00216994	0.005923378665	0.003216139125	0.003816172959	0.007649110063	0.02048484712	0.01583699157
0.5205128205	1.138461538	0.2900311468	0.4241039941	1.462270514	0.9493608457	1.016224384	0.005998165005	0.003265579933	0.003871081133	0.00775149596	0.0209447604	0.01618701732
0.5205128205	1.146153846	0.2935894095	0.4300850742	1.46492026	0.9610081302	1.030556057	0.006074762206	0.003316987943	0.003927937034	0.007856346244	0.02141188893	0.01654259345
0.5205128205	1.153846154	0.2972232381	0.43618313	1.46752701	0.972902765	1.045168022	0.006153199308	0.003370397882	0.003986774271	0.007963696541	0.02188621969	0.01690371368
0.5205128205	1.161538462	0.3009337402	0.4423994509	1.470089232	0.9850483758	1.060063371	0.006233505616	0.003425844725	0.004047626691	0.008073582662	0.02236773996	0.01727037195
0.5205128205	1.169230769	0.3047220312	0.4487353366	1.472605492	0.9974486134	1.075245217	0.006315710701	0.003483363689	0.004110528375	0.008186040608	0.02285643726	0.01764256242
0.5205128205	1.176923077	0.3085892338	0.4551920968	1.475074458	1.010107153	1.090716699	0.006399844399	0.003542990238	0.004175513639	0.008301106573	0.02335229938	0.01802027946
0.5205128205	1.184615385	0.3125364783	0.4617710512	1.477494895	1.023027694	1.106480978	0.006485936806	0.003604760079	0.004242617038	0.008418816942	0.02385531441	0.0184035177
0.5205128205	1.192307692	0.3165649026	0.4684735297	1.479865664	1.036213962	1.122541242	0.006574018281	0.003668709164	0.004311873361	0.008539208298	0.02436547066	0.01879227195
0.5205128205	1.2	0.3206756521	0.4753008724	1.48218572	1.049669705	1.138900702	0.00666411944	0.003734873689	0.004383317633	0.008662317425	0.02488275673	0.01918653728
0.6948717949	0.9	0.2321196499	0.3148736016	1.356514202	0.7597987648	0.7544900223	0.004796965439	0.002629138442	0.003117830903	0.006054630118	0.01018455961	0.008040760902
0.6948717949	0.9076923077	0.2340350829	0.3180635394	1.359042138	0.7660685643	0.762133649	0.004832996072	0.002633653263	0.003128752229	0.00610283128	0.01042806167	0.008225885693
0.6948717949	0.9153846154	0.2359954937	0.3213350029	1.361614995	0.7724855898	0.7699726248	0.004870078495	0.002639150856	0.003140674456	0.006152492675	0.01067917201	0.008416760542
0.6948717949	0.9230769231	0.2380017504	0.3246889725	1.364229347	0.7790526829	0.7780092992	0.004908233781	0.002645658083	0.003153623634	0.006203643381	0.01093787285	0.008613374836
0.6948717949	0.9307692308	0.2400547286	0.3281264389	1.366881797	0.7857727098	0.7862460457	0.004947483213	0.002653202046	0.00316762605	0.006256312763	0.01120414669	0.008815718182
0.6948717949	0.9384615385	0.2421553115	0.3316484027	1.369568979	0.7926485615	0.7946852623	0.00498784829	0.002661810095	0.003182708225	0.006310530462	0.0114779763	0.009023780413
0.6948717949	0.9461538462	0.2443043898	0.3352558747	1.372287559	0.7996831535	0.803329371	0.005029350727	0.002671509823	0.003198896918	0.006366326394	0.01175934471	0.009237551586
0.6948717949	0.9538461538	0.2465028618	0.3389498758	1.375034242	0.8068794263	0.8121808181	0.005072012464	0.002682329068	0.003216219123	0.006423730735	0.01204823522	0.009457021978
0.6948717949	0.9615384615	0.2487516332	0.3427314371	1.377805776	0.8142403445	0.821242074	0.005115855662	0.002694295913	0.00323470207	0.00648277392	0.01234463139	0.009682182094
0.6948717949	0.9692307692	0.2510516175	0.3466015998	1.380598951	0.8217688979	0.8305156335	0.005160902713	0.002707438685	0.003254373225	0.00654348663	0.01264851706	0.00991302266
0.6948717949	0.9769230769	0.2534037353	0.3505614149	1.383410606	0.8294681006	0.8400040155	0.005207176241	0.002721785955	0.003275260291	0.006605899791	0.01295987633	0.01014953463
0.6948717949	0.9846153846	0.2558089151	0.354611944	1.386237629	0.8373409914	0.8497097633	0.005254699106	0.00273736654	0.003297391204	0.006670044565	0.01327869357	0.01039170917
0.6948717949	0.9923076923	0.2582680929	0.3587542583	1.389076964	0.845390634	0.8596354441	0.005303494405	0.002754209501	0.00332079414	0.006735952344	0.0136049534	0.01063953768
0.6948717949	1	0.260782212	0.3629894396	1.391925611	0.8536201164	0.8697836497	0.005353585476	0.002772344143	0.003345497508	0.006803654743	0.01393864072	0.01089301179
0.6948717949	1.007692308	0.2633522234	0.3673185795	1.394780628	0.8620325515	0.8801569957	0.005404995904	0.002791800016	0.003371529955	0.006873183599	0.01427974072	0.01115212334
0.6948717949	1.015384615	0.2659790856	0.3717427797	1.397639137	0.8706310767	0.8907581224	0.005457749518	0.002812606914	0.003398920361	0.006944570963	0.01462823881	0.0114168644
0.6948717949	1.023076923	0.2686637646	0.3762631522	1.400498324	0.8794188542	0.9015896939	0.0055118704	0.002834794877	0.003427697846	0.007017849096	0.01498412069	0.01168722726
0.6948717949	1.030769231	0.2714072341	0.380880819	1.403355442	0.8883990708	0.9126543988	0.005567382881	0.002858394189	0.003457891762	0.007093050466	0.01534737235	0.01196320443
0.6948717949	1.038461538	0.2742104752	0.3855969121	1.406207811	0.8975749379	0.9239549498	0.005624311549	0.002883435377	0.0034895317	0.007170207743	0.01571798	0.01224478866
0.6948717949	1.046153846	0.2770744763	0.3904125737	1.409052825	0.9069496917	0.9354940838	0.005682681247	0.002909949214	0.003522647486	0.007249353796	0.01609593016	0.01253197291
0.6948717949	1.053846154	0.2800002338	0.3953289563	1.411887951	0.9165265927	0.9472745619	0.005742517077	0.002937966719	0.003557269181	0.007330521693	0.01648120959	0.01282475037
0.6948717949	1.061538462	0.2829887513	0.4003472222	1.414710727	0.9263089265	0.9592991697	0.005803844401	0.002967519152	0.003593427084	0.007413744694	0.01687380532	0.01312311444
0.6948717949	1.069230769	0.28604104	0.405468544	1.417518773	0.9363000031	0.9715707166	0.005866688843	0.00299863802	0.003631151728	0.007499056252	0.01727370465	0.01342705877
0.6948717949	1.076923077	0.2891581187	0.4106941042	1.420309781	0.9465031572	0.9840920365	0.00593107629	0.003031355075	0.003670473882	0.007586490011	0.01768089516	0.01373657721
0.6948717949	1.084615385	0.2923410137	0.4160250958	1.423081526	0.9569217481	0.9968659874	0.005997032893	0.003065702312	0.003711424553	0.007676079801	0.01809536469	0.01405166384
0.6948717949	1.092307692	0.2955907588	0.4214627215	1.42583186	0.96755916	1.009895452	0.006064585068	0.003101711972	0.003754034983	0.007767859644	0.01851710132	0.01437231297
0.6948717949	1.1	0.2989083954	0.4270081943	1.428558719	0.9784188013	1.023183336	0.006133759498	0.003139416538	0.003798336648	0.007861863748	0.01894609344	0.01469851912
0.6948717949	1.107692308	0.3022949722	0.4326627374	1.431260117	0.9895041055	1.03673257	0.006204583132	0.003178848742	0.003844361263	0.007958126508	0.01938232967	0.01503027705
0.6948717949	1.115384615	0.3057515459	0.4384275838	1.433934153	1.000818531	1.05054611	0.006277083185	0.003220041555	0.003892140776	0.008056682505	0.01982579892	0.01536758174
0.6948717949	1.123076923	0.3092791802	0.4443039769	1.436579005	1.012365559	1.064626935	0.006351287141	0.003263028198	0.003941707375	0.00815756651	0.02027649036	0.01571042838
0.6948717949	1.130769231	0.3128789467	0.4502931701	1.439192937	1.024148698	1.078978048	0.006427222749	0.003307842132	0.00399309348	0.008260813478	0.02073439343	0.0160588124
0.6948717949	1.138461538	0.3165519244	0.456396427	1.441774293	1.03617148	1.093602476	0.006504918029	0.003354517066	0.004046331749	0.008366458557	0.02119949783	0.01641272945
0.6948717949	1.146153846	0.3202991998	0.4626150211	1.444321501	1.048437461	1.108503272	0.006584401263	0.003403086953	0.004101455075	0.008474537083	0.02167179353	0.0167721754
0.6948717949	1.153846154	0.324121867	0.4689502362	1.446833071	1.060950223	1.123683511	0.006665701003	0.003453585988	0.004158496589	0.008585084582	0.02215127077	0.01713714633
0.6948717949	1.161538462	0.3280210276	0.4754033661	1.449307593	1.073713371	1.139146294	0.006748846065	0.003506048613	0.004217489654	0.008698136775	0.02263792004	0.01750763858
0.6948717949	1.169230769	0.3319977908	0.4819757148	1.451743741	1.086730535	1.154894745	0.006833865531	0.003560509514	0.004278467874	0.008813729576	0.02313173213	0.01788364868
0.6948717949	1.176923077	0.3360532732	0.4886685963	1.454140267	1.100005372	1.170932013	0.006920788746	0.003617003621	0.004341465085	0.008931899094	0.02363269806	0.0182651734
0.6948717949	1.184615385	0.340188599	0.4954833349	1.456496003	1.113541561	1.187261271	0.007009645319	0.00367556611	0.004406515361	0.00905268164	0.02414080915	0.01865220972
0.6948717949	1.192307692	0.3444049	0.5024212647	1.458809862	1.127342807	1.203885716	0.007100465121	0.0037362324	0.004473653011	0.009176113722	0.02465605696	0.01904475487
0.6948717949	1.2	0.3487033153	0.5094837302	1.461080832	1.141412838	1.220808569	0.007193278284	0.003799038156	0.00454291258	0.009302232052	0.02517843334	0.01944280627
0.8692307692	0.9	0.2541761259	0.3414011838	1.343167784	0.8319963717	0.8180545636	0.005234499379	0.00278571456	0.003334522192	0.006592383746	0.01027104647	0.008141497928
0.8692307692	0.9076923077	0.2563077922	0.3448745266	1.345548349	0.8389739691	0.8263772761	0.005274430529	0.002789604033	0.003345712641	0.006645327294	0.01052275761	0.00833291989
0.8692307692	0.9153846154	0.2584846634	0.3484293231	1.347969038	0.8460995358	0.8348951656	0.00531540707	0.002794421879	0.003357858122	0.006699714161	0.01078200215	0.008530033542
0.8692307692	0.9230769231	0.2607076015	0.3520665584	1.350426901	0.8533758936	0.8436105921	0.005357449815	0.002800194426	0.003370984206	0.006755573139	0.01104876555	0.008732830653
0.8692307692	0.9307692308	0.2629774761	0.3557872273	1.352919013	0.8608058887	0.8525259395	0.005400579779	0.002806948246	0.003385116698	0.006812933304	0.01132303356	0.008941303212
0.8692307692	0.9384615385	0.2652951641	0.3595923348	1.355442479	0.8683923919	0.8616436162	0.005444818188	0.002814710155	0.003400281641	0.006871824005	0.01160479218	0.009155443432
0.8692307692	0.9461538462	0.2676615501	0.3634828963	1.357994438	0.876138299	0.8709660547	0.005490186475	0.002823507215	0.003416505312	0.006932274858	0.01189402768	0.009375243751
0.8692307692	0.9538461538	0.2700775265	0.3674599369	1.360572061	0.88404653	0.8804957118	0.005536706291	0.00283336673	0.003433814227	0.006994315744	0.01219072661	0.009600696831
0.8692307692	0.9615384615	0.2725439927	0.3715244921	1.36317256	0.8921200299	0.8902350685	0.005584399502	0.002844316251	0.003452235134	0.007057976796	0.01249487576	0.009831795554
0.8692307692	0.9692307692	0.2750618559	0.3756776073	1.365793181	0.9003617682	0.9001866299	0.005633288198	0.002856383573	0.003471795021	0.0071232884	0.01280646222	0.01006853303
0.8692307692	0.9769230769	0.277632031	0.3799203382	1.368431217	0.9087747391	0.9103529256	0.005683394688	0.002869596735	0.003492521109	0.007190281185	0.01312547331	0.01031090259
0.8692307692	0.9846153846	0.2802554402	0.3842537505	1.371084002	0.9173619615	0.920736509	0.005734741513	0.002883984022	0.003514440856	0.007258986017	0.01345189666	0.0105588978
0.8692307692	0.9923076923	0.2829330132	0.3886789199	1.373748915	0.9261264788	0.9313399582	0.005787351442	0.00289957396	0.003537581957	0.007329433997	0.01378572013	0.01081251242
0.8692307692	1	0.2856656875	0.3931969326	1.376423385	0.9350713592	0.9421658751	0.005841247476	0.002916395324	0.003561972341	0.007401656457	0.01412693185	0.01107174046
0.8692307692	1.007692308	0.2884544077	0.3978088844	1.379104891	0.9441996954	0.9532168862	0.005896452853	0.002934477131	0.003587640174	0.007475684951	0.01447552025	0.01133657616
0.8692307692	1.015384615	0.2913001264	0.4025158816	1.381790961	0.953514605	0.9644956418	0.005952991049	0.002953848644	0.003614613859	0.007551551253	0.01483147399	0.01160701395
0.8692307692	1.023076923	0.2942038035	0.4073190404	1.384479179	0.9630192301	0.9760048168	0.006010885782	0.002974539368	0.003642922032	0.007629287355	0.01519478201	0.01188304852
0.8692307692	1.030769231	0.2971664063	0.4122194872	1.387167184	0.9727167373	0.9877471102	0.006070161013	0.002996579056	0.003672593569	0.007708925463	0.01556543352	0.01216467476
0.8692307692	1.038461538	0.30018891	0.4172183585	1.389852671	0.9826103182	0.9997252451	0.006130840947	0.003019997702	0.003703657579	0.007790497991	0.015943418	0.01245188779
0.8692307692	1.046153846	0.3032722969	0.4223168008	1.392533393	0.9927031887	1.011941969	0.006192950041	0.003044825549	0.003736143407	0.007874037562	0.01632872519	0.01274468296
0.8692307692	1.053846154	0.3064175572	0.4275159708	1.395207163	1.00299859	1.024400053	0.006256512998	0.00307109308	0.003770080637	0.007959577	0.01672134509	0.01304305584
0.8692307692	1.061538462	0.3096256884	0.4328170354	1.397871855	1.013499786	1.037102294	0.006321554776	0.003098831025	0.003805499084	0.008047149337	0.01712126798	0.01334700222
0.8692307692	1.069230769	0.3128976956	0.4382211715	1.400525404	1.024210069	1.050051512	0.006388100586	0.003128070358	0.003842428804	0.0081367878	0.0175284844	0.01365651811
0.8692307692	1.076923077	0.3162345915	0.443729566	1.403165808	1.035132752	1.06325055	0.006456175893	0.003158842298	0.003880900086	0.008228525817	0.01794298516	0.01397159975
0.8692307692	1.084615385	0.3196373962	0.4493434162	1.405791129	1.046271175	1.076702278	0.006525806421	0.003191178309	0.003920943456	0.008322397015	0.01836476133	0.01429224361
0.8692307692	1.092307692	0.3231071375	0.4550639292	1.408399495	1.057628702	1.090409588	0.006597018152	0.003225110098	0.003962589675	0.008418435216	0.01879380427	0.01461844637
0.8692307692	1.1	0.3266448505	0.4608923224	1.410989096	1.069208721	1.104375396	0.006669837326	0.003260669617	0.004005869742	0.008516674436	0.01923010557	0.01495020495
0.8692307692	1.107692308	0.3302515781	0.4668298233	1.413558191	1.081014646	1.118602645	0.006744290444	0.003297889064	0.004050814889	0.00861714889	0.01967365712	0.01528751648
0.8692307692	1.115384615	0.3339283705	0.4728776694	1.416105103	1.093049915	1.1330943	0.006820404269	0.00333680088	0.004097456586	0.008719892985	0.02012445105	0.01563037831
0.8692307692	1.123076923	0.3376762856	0.4790371084	1.418628221	1.10531799	1.14785335	0.006898205823	0.003377437751	0.00414582654	0.008824941324	0.02058247977	0.01597878803
0.8692307692	1.130769231	0.3414963887	0.485309398	1.421126003	1.117822358	1.16288281	0.006977722395	0.003419832608	0.004195956691	0.008932328705	0.02104773597	0.01633274344
0.8692307692	1.138461538	0.3453897528	0.4916958063	1.423596972	1.130566532	1.178185716	0.007058981531	0.003464018627	0.004247879218	0.009042090123	0.02152021259	0.01669224258
0.8692307692	1.146153846	0.3493574582	0.4981976111	1.426039718	1.143554048	1.193765132	0.007142011046	0.003510029226	0.004301626533	0.009154260768	0.02199990283	0.01705728369
0.8692307692	1.153846154	0.353400593	0.5048161005	1.428452896	1.156788467	1.209624144	0.007226839013	0.003557898071	0.004357231287	0.009268876029	0.02248680017	0.01742786525
0.8692307692	1.161538462	0.3575202525	0.5115525729	1.430835231	1.170273376	1.225765863	0.007313493769	0.003607659071	0.004414726364	0.009385971492	0.02298089836	0.01780398596
0.8692307692	1.169230769	0.3617175398	0.5184083365	1.433185509	1.184012384	1.242193424	0.007402003916	0.003659346378	0.004474144887	0.009505582942	0.02348219141	0.01818564475
0.8692307692	1.176923077	0.3659935655	0.5253847097	1.435502586	1.198009127	1.258909986	0.007492398315	0.003712994391	0.004535520212	0.009627746368	0.0239906736	0.01857284075
0.8692307692	1.184615385	0.3703494477	0.5324830211	1.437785379	1.212267264	1.275918732	0.007584706091	0.003768637753	0.004598885933	0.00975249796	0.02450633946	0.01896557335
0.8692307692	1.192307692	0.3747863119	0.5397046093	1.440032872	1.226790481	1.29322287	0.007678956629	0.003826311352	0.00466427588	0.009879874111	0.02502918382	0.01936384213
0.8692307692	1.2	0.3793052914	0.5470508231	1.442244112	1.241582486	1.310825632	0.007775179575	0.003886050318	0.004731724118	0.01000991142	0.02555920174	0.01976764692
1.043589744	0.9	0.2776806529	0.369726648	1.331481484	0.9089338935	0.8859271321	0.005701382705	0.002955142506	0.003567647813	0.007167385615	0.01037741136	0.008259694825
1.043589744	0.9076923077	0.2800534113	0.3735161216	1.333731733	0.9167006591	0.8950073473	0.005745719706	0.002958627259	0.003579389515	0.007225713352	0.01063812463	0.008458067759
1.043589744	0.9153846154	0.2824718133	0.3773873956	1.336017889	0.9246168301	0.9042835699	0.005791100221	0.002962987864	0.003592042781	0.007285474589	0.01090634268	0.008662108583
1.043589744	0.9230769231	0.2849367148	0.3813414593	1.33833739	0.9326852081	0.9137581703	0.005837544818	0.002968250116	0.003605632702	0.00734669784	0.01118205423	0.008871811445
1.043589744	0.9307692308	0.2874489791	0.3853793118	1.340687704	0.9409086193	0.923433543	0.005885074263	0.002974440054	0.003620184603	0.007409411897	0.01146524826	0.009087170716
1.043589744	0.9384615385	0.2900094772	0.3895019627	1.343066325	0.9492899146	0.9333121069	0.005933709525	0.002981583962	0.003635724047	0.007473645823	0.01175591401	0.009308180992
1.043589744	0.9461538462	0.2926190877	0.3937104316	1.345470778	0.9578319695	0.943396305	0.005983471778	0.002989708369	0.003652276831	0.007539428945	0.01205404099	0.009534837091
1.043589744	0.9538461538	0.2952786965	0.3980057481	1.347898622	0.9665376844	0.9536886045	0.006034382404	0.002998840049	0.003669868991	0.007606790852	0.01235961899	0.009767134056
1.043589744	0.9615384615	0.2979891972	0.4023889518	1.350347448	0.975409984	0.9641914968	0.006086462996	0.003009006018	0.003688526796	0.007675761386	0.01267263805	0.01000506715
1.043589744	0.9692307692	0.3007514908	0.4068610929	1.352814883	0.9844518178	0.9749074976	0.00613973536	0.00302023354	0.003708276753	0.00774637064	0.01299308849	0.01024863187
1.043589744	0.9769230769	0.3035664861	0.4114232311	1.355298592	0.99366616	0.9858391469	0.006194221521	0.003032550122	0.003729145602	0.007818648952	0.01332096088	0.01049782393
1.043589744	0.9846153846	0.306435099	0.4160764366	1.357796277	1.003056009	0.9969890087	0.00624994372	0.003045983514	0.003751160324	0.007892626898	0.01365624607	0.01075263925
1.043589744	0.9923076923	0.3093582533	0.4208217896	1.360305682	1.01262439	1.008359671	0.006306924425	0.003060561713	0.00377434813	0.007968335293	0.01399893517	0.01101307401
1.043589744	1	0.3123368803	0.4256603805	1.362824589	1.022374349	1.019953747	0.006365186324	0.00307631296	0.003798736473	0.008045805182	0.01434901957	0.01127912459
1.043589744	1.007692308	0.3153719185	0.4305933095	1.365350826	1.032308959	1.031773874	0.006424752338	0.00309326574	0.003824353036	0.008125067839	0.01470649091	0.01155078759
1.043589744	1.015384615	0.3184643144	0.4356216874	1.367882264	1.042431319	1.043822711	0.006485645615	0.003111448782	0.003851225744	0.008206154762	0.0150713411	0.01182805985
1.043589744	1.023076923	0.3216150217	0.4407466346	1.370416818	1.05274455	1.056102945	0.006547889537	0.003130891061	0.003879382753	0.00828909767	0.01544356233	0.01211093843
1.043589744	1.030769231	0.3248250017	0.4459692819	1.37295245	1.063251798	1.068617285	0.006611507721	0.003151621796	0.003908852457	0.008373928501	0.01582314705	0.01239942059
1.043589744	1.038461538	0.3280952234	0.4512907702	1.37548717	1.073956236	1.081368465	0.006676524022	0.00317367045	0.003939663486	0.008460679408	0.01621008796	0.01269350386
1.043589744	1.046153846	0.331426663	0.4567122504	1.378019035	1.084861059	1.094359242	0.006742962536	0.003197066732	0.003971844706	0.008549382757	0.01660437805	0.01299318594
1.043589744	1.053846154	0.3348203046	0.4622348837	1.380546154	1.095969488	1.107592399	0.006810847598	0.003221840594	0.00400542522	0.008640071123	0.01700601057	0.01329846479
1.043589744	1.061538462	0.3382771395	0.4678598411	1.383066682	1.107284769	1.121070741	0.006880203791	0.003248022232	0.004040434364	0.008732777294	0.01741497904	0.01360933859
1.043589744	1.069230769	0.3417981669	0.473588304	1.38557883	1.11881017	1.1347971	0.00695105594	0.00327564209	0.004076901712	0.00882753426	0.01783127723	0.01392580573
1.043589744	1.076923077	0.3453843931	0.4794214638	1.388080855	1.130548988	1.14877433	0.00702342912	0.003304730853	0.004114857075	0.008924375219	0.01825489919	0.01424786484
1.043589744	1.084615385	0.3490368324	0.4853605219	1.390571071	1.142504541	1.163005311	0.007097348654	0.003335319452	0.004154330498	0.009023333573	0.01868583924	0.01457551475
1.043589744	1.092307692	0.3527565061	0.49140669	1.393047843	1.154680174	1.177492945	0.007172840118	0.003367439063	0.004195352263	0.009124442927	0.01912409197	0.01490875454
1.043589744	1.1	0.3565444436	0.4975611898	1.395509589	1.167079254	1.19224016	0.007249929337	0.003401121106	0.004237952888	0.009227737088	0.01956965221	0.0152475835
1.043589744	1.107692308	0.3604016813	0.5038252531	1.39795478	1.179705176	1.207249908	0.007328642392	0.003436397244	0.004282163125	0.009333250065	0.0200225151	0.01559200115
1.043589744	1.115384615	0.3643292636	0.5102001219	1.400381943	1.192561356	1.222525164	0.007409005617	0.003473299389	0.004328013965	0.009441016068	0.020482676	0.01594200721
1.043589744	1.123076923	0.368328242	0.5166870482	1.402789657	1.205651239	1.238068928	0.007491045602	0.003511859692	0.004375536634	0.009551069509	0.02095013057	0.01629760167
1.043589744	1.130769231	0.372399676	0.5232872941	1.405176556	1.21897829	1.253884226	0.007574789194	0.003552110553	0.004424762593	0.009663445002	0.02142487474	0.01665878469
1.043589744	1.138461538	0.3765446321	0.530002132	1.407541329	1.232546002	1.269974105	0.007660263495	0.003594084615	0.004475723539	0.009778177361	0.02190690467	0.0170255567
1.043589744	1.146153846	0.3807641848	0.5368328441	1.409882719	1.246357891	1.286341638	0.007747495867	0.003637814764	0.004528451407	0.009895301604	0.02239621682	0.01739791833
1.043589744	1.153846154	0.3850594159	0.543780723	1.412199522	1.260417499	1.302989923	0.007836513928	0.003683334133	0.004582978365	0.01001485295	0.02289280791	0.01777587043
1.043589744	1.161538462	0.3894314147	0.5508470713	1.414490589	1.274728391	1.31992208	0.007927345557	0.003730676098	0.00463933682	0.01013686682	0.02339667492	0.01815941409
1.043589744	1.169230769	0.3938812782	0.5580332016	1.416754826	1.289294159	1.337141255	0.008020018888	0.003779874282	0.004697559412	0.01026137885	0.02390781511	0.01854855062
1.043589744	1.176923077	0.3984101108	0.5653404368	1.418991189	1.304118416	1.354650617	0.008114562316	0.003830962548	0.004757679019	0.01038842487	0.02442622599	0.01894328153
1.043589744	1.184615385	0.4030190244	0.5727701097	1.42119869	1.319204803	1.372453361	0.008211004495	0.003883975008	0.004819728755	0.01051804091	0.02495190534	0.01934360858
1.043589744	1.192307692	0.4077091386	0.5803235635	1.423376394	1.334556984	1.390552705	0.008309374337	0.003938946017	0.004883741969	0.01065026323	0.02548485122	0.01974953375
1.043589744	1.2	0.4124815804	0.5880021511	1.425523415	1.350178649	1.40895189	0.00840970101	0.003995910174	0.004949752246	0.01078512828	0.02602506194	0.02016105924
1.217948718	0.9	0.302633231	0.3998499942	1.321236247	0.9906113301	0.9581077279	0.006197597139	0.003137422281	0.003817207767	0.007779520619	0.01050365429	0.008395351592
1.217948718	0.9076923077	0.3052719403	0.4039883246	1.323371956	0.9992486344	0.9680238625	0.006246844476	0.003140722942	0.003829782851	0.007843872944	0.01077416272	0.008601329301
1.217948718	0.9153846154	0.3079569434	0.4082092204	1.325539914	1.008037473	0.9781378375	0.006297137917	0.003144848812	0.003843228432	0.007909655841	0.01105219361	0.008812985665
1.217948718	0.9230769231	0.3106890901	0.4125136751	1.327737884	1.016980626	0.9884520338	0.006348497801	0.003149825151	0.003857569121	0.007976897557	0.01133773889	0.009030317212
1.217948718	0.9307692308	0.3134692377	0.4169026925	1.329963653	1.026080902	0.9989688565	0.006400944659	0.003155677468	0.003872829764	0.008045626615	0.01163079079	0.009253320696
1.217948718	0.9384615385	0.316298251	0.4213772863	1.332215037	1.035341129	1.009690735	0.00645449922	0.003162431515	0.003889035442	0.008115871802	0.01193134179	0.009481993093
1.217948718	0.9461538462	0.3191770025	0.4259384806	1.334489883	1.044764165	1.020620122	0.006509182415	0.003170113286	0.003906211475	0.008187662171	0.01223938465	0.009716331605
1.217948718	0.9538461538	0.322106372	0.4305873092	1.336786064	1.05435289	1.031759496	0.006565015374	0.003178749025	0.003924383416	0.008261027031	0.01255491238	0.009956333654
1.217948718	0.9615384615	0.3250872469	0.4353248165	1.339101489	1.064110207	1.043111359	0.006622019435	0.003188365215	0.003943577056	0.008335995946	0.01287791828	0.01020199689
1.217948718	0.9692307692	0.3281205222	0.4401520565	1.341434097	1.074039047	1.054678237	0.006680216142	0.003198988587	0.00396381842	0.008412598729	0.01320839588	0.01045331918
1.217948718	0.9769230769	0.3312071004	0.4450700937	1.343781861	1.084142363	1.066462679	0.006739627251	0.003210646115	0.00398513377	0.008490865439	0.01354633903	0.01071029862
1.217948718	0.9846153846	0.3343478915	0.4500800025	1.346142787	1.094423135	1.078467262	0.006800274731	0.003223365018	0.004007549606	0.008570826375	0.01389174179	0.01097293354
1.217948718	0.9923076923	0.3375438132	0.4551828675	1.348514918	1.104884367	1.090694584	0.006862180765	0.003237172761	0.00403109266	0.008652512074	0.01424459853	0.01124122246
1.217948718	1	0.3407957904	0.4603797833	1.350896332	1.115529085	1.103147267	0.006925367756	0.003252097051	0.004055789904	0.008735953307	0.01460490387	0.01151516417
1.217948718	1.007692308	0.3441047558	0.4656718549	1.353285147	1.126360343	1.115827959	0.006989858327	0.003268165841	0.004081668542	0.008821181075	0.01497265269	0.01179475764
1.217948718	1.015384615	0.3474716495	0.471060197	1.355679514	1.137381218	1.128739331	0.007055675324	0.003285407329	0.004108756016	0.008908226607	0.01534784014	0.0120800021
1.217948718	1.023076923	0.3508974193	0.4765459346	1.358077627	1.148594813	1.14188408	0.00712284182	0.003303849956	0.004137080006	0.008997121356	0.01573046165	0.01237089697
1.217948718	1.030769231	0.3543830203	0.482130203	1.360477719	1.160004253	1.155264924	0.007191381112	0.00332352241	0.004166668424	0.009087896997	0.01612051291	0.01266744193
1.217948718	1.038461538	0.3579294153	0.4878141473	1.36287806	1.171612691	1.168884609	0.007261316732	0.003344453621	0.004197549421	0.009180585426	0.01651798987	0.01296963684
1.217948718	1.046153846	0.3615375746	0.4935989228	1.365276965	1.183423303	1.182745903	0.007332672442	0.003366672764	0.004229751382	0.009275218754	0.01692288875	0.01327748183
1.217948718	1.053846154	0.365208476	0.4994856949	1.367672789	1.195439288	1.196851597	0.007405472236	0.003390209261	0.00426330293	0.009371829308	0.01733520604	0.01359097722
1.217948718	1.061538462	0.3689431048	0.5054756393	1.370063928	1.207663873	1.21120451	0.007479740349	0.003415092775	0.004298232922	0.00947044963	0.0177549385	0.01391012357
1.217948718	1.069230769	0.3727424539	0.5115699416	1.372448821	1.220100307	1.225807482	0.007555501249	0.003441353217	0.004334570452	0.00957111247	0.01818208314	0.01423492166
1.217948718	1.076923077	0.3766075238	0.5177697975	1.374825952	1.232751865	1.240663378	0.00763277965	0.00346902074	0.004372344849	0.009673850793	0.01861663726	0.01456537248
1.217948718	1.084615385	0.3805393222	0.524076413	1.377193847	1.245621847	1.255775087	0.007711600501	0.003498125743	0.00441158568	0.00977869777	0.01905859841	0.01490147727
1.217948718	1.092307692	0.3845388649	0.530491004	1.379551074	1.258713576	1.271145524	0.007791989001	0.003528698868	0.004452322746	0.009885686782	0.01950796441	0.01524323748
1.217948718	1.1	0.3886071746	0.5370147965	1.381896248	1.272030401	1.286777627	0.007873970588	0.003560771004	0.004494586086	0.009994851416	0.01996473336	0.01559065478
1.217948718	1.107692308	0.392745282	0.5436490269	1.384228027	1.285575695	1.302674357	0.007957570951	0.003594373283	0.004538405971	0.01010622547	0.02042890361	0.01594373106
1.217948718	1.115384615	0.3969542251	0.5503949414	1.386545114	1.299352856	1.3188387	0.008042816023	0.003629537081	0.004583812913	0.01021984294	0.02090047378	0.01630246845
1.217948718	1.123076923	0.4012350495	0.5572537964	1.388846256	1.313365306	1.335273669	0.008129731988	0.003666294021	0.004630837657	0.01033573804	0.02137944277	0.01666686929
1.217948718	1.130769231	0.4055888083	0.5642268584	1.391130245	1.327616493	1.351982296	0.008218345278	0.003704675966	0.004679511185	0.01045394518	0.02186580973	0.01703693615
1.217948718	1.138461538	0.4100165623	0.5713154041	1.393395918	1.342109889	1.368967642	0.008308682577	0.00374471503	0.004729864714	0.01057449898	0.02235957407	0.01741267182
1.217948718	1.146153846	0.4145193795	0.5785207203	1.395642155	1.35684899	1.38623279	0.008400770821	0.003786443565	0.004781929697	0.01069743427	0.02286073551	0.01779407932
1.217948718	1.153846154	0.4190983358	0.5858441037	1.397867884	1.371837318	1.403780846	0.008494637197	0.003829894173	0.004835737825	0.01082278608	0.02336929398	0.01818116188
1.217948718	1.161538462	0.4237545144	0.5932868613	1.400072073	1.387078417	1.421614943	0.008590309146	0.003875099696	0.004891321022	0.01095058965	0.02388524972	0.01857392298
1.217948718	1.169230769	0.428489006	0.6008503103	1.402253738	1.40257586	1.439738237	0.008687814362	0.003922093225	0.00494871145	0.01108088044	0.02440860322	0.01897236629
1.217948718	1.176923077	0.433302909	0.6085357777	1.404411937	1.41833324	1.458153907	0.008787180793	0.003970908092	0.005007941508	0.0112136941	0.02493935523	0.01937649572
1.217948718	1.184615385	0.4381973292	0.6163446009	1.406545773	1.434354177	1.476865159	0.008888436642	0.004021577875	0.005069043827	0.0113490665	0.02547750678	0.01978631542
1.217948718	1.192307692	0.44317338	0.6242781273	1.40865439	1.450642317	1.49587522	0.008991610364	0.004074136397	0.005132051278	0.01148703373	0.02602305916	0.02020182973
1.217948718	1.2	0.4482321823	0.6323377143	1.410736978	1.467201328	1.515187344	0.009096730671	0.004128617725	0.005196996966	0.01162763207	0.02657601393	0.02062304324
1.392307692	0.9	0.32903386	0.4317712224	1.312239483	1.077028682	1.034596351	0.006723127121	0.003332553884	0.004083202053	0.008428687096	0.01064977524	0.00854846823
1.392307692	0.9076923077	0.331963379	0.4362911355	1.314274896	1.086617895	1.045426822	0.006777788586	0.003335891082	0.004096892648	0.008499702942	0.0109308719	0.008762704515
1.392307692	0.9153846154	0.3349400536	0.4408947974	1.316339425	1.096361463	1.056457968	0.006833503173	0.003340004721	0.004111415075	0.008572153135	0.01121955493	0.008982664786
1.392307692	0.9230769231	0.3379647274	0.4455832059	1.318431096	1.106262148	1.067692183	0.006890290999	0.003344919532	0.004126793464	0.008646065669	0.01151581953	0.009208347953
1.392307692	0.9307692308	0.3410382518	0.4503573693	1.320547965	1.116322735	1.07913188	0.006948172375	0.00335066049	0.004143052181	0.008721468811	0.01181966115	0.00943975315
1.392307692	0.9384615385	0.3441614854	0.4552183056	1.322688113	1.126546036	1.090779499	0.007007167803	0.003357252814	0.004160215828	0.008798391091	0.01213107552	0.009676879736
1.392307692	0.9461538462	0.3473352945	0.4601670432	1.32484965	1.136934886	1.102637506	0.007067297981	0.003364721967	0.004178309243	0.008876861301	0.01245005864	0.009919727292
1.392307692	0.9538461538	0.3505605528	0.4652046205	1.327030713	1.147492145	1.114708387	0.007128583805	0.003373093658	0.004197357502	0.008956908491	0.01277660677	0.01016829562
1.392307692	0.9615384615	0.3538381417	0.4703320859	1.329229471	1.158220698	1.126994655	0.007191046371	0.00338239384	0.004217385913	0.009038561961	0.01311071642	0.01042258476
1.392307692	0.9692307692	0.35716895	0.4755504981	1.33144412	1.169123455	1.139498847	0.00725470698	0.003392648712	0.004238420023	0.009121851262	0.0134523844	0.01068259496
1.392307692	0.9769230769	0.3605538741	0.4808609259	1.333672886	1.180203349	1.152223523	0.007319587135	0.003403884714	0.004260485614	0.009206806189	0.01380160776	0.01094832669
1.392307692	0.9846153846	0.3639938178	0.486264448	1.33591403	1.191463339	1.16517127	0.007385708548	0.003416128534	0.004283608704	0.009293456781	0.01415838384	0.01121978065
1.392307692	0.9923076923	0.3674896927	0.4917621534	1.33816584	1.20290641	1.178344695	0.00745309314	0.003429407103	0.004307815547	0.009381833312	0.01452271021	0.01149695778
1.392307692	1	0.3710424178	0.4973551411	1.340426639	1.214535568	1.191746433	0.007521763046	0.003443747596	0.004333132634	0.009471966294	0.01489458476	0.01177985921
1.392307692	1.007692308	0.3746529194	0.5030445204	1.342694783	1.226353846	1.205379141	0.007591740614	0.003459177435	0.00435958669	0.009563886469	0.01527400559	0.01206848631
1.392307692	1.015384615	0.3783221317	0.5088314105	1.34496866	1.238364303	1.219245501	0.007663048408	0.003475724285	0.004387204677	0.009657624811	0.01566097111	0.01236284069
1.392307692	1.023076923	0.3820509962	0.5147169407	1.347246692	1.250570019	1.23334822	0.007735709212	0.003493416054	0.004416013793	0.00975321252	0.01605547998	0.01266292416
1.392307692	1.030769231	0.385840462	0.5207022506	1.349527335	1.262974103	1.247690027	0.007809746031	0.003512280897	0.004446041472	0.00985068102	0.01645753112	0.01296873876
1.392307692	1.038461538	0.3896914858	0.5267884897	1.351809082	1.275579684	1.262273678	0.007885182093	0.003532347213	0.004477315385	0.009950061958	0.01686712374	0.01328028676
1.392307692	1.046153846	0.3936050317	0.5329768177	1.354090458	1.288389919	1.277101951	0.007962040851	0.003553643645	0.004509863436	0.0100513872	0.01728425728	0.01359757064
1.392307692	1.053846154	0.3975820714	0.5392684046	1.356370026	1.301407989	1.29217765	0.008040345986	0.003576199081	0.004543713768	0.01015468883	0.01770893149	0.01392059313
1.392307692	1.061538462	0.4016235842	0.5456644301	1.358646383	1.314637099	1.307503601	0.008120121406	0.003600042653	0.004578894759	0.01025999916	0.01814114635	0.01424935715
1.392307692	1.069230769	0.4057305567	0.5521660843	1.360918164	1.328080479	1.323082656	0.008201391253	0.003625203739	0.004615435022	0.0103673507	0.01858090213	0.01458386587
1.392307692	1.076923077	0.4099039833	0.5587745673	1.363184038	1.341741384	1.338917691	0.008284179901	0.003651711959	0.004653363408	0.01047677619	0.01902819936	0.01492412268
1.392307692	1.084615385	0.4141448658	0.5654910895	1.365442714	1.355623092	1.355011606	0.008368511956	0.00367959718	0.004692709001	0.01058830856	0.01948303883	0.01527013117
1.392307692	1.092307692	0.4184542136	0.5723168711	1.367692934	1.369728908	1.371367325	0.008454412263	0.003708889513	0.004733501125	0.01070198098	0.01994542161	0.01562189518
1.392307692	1.1	0.4228330435	0.5792531426	1.36993348	1.384062161	1.387987796	0.008541905904	0.003739619313	0.004775769336	0.01081782682	0.02041534902	0.01597941877
1.392307692	1.107692308	0.42728238	0.5863011446	1.372163169	1.398626203	1.404875993	0.0086310182	0.00377181718	0.004819543428	0.01093587966	0.02089282266	0.01634270621
1.392307692	1.115384615	0.431803255	0.5934621278	1.374380857	1.413424413	1.422034911	0.008721774713	0.003805513958	0.00486485343	0.01105617328	0.0213778444	0.01671176201
1.392307692	1.123076923	0.4363967079	0.6007373529	1.376585437	1.428460192	1.439467572	0.008814201247	0.003840740736	0.00491172961	0.0111787417	0.02187041636	0.0170865909
1.392307692	1.130769231	0.4410637859	0.6081280909	1.378775838	1.443736969	1.457177021	0.008908323848	0.003877528848	0.004960202467	0.01130361911	0.02237054094	0.01746719781
1.392307692	1.138461538	0.4458055433	0.6156356227	1.380951026	1.459258195	1.475166328	0.009004168808	0.003915909872	0.005010302741	0.01143083994	0.02287822081	0.01785358793
1.392307692	1.146153846	0.4506230424	0.6232612395	1.383110007	1.475027346	1.493438586	0.009101762662	0.00395591563	0.005062061403	0.01156043882	0.02339345889	0.01824576665
1.392307692	1.153846154	0.4555173527	0.6310062425	1.385251821	1.491047924	1.511996914	0.009201132194	0.003997578191	0.005115509664	0.01169245059	0.02391625839	0.0186437396
1.392307692	1.161538462	0.4604895514	0.638871943	1.387375546	1.507323454	1.530844453	0.009302304432	0.004040929864	0.00517067897	0.0118269103	0.02444662276	0.01904751261
1.392307692	1.169230769	0.4655407231	0.6468596625	1.389480298	1.523857487	1.54998437	0.009405306655	0.004086003208	0.005227601002	0.01196385321	0.02498455574	0.01945709176
1.392307692	1.176923077	0.47067196	0.6549707325	1.391565226	1.540653599	1.569419856	0.009510166389	0.004132831023	0.005286307677	0.0121033148	0.02553006133	0.01987248334
1.392307692	1.184615385	0.4758843619	0.6632064946	1.393629519	1.557715388	1.589154125	0.009616911407	0.004181446354	0.005346831149	0.01224533076	0.02608314379	0.02029369386
1.392307692	1.192307692	0.481179036	0.6715683007	1.395672401	1.575046479	1.609190417	0.009725569736	0.004231882491	0.005409203807	0.01238993698	0.02664380766	0.02072073006
1.392307692	1.2	0.4865570971	0.6800575126	1.397693131	1.592650522	1.629531994	0.009836169648	0.00428417297	0.005473458276	0.01253716958	0.02721205772	0.0211535989
1.566666667	0.9	0.3568825401	0.4654903326	1.304323637	1.168185948	1.115393001	0.007277959509	0.003540537315	0.004365630671	0.009114796448	0.01081577423	0.008719044738
1.566666667	0.9076923077	0.3601277275	0.4704245544	1.30627141	1.178808441	1.127216225	0.007338538345	0.003544131678	0.004380718907	0.009193113337	0.01110825216	0.008942193402
1.566666667	0.9153846154	0.3634211439	0.4754441266	1.308245639	1.189588802	1.139243963	0.007400181708	0.003548455593	0.00439660271	0.009272874875	0.01140842665	0.009171145948
1.566666667	0.9230769231	0.3667636269	0.4805500518	1.310244573	1.200529774	1.151478617	0.007462909508	0.00355353326	0.00441330573	0.009354108824	0.01171629615	0.009405903669
1.566666667	0.9307692308	0.3701560215	0.4857433423	1.312266488	1.211634121	1.163922613	0.007526741841	0.003559389119	0.004430851854	0.009436843211	0.01203185935	0.009646468079
1.566666667	0.9384615385	0.3735991804	0.4910250206	1.314309684	1.222904636	1.176578401	0.007591698993	0.003566047859	0.004449265203	0.009521106326	0.01235511521	0.00989284092
1.566666667	0.9461538462	0.3770939637	0.4963961195	1.316372489	1.234344133	1.189448456	0.007657801442	0.00357353441	0.004468570137	0.009606926719	0.01268606299	0.01014502415
1.566666667	0.9538461538	0.3806412391	0.5018576818	1.318453258	1.245955452	1.202535276	0.007725069861	0.003581873948	0.004488791248	0.009694333197	0.01302470216	0.01040301997
1.566666667	0.9615384615	0.3842418816	0.5074107602	1.320550373	1.257741459	1.215841385	0.007793525118	0.003591091895	0.004509953367	0.009783354818	0.0133710325	0.01066683077
1.566666667	0.9692307692	0.3878967742	0.5130564178	1.322662244	1.269705043	1.229369328	0.00786318828	0.003601213916	0.004532081561	0.009874020887	0.01372505404	0.0109364592
1.566666667	0.9769230769	0.391606807	0.5187957278	1.324787308	1.281849117	1.243121679	0.007934080615	0.003612265919	0.004555201132	0.009966360958	0.01408676708	0.01121190812
1.566666667	0.9846153846	0.3953728779	0.5246297732	1.326924032	1.294176621	1.257101031	0.008006223593	0.003624274061	0.004579337617	0.01006040482	0.0144561722	0.0114931806
1.566666667	0.9923076923	0.3991958921	0.5305596474	1.32907091	1.306690519	1.271310006	0.008079638889	0.003637264739	0.004604516791	0.01015618251	0.01483327021	0.01178027995
1.566666667	1	0.4030767625	0.5365864539	1.331226466	1.319393797	1.285751246	0.008154348384	0.003651264596	0.004630764663	0.0102537243	0.01521806223	0.0120732097
1.566666667	1.007692308	0.4070164095	0.5427113062	1.333389253	1.33228947	1.30042742	0.00823037417	0.003666300522	0.00465810748	0.01035306069	0.01561054962	0.0123719736
1.566666667	1.015384615	0.411015761	0.5489353279	1.335557854	1.345380573	1.315341221	0.008307738547	0.003682399649	0.004686571724	0.01045422241	0.01601073401	0.01267657562
1.566666667	1.023076923	0.4150757525	0.5552596527	1.337730882	1.35867017	1.330495366	0.008386464031	0.003699589353	0.004716184113	0.01055724043	0.01641861731	0.01298701998
1.566666667	1.030769231	0.419197327	0.5616854246	1.33990698	1.372161346	1.345892594	0.008466573352	0.003717897258	0.004746971601	0.01066214593	0.01683420168	0.01330331109
1.566666667	1.038461538	0.4233814349	0.5682137974	1.342084821	1.385857214	1.361535672	0.008548089456	0.003737351228	0.004778961377	0.01076897033	0.01725748956	0.0136254536
1.566666667	1.046153846	0.4276290344	0.5748459354	1.344263109	1.399760909	1.377427388	0.008631035509	0.003757979375	0.004812180867	0.01087774526	0.01768848365	0.01395345237
1.566666667	1.053846154	0.4319410909	0.5815830126	1.346440579	1.413875592	1.393570556	0.008715434897	0.003779810054	0.004846657734	0.01098850259	0.01812718692	0.01428731251
1.566666667	1.061538462	0.4363185776	0.5884262133	1.348615996	1.428204448	1.409968014	0.008801311231	0.003802871866	0.004882419875	0.01110127438	0.01857360261	0.01462703934
1.566666667	1.069230769	0.4407624752	0.595376732	1.350788158	1.442750687	1.426622624	0.008888688342	0.003827193655	0.004919495424	0.01121609295	0.01902773421	0.01497263839
1.566666667	1.076923077	0.4452737718	0.6024357731	1.352955892	1.457517543	1.443537272	0.008977590293	0.00385280451	0.004957912752	0.01133299079	0.0194895855	0.01532411542
1.566666667	1.084615385	0.4498534631	0.6096045513	1.355118058	1.472508277	1.460714868	0.009068041369	0.003879733765	0.004997700462	0.01145200063	0.01995916051	0.01568147644
1.566666667	1.092307692	0.4545025524	0.6168842913	1.357273547	1.487726171	1.478158348	0.009160066089	0.003908010998	0.005038887398	0.01157315543	0.02043646355	0.01604472765
1.566666667	1.1	0.4592220504	0.624276228	1.359421281	1.503174535	1.495870669	0.009253689201	0.003937666032	0.005081502638	0.01169648833	0.02092149918	0.01641387549
1.566666667	1.107692308	0.4640129754	0.6317816062	1.361560214	1.518856701	1.513854816	0.009348935686	0.003968728935	0.005125575494	0.01182203272	0.02141427224	0.01678892661
1.566666667	1.115384615	0.4688763533	0.6394016811	1.363689332	1.534776027	1.532113795	0.009445830758	0.004001230019	0.005171135516	0.01194982216	0.02191478784	0.01716988791
1.566666667	1.123076923	0.4738132173	0.6471377178	1.365807652	1.550935897	1.550650638	0.009544399869	0.00403519984	0.005218212491	0.01207989047	0.02242305134	0.01755676649
1.566666667	1.130769231	0.4788246085	0.6549909915	1.367914221	1.567339716	1.5694684	0.009644668704	0.004070669199	0.00526683644	0.01221227165	0.02293906838	0.01794956968
1.566666667	1.138461538	0.4839115753	0.6629627877	1.37000812	1.583990917	1.588570162	0.009746663189	0.004107669142	0.00531703762	0.01234699992	0.02346284487	0.01834830504
1.566666667	1.146153846	0.4890751735	0.6710544018	1.37208846	1.600892957	1.607959028	0.009850409488	0.00414623096	0.005368846525	0.01248410972	0.02399438697	0.01875298034
1.566666667	1.153846154	0.4943164667	0.6792671394	1.374154383	1.618049316	1.627638127	0.009955934003	0.004186386186	0.005422293885	0.0126236357	0.02453370112	0.01916360358
1.566666667	1.161538462	0.4996365259	0.6876023163	1.376205062	1.635463501	1.64761061	0.01006326338	0.004228166602	0.005477410665	0.01276561271	0.02508079404	0.019580183
1.566666667	1.169230769	0.5050364296	0.6960612581	1.378239702	1.653139041	1.667879655	0.0101724245	0.00427160423	0.005534228066	0.01291007583	0.02563567268	0.02000272704
1.566666667	1.176923077	0.510517264	0.704645301	1.380257536	1.671079492	1.688448463	0.01028344451	0.00431673134	0.005592777527	0.01305706036	0.02619834429	0.02043124437
1.566666667	1.184615385	0.5160801227	0.7133557908	1.382257831	1.689288434	1.70932026	0.01039635076	0.004363580444	0.00565309072	0.01320660178	0.02676881637	0.0208657439
1.566666667	1.192307692	0.5217261067	0.7221940838	1.384239881	1.70776947	1.730498294	0.01051117088	0.0044121843	0.005715199555	0.01335873582	0.0273470967	0.02130623474
1.566666667	1.2	0.5274563249	0.7311615461	1.386203012	1.726526231	1.751985839	0.01062793273	0.00446257591	0.005779136178	0.01351349841	0.02793319331	0.02175272623
1.741025641	0.9	0.3861792712	0.5010073249	1.297343908	1.264083129	1.200497678	0.007862083263	0.003761372575	0.004664493622	0.009837772166	0.01100165126	0.008907081118
1.741025641	0.9076923077	0.3897649858	0.5063885811	1.299215167	1.275820272	1.213392072	0.007929082274	0.00376544473	0.004681261628	0.009924026313	0.01130630349	0.009139795962
1.741025641	0.9153846154	0.3934002144	0.5118572081	1.301110649	1.287719489	1.226495821	0.00799716158	0.003770201428	0.004698791337	0.01001174179	0.01161880876	0.009378429151
1.741025641	0.9230769231	0.3970857884	0.5174142126	1.303028785	1.299783503	1.239811336	0.008066340888	0.003775666333	0.00471710592	0.01010094615	0.01193916874	0.009622984359
1.741025641	0.9307692308	0.4008225468	0.5230606114	1.304968035	1.312015058	1.253341056	0.008136640088	0.003781863356	0.004736228784	0.01019166718	0.01226738537	0.009873465483
1.741025641	0.9384615385	0.4046113361	0.5287974313	1.306926881	1.324416927	1.26708744	0.008208079259	0.00378881665	0.004756183569	0.01028393297	0.01260346086	0.01012987665
1.741025641	0.9461538462	0.4084530102	0.5346257095	1.30890383	1.336991904	1.281052973	0.008280678667	0.003796550616	0.004776994154	0.01037777183	0.01294739767	0.01039222219
1.741025641	0.9538461538	0.4123484307	0.5405464931	1.310897418	1.349742809	1.295240165	0.00835445877	0.003805089896	0.004798684655	0.01047321235	0.01329919855	0.01066050668
1.741025641	0.9615384615	0.4162984667	0.5465608393	1.312906203	1.362672488	1.309651548	0.00842944022	0.003814459379	0.00482127942	0.01057028337	0.0136588665	0.01093473492
1.741025641	0.9692307692	0.4203039949	0.5526698156	1.314928771	1.375783809	1.324289681	0.008505643862	0.003824684199	0.004844803036	0.01066901396	0.0140264048	0.01121491192
1.741025641	0.9769230769	0.4243658993	0.5588744993	1.316963734	1.389079668	1.339157145	0.008583090739	0.003835789731	0.004869280325	0.01076943346	0.01440181699	0.01150104292
1.741025641	0.9846153846	0.4284850716	0.5651759781	1.319009729	1.402562981	1.354256546	0.008661802091	0.003847801599	0.004894736345	0.01087157143	0.01478510687	0.01179313337
1.741025641	0.9923076923	0.4326624111	0.5715753496	1.321065419	1.416236694	1.369590515	0.00874179936	0.003860745669	0.004921196391	0.01097545769	0.01517627852	0.01209118898
1.741025641	1	0.4368988245	0.5780737216	1.323129497	1.430103773	1.385161706	0.008823104189	0.003874648051	0.004948685992	0.01108112227	0.01557533629	0.01239521564
1.741025641	1.007692308	0.441195226	0.5846722121	1.325200677	1.444167213	1.400972797	0.008905738426	0.003889535102	0.004977230914	0.01118859546	0.01598228476	0.0127052195
1.741025641	1.015384615	0.4455525374	0.5913719491	1.327277704	1.458430029	1.417026492	0.008989724126	0.003905433422	0.00500685716	0.01129790778	0.01639712883	0.01302120691
1.741025641	1.023076923	0.4499716882	0.5981740707	1.329359349	1.472895264	1.433325517	0.009075083548	0.003922369855	0.005037590967	0.01140908997	0.01681987364	0.01334318444
1.741025641	1.030769231	0.4544536151	0.605079725	1.331444409	1.487565984	1.449872625	0.009161839167	0.003940371491	0.005069458809	0.011522173	0.01725052458	0.01367115892
1.741025641	1.038461538	0.4589992626	0.6120900705	1.333531708	1.502445282	1.46667059	0.009250013664	0.003959465665	0.005102487397	0.01163718807	0.01768908734	0.01400513736
1.741025641	1.046153846	0.4636095825	0.6192062757	1.335620097	1.517536272	1.483722212	0.009339629936	0.003979679953	0.005136703676	0.0117541666	0.01813556786	0.01434512702
1.741025641	1.053846154	0.4682855344	0.6264295189	1.337708456	1.532842096	1.501030316	0.009430711096	0.004001042181	0.005172134828	0.01187314024	0.01858997234	0.01469113538
1.741025641	1.061538462	0.4730280852	0.633760989	1.339795688	1.548365918	1.518597749	0.009523280471	0.004023580414	0.00520880827	0.01199414085	0.01905230727	0.01504317013
1.741025641	1.069230769	0.4778382095	0.6412018847	1.341880729	1.56411093	1.536427385	0.009617361609	0.004047322966	0.005246751658	0.01211720053	0.01952257938	0.01540123919
1.741025641	1.076923077	0.4827168892	0.6487534149	1.343962537	1.580080344	1.554522119	0.009712978278	0.004072298393	0.00528599288	0.01224235157	0.02000079568	0.01576535072
1.741025641	1.084615385	0.4876651141	0.6564167985	1.346040099	1.596277401	1.572884873	0.009810154466	0.004098535496	0.005326560063	0.01236962651	0.02048696345	0.01613551309
1.741025641	1.092307692	0.4926838812	0.6641932648	1.348112431	1.612705364	1.591518592	0.009908914386	0.004126063322	0.005368481567	0.01249905808	0.02098109024	0.01651173488
1.741025641	1.1	0.4977741952	0.6720840527	1.350178573	1.629367522	1.610426245	0.01000928248	0.004154911162	0.005411785992	0.01263067925	0.02148318385	0.01689402493
1.741025641	1.107692308	0.5029370682	0.6800904118	1.352237596	1.646267188	1.629610826	0.0101112834	0.004185108549	0.00545650217	0.01276452318	0.02199325236	0.01728239226
1.741025641	1.115384615	0.50817352	0.6882136014	1.354288593	1.6634077	1.649075352	0.01021494205	0.004216685264	0.005502659172	0.01290062327	0.02251130411	0.01767684614
1.741025641	1.123076923	0.5134845778	0.696454891	1.356330689	1.68079242	1.668822866	0.01032028354	0.00424967133	0.005550286302	0.01303901312	0.02303734771	0.01807739607
1.741025641	1.130769231	0.5188712764	0.7048155603	1.358363032	1.698424735	1.688856433	0.01042733324	0.004284097018	0.005599413103	0.01317972656	0.02357139204	0.01848405176
1.741025641	1.138461538	0.524334658	0.7132968991	1.3603848	1.716308058	1.709179145	0.01053611671	0.004319992839	0.005650069352	0.0133227976	0.02411344625	0.01889682313
1.741025641	1.146153846	0.5298757727	0.7219002072	1.362395196	1.734445825	1.729794116	0.01064665978	0.004357389553	0.005702285063	0.0134682605	0.02466351974	0.01931572036
1.741025641	1.153846154	0.5354956776	0.7306267945	1.364393449	1.752841496	1.750704485	0.01075898849	0.00439631816	0.005756090486	0.01361614972	0.02522162219	0.01974075383
1.741025641	1.161538462	0.5411954377	0.7394779811	1.366378815	1.771498558	1.771913414	0.01087312914	0.00443680991	0.005811516106	0.01376649994	0.02578776355	0.02017193414
1.741025641	1.169230769	0.5469761255	0.7484550973	1.368350578	1.790420521	1.793424092	0.01098910823	0.004478896292	0.005868592644	0.01391934604	0.02636195403	0.02060927212
1.741025641	1.176923077	0.5528388209	0.7575594833	1.370308044	1.809610921	1.81523973	0.01110695254	0.004522609044	0.005927351057	0.01407472314	0.02694420411	0.02105277883
1.741025641	1.184615385	0.5587846114	0.7667924895	1.372250548	1.829073316	1.837363563	0.01122668905	0.004567980146	0.005987822541	0.01423266655	0.02753452452	0.02150246555
1.741025641	1.192307692	0.5648145921	0.7761554764	1.374177451	1.848811291	1.859798852	0.011348345	0.004615041823	0.006050038523	0.01439321181	0.02813292629	0.02195834378
1.741025641	1.2	0.5709298655	0.7856498147	1.376088137	1.868828455	1.88254888	0.01147194786	0.004663826545	0.00611403067	0.01455639467	0.02873942069	0.02242042524
1.915384615	0.9	0.4169240533	0.5383221991	1.291175683	1.364720225	1.289910383	0.008475489136	0.003995059662	0.004979790905	0.01059754858	0.01120740631	0.009112577368
1.915384615	0.9076923077	0.4208751539	0.5441832158	1.292980141	1.377653388	1.303954363	0.008549410785	0.003999830239	0.00499852081	0.01069237503	0.01152502591	0.009355512194
1.915384615	0.9153846154	0.4248772651	0.5501340419	1.294806965	1.390753525	1.318213542	0.008624432835	0.004005242225	0.005017980957	0.01078868574	0.01185070127	0.009604514394
1.915384615	0.9230769231	0.428931212	0.5561756884	1.296654738	1.404023336	1.332690341	0.008700574796	0.004011318752	0.005038194034	0.01088650806	0.01218443732	0.009859590024
1.915384615	0.9307692308	0.4330378276	0.5623091766	1.298522071	1.417465547	1.347387209	0.008777856357	0.004018083199	0.005059182969	0.01098586958	0.01252623923	0.01012074536
1.915384615	0.9384615385	0.4371979523	0.5685355377	1.300407595	1.431082911	1.362306615	0.008856297397	0.004025559188	0.005080970924	0.01108679818	0.01287611245	0.01038798691
1.915384615	0.9461538462	0.4414124338	0.5748558132	1.302309969	1.4448782	1.377451057	0.008935917977	0.004033770584	0.005103581297	0.01118932197	0.01323406269	0.0106613214
1.915384615	0.9538461538	0.4456821277	0.5812710545	1.304227875	1.458854217	1.392823052	0.009016738349	0.004042741501	0.005127037722	0.01129346934	0.01360009594	0.01094075577
1.915384615	0.9615384615	0.4500078969	0.5877823233	1.306160019	1.473013786	1.408425146	0.009098778955	0.004052496293	0.00515136407	0.01139926891	0.01397421843	0.01122629721
1.915384615	0.9692307692	0.454390612	0.5943906914	1.308105132	1.487359756	1.424259905	0.009182060427	0.004063059561	0.005176584446	0.01150674957	0.01435643668	0.0115179531
1.915384615	0.9769230769	0.4588311508	0.6010972405	1.310061968	1.501895001	1.440329923	0.009266603593	0.004074456149	0.005202723193	0.01161594042	0.01474675748	0.01181573108
1.915384615	0.9846153846	0.4633303991	0.6079030626	1.312029307	1.516622419	1.456637816	0.009352429474	0.004086711149	0.005229804889	0.01172687085	0.01514518787	0.01211963898
1.915384615	0.9923076923	0.4678892499	0.6148092598	1.314005953	1.531544935	1.473186224	0.009439559288	0.004099849893	0.005257854348	0.01183957046	0.01555173516	0.01242968487
1.915384615	1	0.4725086038	0.6218169443	1.315990734	1.546665496	1.489977813	0.009528014451	0.00411389796	0.00528689662	0.01195406909	0.01596640693	0.01274587704
1.915384615	1.007692308	0.4771893689	0.6289272383	1.317982502	1.561987076	1.507015271	0.009617816582	0.004128881175	0.005316956991	0.01207039682	0.01638921103	0.01306822402
1.915384615	1.015384615	0.481932461	0.6361412742	1.319980134	1.57751267	1.524301312	0.009708987498	0.004144825603	0.005348060983	0.01218858396	0.01682015559	0.01339673453
1.915384615	1.023076923	0.4867388032	0.6434601946	1.32198253	1.593245301	1.541838674	0.009801549223	0.004161757559	0.005380234354	0.01230866107	0.01725924897	0.01373141755
1.915384615	1.030769231	0.4916093264	0.6508851519	1.323988616	1.609188017	1.559630119	0.009895523984	0.004179703599	0.005413503098	0.0124306589	0.01770649982	0.01407228225
1.915384615	1.038461538	0.4965449688	0.658417309	1.325997342	1.625343887	1.577678432	0.009990934214	0.004198690524	0.005447893445	0.01255460848	0.01816191707	0.01441933806
1.915384615	1.046153846	0.5015466762	0.6660578386	1.328007682	1.641716008	1.595986424	0.01008780256	0.004218745381	0.005483431862	0.01268054101	0.01862550989	0.01477259459
1.915384615	1.053846154	0.5066154019	0.6738079237	1.330018632	1.658307501	1.614556929	0.01018615187	0.00423989546	0.005520145049	0.01280848796	0.01909728774	0.01513206172
1.915384615	1.061538462	0.5117521068	0.6816687573	1.332029215	1.675121511	1.633392807	0.01028600521	0.004262168297	0.005558059944	0.012938481	0.01957726032	0.01549774952
1.915384615	1.069230769	0.5169577594	0.6896415425	1.334038478	1.692161208	1.652496939	0.01038738586	0.004285591671	0.005597203723	0.01307055203	0.02006543762	0.01586966829
1.915384615	1.076923077	0.5222333356	0.6977274927	1.33604549	1.709429786	1.671872233	0.01049031732	0.004310193608	0.005637603793	0.01320473316	0.02056182989	0.01624782857
1.915384615	1.084615385	0.5275798188	0.7059278311	1.338049345	1.726930464	1.691521621	0.01059482329	0.004336002375	0.005679287802	0.01334105673	0.02106644765	0.01663224111
1.915384615	1.092307692	0.5329982001	0.7142437913	1.340049162	1.744666487	1.711448058	0.01070092769	0.004363046487	0.005722283631	0.01347955529	0.02157930168	0.01702291688
1.915384615	1.1	0.5384894779	0.7226766168	1.342044082	1.762641122	1.731654524	0.01080865469	0.004391354701	0.005766619398	0.01362026163	0.02210040303	0.01741986709
1.915384615	1.107692308	0.5440546584	0.7312275613	1.344033269	1.780857664	1.752144023	0.01091802863	0.00442095602	0.005812323456	0.01376320873	0.02262976301	0.01782310314
1.915384615	1.115384615	0.5496947551	0.7398978886	1.346015915	1.799319429	1.772919583	0.01102907412	0.004451879692	0.005859424396	0.01390842979	0.02316739321	0.01823263671
1.915384615	1.123076923	0.5554107892	0.7486888726	1.347991229	1.818029761	1.793984257	0.01114181597	0.004484155208	0.005907951042	0.01405595825	0.02371330548	0.01864847964
1.915384615	1.130769231	0.5612037893	0.7576017974	1.34995845	1.836992026	1.815341121	0.01125627921	0.004517812305	0.005957932456	0.01420582774	0.02426751193	0.01907064404
1.915384615	1.138461538	0.5670747917	0.7666379569	1.351916834	1.856209617	1.836993277	0.0113724891	0.004552880964	0.006009397937	0.01435807212	0.02483002496	0.01949914223
1.915384615	1.146153846	0.57302484	0.7757986556	1.353865664	1.875685949	1.858943849	0.01149047115	0.004589391409	0.006062377018	0.01451272546	0.02540085721	0.01993398674
1.915384615	1.153846154	0.5790549855	0.7850852077	1.355804245	1.895424463	1.881195987	0.01161025106	0.004627374113	0.006116899468	0.01466982204	0.0259800216	0.02037519034
1.915384615	1.161538462	0.585166287	0.7944989376	1.357731905	1.915428626	1.903752865	0.01173185478	0.004666859787	0.006172995293	0.01482939636	0.02656753131	0.02082276603
1.915384615	1.169230769	0.5913598108	0.80404118	1.359647993	1.935701928	1.92661768	0.0118553085	0.004707879394	0.006230694734	0.01499148315	0.02716339979	0.021276727
1.915384615	1.176923077	0.5976366307	0.8137132794	1.361551882	1.956247884	1.949793654	0.01198063862	0.004750464135	0.006290028269	0.01515611733	0.02776764078	0.02173708671
1.915384615	1.184615385	0.6039978282	0.8235165907	1.363442967	1.977070033	1.973284034	0.01210787179	0.004794645459	0.006351026612	0.01532333406	0.02838026824	0.0222038588
1.915384615	1.192307692	0.6104444922	0.8334524787	1.365320663	1.99817194	1.99709209	0.01223703488	0.00484045506	0.006413720711	0.01549316869	0.02900129643	0.02267705717
1.915384615	1.2	0.616977719	0.8435223185	1.36718441	2.019557194	2.021221117	0.012368155	0.004887924875	0.006478141753	0.01566565681	0.02963073987	0.02315669591
2.08974359	0.9	0.4491168864	0.5774349554	1.285711967	1.470097235	1.383631115	0.009118169398	0.004241598578	0.005311522521	0.01139406954	0.0114330394	0.009335533488
2.08974359	0.9076923077	0.4534582319	0.5838084585	1.287458067	1.48430779	1.398903098	0.009199515882	0.004247288205	0.005332496454	0.01149810231	0.0117644194	0.009589342098
2.08974359	0.9153846154	0.4578522959	0.5902746279	1.289225004	1.498690908	1.414397126	0.009281987193	0.004253577984	0.005354171568	0.01160364841	0.01210410418	0.009849401677
2.08974359	0.9230769231	0.4622998977	0.5968344793	1.291011489	1.513249272	1.430115631	0.009365602648	0.004260490518	0.005376570071	0.01171073499	0.01245210188	0.01011572066
2.08974359	0.9307692308	0.466801864	0.603489038	1.292816256	1.527985588	1.446061071	0.009450381741	0.00426804865	0.005399714411	0.01181938948	0.01280842092	0.01038830772
2.08974359	0.9384615385	0.4713590291	0.6102393398	1.294638062	1.542902586	1.462235928	0.009536344153	0.004276275471	0.005423627269	0.01192963955	0.01317307	0.01066717172
2.08974359	0.9461538462	0.4759722347	0.6170864305	1.296475688	1.558003022	1.478642707	0.009623509748	0.004285194316	0.005448331564	0.01204151313	0.01354605806	0.01095232178
2.08974359	0.9538461538	0.4806423302	0.6240313659	1.298327939	1.573289676	1.495283939	0.009711898576	0.004294828763	0.00547385045	0.01215503843	0.01392739433	0.01124376724
2.08974359	0.9615384615	0.4853701723	0.6310752121	1.300193642	1.588765353	1.512162177	0.009801530877	0.004305202635	0.005500207317	0.01227024389	0.01431708829	0.01154151763
2.08974359	0.9692307692	0.4901566255	0.6382190452	1.302071648	1.604432881	1.52928	0.009892427077	0.004316340001	0.005527425792	0.0123871582	0.01471514969	0.01184558276
2.08974359	0.9769230769	0.4950025617	0.6454639513	1.30396083	1.620295116	1.546640012	0.009984607796	0.004328265174	0.005555529736	0.0125058103	0.01512158856	0.01215597261
2.08974359	0.9846153846	0.4999088604	0.6528110268	1.305860085	1.636354935	1.564244839	0.01007809384	0.00434100271	0.005584543248	0.01262622936	0.01553641518	0.01247269741
2.08974359	0.9923076923	0.5048764084	0.6602613782	1.307768331	1.652615243	1.582097132	0.01017290622	0.004354577411	0.005614490661	0.01274844483	0.0159596401	0.01279576762
2.08974359	1	0.5099061003	0.6678161219	1.309684512	1.669078966	1.600199566	0.01026906613	0.004369014324	0.005645396547	0.01287248635	0.01639127416	0.0131251939
2.08974359	1.007692308	0.5149988382	0.6754763847	1.311607589	1.685749058	1.618554842	0.01036659497	0.00438433874	0.00567728571	0.01299838382	0.01683132843	0.01346098715
2.08974359	1.015384615	0.5201555316	0.6832433033	1.313536551	1.702628496	1.637165683	0.01046551433	0.004400576193	0.005710183193	0.01312616738	0.01727981427	0.0138031585
2.08974359	1.023076923	0.5253770976	0.6911180244	1.315470407	1.719720283	1.656034837	0.010565846	0.004417752465	0.005744114274	0.0132558674	0.0177367433	0.01415171929
2.08974359	1.030769231	0.5306644609	0.6991017053	1.317408187	1.737027443	1.675165077	0.01066761199	0.004435893579	0.005779104467	0.01338751446	0.01820212741	0.01450668108
2.08974359	1.038461538	0.5360185536	0.7071955128	1.319348944	1.75455303	1.694559199	0.01077083448	0.004455025805	0.005815179522	0.0135211394	0.01867597876	0.01486805568
2.08974359	1.046153846	0.5414403153	0.7154006242	1.321291755	1.772300118	1.714220024	0.01087553589	0.004475175657	0.005852365425	0.01365677326	0.01915830977	0.01523585508
2.08974359	1.053846154	0.5469306934	0.7237182268	1.323235714	1.790271808	1.734150396	0.01098173882	0.004496369893	0.005890688397	0.01379444733	0.01964913312	0.01561009154
2.08974359	1.061538462	0.5524906426	0.732149518	1.325179943	1.808471226	1.754353186	0.01108946608	0.004518635515	0.005930174897	0.01393419309	0.02014846177	0.01599077751
2.08974359	1.069230769	0.5581211251	0.7406957054	1.32712358	1.826901521	1.774831286	0.0111987407	0.004541999772	0.005970851619	0.01407604229	0.02065630895	0.01637792569
2.08974359	1.076923077	0.5638231109	0.7493580065	1.329065787	1.845565869	1.795587614	0.01130958592	0.004566490155	0.006012745492	0.01422002685	0.02117268815	0.01677154898
2.08974359	1.084615385	0.5695975772	0.7581376491	1.331005748	1.864467467	1.816625112	0.01142202518	0.004592134401	0.006055883682	0.01436617896	0.02169761311	0.01717166051
2.08974359	1.092307692	0.575445509	0.767035871	1.332942666	1.88360954	1.837946746	0.01153608213	0.004618960491	0.006100293591	0.01451453099	0.02223109787	0.01757827365
2.08974359	1.1	0.5813678986	0.7760539202	1.334875768	1.902995337	1.859555506	0.01165178066	0.00464699665	0.006146002856	0.01466511556	0.02277315671	0.01799140197
2.08974359	1.107692308	0.587365746	0.7851930547	1.3368043	1.92262813	1.881454407	0.01176914484	0.00467627135	0.006193039352	0.01481796549	0.02332380419	0.01841105927
2.08974359	1.115384615	0.5934400587	0.7944545428	1.338727528	1.942511217	1.903646487	0.011888199	0.004706813305	0.006241431189	0.01497311381	0.02388305513	0.0188372596
2.08974359	1.123076923	0.5995918517	0.8038396626	1.340644741	1.962647921	1.92613481	0.01200896764	0.004738651474	0.006291206711	0.0151305938	0.02445092463	0.01927001719
2.08974359	1.130769231	0.6058221475	0.8133497026	1.342555247	1.983041589	1.948922463	0.01213147551	0.004771815061	0.0063423945	0.01529043891	0.02502742805	0.01970934653
2.08974359	1.138461538	0.6121319762	0.8229859612	1.344458374	2.003695593	1.972012557	0.01225574759	0.004806333516	0.006395023375	0.01545268286	0.02561258099	0.02015526231
2.08974359	1.146153846	0.6185223755	0.8327497471	1.346353471	2.024613328	1.995408227	0.01238180904	0.00484223653	0.006449122388	0.01561735954	0.02620639937	0.02060777946
2.08974359	1.153846154	0.6249943904	0.842642379	1.348239907	2.045798217	2.019112635	0.01250968529	0.004879554043	0.00650472083	0.01578450309	0.02680889933	0.02106691312
2.08974359	1.161538462	0.6315490736	0.8526651857	1.350117071	2.067253705	2.043128962	0.01263940196	0.004918316235	0.006561848226	0.01595414783	0.0274200973	0.02153267867
2.08974359	1.169230769	0.6381874854	0.8628195061	1.351984371	2.088983261	2.067460419	0.01277098492	0.004958553535	0.006620534337	0.01612632833	0.02804000997	0.02200509169
2.08974359	1.176923077	0.6449106935	0.8731066893	1.353841234	2.110990382	2.092110238	0.01290446024	0.005000296613	0.006680809161	0.01630107936	0.0286686543	0.022484168
2.08974359	1.184615385	0.651719773	0.8835280944	1.355687108	2.133278586	2.117081674	0.01303985423	0.005043576385	0.006742702932	0.01647843591	0.02930604752	0.02296992366
2.08974359	1.192307692	0.6586158069	0.8940850906	1.357521458	2.155851419	2.14237801	0.01317719345	0.005088424012	0.006806246119	0.01665843319	0.02995220711	0.02346237491
2.08974359	1.2	0.6655998855	0.9047790574	1.35934377	2.178712449	2.16800255	0.01331650464	0.005134870899	0.006871469427	0.01684110661	0.03060715084	0.02396153825
2.264102564	0.9	0.4827577705	0.6183455937	1.280860985	1.580214161	1.481659874	0.009790117593	0.004500989323	0.005659688468	0.01222728715	0.01167855052	0.00957594948
2.264102564	0.9076923077	0.4875142196	0.6252643091	1.282556044	1.595783477	1.498238277	0.009879390904	0.004507818627	0.00568318856	0.01234115937	0.01202448398	0.009841285675
2.264102564	0.9153846154	0.4923253069	0.6322789662	1.284270699	1.61153164	1.515046574	0.009969817775	0.004515208706	0.005707363171	0.01245658002	0.01237901748	0.010113091
2.264102564	0.9230769231	0.4971918455	0.6393905851	1.286003765	1.627461313	1.532087207	0.01006141733	0.004523181629	0.005732234032	0.01257357608	0.01274216242	0.01039137628
2.264102564	0.9307692308	0.502114656	0.6466001955	1.287754077	1.64357518	1.549362644	0.01015420887	0.004531759708	0.005757823109	0.01269217482	0.01311393045	0.01067615254
2.264102564	0.9384615385	0.5070945665	0.6539088376	1.289520497	1.659875954	1.566875378	0.01024821189	0.004540965501	0.005784152605	0.01281240373	0.0134943335	0.01096743107
2.264102564	0.9461538462	0.5121324128	0.6613175615	1.291301907	1.676366369	1.584627924	0.01034344606	0.004550821811	0.005811244956	0.0129342906	0.01388338378	0.01126522334
2.264102564	0.9538461538	0.517229038	0.6688274274	1.293097213	1.693049186	1.602622824	0.01043993122	0.004561351682	0.005839122839	0.01305786345	0.01428109372	0.01156954107
2.264102564	0.9615384615	0.5223852928	0.6764395058	1.294905341	1.709927188	1.620862642	0.01053768743	0.004572578407	0.005867809163	0.01318315055	0.01468747607	0.0118803962
2.264102564	0.9692307692	0.5276020355	0.684154877	1.296725242	1.727003186	1.639349967	0.0106367349	0.004584525521	0.005897327074	0.01331018043	0.01510254382	0.01219780088
2.264102564	0.9769230769	0.5328801319	0.6919746318	1.298555886	1.744280014	1.658087412	0.01073709406	0.004597216805	0.005927699954	0.01343898187	0.01552631022	0.0125217675
2.264102564	0.9846153846	0.5382204553	0.6998998707	1.300396267	1.761760529	1.677077616	0.0108387855	0.004610676283	0.005958951422	0.01356958389	0.0159587888	0.01285230867
2.264102564	0.9923076923	0.5436238867	0.7079317047	1.302245398	1.779447616	1.696323239	0.01094183003	0.004624928224	0.005991105332	0.01370201574	0.01639999337	0.01318943722
2.264102564	1	0.5490913142	0.7160712545	1.304102316	1.797344182	1.715826967	0.01104624864	0.004639997143	0.006024185773	0.01383630692	0.01684993797	0.01353316621
2.264102564	1.007692308	0.554623634	0.7243196513	1.305966077	1.815453161	1.735591511	0.0111520625	0.004655907798	0.006058217072	0.01397248717	0.01730863694	0.0138835089
2.264102564	1.015384615	0.5602217494	0.7326780361	1.307835758	1.833777509	1.755619604	0.011259293	0.004672685192	0.006093223791	0.01411058646	0.01777610488	0.01424047882
2.264102564	1.023076923	0.5658865714	0.7411475603	1.309710457	1.852320207	1.775914006	0.01136796171	0.004690354573	0.006129230728	0.014250635	0.01825235664	0.01460408967
2.264102564	1.030769231	0.5716190186	0.749729385	1.311589294	1.871084264	1.796477499	0.0114780904	0.004708941433	0.006166262917	0.01439266323	0.01873740735	0.01497435541
2.264102564	1.038461538	0.5774200169	0.7584246819	1.313471407	1.89007271	1.817312891	0.01158970105	0.004728471509	0.006204345627	0.0145367018	0.01923127241	0.01535129022
2.264102564	1.046153846	0.5832905	0.7672346325	1.315355955	1.9092886	1.838423012	0.01170281582	0.004748970782	0.006243504366	0.01468278162	0.01973396748	0.01573490849
2.264102564	1.053846154	0.589231409	0.7761604283	1.317242117	1.928735016	1.859810717	0.0118174571	0.004770465478	0.006283764874	0.01483093381	0.02024550848	0.01612522484
2.264102564	1.061538462	0.5952436924	0.7852032713	1.319129092	1.948415063	1.881478887	0.01193364746	0.004792982068	0.006325153129	0.01498118971	0.02076591163	0.01652225411
2.264102564	1.069230769	0.6013283066	0.7943643733	1.321016098	1.96833187	1.903430426	0.01205140968	0.004816547267	0.006367695346	0.0151335809	0.02129519337	0.01692601138
2.264102564	1.076923077	0.6074862151	0.8036449563	1.322902374	1.988488593	1.925668261	0.01217076676	0.004841188034	0.006411417975	0.01528813916	0.02183337043	0.01733651193
2.264102564	1.084615385	0.6137183893	0.8130462524	1.324787177	2.008888409	1.948195345	0.01229174188	0.004866931573	0.006456347701	0.01544489652	0.02238045982	0.01775377129
2.264102564	1.092307692	0.6200258079	0.8225695038	1.326669783	2.029534524	1.971014655	0.01241435845	0.004893805334	0.006502511445	0.01560388521	0.0229364788	0.01817780518
2.264102564	1.1	0.6264094572	0.8322159629	1.328549487	2.050430164	1.994129191	0.01253864009	0.00492183701	0.006549936367	0.01576513768	0.0235014449	0.01860862957
2.264102564	1.107692308	0.6328703309	0.8419868921	1.330425604	2.071578585	2.017541978	0.01266461063	0.004951054538	0.006598649858	0.01592868662	0.02407537591	0.01904626065
2.264102564	1.115384615	0.6394094306	0.8518835638	1.332297465	2.092983062	2.041256065	0.01279229409	0.004981486101	0.006648679551	0.01609456491	0.02465828989	0.01949071483
2.264102564	1.123076923	0.6460277651	0.8619072609	1.334164424	2.1146469	2.065274526	0.01292171473	0.005013160127	0.006700053309	0.01626280567	0.02525020519	0.01994200873
2.264102564	1.130769231	0.6527263508	0.872059276	1.336025847	2.136573424	2.089600459	0.01305289702	0.005046105286	0.006752799234	0.01643344223	0.02585114039	0.02040015923
2.264102564	1.138461538	0.6595062116	0.8823409119	1.337881124	2.158765987	2.114236985	0.01318586564	0.005080350495	0.006806945665	0.01660650812	0.02646111436	0.02086518339
2.264102564	1.146153846	0.6663683791	0.8927534817	1.33972966	2.181227964	2.139187251	0.01332064549	0.005115924915	0.006862521175	0.01678203713	0.02708014623	0.02133709853
2.264102564	1.153846154	0.6733138923	0.9032983085	1.341570876	2.203962758	2.164454427	0.01345726168	0.005152857951	0.006919554573	0.01696006321	0.0277082554	0.02181592217
2.264102564	1.161538462	0.6803437977	0.9139767254	1.343404215	2.226973793	2.190041707	0.01359573955	0.005191179253	0.006978074905	0.01714062058	0.02834546153	0.02230167206
2.264102564	1.169230769	0.6874591494	0.9247900758	1.345229133	2.250264521	2.21595231	0.01373610466	0.005230918715	0.007038111453	0.01732374364	0.02899178456	0.02279436618
2.264102564	1.176923077	0.6946610091	0.935739713	1.347045107	2.273838415	2.242189479	0.01387838279	0.005272106477	0.007099693734	0.01750946701	0.02964724468	0.02329402272
2.264102564	1.184615385	0.7019504459	0.9468270006	1.348851626	2.297698976	2.268756482	0.01402259992	0.005314772922	0.007162851502	0.01769782555	0.03031186237	0.02380066012
2.264102564	1.192307692	0.7093285364	0.9580533121	1.350648202	2.321849727	2.29565661	0.0141687823	0.005358948678	0.007227614746	0.01788885431	0.03098565834	0.02431429701
2.264102564	1.2	0.7167963649	0.9694200314	1.352434358	2.346294219	2.322893178	0.01431695636	0.005404664618	0.007294013692	0.01808258857	0.03166865361	0.02483495227
2.438461538	0.9	0.5178467057	0.661054114	1.276544017	1.695071001	1.58399666	0.01049132833	0.004773231895	0.006024288749	0.01309716061	0.01194393967	0.009833825342
2.438461538	0.9076923077	0.5230431171	0.6685507676	1.27819437	1.712080449	1.6019599	0.0105890303	0.004781421505	0.006050597128	0.01322150463	0.01230521963	0.01011134292
2.438461538	0.9153846154	0.528296298	0.6761470568	1.279863325	1.72927572	1.620161885	0.01068791886	0.00479013439	0.006077555767	0.01334743814	0.01267544117	0.01039558237
2.438461538	0.9230769231	0.5336070553	0.6838440059	1.281549783	1.746659457	1.638605068	0.01078801295	0.004799392086	0.006105185917	0.01347498797	0.01305461893	0.01068655687
2.438461538	0.9307692308	0.5389762035	0.6916426492	1.283252664	1.764234324	1.657291926	0.01088933167	0.004809216374	0.006133509064	0.01360418123	0.0134427678	0.01098427985
2.438461538	0.9384615385	0.5444045646	0.6995440311	1.284970914	1.782003014	1.676224964	0.01099189433	0.004819629278	0.00616254693	0.01373504528	0.01383990296	0.01128876496
2.438461538	0.9461538462	0.5498929681	0.7075492061	1.286703499	1.799968241	1.695406708	0.0110957204	0.004830653068	0.006192321473	0.01386760774	0.01424603983	0.01160002607
2.438461538	0.9538461538	0.5554422512	0.7156592389	1.288449407	1.818132746	1.714839708	0.01120082954	0.004842310258	0.006222854888	0.01400189648	0.01466119411	0.01191807728
2.438461538	0.9615384615	0.5610532584	0.7238752042	1.290207647	1.836499292	1.734526541	0.0113072416	0.004854623608	0.006254169606	0.01413793963	0.01508538178	0.0122429329
2.438461538	0.9692307692	0.5667268419	0.7321981869	1.29197725	1.85507067	1.754469805	0.01141497662	0.00486761612	0.006286288291	0.01427576558	0.01551861906	0.01257460747
2.438461538	0.9769230769	0.5724638614	0.7406292819	1.293757269	1.873849694	1.774672124	0.01152405481	0.004881311042	0.006319233847	0.01441540294	0.01596092246	0.01291311576
2.438461538	0.9846153846	0.5782651841	0.7491695943	1.295546775	1.892839201	1.795136147	0.01163449657	0.004895731867	0.006353029412	0.0145568806	0.01641230875	0.01325847277
2.438461538	0.9923076923	0.5841316847	0.7578202393	1.297344861	1.912042056	1.815864545	0.0117463225	0.004910902331	0.006387698359	0.01470022767	0.01687279495	0.01361069369
2.438461538	1	0.5900642454	0.7665823421	1.29915064	1.931461146	1.836860014	0.01185955339	0.004926846416	0.006423264298	0.01484547351	0.01734239837	0.01396979397
2.438461538	1.007692308	0.5960637562	0.7754570381	1.300963244	1.951099383	1.858125276	0.01197421021	0.004943588349	0.006459751077	0.0149926477	0.01782113658	0.01433578927
2.438461538	1.015384615	0.6021311143	0.7844454729	1.302781827	1.970959706	1.879663075	0.01209031413	0.004961152599	0.006497182777	0.01514178008	0.01830902742	0.01470869548
2.438461538	1.023076923	0.6082672245	0.7935488021	1.304605558	1.991045076	1.90147618	0.01220788651	0.004979563883	0.006535583715	0.01529290071	0.01880608898	0.01508852869
2.438461538	1.030769231	0.6144729994	0.8027681913	1.30643363	2.011358479	1.923567385	0.01232694892	0.00499884716	0.006574978446	0.01544603989	0.01931233963	0.01547530524
2.438461538	1.038461538	0.6207493588	0.8121048164	1.308265252	2.031902927	1.945939507	0.0124475231	0.005019027635	0.006615391761	0.01560122816	0.01982779801	0.01586904169
2.438461538	1.046153846	0.6270972302	0.8215598634	1.310099653	2.052681456	1.968595387	0.01256963101	0.005040130756	0.006656848684	0.01575849626	0.02035248302	0.01626975482
2.438461538	1.053846154	0.6335175485	0.8311345282	1.311936078	2.073697126	1.991537892	0.0126932948	0.005062182217	0.006699374478	0.01591787518	0.02088641383	0.01667746162
2.438461538	1.061538462	0.6400112564	0.8408300171	1.313773795	2.094953022	2.014769911	0.01281853681	0.005085207956	0.00674299464	0.01607939613	0.02142960988	0.01709217932
2.438461538	1.069230769	0.6465793038	0.8506475463	1.315612085	2.116452255	2.03829436	0.0129453796	0.005109234157	0.006787734905	0.01624309056	0.02198209086	0.01751392537
2.438461538	1.076923077	0.6532226483	0.8605883421	1.317450251	2.138197958	2.062114176	0.01307384593	0.005134287245	0.006833621243	0.01640899011	0.02254387676	0.01794271744
2.438461538	1.084615385	0.6599422551	0.8706536411	1.319287611	2.160193291	2.086232322	0.01320395875	0.005160393893	0.006880679859	0.01657712667	0.0231149878	0.01837857344
2.438461538	1.092307692	0.6667390969	0.8808446898	1.321123501	2.182441437	2.110651786	0.01333574122	0.005187581018	0.006928937195	0.01674753235	0.02369544449	0.01882151147
2.438461538	1.1	0.6736141537	0.891162745	1.322957275	2.204945606	2.135375579	0.01346921671	0.005215875779	0.006978419929	0.01692023947	0.02428526759	0.01927154989
2.438461538	1.107692308	0.6805684133	0.9016090733	1.324788303	2.227709029	2.160406736	0.0136044088	0.005245305584	0.007029154975	0.01709528057	0.02488447816	0.01972870727
2.438461538	1.115384615	0.687602871	0.9121849519	1.326615973	2.250734965	2.185748317	0.01374134127	0.005275898082	0.007081169482	0.01727268843	0.02549309748	0.02019300238
2.438461538	1.123076923	0.6947185295	0.9228916675	1.328439689	2.274026697	2.211403405	0.01388003811	0.005307681167	0.007134490836	0.01745249601	0.02611114713	0.02066445426
2.438461538	1.130769231	0.7019163992	0.9337305175	1.330258872	2.297587531	2.23737511	0.01402052353	0.005340682979	0.007189146659	0.01763473653	0.02673864895	0.02114308213
2.438461538	1.138461538	0.7091974979	0.944702809	1.332072958	2.321420798	2.263666563	0.01416282194	0.005374931902	0.007245164808	0.01781944339	0.02737562504	0.02162890547
2.438461538	1.146153846	0.7165628509	0.9558098594	1.333881401	2.345529856	2.29028092	0.01430695797	0.005410456563	0.007302573377	0.01800665024	0.02802209778	0.02212194394
2.438461538	1.153846154	0.7240134912	0.9670529962	1.335683669	2.369918086	2.317221364	0.01445295646	0.005447285837	0.007361400697	0.01819639092	0.0286780898	0.02262221748
2.438461538	1.161538462	0.7315504592	0.9784335568	1.337479246	2.394588892	2.344491098	0.01460084246	0.00548544884	0.007421675331	0.0183886995	0.029343624	0.0231297462
2.438461538	1.169230769	0.7391748028	0.989952889	1.339267634	2.419545706	2.372093352	0.01475064125	0.005524974935	0.007483426082	0.01858361026	0.03001872356	0.02364455047
2.438461538	1.176923077	0.7468875777	1.001612351	1.341048346	2.444791982	2.40003138	0.01490237832	0.005565893728	0.007546681988	0.0187811577	0.03070341192	0.02416665086
2.438461538	1.184615385	0.7546898467	1.013413309	1.342820913	2.470331201	2.428308459	0.01505607937	0.005608235071	0.007611472322	0.01898137653	0.03139771278	0.02469606818
2.438461538	1.192307692	0.7625826805	1.025357143	1.344584882	2.496166865	2.456927891	0.01521177032	0.005652029059	0.007677826593	0.0191843017	0.03210165012	0.02523282346
2.438461538	1.2	0.7705671571	1.037445241	1.346339811	2.522302504	2.485893002	0.01536947733	0.005697306032	0.007745774548	0.01938996834	0.03281524817	0.02577693795
2.612820513	0.9	0.5543836918	0.7055605164	1.272693491	1.814667757	1.690641473	0.01122179709	0.005058326296	0.006405323361	0.01400365515	0.01222920686	0.01010916107
2.612820513	0.9076923077	0.5600449245	0.713667834	1.274304619	1.833198706	1.710067968	0.01132842945	0.00506809684	0.006434722157	0.01413910267	0.01260662637	0.01039951385
2.612820513	0.9153846154	0.5657652693	0.7218788996	1.27593357	1.851923148	1.72974306	0.01143628571	0.005078355036	0.006464749354	0.01427618663	0.01299337527	0.01069687577
2.612820513	0.9230769231	0.5715455272	0.7301947417	1.277579312	1.870843704	1.749669214	0.01154538462	0.005089121889	0.006495425725	0.01441493372	0.01338947143	0.01100126243
2.612820513	0.9307692308	0.5773865066	0.738616399	1.279240839	1.88996302	1.769848919	0.0116557451	0.005100418646	0.006526772274	0.01455537092	0.01379493299	0.01131268963
2.612820513	0.9384615385	0.5832890232	0.7471449203	1.280917162	1.909283767	1.790284688	0.01176738627	0.0051122668	0.006558810245	0.01469752545	0.01420977837	0.01163117339
2.612820513	0.9461538462	0.5892539007	0.7557813644	1.282607317	1.928808639	1.810979058	0.0118803274	0.005124688088	0.006591561115	0.0148414248	0.01463402623	0.01195672998
2.612820513	0.9538461538	0.5952819698	0.7645268005	1.284310359	1.948540357	1.831934591	0.01199458799	0.005137704492	0.006625046599	0.0149870967	0.01506769551	0.01228937586
2.612820513	0.9615384615	0.6013740692	0.7733823076	1.286025366	1.968481665	1.853153873	0.01211018767	0.005151338238	0.006659288646	0.01513456917	0.01551080542	0.01262912773
2.612820513	0.9692307692	0.6075310448	0.7823489749	1.287751435	1.988635334	1.874639514	0.01222714629	0.005165611798	0.006694309445	0.01528387045	0.01596337543	0.01297600253
2.612820513	0.9769230769	0.6137537502	0.7914279017	1.289487684	2.009004156	1.896394147	0.01234548388	0.005180547885	0.006730131415	0.01543502903	0.0164254253	0.01333001739
2.612820513	0.9846153846	0.6200430465	0.8006201976	1.291233249	2.029590951	1.918420432	0.01246522064	0.005196169462	0.006766777216	0.01558807367	0.01689697501	0.01369118969
2.612820513	0.9923076923	0.6263998024	0.809926982	1.292987288	2.050398561	1.94072105	0.01258637696	0.005212499732	0.006804269742	0.01574303336	0.01737804485	0.01405953702
2.612820513	1	0.6328248939	0.8193493846	1.294748978	2.071429855	1.963298709	0.01270897344	0.005229562144	0.006842632123	0.01589993731	0.01786865536	0.01443507719
2.612820513	1.007692308	0.6393192048	0.8288885451	1.296517513	2.092687726	1.986156139	0.01283303085	0.005247380392	0.006881887725	0.01605881502	0.01836882735	0.01481782826
2.612820513	1.015384615	0.6458836263	0.8385456136	1.298292106	2.114175089	2.009296097	0.01295857015	0.005265978415	0.00692206015	0.01621969617	0.01887858188	0.01520780848
2.612820513	1.023076923	0.652519057	0.8483217498	1.300071991	2.135894888	2.032721361	0.01308561251	0.005285380396	0.006963173235	0.01638261072	0.01939794032	0.01560503635
2.612820513	1.030769231	0.6592264035	0.858218124	1.301856418	2.157850089	2.056434735	0.01321417926	0.005305610761	0.007005251056	0.01654758885	0.01992692425	0.01600953058
2.612820513	1.038461538	0.6660065793	0.8682359162	1.303644653	2.180043683	2.080439047	0.01334429196	0.005326694183	0.007048317922	0.01671466095	0.02046555556	0.01642131009
2.612820513	1.046153846	0.6728605059	0.8783763169	1.305435985	2.202478685	2.10473715	0.01347597234	0.005348655579	0.007092398379	0.01688385767	0.0210138564	0.01684039406
2.612820513	1.053846154	0.6797891121	0.8886405265	1.307229714	2.225158137	2.12933192	0.01360924234	0.005371520109	0.007137517209	0.01705520988	0.02157184916	0.01726680187
2.612820513	1.061538462	0.6867933344	0.8990297554	1.309025161	2.248085104	2.154226257	0.01374412408	0.00539531318	0.00718369943	0.01722874867	0.02213955653	0.01770055312
2.612820513	1.069230769	0.6938741167	0.9095452243	1.310821664	2.271262675	2.179423086	0.0138806399	0.005420060441	0.007230970296	0.01740450537	0.02271700144	0.01814166765
2.612820513	1.076923077	0.7010324104	0.9201881639	1.312618575	2.294693964	2.204925356	0.01401881232	0.005445787788	0.007279355296	0.01758251151	0.02330420712	0.0185901655
2.612820513	1.084615385	0.7082691746	0.9309598152	1.314415265	2.318382112	2.230736042	0.01415866407	0.00547252136	0.007328880157	0.01776279887	0.02390119703	0.01904606696
2.612820513	1.092307692	0.7155853759	0.9418614289	1.31621112	2.342330281	2.256858139	0.01430021809	0.005500287541	0.00737957084	0.01794539943	0.02450799492	0.01950939253
2.612820513	1.1	0.7229819881	0.9528942663	1.318005541	2.36654166	2.28329467	0.0144434975	0.005529112959	0.007431453543	0.01813034541	0.0251246248	0.01998016294
2.612820513	1.107692308	0.7304599931	0.9640595985	1.319797946	2.391019463	2.310048681	0.01458852564	0.005559024488	0.007484554701	0.01831766924	0.02575111094	0.02045839913
2.612820513	1.115384615	0.7380203798	0.9753587068	1.321587768	2.415766926	2.337123241	0.01473532605	0.005590049246	0.007538900982	0.01850740357	0.02638747789	0.02094412227
2.612820513	1.123076923	0.745664145	0.9867928826	1.323374456	2.440787312	2.364521446	0.01488392248	0.005622214595	0.007594519292	0.01869958128	0.02703375047	0.02143735377
2.612820513	1.130769231	0.7533922928	0.9983634273	1.325157474	2.466083909	2.392246415	0.01503433888	0.005655548141	0.007651436773	0.01889423545	0.02768995374	0.02193811525
2.612820513	1.138461538	0.761205835	1.010071653	1.326936298	2.491660028	2.420301288	0.01518659942	0.005690077736	0.007709680803	0.01909139938	0.02835611306	0.02244642853
2.612820513	1.146153846	0.7691057908	1.02191888	1.328710422	2.517519005	2.448689235	0.01534072845	0.005725831476	0.007769278996	0.0192911066	0.02903225403	0.02296231571
2.612820513	1.153846154	0.7770931871	1.033906442	1.330479355	2.543664201	2.477413446	0.01549675057	0.005762837702	0.007830259201	0.01949339086	0.02971840253	0.02348579906
2.612820513	1.161538462	0.785169058	1.04603568	1.332242616	2.570099002	2.506477136	0.01565469056	0.005801124998	0.007892649503	0.0196982861	0.03041458471	0.02401690109
2.612820513	1.169230769	0.7933344456	1.058307946	1.333999742	2.596826818	2.535883546	0.01581457342	0.005840722195	0.007956478225	0.01990582649	0.03112082698	0.02455564456
2.612820513	1.176923077	0.8015903991	1.070724602	1.335750282	2.623851085	2.565635939	0.01597642437	0.005881658366	0.008021773923	0.02011604644	0.03183715602	0.02510205242
2.612820513	1.184615385	0.8099379755	1.08328702	1.3374938	2.651175261	2.595737604	0.01614026883	0.005923962831	0.008088565392	0.02032898053	0.03256359877	0.02565614785
2.612820513	1.192307692	0.8183782393	1.095996584	1.339229871	2.678802832	2.626191852	0.01630613245	0.005967665153	0.00815688166	0.02054466359	0.03330018245	0.02621795427
2.612820513	1.2	0.8269122623	1.108854685	1.340958087	2.706737305	2.657002021	0.01647404109	0.00601279514	0.008226751994	0.02076313065	0.03404693453	0.02678749531
2.787179487	0.9	0.592368729	0.7518648007	1.269251336	1.939004427	1.801594314	0.01198152011	0.005356272525	0.006802792306	0.01494674116	0.01253435207	0.01040195668
2.787179487	0.9076923077	0.5985196416	0.7606155084	1.270827982	1.959138249	1.822562479	0.01209758449	0.005367844631	0.006835563648	0.01509392332	0.01292870418	0.01070579844
2.787179487	0.9153846154	0.6047322208	0.7694744946	1.272421856	1.979473925	1.843790097	0.01221491436	0.005379870645	0.006868943934	0.01524279469	0.01333281975	0.01101697122
2.787179487	0.9230769231	0.6110072612	0.7784427925	1.274031983	2.000014056	1.865279645	0.01233352828	0.005392371038	0.006902953456	0.01539338187	0.0137467199	0.01133549297
2.787179487	0.9307692308	0.6173455652	0.7875214449	1.27565741	2.020761268	1.887033621	0.012453445	0.005405366526	0.006937612741	0.01554571168	0.01417042601	0.01166138188
2.787179487	0.9384615385	0.6237479425	0.7967115052	1.277297208	2.041718211	1.909054548	0.01257468343	0.005418878069	0.006972942549	0.01569981125	0.01460395973	0.01199465636
2.787179487	0.9461538462	0.6302152104	0.8060140364	1.278950465	2.062887561	1.931344975	0.01269726268	0.005432926871	0.007008963881	0.01585570793	0.01504734297	0.01233533505
2.787179487	0.9538461538	0.6367481938	0.8154301121	1.280616294	2.084272018	1.953907474	0.01282120203	0.005447534383	0.007045697969	0.01601342936	0.0155005979	0.01268343681
2.787179487	0.9615384615	0.6433477251	0.8249608157	1.282293826	2.105874307	1.97674464	0.01294652095	0.005462722298	0.007083166285	0.01617300343	0.01596374698	0.01303898071
2.787179487	0.9692307692	0.6500146441	0.8346072408	1.283982212	2.127697177	1.999859094	0.01307323908	0.005478512554	0.007121390534	0.01633445827	0.01643681293	0.01340198606
2.787179487	0.9769230769	0.6567497983	0.8443704912	1.285680625	2.149743401	2.023253481	0.01320137626	0.005494927335	0.007160392658	0.01649782227	0.01691981871	0.01377247238
2.787179487	0.9846153846	0.6635540427	0.8542516805	1.287388254	2.172015779	2.04693047	0.0133309525	0.005511989069	0.007200194837	0.01666312407	0.01741278759	0.01415045944
2.787179487	0.9923076923	0.6704282399	0.8642519328	1.289104309	2.194517133	2.070892754	0.01346198801	0.005529720427	0.007240819483	0.01683039254	0.01791574307	0.0145359672
2.787179487	1	0.6773732597	0.874372382	1.290828018	2.217250312	2.09514305	0.01359450318	0.005548144327	0.007282289247	0.01699965682	0.01842870893	0.01492901587
2.787179487	1.007692308	0.6843899798	0.8846141724	1.292558627	2.240218188	2.119684099	0.01372851858	0.005567283929	0.007324627016	0.01717094625	0.01895170923	0.01532962586
2.787179487	1.015384615	0.6914792854	0.8949784581	1.2942954	2.263423658	2.144518668	0.01386405498	0.00558716264	0.00736785591	0.01734429046	0.01948476828	0.01573781783
2.787179487	1.023076923	0.6986420689	0.9054664035	1.296037619	2.286869644	2.169649546	0.01400113334	0.00560780411	0.007411999289	0.01751971927	0.02002791066	0.01615361265
2.787179487	1.030769231	0.7058792307	0.9160791831	1.297784583	2.310559093	2.195079548	0.01413977479	0.005629232235	0.007457080747	0.01769726277	0.02058116122	0.01657703141
2.787179487	1.038461538	0.7131916783	0.9268179814	1.299535608	2.334494975	2.220811512	0.01428000068	0.005651471153	0.007503124112	0.01787695126	0.02114454508	0.01700809542
2.787179487	1.046153846	0.7205803271	0.9376839931	1.301290027	2.358680287	2.246848301	0.01442183254	0.00567454525	0.007550153452	0.01805881527	0.02171808761	0.01744682623
2.787179487	1.053846154	0.7280460997	0.9486784231	1.303047188	2.38311805	2.273192802	0.0145652921	0.005698479154	0.007598193068	0.01824288558	0.02230181447	0.0178932456
2.787179487	1.061538462	0.7355899265	0.9598024862	1.304806457	2.407811307	2.299847925	0.01471040126	0.005723297738	0.007647267499	0.01842919319	0.02289575158	0.01834737553
2.787179487	1.069230769	0.7432127453	0.9710574073	1.306567216	2.43276313	2.326816606	0.01485718214	0.00574902612	0.007697401517	0.01861776931	0.02349992511	0.01880923822
2.787179487	1.076923077	0.7509155015	0.9824444217	1.30832886	2.457976612	2.354101804	0.01500565706	0.005775689663	0.007748620134	0.0188086454	0.02411436152	0.01927885611
2.787179487	1.084615385	0.7586991479	0.9939647746	1.310090801	2.483454872	2.381706504	0.01515584852	0.005803313973	0.007800948594	0.01900185312	0.02473908752	0.01975625187
2.787179487	1.092307692	0.7665646449	1.005619721	1.311852468	2.509201055	2.409633713	0.01530777923	0.005831924903	0.00785441238	0.01919742438	0.0253741301	0.02024144836
2.787179487	1.1	0.7745129605	1.017410527	1.313613301	2.535218328	2.437886464	0.01546147209	0.005861548549	0.00790903721	0.01939539129	0.02601951651	0.02073446871
2.787179487	1.107692308	0.7825450702	1.029338468	1.315372759	2.561509886	2.466467813	0.01561695021	0.005892211251	0.007964849037	0.01959578618	0.02667527426	0.02123533623
2.787179487	1.115384615	0.790661957	1.041404829	1.31713031	2.588078944	2.49538084	0.0157742369	0.005923939595	0.008021874051	0.01979864162	0.02734143114	0.0217440745
2.787179487	1.123076923	0.7988646114	1.053610906	1.318885442	2.614928746	2.52462865	0.01593335566	0.00595676041	0.008080138677	0.02000399038	0.0280180152	0.02226070727
2.787179487	1.130769231	0.8071540316	1.065958005	1.320637652	2.642062559	2.554214374	0.01609433022	0.005990700771	0.008139669578	0.02021186546	0.02870505475	0.02278525856
2.787179487	1.138461538	0.815531223	1.078447443	1.322386455	2.669483675	2.584141163	0.01625718448	0.006025787997	0.008200493652	0.02042230008	0.02940257839	0.0233177526
2.787179487	1.146153846	0.8239971989	1.091080544	1.324131375	2.697195409	2.614412195	0.01642194258	0.006062049652	0.008262638031	0.02063532765	0.03011061497	0.02385821382
2.787179487	1.153846154	0.83255298	1.103858646	1.325871953	2.725201103	2.645030673	0.01658862884	0.006099513544	0.008326130085	0.02085098184	0.03082919359	0.0244066669
2.787179487	1.161538462	0.8411995943	1.116783094	1.327607742	2.753504122	2.675999821	0.01675726779	0.006138207726	0.008390997421	0.02106929649	0.03155834366	0.02496313674
2.787179487	1.169230769	0.8499380778	1.129855246	1.329338308	2.782107857	2.707322891	0.01692788419	0.006178160494	0.00845726788	0.0212903057	0.03229809481	0.02552764846
2.787179487	1.176923077	0.8587694735	1.143076467	1.331063227	2.811015722	2.739003157	0.01710050299	0.006219400391	0.008524969538	0.02151404374	0.03304847697	0.0261002274
2.787179487	1.184615385	0.8676948324	1.156448134	1.332782092	2.840231158	2.771043917	0.01727514934	0.006261956204	0.008594130711	0.02174054514	0.03380952032	0.02668089912
2.787179487	1.192307692	0.8767152127	1.169971634	1.334494506	2.869757628	2.803448495	0.01745184862	0.006305856963	0.008664779947	0.02196984462	0.03458125532	0.02726968943
2.787179487	1.2	0.8858316804	1.183648364	1.336200083	2.899598621	2.836220237	0.01763062642	0.006351131943	0.008736946032	0.02220197711	0.03536371268	0.02786662433
2.961538462	0.9	0.6318018172	0.7999669671	1.266167563	2.068081011	1.916855182	0.01277049423	0.005667070582	0.007216695584	0.01592639336	0.01285937532	0.01071221215
2.961538462	0.9076923077	0.6384672685	0.8093937907	1.267713837	2.089899077	1.939443434	0.0128964922	0.005680664879	0.0072531216	0.01608594083	0.01327145307	0.01103019671
2.961538462	0.9153846154	0.6451971524	0.818933842	1.269276901	2.11192805	1.962302999	0.01302380153	0.005694681216	0.007290139506	0.01624723607	0.01369377463	0.0113558687
2.961538462	0.9230769231	0.6519922573	0.8285881583	1.270855825	2.134170511	1.985436362	0.01315244058	0.005709139533	0.007327769112	0.01641030557	0.01412636436	0.01168924848
2.961538462	0.9307692308	0.6588533794	0.838357787	1.272449703	2.156629067	2.008846033	0.01328242793	0.005724060013	0.007366030464	0.01657517606	0.01456924687	0.01203035661
2.961538462	0.9384615385	0.6657813224	0.8482437858	1.274057648	2.179306348	2.032534546	0.01341378229	0.005739463084	0.007404943844	0.01674187454	0.01502244705	0.01237921388
2.961538462	0.9461538462	0.6727768974	0.8582472221	1.275678795	2.202205009	2.056504459	0.0135465226	0.005755369417	0.007444529772	0.0169104283	0.01548599005	0.01273584131
2.961538462	0.9538461538	0.6798409232	0.8683691738	1.277312301	2.225327731	2.080758355	0.01368066794	0.005771799931	0.007484809001	0.01708086485	0.0159599013	0.01310026013
2.961538462	0.9615384615	0.6869742261	0.8786107287	1.27895734	2.248677218	2.10529884	0.01381623759	0.005788775786	0.007525802521	0.01725321199	0.01644420647	0.01347249182
2.961538462	0.9692307692	0.6941776398	0.8889729849	1.280613108	2.272256199	2.130128546	0.01395325102	0.00580631839	0.007567531558	0.01742749775	0.01693893154	0.01385255805
2.961538462	0.9769230769	0.7014520057	0.8994570503	1.28227882	2.296067428	2.155250127	0.01409172786	0.005824449391	0.007610017576	0.01760375044	0.01744410271	0.01424048074
2.961538462	0.9846153846	0.7087981727	0.9100640431	1.283953709	2.320113685	2.180666263	0.01423168795	0.005843190687	0.007653282272	0.01778199859	0.01795974648	0.01463628202
2.961538462	0.9923076923	0.7162169971	0.9207950917	1.285637028	2.344397771	2.206379657	0.01437315129	0.005862564416	0.00769734758	0.01796227099	0.0184858896	0.01503998425
2.961538462	1	0.7237093428	0.9316513344	1.287328046	2.368922515	2.232393038	0.01451613807	0.005882592964	0.00774223567	0.01814459668	0.01902255909	0.01545161
2.961538462	1.007692308	0.7312760813	0.9426339198	1.289026052	2.393690769	2.258709157	0.01466066869	0.005903298958	0.007787968949	0.01832900494	0.01956978224	0.01587118208
2.961538462	1.015384615	0.7389180916	0.9537440065	1.290730349	2.418705412	2.28533079	0.01480676372	0.005924705273	0.007834570058	0.01851552528	0.0201275866	0.01629872353
2.961538462	1.023076923	0.7466362602	0.9649827631	1.292440261	2.443969343	2.312260738	0.0149544439	0.005946835027	0.007882061876	0.01870418745	0.02069600001	0.01673425759
2.961538462	1.030769231	0.7544314811	0.9763513686	1.294155126	2.469485491	2.339501826	0.01510373018	0.005969711582	0.007930467517	0.01889502146	0.02127505053	0.01717780774
2.961538462	1.038461538	0.7623046559	0.9878510119	1.295874299	2.495256805	2.367056902	0.01525464371	0.005993358546	0.007979810331	0.01908805751	0.02186476654	0.01762939767
2.961538462	1.046153846	0.7702566938	0.999482892	1.297597152	2.521286263	2.39492884	0.0154072058	0.006017799771	0.008030113903	0.01928332606	0.02246517666	0.01808905131
2.961538462	1.053846154	0.7782885114	1.011248218	1.29932307	2.547576864	2.423120537	0.01556143799	0.006043059352	0.008081402055	0.01948085782	0.02307630977	0.01855679281
2.961538462	1.061538462	0.7864010328	1.023148209	1.301051457	2.574131633	2.451634914	0.01571736196	0.006069161631	0.008133698847	0.01968068368	0.02369819502	0.01903264654
2.961538462	1.069230769	0.7945951897	1.035184095	1.302781729	2.60095362	2.480474918	0.01587499965	0.006096131194	0.00818702857	0.01988283479	0.02433086186	0.01951663709
2.961538462	1.076923077	0.8028719215	1.047357116	1.30451332	2.6280459	2.509643519	0.01603437313	0.00612399287	0.008241415757	0.02008734254	0.02497433995	0.02000878928
2.961538462	1.084615385	0.8112321748	1.059668519	1.306245675	2.655411572	2.539143709	0.0161955047	0.006152771734	0.008296885171	0.02029423849	0.02562865927	0.02050912814
2.961538462	1.092307692	0.819676904	1.072119567	1.307978255	2.683053759	2.568978509	0.01635841686	0.006182493106	0.008353461816	0.02050355449	0.02629385003	0.02101767895
2.961538462	1.1	0.8282070708	1.084711527	1.309710537	2.71097561	2.599150961	0.01652313228	0.006213182549	0.008411170928	0.02071532256	0.02696994272	0.0215344672
2.961538462	1.107692308	0.8368236447	1.097445681	1.311442008	2.739180298	2.629664131	0.01668967386	0.006244865872	0.008470037983	0.02092957498	0.02765696811	0.02205951858
2.961538462	1.115384615	0.8455276026	1.110323318	1.313172171	2.76767102	2.660521112	0.01685806467	0.006277569127	0.008530088689	0.02114634421	0.02835495721	0.02259285905
2.961538462	1.123076923	0.8543199289	1.123345738	1.314900542	2.796450999	2.691725017	0.01702832801	0.006311318612	0.008591348992	0.02136566297	0.02906394132	0.02313451476
2.961538462	1.130769231	0.8632016155	1.136514251	1.31662665	2.825523481	2.723278987	0.01720048734	0.00634614087	0.008653845074	0.02158756417	0.02978395199	0.02368451209
2.961538462	1.138461538	0.8721736619	1.149830179	1.318350037	2.85489174	2.755186185	0.01737456636	0.006382062686	0.008717603353	0.02181208095	0.03051502106	0.02424287765
2.961538462	1.146153846	0.8812370752	1.163294851	1.320070256	2.884559069	2.787449801	0.01755058895	0.006419111092	0.008782650482	0.02203924667	0.0312571806	0.02480963827
2.961538462	1.153846154	0.8903928698	1.176909608	1.321786874	2.914528792	2.820073044	0.0177285792	0.006457313365	0.008849013351	0.0222690949	0.03201046299	0.02538482101
2.961538462	1.161538462	0.899642068	1.1906758	1.32349947	2.944804253	2.853059153	0.01790856141	0.006496697023	0.008916719086	0.02250165942	0.03277490084	0.02596845313
2.961538462	1.169230769	0.9089856993	1.204594789	1.325207636	2.975388822	2.886411388	0.01809056006	0.006537289833	0.008985795048	0.02273697424	0.03355052705	0.02656056216
2.961538462	1.176923077	0.9184248008	1.218667946	1.326910973	3.006285894	2.920133034	0.01827459988	0.006579119803	0.009056268835	0.02297507358	0.03433737477	0.0271611758
2.961538462	1.184615385	0.9279604173	1.23289665	1.328609095	3.03749889	2.954227399	0.01846070576	0.006622215188	0.00912816828	0.02321599186	0.03513547744	0.027770322
2.961538462	1.192307692	0.9375936009	1.247282294	1.330301629	3.069031253	2.988697818	0.01864890283	0.006666604486	0.009201521453	0.02345976375	0.03594486874	0.02838802895
2.961538462	1.2	0.9473254114	1.261826279	1.33198821	3.100886452	3.023547648	0.0188392164	0.006712316441	0.00927635666	0.02370642409	0.03676558263	0.02901432503
3.135897436	0.9	0.6726829563	0.8498670155	1.263399061	2.201897511	2.036424077	0.0135887168	0.005990720468	0.007647033193	0.0169425902	0.01320427661	0.0110399275
3.135897436	0.9076923077	0.6798878053	0.8600026809	1.264918527	2.22548119	2.060710833	0.01372514989	0.006006557583	0.007687396014	0.01711513323	0.01363487305	0.01137270865
3.135897436	0.9153846154	0.6871600641	0.8702569415	1.26645448	2.249285523	2.085281763	0.01386294446	0.00602278675	0.00772833607	0.01728948835	0.01407623991	0.01171356823
3.135897436	0.9230769231	0.6945005154	0.8806308391	1.268006027	2.27331307	2.110139364	0.01400211872	0.006039427374	0.00776987269	0.01746568193	0.01452840479	0.01206252897
3.135897436	0.9307692308	0.7019099491	0.8911254253	1.269572295	2.297566417	2.135286155	0.01414269103	0.006056499107	0.007812025443	0.01764374062	0.01499139555	0.01241961381
3.135897436	0.9384615385	0.7093891628	0.901741762	1.271152435	2.322048176	2.16072468	0.01428467993	0.006074021845	0.007854814129	0.01782369135	0.01546524031	0.01278484593
3.135897436	0.9461538462	0.7169389616	0.9124809214	1.272745618	2.346760982	2.186457509	0.01442810417	0.006092015726	0.007898258787	0.0180055613	0.01594996747	0.01315824873
3.135897436	0.9538461538	0.724560158	0.9233439855	1.274351033	2.371707494	2.212487235	0.01457298266	0.006110501136	0.007942379692	0.01818937791	0.01644560569	0.01353984583
3.135897436	0.9615384615	0.7322535723	0.9343320466	1.275967891	2.396890397	2.238816474	0.01471933447	0.006129498704	0.007987197354	0.01837516889	0.01695218389	0.01392966107
3.135897436	0.9692307692	0.740020032	0.9454462069	1.277595424	2.4223124	2.265447869	0.01486717889	0.006149029304	0.008032732519	0.0185629622	0.01746973128	0.01432771852
3.135897436	0.9769230769	0.7478603725	0.956687579	1.279232881	2.447976238	2.292384084	0.01501653537	0.006169114054	0.008079006169	0.01875278606	0.0179982773	0.01473404247
3.135897436	0.9846153846	0.7557754364	0.9680572854	1.28087953	2.473884668	2.31962781	0.01516742355	0.006189774317	0.008126039523	0.01894466894	0.01853785169	0.01514865743
3.135897436	0.9923076923	0.763766074	0.9795564587	1.282534656	2.500040475	2.34718176	0.01531986325	0.0062110317	0.008173854034	0.01913863955	0.01908848445	0.01557158815
3.135897436	1	0.7718331432	0.9911862418	1.284197563	2.526446465	2.375048673	0.01547387447	0.006232908055	0.008222471393	0.01933472685	0.01965020583	0.01600285958
3.135897436	1.007692308	0.7799775092	1.002947787	1.285867574	2.553105471	2.403231311	0.01562947741	0.00625542548	0.008271913525	0.01953296005	0.02022304637	0.01644249692
3.135897436	1.015384615	0.7882000449	1.014842259	1.287544026	2.580020351	2.431732462	0.01578669243	0.006278606315	0.008322202594	0.0197333686	0.02080703686	0.01689052557
3.135897436	1.023076923	0.7965016308	1.026870829	1.289226273	2.607193986	2.460554935	0.01594554011	0.006302473146	0.008373360997	0.01993598218	0.02140220835	0.01734697117
3.135897436	1.030769231	0.8048831547	1.039034681	1.290913687	2.634629283	2.489701567	0.01610604119	0.006327048803	0.008425411368	0.02014083072	0.02200859219	0.01781185957
3.135897436	1.038461538	0.8133455121	1.051335008	1.292605654	2.662329173	2.519175216	0.01626821661	0.006352356361	0.008478376577	0.02034794437	0.02262621997	0.01828521685
3.135897436	1.046153846	0.821889606	1.063773014	1.294301577	2.690296611	2.548978767	0.0164320875	0.00637841914	0.00853227973	0.02055735353	0.02325512354	0.01876706932
3.135897436	1.053846154	0.830516347	1.076349911	1.296000874	2.718534579	2.579115126	0.01659767517	0.006405260703	0.00858714417	0.02076908881	0.02389533504	0.0192574435
3.135897436	1.061538462	0.8392266531	1.089066925	1.297702976	2.747046081	2.609587226	0.01676500114	0.006432904859	0.008642993473	0.02098318108	0.02454688687	0.01975636616
3.135897436	1.069230769	0.8480214498	1.101925289	1.299407331	2.775834146	2.640398024	0.0169340871	0.006461375662	0.008699851455	0.02119966142	0.02520981169	0.02026386425
3.135897436	1.076923077	0.8569016704	1.114926245	1.301113399	2.80490183	2.6715505	0.01710495495	0.006490697409	0.008757742164	0.02141856114	0.02588414242	0.02077996499
3.135897436	1.084615385	0.8658682554	1.12807105	1.302820657	2.834252211	2.703047658	0.01727762676	0.006520894642	0.008816689888	0.02163991176	0.02656991227	0.0213046958
3.135897436	1.092307692	0.8749221531	1.141360965	1.304528593	2.863888394	2.734892527	0.01745212482	0.006551992148	0.008876719147	0.02186374505	0.0272671547	0.02183808431
3.135897436	1.1	0.8840643191	1.154797266	1.306236709	2.893813505	2.767088161	0.01762847159	0.006584014959	0.008937854699	0.02209009299	0.02797590344	0.02238015841
3.135897436	1.107692308	0.8932957167	1.168381238	1.30794452	2.924030699	2.799637637	0.01780668976	0.006616988351	0.009000121539	0.02231898779	0.02869619249	0.02293094618
3.135897436	1.115384615	0.9026173166	1.182114173	1.309651556	2.954543153	2.832544057	0.01798680217	0.006650937843	0.009063544896	0.02255046186	0.02942805611	0.02349047594
3.135897436	1.123076923	0.9120300973	1.195997378	1.311357357	2.98535407	2.865810546	0.0181688319	0.006685889202	0.009128150235	0.02278454785	0.03017152884	0.02405877623
3.135897436	1.130769231	0.9215350445	1.210032166	1.313061476	3.016466676	2.899440255	0.01835280221	0.006721868437	0.009193963259	0.02302127863	0.03092664546	0.02463587582
3.135897436	1.138461538	0.9311331516	1.224219862	1.314763479	3.047884222	2.933436357	0.01853873654	0.006758901802	0.009261009906	0.02326068728	0.03169344105	0.0252218037
3.135897436	1.146153846	0.9408254195	1.238561801	1.316462943	3.079609986	2.967802051	0.01872665857	0.006797015796	0.009329316349	0.02350280709	0.03247195094	0.02581658907
3.135897436	1.153846154	0.9506128567	1.253059328	1.318159458	3.111647268	3.002540561	0.01891659214	0.006836237163	0.009398908997	0.02374767157	0.03326221072	0.02642026138
3.135897436	1.161538462	0.9604964791	1.267713798	1.319852624	3.143999394	3.037655132	0.01910856132	0.006876592891	0.009469814496	0.02399531446	0.03406425626	0.02703285028
3.135897436	1.169230769	0.9704773102	1.282526577	1.321542053	3.176669713	3.073149036	0.01930259037	0.006918110211	0.009542059729	0.02424576971	0.0348781237	0.02765438566
3.135897436	1.176923077	0.980556381	1.297499038	1.323227367	3.209661601	3.109025569	0.01949870375	0.006960816601	0.009615671812	0.02449907146	0.03570384943	0.02828489761
3.135897436	1.184615385	0.9907347302	1.312632569	1.324908201	3.242978458	3.145288049	0.01969692613	0.007004739784	0.009690678099	0.02475525411	0.03654147012	0.02892441648
3.135897436	1.192307692	1.001013404	1.327928564	1.326584199	3.276623707	3.181939822	0.01989728238	0.007049907724	0.009767106179	0.02501435222	0.03739102271	0.02957297282
3.135897436	1.2	1.011393455	1.343388429	1.328255015	3.310600798	3.218984254	0.02009979757	0.007096348634	0.009844983879	0.02527640061	0.03825254438	0.0302305974
3.31025641	0.9	0.7150121465	0.9015649459	1.260908574	2.340453926	2.160300999	0.01443618558	0.006327222182	0.008093805135	0.01799531321	0.01356905592	0.01138510271
3.31025641	0.9076923077	0.7227812518	0.9124421791	1.262404326	2.365884589	2.186364676	0.01458355529	0.006345522744	0.00813838689	0.01818148173	0.0140189641	0.01173333426
3.31025641	0.9153846154	0.7306209561	0.9234437934	1.263916379	2.391546344	2.212726391	0.01473234088	0.006364187246	0.008183533626	0.01836953235	0.01448021559	0.01209006979
3.31025641	0.9230769231	0.7385320356	0.9345708348	1.265443867	2.417441732	2.239388651	0.01488256037	0.006383234561	0.008229264193	0.01855949137	0.01495284121	0.01245533443
3.31025641	0.9307692308	0.7465152744	0.9458243596	1.266985944	2.44357332	2.266353986	0.01503423194	0.006402683809	0.008275597678	0.01875138536	0.01543687207	0.01282915349
3.31025641	0.9384615385	0.7545714639	0.957205434	1.268541788	2.469943697	2.293624952	0.01518737395	0.006422554352	0.008322553404	0.01894524118	0.01593233954	0.01321155253
3.31025641	0.9461538462	0.762701403	0.9687151344	1.270110597	2.49655548	2.321204126	0.01534200495	0.006442865798	0.008370150928	0.01914108592	0.01643927524	0.01360255734
3.31025641	0.9538461538	0.7709058982	0.9803545473	1.27169159	2.523411308	2.349094114	0.01549814368	0.006463637998	0.008418410045	0.01933894698	0.01695771109	0.0140021939
3.31025641	0.9615384615	0.7791857636	0.9921247693	1.273284004	2.550513845	2.377297542	0.01565580902	0.006484891051	0.008467350785	0.01953885199	0.01748767924	0.01441048846
3.31025641	0.9692307692	0.7875418206	1.004026907	1.274887099	2.577865781	2.405817063	0.01581502007	0.006506645297	0.008516993415	0.01974082885	0.01802921213	0.01482746745
3.31025641	0.9769230769	0.7959748985	1.016062077	1.27650015	2.60546983	2.434655352	0.0159757961	0.006528921323	0.008567358437	0.01994490572	0.01858234247	0.01525315756
3.31025641	0.9846153846	0.8044858338	1.028231407	1.278122453	2.63332873	2.46381511	0.01613815655	0.006551739958	0.008618466589	0.02015111101	0.01914710322	0.01568758567
3.31025641	0.9923076923	0.8130754707	1.040536034	1.279753321	2.661445245	2.493299061	0.01630212105	0.006575122278	0.008670338844	0.02035947336	0.01972352762	0.01613077891
3.31025641	1	0.8217446608	1.052977104	1.281392085	2.689822161	2.523109955	0.01646770943	0.006599089602	0.008722996414	0.0205700217	0.02031164916	0.01658276462
3.31025641	1.007692308	0.8304942635	1.065555775	1.283038092	2.718462293	2.553250563	0.01663494168	0.006623663495	0.008776460745	0.02078278516	0.02091150162	0.01704357038
3.31025641	1.015384615	0.8393251453	1.078273215	1.284690708	2.747368476	2.583723684	0.01680383799	0.006648865765	0.008830753517	0.02099779315	0.02152311904	0.01751322396
3.31025641	1.023076923	0.8482381807	1.0911306	1.286349312	2.776543573	2.614532138	0.01697441872	0.006674718467	0.008885896651	0.0212150753	0.0221465357	0.01799175338
3.31025641	1.030769231	0.8572342514	1.104129119	1.288013302	2.80599047	2.645678772	0.01714670443	0.006701243897	0.008941912299	0.02143466148	0.02278178619	0.0184791869
3.31025641	1.038461538	0.8663142468	1.117269969	1.289682091	2.835712078	2.677166455	0.01732071587	0.006728464598	0.008998822852	0.0216565818	0.02342890534	0.01897555295
3.31025641	1.046153846	0.8754790638	1.130554358	1.291355104	2.865711333	2.708998081	0.01749647397	0.006756403358	0.009056650936	0.02188086661	0.02408792826	0.01948088024
3.31025641	1.053846154	0.8847296067	1.143983503	1.293031786	2.895991196	2.741176569	0.01767399984	0.006785083207	0.009115419412	0.02210754649	0.0247588903	0.01999519767
3.31025641	1.061538462	0.8940667875	1.157558634	1.294711592	2.926554651	2.77370486	0.01785331479	0.006814527423	0.009175151379	0.02233665224	0.02544182712	0.02051853438
3.31025641	1.069230769	0.9034915257	1.171280987	1.296393993	2.957404708	2.806585923	0.01803444033	0.006844759525	0.009235870171	0.0225682149	0.0261367746	0.02105091971
3.31025641	1.076923077	0.9130047483	1.185151811	1.298078475	2.988544401	2.839822747	0.01821739814	0.00687580328	0.009297599357	0.02280226573	0.02684376893	0.02159238326
3.31025641	1.084615385	0.9226073897	1.199172365	1.299764535	3.01997679	2.873418349	0.01840221009	0.006907682697	0.009360362744	0.02303883624	0.02756284654	0.02214295483
3.31025641	1.092307692	0.9323003922	1.213343917	1.301451686	3.051704958	2.907375767	0.01858889827	0.00694042203	0.009424184373	0.02327795813	0.02829404413	0.02270266443
3.31025641	1.1	0.9420847052	1.227667745	1.303139451	3.083732014	2.941698064	0.01877748493	0.006974045779	0.009489088522	0.02351966334	0.02903739867	0.02327154234
3.31025641	1.107692308	0.951961286	1.242145139	1.304827367	3.11606109	2.97638833	0.01896799254	0.007008578688	0.009555099705	0.02376398405	0.02979294741	0.02384961901
3.31025641	1.115384615	0.9619310991	1.256777396	1.306514986	3.148695345	3.011449676	0.01916044374	0.007044045743	0.009622242672	0.02401095262	0.03056072784	0.02443692515
3.31025641	1.123076923	0.9719951168	1.271565826	1.308201867	3.181637959	3.046885238	0.01935486138	0.007080472179	0.009690542408	0.02426060168	0.03134077774	0.02503349169
3.31025641	1.130769231	0.9821543187	1.286511748	1.309887585	3.214892141	3.082698177	0.01955126851	0.007117883473	0.009760024136	0.02451296403	0.03213313515	0.02563934976
3.31025641	1.138461538	0.9924096922	1.301616491	1.311571724	3.248461122	3.118891677	0.01974968836	0.007156305346	0.009830713312	0.02476807271	0.03293783836	0.02625453074
3.31025641	1.146153846	1.002762232	1.316881394	1.313253882	3.282348159	3.155468948	0.01995014437	0.007195763764	0.009902635632	0.025025961	0.03375492596	0.02687906622
3.31025641	1.153846154	1.013212941	1.332307806	1.314933666	3.316556531	3.192433222	0.02015266018	0.00723628494	0.009975817023	0.02528666236	0.03458443678	0.02751298802
3.31025641	1.161538462	1.023762828	1.347897088	1.316610695	3.351089545	3.229787758	0.02035725962	0.007277895328	0.01005028365	0.02555021047	0.03542640993	0.02815632818
3.31025641	1.169230769	1.03441291	1.363650607	1.318284597	3.385950531	3.267535836	0.02056396671	0.007320621629	0.01012606192	0.02581663926	0.03628088477	0.02880911896
3.31025641	1.176923077	1.045164214	1.379569745	1.319955014	3.421142843	3.305680763	0.0207728057	0.007364490787	0.01020317847	0.02608598282	0.03714790095	0.02947139285
3.31025641	1.184615385	1.056017771	1.39565589	1.321621594	3.456669862	3.344225868	0.02098380101	0.007409529991	0.01028166017	0.0263582755	0.03802749838	0.03014318257
3.31025641	1.192307692	1.066974621	1.411910443	1.323283999	3.492534991	3.383174507	0.02119697727	0.007455766677	0.01036153413	0.02663355185	0.03891971722	0.03082452104
3.31025641	1.2	1.078035812	1.428334814	1.324941897	3.52874166	3.422530056	0.02141235934	0.007503228521	0.01044282769	0.02691184662	0.03982459792	0.03151544143
3.484615385	0.9	0.7587893877	0.9550607583	1.258663832	2.483750255	2.288485948	0.01531289872	0.006676575724	0.00855701141	0.01908454661	0.01395371327	0.0117477378
3.484615385	0.9076923077	0.7671476082	0.9667122852	1.260138564	2.511109273	2.316404963	0.01547170652	0.006697560361	0.008606094227	0.01928497025	0.01442372623	0.01211207354
3.484615385	0.9153846154	0.7755798282	0.9784943975	1.261629509	2.538710513	2.344636883	0.01563198887	0.006718882704	0.008655732174	0.01948735168	0.01490570165	0.0124853734
3.484615385	0.9230769231	0.7840868179	0.9904081456	1.26313582	2.566556498	2.373184224	0.01579376359	0.006740561094	0.008705943619	0.01969171714	0.0153996736	0.01286766486
3.484615385	0.9307692308	0.7926693553	1.00245459	1.264656674	2.594649774	2.402049528	0.01595704869	0.006762614118	0.00875674717	0.01989809315	0.01590567642	0.01325897564
3.484615385	0.9384615385	0.8013282256	1.014634802	1.266191268	2.622992911	2.43123536	0.01612186235	0.006785060605	0.008808161668	0.02010650648	0.01642374471	0.01365933367
3.484615385	0.9461538462	0.8100642216	1.026949861	1.267738821	2.651588503	2.46074431	0.01628822292	0.006807919632	0.008860206193	0.0203169842	0.01695391335	0.01406876711
3.484615385	0.9538461538	0.8188781438	1.039400859	1.269298573	2.680439172	2.490578992	0.01645614894	0.006831210518	0.008912900058	0.02052955364	0.01749621748	0.01448730435
3.484615385	0.9615384615	0.8277708	1.051988897	1.270869783	2.709547562	2.520742044	0.01662565914	0.006854952828	0.008966262814	0.02074424238	0.01805069251	0.01491497399
3.484615385	0.9692307692	0.8367430057	1.064715085	1.27245173	2.738916341	2.551236128	0.01679677242	0.00687916637	0.009020314247	0.02096107828	0.01861737411	0.01535180486
3.484615385	0.9769230769	0.8457955838	1.077580545	1.274043712	2.768548205	2.582063932	0.01696950784	0.006903871198	0.00907507438	0.02118008944	0.01919629823	0.01579782602
3.484615385	0.9846153846	0.854929365	1.090586409	1.275645046	2.79844587	2.613228165	0.01714388469	0.00692908761	0.00913056347	0.02140130422	0.01978750107	0.01625306674
3.484615385	0.9923076923	0.8641451871	1.103733817	1.277255065	2.828612081	2.644731562	0.0173199224	0.00695483615	0.009186802011	0.02162475126	0.0203910191	0.01671755653
3.484615385	1	0.8734438958	1.117023921	1.278873121	2.859049605	2.676576884	0.01749764059	0.006981137603	0.009243810735	0.0218504594	0.02100688908	0.01719132512
3.484615385	1.007692308	0.8828263442	1.130457883	1.280498584	2.889761234	2.708766912	0.01767705909	0.007008013003	0.009301610607	0.02207845777	0.021635148	0.01767440245
3.484615385	1.015384615	0.8922933929	1.144036875	1.282130837	2.920749786	2.741304456	0.01785819787	0.007035483625	0.009360222828	0.02230877572	0.02227583314	0.01816681869
3.484615385	1.023076923	0.9018459101	1.157762078	1.283769284	2.952018103	2.774192347	0.01804107713	0.00706357099	0.009419668838	0.02254144285	0.02292898205	0.01866860424
3.484615385	1.030769231	0.9114847714	1.171634684	1.28541334	2.983569051	2.807433441	0.01822571723	0.007092296864	0.009479970311	0.02277648901	0.02359463254	0.01917978973
3.484615385	1.038461538	0.9212108601	1.185655896	1.287062438	3.015405521	2.841030618	0.01841213871	0.007121683258	0.009541149155	0.02301394426	0.02427282268	0.01970040598
3.484615385	1.046153846	0.931025067	1.199826925	1.288716026	3.047530428	2.874986783	0.01860036232	0.007151752425	0.009603227518	0.02325383894	0.02496359081	0.02023048408
3.484615385	1.053846154	0.9409282904	1.214148993	1.290373566	3.079946714	2.909304865	0.01879040897	0.007182526864	0.009666227782	0.02349620357	0.02566697554	0.02077005532
3.484615385	1.061538462	0.950921436	1.228623334	1.292034534	3.112657343	2.943987817	0.01898229978	0.007214029321	0.009730172564	0.02374106895	0.02638301576	0.0213191512
3.484615385	1.069230769	0.9610054173	1.24325119	1.29369842	3.145665304	2.979038615	0.01917605605	0.007246282783	0.009795084718	0.02398846609	0.0271117506	0.02187780347
3.484615385	1.076923077	0.9711811551	1.258033813	1.295364728	3.178973613	3.014460262	0.01937169927	0.007279310483	0.009860987334	0.02423842622	0.02785321948	0.02244604408
3.484615385	1.084615385	0.9814495778	1.272972466	1.297032975	3.212585308	3.050255783	0.01956925111	0.007313135899	0.009927903739	0.02449098081	0.02860746206	0.02302390523
3.484615385	1.092307692	0.9918116214	1.288068422	1.298702691	3.246503453	3.086428228	0.01976873344	0.007347782752	0.009995857494	0.02474616155	0.0293745183	0.02361141932
3.484615385	1.1	1.002268229	1.303322963	1.300373418	3.280731136	3.122980671	0.01997016833	0.00738327501	0.0100648724	0.02500400036	0.03015442841	0.02420861899
3.484615385	1.107692308	1.012820353	1.318737384	1.302044711	3.315271471	3.15991621	0.02017357802	0.007419636883	0.01013497248	0.02526452937	0.03094723286	0.02481553709
3.484615385	1.115384615	1.02346895	1.334312986	1.303716137	3.350127593	3.197237968	0.02037898496	0.007456892828	0.01020618202	0.02552778096	0.0317529724	0.0254322067
3.484615385	1.123076923	1.034214987	1.350051083	1.305387274	3.385302667	3.234949092	0.02058641179	0.007495067544	0.01027852551	0.02579378769	0.03257168804	0.02605866113
3.484615385	1.130769231	1.045059438	1.365952999	1.307057713	3.420799879	3.273052753	0.02079588133	0.007534185977	0.0103520277	0.02606258237	0.03340342106	0.02669493391
3.484615385	1.138461538	1.056003284	1.382020067	1.308727054	3.45662244	3.311552145	0.02100741662	0.007574273317	0.01042671357	0.02633419801	0.03424821301	0.02734105878
3.484615385	1.146153846	1.067047513	1.39825363	1.310394911	3.492773588	3.350450489	0.02122104087	0.007615354996	0.01050260833	0.02660866785	0.03510610568	0.02799706972
3.484615385	1.153846154	1.078193121	1.414655043	1.312060905	3.529256581	3.389751028	0.0214367775	0.007657456695	0.01057973743	0.02688602534	0.03597714118	0.02866300093
3.484615385	1.161538462	1.089441113	1.431225669	1.313724671	3.566074707	3.42945703	0.02165465012	0.007700604335	0.01065812656	0.02716630416	0.03686136183	0.02933888683
3.484615385	1.169230769	1.1007925	1.447966881	1.315385853	3.603231275	3.469571787	0.02187468254	0.007744824086	0.01073780163	0.02744953817	0.03775881025	0.03002476207
3.484615385	1.176923077	1.1122483	1.464880065	1.317044103	3.64072962	3.510098615	0.02209689878	0.007790142359	0.01081878881	0.02773576148	0.03866952933	0.03072066151
3.484615385	1.184615385	1.12380954	1.481966614	1.318699087	3.678573102	3.551040855	0.02232132302	0.007836585811	0.01090111449	0.02802500839	0.0395935622	0.03142662026
3.484615385	1.192307692	1.135477253	1.499227932	1.320350476	3.716765104	3.592401872	0.02254797968	0.007884181343	0.01098480529	0.02831731342	0.04053095228	0.03214267362
3.484615385	1.2	1.147252482	1.516665434	1.321997954	3.755309036	3.634185054	0.02277689337	0.007932956103	0.01106988809	0.02861271131	0.04148174326	0.03286885714
3.658974359	0.9	0.8040146799	1.010354453	1.256636823	2.631786499	2.420978925	0.01621885462	0.007038781094	0.009036652017	0.02021027682	0.01435824865	0.01212783276
3.658974359	0.9076923077	0.8129868743	1.022812999	1.258092881	2.661155242	2.450831694	0.01638960199	0.007062670435	0.009090518027	0.02042558497	0.01484915945	0.0125089265
3.658974359	0.9153846154	0.8220366804	1.035408754	1.259565149	2.690778031	2.481013237	0.01656188683	0.007086873125	0.009144931714	0.02064293226	0.01535269812	0.01289947905
3.658974359	0.9230769231	0.8311648623	1.048142771	1.261052793	2.720657368	2.511526082	0.01673572678	0.007111406973	0.009199910969	0.02086234488	0.01586890198	0.01329952027
3.658974359	0.9307692308	0.8403721917	1.061016117	1.262555005	2.75079578	2.542372779	0.01691113967	0.007136290034	0.009255473917	0.0210838493	0.0163978086	0.01370908027
3.658974359	0.9384615385	0.8496594479	1.074029865	1.264070997	2.781195816	2.573555905	0.01708814348	0.007161540605	0.009311638923	0.02130747225	0.01693945584	0.01412818935
3.658974359	0.9461538462	0.8590274175	1.087185101	1.265600002	2.811860052	2.60507806	0.01726675639	0.007187177229	0.009368424583	0.02153324076	0.0174938818	0.01455687806
3.658974359	0.9538461538	0.8684768948	1.100482921	1.267141276	2.842791088	2.636941869	0.01744699676	0.007213218695	0.009425849732	0.02176118212	0.01806112488	0.01499517716
3.658974359	0.9615384615	0.8780086816	1.113924429	1.268694094	2.873991548	2.66914998	0.01762888312	0.007239684033	0.009483933441	0.02199132387	0.01864122371	0.01544311765
3.658974359	0.9692307692	0.8876235872	1.127510741	1.270257751	2.905464081	2.701705065	0.01781243418	0.007266592521	0.009542695015	0.02222369384	0.01923421722	0.01590073073
3.658974359	0.9769230769	0.8973224285	1.141242983	1.271831559	2.937211361	2.734609822	0.01799766884	0.007293963679	0.009602153998	0.0224583201	0.01984014457	0.01636804784
3.658974359	0.9846153846	0.9071060299	1.15512229	1.273414851	2.969236088	2.767866973	0.01818460617	0.007321817274	0.009662330166	0.022695231	0.02045904523	0.01684510064
3.658974359	0.9923076923	0.9169752233	1.169149808	1.275006978	3.001540983	2.801479262	0.01837326543	0.007350173316	0.009723243535	0.02293445512	0.0210909589	0.01733192102
3.658974359	1	0.9269308481	1.183326694	1.276607307	3.034128795	2.835449459	0.01856366606	0.007379052059	0.009784914355	0.0231760213	0.02173592558	0.01782854107
3.658974359	1.007692308	0.9369737513	1.197654112	1.278215222	3.067002295	2.869780359	0.01875582768	0.007408474003	0.009847363111	0.02341995865	0.0223939855	0.01833499314
3.658974359	1.015384615	0.9471047875	1.212133239	1.279830125	3.100164282	2.904474779	0.0189497701	0.007438459892	0.009910610527	0.02366629648	0.02306517918	0.01885130977
3.658974359	1.023076923	0.9573248187	1.226765261	1.281451434	3.133617577	2.939535562	0.0191455133	0.007469030715	0.009974677559	0.02391506439	0.02374954741	0.01937752374
3.658974359	1.030769231	0.9676347145	1.241551375	1.28307858	3.167365026	2.974965574	0.01934307746	0.007500207705	0.0100395854	0.0241662922	0.02444713123	0.01991366806
3.658974359	1.038461538	0.978035352	1.256492787	1.284711013	3.201409501	3.010767706	0.01954248294	0.007532012339	0.01010535549	0.02442000998	0.02515797197	0.02045977594
3.658974359	1.046153846	0.9885276158	1.271590714	1.286348195	3.235753896	3.046944873	0.01974375028	0.00756446634	0.01017200948	0.02467624802	0.0258821112	0.02101588085
3.658974359	1.053846154	0.9991123981	1.286846382	1.287989604	3.270401133	3.083500015	0.01994690022	0.007597591675	0.01023956928	0.02493503686	0.02661959077	0.02158201644
3.658974359	1.061538462	1.009790599	1.302261028	1.289634732	3.305354157	3.120436095	0.02015195366	0.007631410555	0.01030805703	0.02519640726	0.0273704528	0.02215821662
3.658974359	1.069230769	1.020563125	1.317835898	1.291283083	3.340615936	3.1577561	0.02035893171	0.007665945436	0.0103774951	0.02546039024	0.02813473968	0.02274451551
3.658974359	1.076923077	1.031430891	1.333572251	1.292934178	3.376189466	3.195463043	0.02056785566	0.007701219018	0.0104479061	0.02572701701	0.02891249406	0.02334094745
3.658974359	1.084615385	1.04239482	1.349471352	1.294587547	3.412077766	3.23355996	0.020778747	0.007737254248	0.01051931287	0.02599631903	0.02970375884	0.02394754701
3.658974359	1.092307692	1.053455841	1.36553448	1.296242735	3.448283878	3.272049911	0.0209916274	0.007774074314	0.01059173851	0.026268328	0.03050857722	0.02456434898
3.658974359	1.1	1.064614891	1.381762921	1.297899298	3.484810872	3.31093598	0.0212065187	0.00781170265	0.01066520632	0.02654307581	0.03132699265	0.02519138837
3.658974359	1.107692308	1.075872917	1.398157972	1.299556807	3.52166184	3.350221277	0.02142344297	0.007850162937	0.01073973987	0.0268205946	0.03215904885	0.02582870041
3.658974359	1.115384615	1.087230869	1.414720942	1.301214841	3.5588399	3.389908934	0.02164242243	0.007889479096	0.01081536293	0.02710091672	0.03300478979	0.02647632059
3.658974359	1.123076923	1.098689709	1.431453148	1.302872992	3.596348194	3.430002109	0.02186347953	0.007929675296	0.01089209954	0.02738407475	0.03386425974	0.02713428457
3.658974359	1.130769231	1.110250403	1.448355918	1.304530865	3.634189889	3.470503983	0.02208663688	0.00797077595	0.01096997396	0.02767010148	0.0347375032	0.02780262826
3.658974359	1.138461538	1.121913926	1.465430589	1.306188073	3.672368176	3.511417762	0.02231191731	0.008012805715	0.01104901068	0.02795902992	0.03562456497	0.02848138781
3.658974359	1.146153846	1.133681262	1.482678509	1.307844241	3.710886272	3.552746676	0.02253934381	0.008055789492	0.01112923445	0.0282508933	0.0365254901	0.02917059956
3.658974359	1.153846154	1.145553399	1.500101038	1.309499006	3.749747418	3.594493979	0.02276893959	0.008099752428	0.01121067022	0.02854572507	0.0374403239	0.0298703001
3.658974359	1.161538462	1.157531337	1.517699541	1.311152012	3.788954879	3.636662949	0.02300072806	0.008144719913	0.01129334321	0.02884355889	0.03836911197	0.03058052623
3.658974359	1.169230769	1.169616079	1.535475399	1.312802916	3.828511945	3.679256889	0.0232347328	0.008190717583	0.01137727885	0.02914442863	0.03931190015	0.03130131498
3.658974359	1.176923077	1.181808639	1.553429999	1.314451382	3.868421931	3.722279126	0.0234709776	0.008237771318	0.01146250283	0.02944836838	0.04026873456	0.03203270359
3.658974359	1.184615385	1.194110037	1.57156474	1.316097086	3.908688177	3.765733011	0.02370948645	0.008285907242	0.01154904105	0.02975541244	0.04123966159	0.03277472955
3.658974359	1.192307692	1.2065213	1.589881031	1.317739712	3.949314046	3.809621918	0.02395028353	0.008335151724	0.01163691968	0.03006559533	0.04222472789	0.03352743055
3.658974359	1.2	1.219043464	1.608380289	1.319378952	3.990302928	3.853949248	0.02419339321	0.008385531379	0.01172616508	0.03037895178	0.04322398039	0.03429084451
3.833333333	0.9	0.8506880232	1.067446029	1.254803171	2.784562658	2.557779929	0.01715405196	0.007413838293	0.009532726956	0.02137249219	0.01478266206	0.01252538758
3.833333333	0.9076923077	0.8602990503	1.080744321	1.256242606	2.816022496	2.589644869	0.01733724035	0.007440852965	0.009591658287	0.02160331402	0.01529526374	0.01292389313
3.833333333	0.9153846154	0.8699915128	1.094186862	1.257698318	2.847748897	2.621855456	0.01752203341	0.007468158508	0.009651132246	0.02183626199	0.01582120498	0.01333238674
3.833333333	0.9230769231	0.8797661688	1.107774712	1.259169483	2.879744342	2.654414225	0.01770844858	0.007495772198	0.009711166242	0.02207136224	0.01636052633	0.01375090066
3.833333333	0.9307692308	0.8896237837	1.12150894	1.260655302	2.912011337	2.68732374	0.0178965035	0.007523711557	0.009771777921	0.0223086412	0.01691326861	0.01417946737
3.833333333	0.9384615385	0.8995651308	1.135390624	1.262154996	2.944552414	2.720586588	0.01808621598	0.007551994351	0.009832985167	0.02254812559	0.01747947292	0.01461811957
3.833333333	0.9461538462	0.9095909906	1.149420855	1.26366781	2.977370126	2.754205377	0.01827760401	0.00758063859	0.009894806097	0.02278984239	0.0180591806	0.01506689018
3.833333333	0.9538461538	0.9197021512	1.163600733	1.26519301	3.010467054	2.788182745	0.01847068575	0.007609662529	0.009957259067	0.02303381888	0.01865243328	0.01552581235
3.833333333	0.9615384615	0.9298994083	1.177931366	1.266729881	3.043845802	2.822521349	0.01866547955	0.007639084668	0.01002036267	0.02328008258	0.01925927284	0.01599491945
3.833333333	0.9692307692	0.9401835651	1.192413876	1.268277728	3.077509	2.857223873	0.01886200395	0.007668923751	0.01008413572	0.02352866129	0.01987974144	0.01647424507
3.833333333	0.9769230769	0.9505554325	1.207049391	1.269835876	3.111459301	2.892293025	0.01906027765	0.007699198767	0.01014859729	0.02377958309	0.0205138815	0.01696382303
3.833333333	0.9846153846	0.9610158285	1.221839051	1.27140367	3.145699383	2.927731535	0.01926031953	0.007729928949	0.01021376668	0.02403287629	0.02116173571	0.01746368737
3.833333333	0.9923076923	0.9715655791	1.236784008	1.27298047	3.180231951	2.963542161	0.01946214867	0.007761133776	0.01027966342	0.02428856947	0.02182334702	0.01797387236
3.833333333	1	0.9822055176	1.251885421	1.274565657	3.215059731	2.999727682	0.01966578432	0.007792832969	0.01034630727	0.02454669147	0.02249875866	0.01849441248
3.833333333	1.007692308	0.9929364849	1.26714446	1.276158626	3.250185476	3.036290902	0.01987124592	0.007825046496	0.01041371826	0.02480727138	0.02318801412	0.01902534244
3.833333333	1.015384615	1.003759329	1.282562307	1.277758791	3.285611964	3.073234651	0.02007855308	0.007857794569	0.01048191661	0.02507033852	0.02389115715	0.01956669719
3.833333333	1.023076923	1.014674907	1.298140151	1.27936558	3.321341995	3.110561782	0.0202877256	0.007891097643	0.01055092281	0.02533592249	0.02460823177	0.02011851187
3.833333333	1.030769231	1.025684081	1.313879193	1.280978439	3.357378396	3.14827517	0.02049878346	0.007924976419	0.01062075757	0.02560405309	0.02533928227	0.02068082188
3.833333333	1.038461538	1.036787722	1.329780645	1.282596829	3.393724018	3.186377718	0.02071174684	0.007959451843	0.01069144185	0.0258747604	0.02608435321	0.02125366283
3.833333333	1.046153846	1.04798671	1.345845726	1.284220223	3.430381738	3.224872351	0.02092663609	0.007994545105	0.01076299682	0.02614807472	0.02684348942	0.02183707053
3.833333333	1.053846154	1.05928193	1.362075669	1.285848111	3.467354454	3.263762019	0.02114347174	0.008030277638	0.0108354439	0.02642402658	0.02761673598	0.02243108104
3.833333333	1.061538462	1.070674275	1.378471714	1.287479998	3.504645093	3.303049695	0.02136227451	0.008066671123	0.01090880477	0.02670264676	0.02840413825	0.02303573065
3.833333333	1.069230769	1.082164648	1.395035112	1.289115399	3.542256604	3.342738379	0.02158306533	0.008103747483	0.01098310131	0.02698396627	0.02920574185	0.02365105586
3.833333333	1.076923077	1.093753955	1.411767125	1.290753846	3.580191961	3.382831091	0.02180586528	0.008141528885	0.01105835564	0.02726801635	0.03002159267	0.02427709338
3.833333333	1.084615385	1.105443115	1.428669024	1.292394882	3.618454163	3.42333088	0.02203069564	0.008180037744	0.01113459015	0.02755482845	0.03085173688	0.02491388017
3.833333333	1.092307692	1.11723305	1.445742091	1.294038062	3.657046234	3.464240815	0.0222575779	0.008219296715	0.01121182742	0.02784443427	0.03169622089	0.0255614534
3.833333333	1.1	1.129124691	1.462987617	1.295682956	3.695971221	3.505563992	0.02248653371	0.008259328701	0.0112900903	0.02813686573	0.0325550914	0.02621985046
3.833333333	1.107692308	1.141118978	1.480406905	1.297329142	3.735232199	3.547303531	0.02271758491	0.008300156848	0.01136940186	0.02843215497	0.03342839537	0.02688910898
3.833333333	1.115384615	1.153216857	1.498001266	1.298976213	3.774832264	3.589462573	0.02295075355	0.008341804548	0.01144978541	0.02873033435	0.03431618001	0.0275692668
3.833333333	1.123076923	1.165419281	1.515772022	1.300623772	3.814774539	3.632044289	0.02318606186	0.008384295436	0.0115312645	0.02903143646	0.03521849283	0.02826036198
3.833333333	1.130769231	1.177727212	1.533720505	1.302271433	3.85506217	3.675051868	0.02342353226	0.008427653392	0.01161386291	0.0293354941	0.03613538157	0.02896243282
3.833333333	1.138461538	1.190141619	1.551848057	1.303918821	3.89569833	3.718488528	0.02366318735	0.008471902541	0.01169760465	0.02964254029	0.03706689427	0.02967551783
3.833333333	1.146153846	1.202663479	1.570156032	1.305565572	3.936686214	3.762357509	0.02390504993	0.008517067251	0.01178251398	0.02995260828	0.03801307921	0.03039965575
3.833333333	1.153846154	1.215293774	1.58864579	1.30721133	3.978029042	3.806662075	0.02414914301	0.008563172138	0.01186861539	0.03026573152	0.03897398496	0.03113488554
3.833333333	1.161538462	1.228033497	1.607318706	1.308855751	4.019730062	3.851405516	0.02439548977	0.00861024206	0.0119559336	0.03058194368	0.03994966035	0.03188124638
3.833333333	1.169230769	1.240883648	1.62617616	1.310498501	4.061792542	3.896591143	0.02464411359	0.008658302119	0.01204449358	0.03090127865	0.04094015445	0.03263877769
3.833333333	1.176923077	1.253845231	1.645219547	1.312139255	4.104219778	3.942222296	0.02489503804	0.008707377663	0.01213432053	0.03122377052	0.04194551664	0.03340751909
3.833333333	1.184615385	1.266919262	1.664450269	1.313777696	4.147015088	3.988302335	0.0251482869	0.008757494284	0.01222543987	0.03154945361	0.04296579655	0.03418751045
3.833333333	1.192307692	1.280106762	1.683869739	1.315413518	4.190181818	4.034834645	0.02540388412	0.00880867782	0.01231787728	0.03187836244	0.04400104405	0.03497879184
3.833333333	1.2	1.29340876	1.703479379	1.317046422	4.233723336	4.081822637	0.02566185388	0.00886095435	0.01241165866	0.03221053174	0.04505130932	0.03578140356
4.007692308	0.9	0.8988094174	1.126335488	1.253141618	2.942078732	2.69888896	0.0181184896	0.00780174732	0.01004523623	0.02257118268	0.01522695351	0.01294040228
4.007692308	0.9076923077	0.909084136	1.140506251	1.254566223	2.975711035	2.732844489	0.01831462049	0.007832107952	0.01010951501	0.0228181472	0.01576203911	0.01335697343
4.007692308	0.9153846154	0.9194443253	1.154828723	1.256007233	3.009623111	2.767163537	0.01851242749	0.007862738853	0.01017433377	0.02306733047	0.01631122223	0.01378409646
4.007692308	0.9230769231	0.9298907373	1.169303968	1.25746383	3.043817419	2.801848654	0.01871192787	0.007893656769	0.01023970944	0.0233187586	0.01687454666	0.01422180602
4.007692308	0.9307692308	0.9404241313	1.183933059	1.258935218	3.078296447	2.836902411	0.01891313907	0.007924878688	0.01030565918	0.02357245802	0.01745205646	0.01467013695
4.007692308	0.9384615385	0.9510452743	1.198717079	1.260420625	3.113062703	2.872327407	0.01911607873	0.007956421843	0.0103722004	0.0238284554	0.01804379595	0.01512912433
4.007692308	0.9461538462	0.9617549408	1.213657123	1.261919301	3.148118725	2.908126261	0.01932076463	0.007988303713	0.01043935074	0.02408677775	0.01864980974	0.01559880348
4.007692308	0.9538461538	0.9725539129	1.228754295	1.263430519	3.18346707	2.94430162	0.01952721477	0.00802054202	0.01050712806	0.0243474523	0.01927014268	0.01607920991
4.007692308	0.9615384615	0.9834429801	1.244009708	1.26495357	3.219110325	2.980856152	0.0197354473	0.008053154732	0.01057555049	0.02461050659	0.01990483989	0.01657037939
4.007692308	0.9692307692	0.9944229395	1.259424488	1.266487767	3.255051098	3.017792552	0.01994548057	0.00808616006	0.01064463636	0.02487596841	0.02055394678	0.01707234788
4.007692308	0.9769230769	1.005494596	1.274999768	1.268032442	3.291292022	3.055113538	0.0201573331	0.008119576461	0.01071440426	0.02514386583	0.02121750901	0.01758515159
4.007692308	0.9846153846	1.016658761	1.290736692	1.269586947	3.327835757	3.092821851	0.0203710236	0.008153422636	0.01078487301	0.02541422718	0.02189557251	0.01810882693
4.007692308	0.9923076923	1.027916255	1.306636416	1.27115065	3.364684985	3.130920259	0.02058657093	0.00818771753	0.01085606165	0.02568708104	0.02258818346	0.01864341056
4.007692308	1	1.039267905	1.322700103	1.27272294	3.401842415	3.169411551	0.02080399418	0.008222480334	0.01092798949	0.02596245626	0.02329538834	0.01918893934
4.007692308	1.007692308	1.050714545	1.338928929	1.274303221	3.439310777	3.208298543	0.02102331258	0.008257730482	0.01100067605	0.02624038192	0.02401723386	0.01974545036
4.007692308	1.015384615	1.062257018	1.355324078	1.275890914	3.47709283	3.247584074	0.02124454557	0.008293487654	0.01107414109	0.02652088738	0.02475376704	0.02031298095
4.007692308	1.023076923	1.073896174	1.371886746	1.277485458	3.515191356	3.287271008	0.02146771276	0.008329771772	0.0111484046	0.02680400222	0.02550503513	0.02089156865
4.007692308	1.030769231	1.08563287	1.388618137	1.279086306	3.55360916	3.32736223	0.02169283394	0.008366603006	0.01122348683	0.02708975629	0.02627108565	0.02148125121
4.007692308	1.038461538	1.097467971	1.405519467	1.280692926	3.592349073	3.367860655	0.02191992909	0.008404001769	0.01129940823	0.02737817968	0.02705196641	0.02208206664
4.007692308	1.046153846	1.10940235	1.422591961	1.282304802	3.631413952	3.408769217	0.02214901837	0.008441988718	0.01137618953	0.02766930269	0.02784772548	0.02269405313
4.007692308	1.053846154	1.121436886	1.439836854	1.283921434	3.670806677	3.450090876	0.02238012213	0.008480584755	0.01145385166	0.02796315588	0.02865841117	0.02331724913
4.007692308	1.061538462	1.133572466	1.457255392	1.285542332	3.710530152	3.491828618	0.0226132609	0.008519811027	0.01153241579	0.02825977007	0.02948407209	0.02395169329
4.007692308	1.069230769	1.145809986	1.47484883	1.287167024	3.750587307	3.53398545	0.02284845541	0.008559688925	0.01161190335	0.02855917626	0.0303247571	0.02459742449
4.007692308	1.076923077	1.158150349	1.492618435	1.288795048	3.790981096	3.576564406	0.02308572654	0.008600240084	0.01169233598	0.02886140572	0.03118051533	0.02525448186
4.007692308	1.084615385	1.170594464	1.510565481	1.290425956	3.831714499	3.619568543	0.02332509539	0.008641486386	0.01177373556	0.02916648994	0.03205139618	0.0259229047
4.007692308	1.092307692	1.183143249	1.528691255	1.292059314	3.872790519	3.663000941	0.02356658324	0.008683449956	0.01185612423	0.02947446064	0.03293744931	0.02660273258
4.007692308	1.1	1.195797629	1.546997053	1.293694698	3.914212184	3.706864708	0.02381021156	0.008726153162	0.01193952433	0.02978534976	0.03383872466	0.02729400528
4.007692308	1.107692308	1.208558537	1.565484182	1.295331698	3.955982547	3.751162971	0.02405600198	0.008769618618	0.01202395847	0.03009918947	0.03475527242	0.02799676279
4.007692308	1.115384615	1.221426913	1.584153956	1.296969912	3.998104686	3.795898886	0.02430397636	0.008813869184	0.01210944947	0.03041601215	0.03568714306	0.02871104535
4.007692308	1.123076923	1.234403705	1.603007704	1.298608954	4.040581702	3.841075631	0.02455415672	0.008858927963	0.01219602039	0.03073585042	0.03663438731	0.02943689339
4.007692308	1.130769231	1.247489867	1.62204676	1.300248445	4.083416724	3.886696407	0.02480656527	0.008904818302	0.01228369454	0.03105873711	0.03759705616	0.03017434759
4.007692308	1.138461538	1.260686363	1.641272472	1.301888019	4.126612901	3.932764442	0.02506122444	0.008951563794	0.01237249546	0.03138470526	0.03857520089	0.03092344885
4.007692308	1.146153846	1.273994164	1.660686197	1.303527319	4.170173411	3.979282987	0.02531815681	0.008999188275	0.01246244692	0.03171378816	0.03956887302	0.03168423829
4.007692308	1.153846154	1.287414246	1.680289301	1.305166	4.214101454	4.026255316	0.02557738517	0.009047715828	0.01255357294	0.03204601927	0.04057812436	0.03245675725
4.007692308	1.161538462	1.300947596	1.700083161	1.306803723	4.258400255	4.073684729	0.02583893251	0.009097170777	0.01264589774	0.0323814323	0.04160300696	0.03324104729
4.007692308	1.169230769	1.314595205	1.720069165	1.308440163	4.303073065	4.121574549	0.02610282199	0.009147577695	0.01273944583	0.03272006117	0.04264357317	0.03403715021
4.007692308	1.176923077	1.328358076	1.740248709	1.310075002	4.348123159	4.169928124	0.02636907698	0.009198961396	0.01283424191	0.03306193998	0.04369987559	0.03484510801
4.007692308	1.184615385	1.342237215	1.7606232	1.311707931	4.393553835	4.218748827	0.02663772105	0.009251346939	0.01293031094	0.03340710309	0.04477196707	0.03566496295
4.007692308	1.192307692	1.356233638	1.781194056	1.313338651	4.439368419	4.268040053	0.02690877793	0.00930475963	0.01302767811	0.03375558504	0.04585990075	0.03649675748
4.007692308	1.2	1.370348369	1.801962705	1.31496687	4.485570258	4.317805222	0.02718227158	0.009359225016	0.01312636884	0.03410742059	0.04696373004	0.03734053428
4.182051282	0.9	0.9483788626	1.187022828	1.251633577	3.104334721	2.844306018	0.0191121666	0.008202508175	0.01057417983	0.02380633961	0.01569112298	0.01337287685
4.182051282	0.9076923077	0.9593421316	1.202098789	1.253044925	3.14022086	2.880430552	0.01932174146	0.008236435395	0.01064408819	0.02407007568	0.01624948556	0.0138081674
4.182051282	0.9153846154	0.970395118	1.217334336	1.254472857	3.176400673	2.916937482	0.01953306813	0.008270614161	0.01071453629	0.02433612871	0.01682274988	0.01425460823
4.182051282	0.9230769231	0.9815385679	1.232730539	1.255916557	3.2128766	2.953829368	0.01974616371	0.008305060686	0.01078554056	0.02460452481	0.01741096297	0.01471223635
4.182051282	0.9307692308	0.9927732344	1.248288474	1.25737523	3.249651107	2.991108792	0.01996104545	0.008339791426	0.0108571177	0.02487529039	0.01801417214	0.015181089
4.182051282	0.9384615385	1.004099878	1.264009229	1.258848105	3.286726685	3.028778363	0.02017773078	0.008374823081	0.01092928463	0.02514845215	0.01863242494	0.01566120364
4.182051282	0.9461538462	1.015519268	1.279893904	1.260334436	3.324105849	3.066840712	0.02039623733	0.008410172599	0.0110020585	0.02542403706	0.01926576922	0.01615261795
4.182051282	0.9538461538	1.02703218	1.295943607	1.261833497	3.361791138	3.105298494	0.02061658289	0.008445857168	0.01107545672	0.02570207238	0.01991425307	0.01665536985
4.182051282	0.9615384615	1.038639397	1.312159455	1.263344582	3.399785117	3.144154389	0.02083878543	0.008481894225	0.01114949691	0.02598258565	0.02057792487	0.01716949747
4.182051282	0.9692307692	1.05034171	1.328542578	1.26486701	3.438090375	3.183411103	0.02106286312	0.008518301448	0.01122419693	0.02626560468	0.02125683325	0.01769503916
4.182051282	0.9769230769	1.062139918	1.345094114	1.266400115	3.476709527	3.223071363	0.02128883428	0.008555096762	0.0112995749	0.02655115755	0.02195102711	0.01823203351
4.182051282	0.9846153846	1.074034827	1.361815212	1.267943253	3.515645209	3.263137921	0.02151671743	0.008592298334	0.01137564915	0.0268392726	0.02266055562	0.01878051932
4.182051282	0.9923076923	1.08602725	1.378707031	1.269495799	3.554900086	3.303613556	0.02174653127	0.008629924579	0.01145243825	0.02712997844	0.02338546821	0.01934053562
4.182051282	1	1.098118009	1.39577074	1.271057144	3.594476845	3.344501068	0.02197829468	0.008667994154	0.01152996101	0.02742330394	0.02412581459	0.01991212165
4.182051282	1.007692308	1.110307931	1.413007518	1.272626699	3.634378198	3.385803282	0.02221202672	0.008706525961	0.01160823648	0.02771927821	0.02488164473	0.0204953169
4.182051282	1.015384615	1.122597854	1.430418554	1.274203891	3.674606883	3.427523048	0.02244774661	0.008745539147	0.01168728395	0.02801793064	0.02565300886	0.02109016106
4.182051282	1.023076923	1.134988621	1.448005047	1.275788163	3.715165661	3.469663239	0.0226854738	0.008785053104	0.01176712292	0.02831929083	0.02643995749	0.02169669406
4.182051282	1.030769231	1.147481083	1.465768208	1.277378974	3.756057318	3.512226755	0.02292522789	0.008825087467	0.01184777316	0.02862338867	0.02724254138	0.02231495604
4.182051282	1.038461538	1.160076099	1.483709255	1.278975799	3.797284666	3.555216516	0.02316702866	0.008865662117	0.01192925465	0.02893025426	0.02806081157	0.02294498737
4.182051282	1.046153846	1.172774535	1.501829418	1.280578128	3.83885054	3.59863547	0.02341089609	0.00890679718	0.01201158762	0.02923991797	0.02889481937	0.02358682865
4.182051282	1.053846154	1.185577265	1.520129938	1.282185465	3.8807578	3.642486587	0.02365685033	0.008948513025	0.01209479254	0.02955241038	0.02974461634	0.02424052068
4.182051282	1.061538462	1.198485171	1.538612063	1.28379733	3.923009332	3.686772862	0.02390491173	0.008990830265	0.01217889009	0.02986776233	0.03061025433	0.02490610452
4.182051282	1.069230769	1.211499141	1.557277054	1.285413254	3.965608045	3.731497315	0.02415510081	0.009033769761	0.01226390122	0.03018600489	0.03149178543	0.02558362143
4.182051282	1.076923077	1.224620072	1.57612618	1.287032784	4.008556873	3.776662988	0.02440743828	0.009077352616	0.01234984709	0.03050716935	0.03238926202	0.02627311288
4.182051282	1.084615385	1.237848867	1.595160723	1.288655478	4.051858775	3.822272949	0.02466194503	0.009121600176	0.01243674912	0.03083128724	0.03330273674	0.02697462061
4.182051282	1.092307692	1.251186438	1.614381973	1.290280907	4.095516735	3.868330289	0.02491864216	0.009166534036	0.01252462893	0.03115839032	0.03423226248	0.02768818653
4.182051282	1.1	1.264633705	1.633791229	1.291908655	4.13953376	3.914838126	0.02517755093	0.009212176032	0.01261350842	0.03148851058	0.03517789242	0.02841385282
4.182051282	1.107692308	1.278191593	1.653389802	1.293538317	4.183912885	3.961799599	0.02543869279	0.009258548246	0.01270340968	0.03182168022	0.03613968001	0.02915166185
4.182051282	1.115384615	1.291861038	1.673179014	1.2951695	4.228657165	4.009217873	0.0257020894	0.009305673004	0.01279435509	0.03215793168	0.03711767893	0.02990165622
4.182051282	1.123076923	1.305642979	1.693160194	1.296801822	4.273769684	4.057096136	0.02596776256	0.009353572877	0.01288636721	0.03249729761	0.03811194318	0.03066387878
4.182051282	1.130769231	1.319538367	1.713334684	1.298434912	4.319253549	4.105437601	0.02623573432	0.00940227068	0.01297946887	0.03283981088	0.03912252697	0.03143837257
4.182051282	1.138461538	1.333548158	1.733703834	1.30006841	4.36511189	4.154245505	0.02650602687	0.009451789474	0.01307368313	0.0331855046	0.04014948483	0.03222518086
4.182051282	1.146153846	1.347673317	1.754269006	1.301701966	4.411347864	4.20352311	0.02677866262	0.009502152562	0.01316903329	0.03353441206	0.04119287152	0.03302434717
4.182051282	1.153846154	1.361914815	1.77503157	1.303335239	4.457964652	4.253273701	0.02705366414	0.009553383495	0.01326554287	0.0338865668	0.04225274208	0.03383591522
4.182051282	1.161538462	1.376273631	1.795992909	1.304967899	4.504965459	4.303500588	0.02733105422	0.009605506065	0.01336323563	0.03424200256	0.04332915182	0.03465992894
4.182051282	1.169230769	1.390750752	1.817154413	1.306599626	4.552353515	4.354207106	0.02761085582	0.00965854431	0.01346213559	0.03460075328	0.04442215631	0.03549643252
4.182051282	1.176923077	1.405347173	1.838517484	1.308230108	4.600132075	4.405396611	0.0278930921	0.009712522515	0.01356226697	0.03496285315	0.04553181139	0.03634547036
4.182051282	1.184615385	1.420063896	1.860083534	1.309859042	4.648304418	4.457072487	0.02817778642	0.009767465205	0.01366365426	0.03532833654	0.04665817316	0.03720708706
4.182051282	1.192307692	1.434901929	1.881853984	1.311486134	4.696873849	4.509238141	0.0284649623	0.009823397154	0.01376632215	0.03569723804	0.04780129801	0.03808132747
4.182051282	1.2	1.44986229	1.903830266	1.3131111	4.745843696	4.561897003	0.02875464349	0.009880343377	0.0138702956	0.03606959245	0.04896124256	0.03896823667
4.356410256	0.9	0.9993963589	1.249508051	1.250262761	3.271330624	2.994031104	0.02013508214	0.008616120858	0.01111955777	0.02507795551	0.01617517049	0.01382281129
4.356410256	0.9076923077	1.011073037	1.265521935	1.251662233	3.30955197	3.032403059	0.02035860245	0.008653835295	0.01119537784	0.02535909185	0.0167576031	0.01427747505
4.356410256	0.9153846154	1.022843891	1.281703702	1.253078513	3.348081584	3.07117729	0.02058395454	0.008691784432	0.01127173979	0.02564264896	0.01735578793	0.01474392204
4.356410256	0.9230769231	1.034709661	1.298054424	1.254510781	3.386921885	3.110356367	0.02081115531	0.008729983949	0.0113486596	0.02592865296	0.01796977527	0.01522219166
4.356410256	0.9307692308	1.046671093	1.314575185	1.255958241	3.42607532	3.149942883	0.02104022184	0.008768449771	0.01142615347	0.02621713027	0.01859961565	0.01571232353
4.356410256	0.9384615385	1.058728943	1.331267076	1.257420121	3.465544359	3.189939456	0.02127117137	0.008807198066	0.01150423784	0.02650810758	0.01924535988	0.01621435748
4.356410256	0.9461538462	1.070883973	1.348131199	1.258895672	3.505331498	3.230348729	0.02150402134	0.008846245248	0.01158292939	0.02680161189	0.01990705904	0.01672833359
4.356410256	0.9538461538	1.083136953	1.365168669	1.26038417	3.545439256	3.271173366	0.02173878935	0.008885607974	0.01166224503	0.02709767049	0.02058476447	0.01725429216
4.356410256	0.9615384615	1.095488659	1.382380607	1.261884909	3.585870178	3.31241606	0.02197549319	0.008925303147	0.01174220192	0.02739631092	0.02127852778	0.01779227368
4.356410256	0.9692307692	1.107939878	1.399768146	1.263397207	3.626626832	3.354079525	0.02221415083	0.008965347915	0.01182281744	0.02769756104	0.02198840084	0.01834231891
4.356410256	0.9769230769	1.1204914	1.417332431	1.2649204	3.667711813	3.396166499	0.02245478042	0.009005759668	0.01190410922	0.02800144894	0.02271443579	0.0189044688
4.356410256	0.9846153846	1.133144027	1.435074612	1.266453847	3.709127739	3.438679745	0.02269740029	0.009046556044	0.01198609511	0.02830800301	0.02345668505	0.01947876454
4.356410256	0.9923076923	1.145898565	1.452995855	1.267996923	3.750877252	3.481622052	0.02294202895	0.009087754922	0.0120687932	0.02861725188	0.02421520128	0.02006524753
4.356410256	1	1.15875583	1.471097332	1.269549023	3.792963021	3.524996231	0.02318868508	0.009129374428	0.01215222183	0.02892922447	0.02499003744	0.02066395942
4.356410256	1.007692308	1.171716644	1.489380227	1.271109559	3.835387738	3.568805117	0.02343738756	0.009171432933	0.01223639956	0.02924394993	0.02578124672	0.02127494206
4.356410256	1.015384615	1.184781837	1.507845733	1.272677961	3.87815412	3.613051571	0.02368815545	0.009213949049	0.0123213452	0.02956145767	0.02658888261	0.02189823752
4.356410256	1.023076923	1.197952247	1.526495055	1.274253676	3.921264909	3.657738477	0.02394100797	0.009256941638	0.01240707778	0.02988177738	0.02741299885	0.02253388812
4.356410256	1.030769231	1.211228719	1.545329405	1.275836166	3.964722871	3.702868743	0.02419596455	0.009300429801	0.01249361657	0.03020493895	0.02825364945	0.02318193637
4.356410256	1.038461538	1.224612105	1.564350008	1.27742491	4.008530796	3.748445302	0.02445304478	0.009344432888	0.0125809811	0.03053097257	0.02911088868	0.02384242504
4.356410256	1.046153846	1.238103266	1.583558099	1.279019402	4.052691501	3.794471111	0.02471226845	0.009388970491	0.01266919109	0.03085990862	0.0299847711	0.02451539709
4.356410256	1.053846154	1.251703069	1.60295492	1.280619149	4.097207826	3.840949152	0.02497365553	0.009434062447	0.01275826655	0.03119177777	0.0308753515	0.02520089572
4.356410256	1.061538462	1.26541239	1.622541726	1.282223676	4.142082635	3.887882429	0.02523722617	0.009479728839	0.01284822767	0.03152661089	0.03178268497	0.02589896436
4.356410256	1.069230769	1.279232111	1.642319782	1.283832518	4.187318819	3.935273972	0.0255030007	0.009525989993	0.01293909492	0.0318644391	0.03270682685	0.02660964665
4.356410256	1.076923077	1.293163123	1.662290362	1.285445225	4.232919291	3.983126836	0.02577099963	0.009572866479	0.01303088899	0.03220529376	0.03364783275	0.02733298647
4.356410256	1.084615385	1.307206324	1.682454751	1.287061362	4.27888699	4.031444097	0.02604124369	0.009620379113	0.01312363081	0.03254920645	0.03460575855	0.02806902789
4.356410256	1.092307692	1.321362618	1.702814243	1.288680503	4.325224881	4.080228859	0.02631375374	0.009668548957	0.01321734153	0.032896209	0.03558066039	0.02881781525
4.356410256	1.1	1.335632919	1.723370143	1.290302237	4.37193595	4.129484248	0.02658855088	0.009717397313	0.01331204255	0.03324633343	0.03657259469	0.02957939308
4.356410256	1.107692308	1.350018147	1.744123767	1.291926164	4.419023212	4.179213414	0.02686565636	0.009766945733	0.01340775551	0.03359961202	0.03758161813	0.03035380614
4.356410256	1.115384615	1.36451923	1.765076438	1.293551896	4.466489702	4.229419533	0.02714509162	0.009817216008	0.01350450228	0.03395607726	0.03860778764	0.03114109943
4.356410256	1.123076923	1.379137104	1.786229492	1.295179055	4.514338485	4.280105803	0.02742687831	0.009868230179	0.01360230496	0.03431576186	0.03965116044	0.03194131816
4.356410256	1.130769231	1.393872712	1.807584275	1.296807276	4.562572646	4.331275448	0.02771103825	0.009920010528	0.01370118589	0.03467869876	0.04071179401	0.03275450775
4.356410256	1.138461538	1.408727004	1.829142142	1.298436202	4.611195297	4.382931716	0.02799759343	0.009972579582	0.01380116766	0.03504492111	0.0417897461	0.03358071387
4.356410256	1.146153846	1.423700938	1.850904457	1.300065489	4.660209573	4.435077879	0.02828656608	0.01002596011	0.01390227307	0.03541446228	0.04288507472	0.0344199824
4.356410256	1.153846154	1.438795481	1.872872597	1.301694801	4.709618637	4.487717232	0.02857797856	0.01008017514	0.01400452518	0.03578735585	0.04399783814	0.03527235945
4.356410256	1.161538462	1.454011604	1.895047948	1.303323813	4.759425673	4.540853095	0.02887185345	0.01013524792	0.01410794727	0.03616363562	0.04512809491	0.03613789135
4.356410256	1.169230769	1.469350289	1.917431905	1.304952209	4.809633891	4.594488814	0.02916821352	0.01019120197	0.01421256286	0.03654333562	0.04627590385	0.03701662464
4.356410256	1.176923077	1.484812524	1.940025873	1.306579681	4.860246525	4.648627757	0.02946708173	0.01024806102	0.01431839571	0.03692649006	0.04744132404	0.03790860612
4.356410256	1.184615385	1.500399305	1.96283127	1.308205931	4.911266837	4.703273317	0.02976848122	0.01030584908	0.01442546982	0.03731313338	0.04862441482	0.03881388277
4.356410256	1.192307692	1.516111635	1.985849521	1.309830672	4.962698108	4.75842891	0.03007243532	0.01036459039	0.01453380942	0.03770330023	0.0498252358	0.03973250182
4.356410256	1.2	1.531950524	2.009082061	1.311453621	5.014543649	4.814097979	0.03037896756	0.01042430943	0.01464343896	0.03809702547	0.05104384688	0.04066451072
4.530769231	0.9	1.051861906	1.313791155	1.249014864	3.443066442	3.148064217	0.02118723555	0.00904258537	0.01168137004	0.02638602388	0.01667909603	0.0142902056
4.530769231	0.9076923077	1.064276852	1.330775688	1.250403676	3.483704366	3.18876201	0.02142520279	0.009084307651	0.01176338395	0.0266851891	0.01728639171	0.01476489637
4.530769231	0.9153846154	1.076790644	1.347936819	1.251809557	3.524665842	3.229882962	0.02166508604	0.009126249664	0.0118459443	0.0269868845	0.01791033637	0.01525203789
4.530769231	0.9230769231	1.089404015	1.365275625	1.253231681	3.565953273	3.271429652	0.02190690202	0.009168426558	0.01192906657	0.02729113621	0.01855098354	0.01575167194
4.530769231	0.9307692308	1.102117707	1.382793192	1.254669245	3.607569084	3.313404684	0.0221506676	0.009210853723	0.0120127665	0.02759797065	0.01920838699	0.01626384053
4.530769231	0.9384615385	1.114932468	1.400490618	1.256121476	3.649515726	3.355810687	0.02239639986	0.009253546796	0.01209706004	0.02790741456	0.01988260078	0.01678858587
4.530769231	0.9461538462	1.127849055	1.418369008	1.257587619	3.691795673	3.398650312	0.02264411603	0.009296521659	0.0121819634	0.02821949497	0.02057367921	0.01732595041
4.530769231	0.9538461538	1.140868231	1.436429481	1.259066948	3.734411425	3.441926238	0.02289383353	0.009339794437	0.01226749301	0.02853423918	0.02128167687	0.01787597684
4.530769231	0.9615384615	1.153990766	1.454673164	1.260558755	3.777365507	3.485641165	0.02314556996	0.009383381499	0.01235366554	0.02885167479	0.02200664862	0.01843870803
4.530769231	0.9692307692	1.167217441	1.473101193	1.262062355	3.820660468	3.529797818	0.02339934311	0.009427299461	0.01244049789	0.02917182968	0.02274864955	0.01901418712
4.530769231	0.9769230769	1.180549041	1.491714717	1.263577085	3.864298882	3.574398946	0.02365517094	0.009471565181	0.01252800721	0.02949473201	0.02350773506	0.01960245745
4.530769231	0.9846153846	1.193986361	1.510514892	1.265102301	3.908283346	3.619447323	0.02391307159	0.009516195765	0.01261621088	0.0298204102	0.02428396079	0.02020356258
4.530769231	0.9923076923	1.2075302	1.529502887	1.266637378	3.952616485	3.664945747	0.02417306337	0.009561208559	0.01270512651	0.03014889294	0.02507738267	0.02081754631
4.530769231	1	1.221181369	1.548679879	1.268181712	3.997300945	3.710897041	0.0244351648	0.009606621157	0.01279477194	0.03048020919	0.02588805687	0.02144445265
4.530769231	1.007692308	1.234940683	1.568047056	1.269734715	4.042339399	3.75730405	0.02469939456	0.009652451397	0.01288516528	0.03081438817	0.02671603983	0.02208432583
4.530769231	1.015384615	1.248808968	1.587605617	1.271295817	4.087734544	3.804169644	0.02496577151	0.00969871736	0.01297632483	0.03115145935	0.02756138829	0.02273721032
4.530769231	1.023076923	1.262787053	1.607356768	1.272864466	4.133489101	3.85149672	0.02523431469	0.009745437374	0.01306826916	0.03149145246	0.02842415922	0.02340315081
4.530769231	1.030769231	1.276875778	1.627301729	1.274440127	4.179605817	3.899288195	0.02550504335	0.009792630009	0.01316101706	0.03183439748	0.02930440986	0.0240821922
4.530769231	1.038461538	1.29107599	1.647441727	1.276022279	4.226087464	3.947547012	0.02577797689	0.009840314081	0.01325458757	0.03218032464	0.03020219775	0.02477437963
4.530769231	1.046153846	1.305388542	1.667778001	1.277610418	4.272936835	3.99627614	0.0260531349	0.009888508651	0.01334899994	0.03252926441	0.03111758066	0.02547975845
4.530769231	1.053846154	1.319814297	1.6883118	1.279204055	4.320156752	4.04547857	0.02633053717	0.009937233023	0.01344427368	0.03288124751	0.03205061664	0.02619837424
4.530769231	1.061538462	1.334354123	1.709044382	1.280802714	4.36775006	4.095157318	0.02661020365	0.009986506748	0.01354042853	0.03323630488	0.03300136401	0.0269302728
4.530769231	1.069230769	1.349008897	1.729977016	1.282405935	4.415719628	4.145315423	0.02689215448	0.01003634962	0.01363748446	0.03359446772	0.03396988135	0.02767550017
4.530769231	1.076923077	1.363779504	1.75111098	1.28401327	4.46406835	4.195955951	0.02717641001	0.01008678167	0.01373546168	0.03395576745	0.03495622751	0.0284341026
4.530769231	1.084615385	1.378666834	1.772447564	1.285624286	4.512799145	4.247081989	0.02746299073	0.0101378232	0.01383438064	0.03432023574	0.03596046162	0.02920612655
4.530769231	1.092307692	1.393671787	1.793988067	1.287238562	4.561914957	4.29869665	0.02775191734	0.01018949472	0.01393426202	0.03468790447	0.03698264306	0.02999161873
4.530769231	1.1	1.408795271	1.815733797	1.288855688	4.611418753	4.350803072	0.02804321074	0.010241817	0.01403512674	0.03505880575	0.03802283147	0.03079062606
4.530769231	1.107692308	1.424038198	1.837686075	1.290475268	4.661313528	4.403404416	0.02833689198	0.01029481108	0.01413699595	0.03543297192	0.03908108678	0.03160319569
4.530769231	1.115384615	1.439401492	1.859846229	1.292096917	4.711602297	4.456503866	0.02863298232	0.0103484982	0.01423989104	0.03581043556	0.04015746917	0.03242937497
4.530769231	1.123076923	1.454886081	1.882215599	1.29372026	4.762288104	4.510104633	0.02893150321	0.01040289987	0.01434383363	0.03619122945	0.0412520391	0.03326921152
4.530769231	1.130769231	1.470492902	1.904795535	1.295344936	4.813374015	4.56420995	0.02923247626	0.01045803784	0.0144488456	0.03657538659	0.04236485728	0.03412275314
4.530769231	1.138461538	1.486222901	1.927587396	1.296970592	4.864863121	4.618823076	0.02953592328	0.01051393412	0.01455494903	0.03696294023	0.0434959847	0.03499004787
4.530769231	1.146153846	1.502077028	1.950592552	1.298596886	4.916758539	4.673947293	0.02984186629	0.01057061093	0.01466216626	0.03735392379	0.04464548261	0.03587114398
4.530769231	1.153846154	1.518056243	1.973812383	1.300223487	4.969063409	4.729585907	0.03015032747	0.01062809076	0.01477051987	0.03774837095	0.04581341253	0.03676608995
4.530769231	1.161538462	1.534161514	1.997248279	1.301850073	5.021780897	4.785742249	0.03046132919	0.01068639635	0.01488003265	0.03814631557	0.04699983625	0.03767493451
4.530769231	1.169230769	1.550393815	2.02090164	1.30347633	5.074914193	4.842419674	0.03077489402	0.01074555066	0.01499072764	0.03854779175	0.04820481581	0.03859772657
4.530769231	1.176923077	1.566754128	2.044773876	1.305101956	5.128466511	4.899621561	0.03109104471	0.01080557691	0.01510262814	0.03895283378	0.04942841355	0.0395345153
4.530769231	1.184615385	1.583243442	2.068866409	1.306726656	5.182441091	4.957351314	0.03140980421	0.01086649857	0.01521575764	0.03936147618	0.05067069205	0.04048535008
4.530769231	1.192307692	1.599862755	2.093180667	1.308350145	5.236841197	5.01561236	0.03173119564	0.01092833935	0.0153301399	0.03977375368	0.05193171415	0.04145028052
4.530769231	1.2	1.616613071	2.117718092	1.309972145	5.291670117	5.074408151	0.03205524234	0.01099112318	0.0154457989	0.04018970119	0.05321154299	0.04242935645
4.705128205	0.9	1.105775504	1.379872142	1.247877292	3.619542176	3.306405356	0.02226862623	0.00948190171	0.01225961664	0.02773053907	0.01720289961	0.01477505978
4.705128205	0.9076923077	1.118953577	1.39786005	1.249256518	3.662678046	3.349507405	0.0225215419	0.009527852463	0.01234810652	0.02804836171	0.0178358514	0.01527043136
4.705128205	0.9153846154	1.132235377	1.416033689	1.250653104	3.706153449	3.393054497	0.02277646208	0.009574009859	0.01243714979	0.02836882951	0.01848639521	0.01577895578
4.705128205	0.9230769231	1.145621632	1.434394141	1.252066215	3.749970765	3.437049221	0.02303340328	0.009620388512	0.01252676146	0.02869196861	0.01915458779	0.0163006772
4.705128205	0.9307692308	1.159113077	1.452942496	1.253495042	3.7941324	3.481494194	0.02329238221	0.009667003282	0.01261695678	0.0290178055	0.01984048616	0.01683564
4.705128205	0.9384615385	1.172710454	1.471679855	1.254938804	3.838640784	3.526392054	0.02355341572	0.009713869273	0.01270775124	0.02934636693	0.02054414762	0.01738388879
4.705128205	0.9461538462	1.186414514	1.49060733	1.256396742	3.883498372	3.571745463	0.02381652088	0.009761001834	0.01279916054	0.02967767998	0.02126562972	0.0179454684
4.705128205	0.9538461538	1.200226014	1.509726043	1.257868123	3.928707645	3.617557109	0.02408171492	0.009808416557	0.01289120065	0.030011772	0.02200499027	0.01852042389
4.705128205	0.9615384615	1.214145719	1.529037125	1.259352235	3.974271105	3.663829703	0.02434901525	0.00985612928	0.01298388775	0.03034867065	0.02276228738	0.01910880052
4.705128205	0.9692307692	1.228174401	1.548541717	1.260848391	4.020191284	3.710565982	0.02461843948	0.009904156086	0.01307723827	0.03068840386	0.02353757938	0.01971064381
4.705128205	0.9769230769	1.242312842	1.568240972	1.262355921	4.066470733	3.757768704	0.02489000536	0.009952513301	0.01317126888	0.03103099984	0.02433092491	0.02032599947
4.705128205	0.9846153846	1.256561828	1.588136051	1.263874181	4.113112032	3.805440655	0.02516373085	0.0100012175	0.01326599647	0.03137648707	0.02514238286	0.02095491346
4.705128205	0.9923076923	1.270922155	1.608228127	1.265402543	4.160117783	3.853584642	0.02543963409	0.01005028549	0.01336143817	0.03172489433	0.02597201237	0.02159743195
4.705128205	1	1.285394625	1.628518381	1.266940401	4.207490615	3.902203498	0.0257177334	0.01009973434	0.01345761136	0.03207625063	0.02681987288	0.02225360133
4.705128205	1.007692308	1.299980049	1.649008006	1.268487164	4.255233179	3.95130008	0.02599804726	0.01014958135	0.01355453364	0.03243058527	0.02768602407	0.02292346822
4.705128205	1.015384615	1.314679245	1.669698204	1.270042263	4.303348152	4.000877268	0.02628059436	0.01019984408	0.01365222286	0.03278792778	0.0285705259	0.02360707947
4.705128205	1.023076923	1.329493038	1.690590187	1.271605145	4.351838237	4.050937968	0.02656539355	0.01025054031	0.01375069708	0.03314830799	0.02947343858	0.02430448214
4.705128205	1.030769231	1.34442226	1.711685179	1.273175273	4.400706159	4.10148511	0.02685246388	0.01030168809	0.01384997464	0.03351175594	0.03039482262	0.02501572353
4.705128205	1.038461538	1.359467753	1.732984411	1.274752128	4.449954669	4.152521647	0.02714182457	0.0103533057	0.01395007407	0.03387830194	0.03133473877	0.02574085114
4.705128205	1.046153846	1.374630364	1.754489127	1.276335204	4.499586542	4.204050557	0.02743349503	0.01040541166	0.01405101416	0.03424797655	0.03229324805	0.02647991272
4.705128205	1.053846154	1.389910949	1.776200579	1.277924014	4.54960458	4.256074842	0.02772749483	0.01045802475	0.01415281394	0.03462081056	0.03327041176	0.02723295623
4.705128205	1.061538462	1.40531037	1.79812003	1.279518082	4.600011607	4.308597529	0.02802384376	0.01051116399	0.01425549267	0.03499683502	0.03426629144	0.02800002985
4.705128205	1.069230769	1.420829499	1.820248754	1.28111695	4.650810472	4.361621667	0.02832256177	0.01056484864	0.01435906983	0.03537608119	0.03528094893	0.02878118199
4.705128205	1.076923077	1.436469213	1.842588034	1.282720171	4.70200405	4.415150332	0.02862366899	0.0106190982	0.01446356515	0.0357585806	0.03631444631	0.02957646128
4.705128205	1.084615385	1.452230398	1.865139163	1.284327312	4.753595239	4.469186623	0.02892718575	0.01067393243	0.01456899861	0.03614436498	0.03736684595	0.03038591659
4.705128205	1.092307692	1.468113947	1.887903444	1.285937953	4.805586963	4.523733663	0.02923313255	0.01072937132	0.01467539041	0.03653346631	0.03843821047	0.03120959698
4.705128205	1.1	1.48412076	1.910882191	1.287551689	4.85798217	4.5787946	0.02954153008	0.01078543511	0.01478276098	0.0369259168	0.03952860275	0.03204755177
4.705128205	1.107692308	1.500251747	1.934076727	1.289168123	4.910783833	4.634372604	0.02985239923	0.01084214428	0.01489113099	0.03732174888	0.04063808597	0.03289983047
4.705128205	1.115384615	1.516507822	1.957488387	1.290786872	4.96399495	4.690470873	0.03016576104	0.01089951957	0.01500052136	0.03772099521	0.04176672354	0.03376648285
4.705128205	1.123076923	1.532889908	1.981118515	1.292407565	5.017618541	4.747092626	0.03048163677	0.01095758194	0.01511095324	0.03812368866	0.04291457915	0.03464755887
4.705128205	1.130769231	1.549398938	2.004968463	1.294029842	5.071657656	4.804241107	0.03080004785	0.01101635263	0.015222448	0.03852986233	0.04408171677	0.03554310873
4.705128205	1.138461538	1.566035848	2.029039597	1.295653352	5.126115363	4.861919585	0.03112101589	0.01107585308	0.01533502726	0.03893954955	0.04526820062	0.03645318286
4.705128205	1.146153846	1.582801586	2.05333329	1.297277756	5.180994761	4.920131352	0.03144456271	0.01113610501	0.01544871288	0.03935278384	0.04647409519	0.0373778319
4.705128205	1.153846154	1.599697103	2.077850926	1.298902725	5.236298968	4.978879727	0.03177071028	0.01119713036	0.01556352694	0.03976959896	0.04769946525	0.03831710672
4.705128205	1.161538462	1.616723362	2.102593901	1.300527939	5.292031132	5.038168049	0.03209948079	0.01125895135	0.01567949177	0.04019002887	0.04894437582	0.03927105841
4.705128205	1.169230769	1.63388133	2.127563618	1.302153087	5.348194421	5.097999685	0.03243089661	0.01132159039	0.01579662994	0.04061410776	0.05020889219	0.04023973829
4.705128205	1.176923077	1.651171984	2.152761493	1.303777871	5.404792031	5.158378024	0.03276498029	0.01138507019	0.01591496424	0.04104187001	0.05149307992	0.0412231979
4.705128205	1.184615385	1.668596307	2.17818895	1.305401996	5.461827181	5.21930648	0.03310175458	0.01144941367	0.0160345177	0.04147335023	0.05279700484	0.042221489
4.705128205	1.192307692	1.68615529	2.203847423	1.307025181	5.519303115	5.280788491	0.03344124239	0.01151464401	0.0161553136	0.04190858323	0.05412073304	0.04323466358
4.705128205	1.2	1.703849931	2.229738358	1.308647151	5.577223101	5.342827519	0.03378346686	0.01158078463	0.01627737544	0.04234760401	0.05546433089	0.04426277385
4.879487179	0.9	1.161137154	1.44775101	1.246838933	3.800757823	3.469054524	0.02337925369	0.009934069878	0.01285429757	0.02911149621	0.01774658122	0.01527737383
4.879487179	0.9076923077	1.175103212	1.46677502	1.248209523	3.846473012	3.514639244	0.02364761931	0.009984469732	0.01294954555	0.0294486047	0.01840598217	0.01579408003
4.879487179	0.9153846154	1.18917809	1.485994311	1.249597788	3.892544405	3.560691895	0.02391808219	0.01003506502	0.01304535627	0.02978847891	0.01908396444	0.01632467571
4.879487179	0.9230769231	1.203362511	1.505409972	1.251002884	3.938974361	3.607215077	0.02419065865	0.01008586981	0.01314174428	0.03013114502	0.01978058802	0.01686920743
4.879487179	0.9307692308	1.217657202	1.525023095	1.252423993	3.985765268	3.654211415	0.0244653652	0.01013689845	0.01323872433	0.03047662955	0.02049591317	0.01742772195
4.879487179	0.9384615385	1.232062901	1.544834788	1.253860324	4.032919535	3.701683558	0.02474221852	0.0101881655	0.01333631142	0.03082495932	0.02123000042	0.01800026626
4.879487179	0.9461538462	1.246580351	1.564846166	1.255311112	4.080439597	3.74963418	0.02502123548	0.01023968577	0.0134345208	0.03117616146	0.02198291057	0.01858688757
4.879487179	0.9538461538	1.261210303	1.585058355	1.256775616	4.128327915	3.798065979	0.02530243312	0.01029147433	0.01353336795	0.03153026338	0.02275470468	0.01918763331
4.879487179	0.9615384615	1.275953516	1.605472491	1.258253119	4.176586972	3.846981676	0.02558582867	0.01034354649	0.01363286856	0.03188729279	0.02354544407	0.01980255115
4.879487179	0.9692307692	1.290810758	1.62608972	1.259742925	4.225219278	3.896384018	0.02587143954	0.01039591779	0.01373303859	0.03224727772	0.02435519034	0.02043168896
4.879487179	0.9769230769	1.305782802	1.646911197	1.261244363	4.274227367	3.946275774	0.0261592833	0.01044860403	0.01383389422	0.03261024644	0.02518400535	0.02107509486
4.879487179	0.9846153846	1.320870429	1.66793809	1.262756781	4.323613796	3.996659741	0.02644937773	0.01050162124	0.01393545187	0.03297622751	0.02603195124	0.02173281717
4.879487179	0.9923076923	1.336074429	1.689171575	1.264279548	4.373381148	4.047538735	0.02674174076	0.01055498572	0.01403772819	0.03334524978	0.02689909039	0.02240490444
4.879487179	1	1.351395598	1.710612838	1.265812054	4.423532032	4.098915602	0.02703639054	0.01060871398	0.01414074007	0.03371734236	0.02778548548	0.02309140546
4.879487179	1.007692308	1.366834741	1.732263076	1.267353707	4.474069079	4.150793207	0.02733334535	0.0106628228	0.01424450464	0.03409253462	0.02869119943	0.02379236923
4.879487179	1.015384615	1.382392669	1.754123495	1.268903933	4.524994947	4.203174442	0.0276326237	0.01071732921	0.01434903927	0.03447085621	0.02961629543	0.02450784496
4.879487179	1.023076923	1.398070202	1.776195312	1.270462177	4.576312316	4.256062223	0.02793424425	0.01077225045	0.01445436154	0.03485233701	0.03056083695	0.02523788211
4.879487179	1.030769231	1.413868166	1.798479755	1.272027901	4.628023894	4.30945949	0.02823822586	0.01082760404	0.01456048929	0.03523700718	0.03152488773	0.02598253036
4.879487179	1.038461538	1.429787395	1.82097806	1.273600583	4.680132411	4.363369207	0.02854458755	0.01088340773	0.0146674406	0.03562489713	0.03250851175	0.02674183959
4.879487179	1.046153846	1.445828732	1.843691475	1.275179718	4.732640623	4.417794362	0.02885334856	0.01093967952	0.01477523377	0.0360160375	0.03351177329	0.02751585992
4.879487179	1.053846154	1.461993025	1.866621256	1.276764816	4.78555131	4.472737968	0.02916452826	0.01099643763	0.01488388733	0.03641045919	0.03453473686	0.0283046417
4.879487179	1.061538462	1.478281132	1.889768671	1.278355403	4.838867276	4.528203062	0.02947814625	0.01105370057	0.01499342008	0.03680819334	0.03557746728	0.0291082355
4.879487179	1.069230769	1.494693916	1.913134998	1.279951017	4.892591352	4.584192704	0.02979422229	0.01111148705	0.01510385102	0.03720927133	0.0366400296	0.0299266921
4.879487179	1.076923077	1.511232251	1.936721524	1.281551212	4.946726391	4.640709981	0.03011277633	0.01116981606	0.01521519941	0.03761372477	0.03772248915	0.03076006252
4.879487179	1.084615385	1.527897015	1.960529547	1.283155557	5.001275272	4.697758001	0.0304338285	0.01122870681	0.01532748473	0.03802158551	0.03882491154	0.031608398
4.879487179	1.092307692	1.544689096	1.984560374	1.284763632	5.056240899	4.755339898	0.03075739911	0.01128817876	0.01544072669	0.03843288563	0.03994736263	0.03247174999
4.879487179	1.1	1.561609388	2.008815324	1.28637503	5.1116262	4.81345883	0.03108350867	0.01134825162	0.01555494527	0.03884765744	0.04108990854	0.03335017019
4.879487179	1.107692308	1.578658792	2.033295724	1.287989358	5.167434128	4.87211798	0.03141217785	0.01140894534	0.01567016065	0.03926593349	0.04225261569	0.0342437105
4.879487179	1.115384615	1.59583822	2.058002913	1.289606231	5.22366766	4.931320553	0.03174342752	0.01147028012	0.01578639326	0.03968774652	0.04343555073	0.03515242305
4.879487179	1.123076923	1.613148587	2.082938238	1.291225282	5.280329797	4.991069781	0.03207727874	0.01153227641	0.01590366377	0.04011312954	0.0446387806	0.03607636021
4.879487179	1.130769231	1.630590819	2.108103059	1.292846148	5.337423568	5.051368917	0.03241375275	0.01159495488	0.01602199309	0.04054211573	0.04586237249	0.03701557454
4.879487179	1.138461538	1.648165847	2.133498744	1.294468483	5.394952023	5.112221242	0.03275287097	0.01165833647	0.01614140234	0.04097473853	0.04710639387	0.03797011885
4.879487179	1.146153846	1.665874612	2.15912667	1.296091948	5.452918238	5.173630057	0.033094655	0.01172244235	0.0162619129	0.04141103158	0.04837091248	0.03894004617
4.879487179	1.153846154	1.68371806	2.184988228	1.297716215	5.511325315	5.235598692	0.03343912665	0.01178729394	0.01638354639	0.04185102874	0.04965599631	0.03992540976
4.879487179	1.161538462	1.701697147	2.211084815	1.299340966	5.570176377	5.298130497	0.0337863079	0.01185291291	0.01650632465	0.04229476407	0.05096171363	0.04092626307
4.879487179	1.169230769	1.719812835	2.237417841	1.300965893	5.629474576	5.361228848	0.03413622091	0.01191932117	0.01663026975	0.04274227187	0.05228813297	0.04194265982
4.879487179	1.176923077	1.738066093	2.263988724	1.302590697	5.689223087	5.424897146	0.03448888805	0.01198654086	0.01675540403	0.04319358663	0.05363532314	0.04297465392
4.879487179	1.184615385	1.7564579	2.290798894	1.304215087	5.749425107	5.489138814	0.03484433185	0.01205459439	0.01688175002	0.04364874306	0.0550033532	0.04402229952
4.879487179	1.192307692	1.774989239	2.317849789	1.305838783	5.810083862	5.553957302	0.03520257505	0.01212350439	0.01700933053	0.04410777606	0.05639229248	0.04508565099
4.879487179	1.2	1.793661104	2.34514286	1.307461512	5.871202599	5.619356082	0.03556364056	0.01219329377	0.01713816857	0.04457072076	0.05780221059	0.04616476292
5.053846154	0.9	1.217946854	1.517427761	1.245889963	3.986713386	3.636011718	0.02451911751	0.01039908987	0.01346541284	0.03052889102	0.01831014086	0.01579714776
5.053846154	0.9076923077	1.232725756	1.537520597	1.247252756	4.035089264	3.684157527	0.02480343461	0.01045415946	0.01356770104	0.03088591375	0.01899678402	0.01633584236
5.053846154	0.9153846154	1.247618784	1.557818686	1.248633562	4.083838708	3.732795157	0.02508994597	0.01050941514	0.01367056375	0.03124582831	0.01970304407	0.01688919768
5.053846154	0.9230769231	1.262626652	1.578323117	1.250031523	4.132964061	3.781927217	0.02537866773	0.01056487046	0.01377401501	0.03160866095	0.02042898423	0.01745726264
5.053846154	0.9307692308	1.277750083	1.599034991	1.251445812	4.182467687	3.831556345	0.02566961621	0.01062053922	0.01387806912	0.03197443825	0.02117466801	0.01804008638
5.053846154	0.9384615385	1.292989808	1.619955417	1.252875628	4.232351977	3.881685199	0.0259628079	0.01067643547	0.0139827406	0.03234318708	0.02194015918	0.01863771827
5.053846154	0.9461538462	1.308346564	1.641085516	1.254320194	4.282619347	3.932316464	0.02625825948	0.01073257347	0.01408804419	0.03271493465	0.02272552177	0.01925020791
5.053846154	0.9538461538	1.323821097	1.662426418	1.255778762	4.333272236	3.983452847	0.0265559878	0.01078896777	0.01419399491	0.03308970844	0.02353082008	0.01987760511
5.053846154	0.9615384615	1.339414159	1.683979262	1.257250605	4.384313108	4.035097082	0.0268560099	0.01084563313	0.01430060797	0.03346753626	0.02435611868	0.02051995991
5.053846154	0.9692307692	1.355126511	1.7057452	1.258735023	4.435744453	4.087251924	0.027158343	0.01090258457	0.01440789885	0.0338484462	0.02520148241	0.02117732259
5.053846154	0.9769230769	1.370958921	1.727725392	1.260231336	4.487568783	4.139920155	0.02746300449	0.01095983736	0.01451588324	0.03423246662	0.02606697638	0.02184974361
5.053846154	0.9846153846	1.386912164	1.749921009	1.261738886	4.539788637	4.19310458	0.02777001195	0.011017407	0.01462457709	0.0346196262	0.02695266594	0.0225372737
5.053846154	0.9923076923	1.402987023	1.772333231	1.263257038	4.592406579	4.246808028	0.02807938313	0.01107530924	0.01473399657	0.03500995386	0.02785861673	0.0232399638
5.053846154	1	1.419184289	1.79496325	1.264785175	4.645425195	4.301033352	0.02839113598	0.01113356007	0.01484415809	0.03540347881	0.02878489467	0.02395786505
5.053846154	1.007692308	1.43550476	1.817812266	1.266322702	4.698847099	4.355783431	0.0287052886	0.01119217575	0.01495507829	0.03580023053	0.02973156591	0.02469102885
5.053846154	1.015384615	1.451949241	1.84088149	1.26786904	4.752674926	4.411061166	0.02902185931	0.01125117274	0.01506677407	0.03620023877	0.03069869689	0.0254395068
5.053846154	1.023076923	1.468518546	1.864172144	1.269423631	4.806911339	4.466869483	0.02934086659	0.01131056779	0.01517926253	0.03660353352	0.03168635433	0.02620335073
5.053846154	1.030769231	1.485213494	1.887685458	1.270985933	4.861559024	4.523211333	0.02966232909	0.01137037787	0.01529256103	0.03701014506	0.03269460518	0.02698261269
5.053846154	1.038461538	1.502034915	1.911422675	1.272555422	4.916620691	4.58008969	0.02998626566	0.01143062019	0.01540668716	0.03742010388	0.03372351669	0.02777734496
5.053846154	1.046153846	1.518983644	1.935385046	1.27413159	4.972099077	4.637507554	0.03031269533	0.01149131222	0.01552165875	0.03783344077	0.03477315635	0.02858760004
5.053846154	1.053846154	1.536060525	1.959573832	1.275713945	5.02799694	4.695467947	0.03064163731	0.01155247167	0.01563749385	0.03825018672	0.03584359195	0.02941343065
5.053846154	1.061538462	1.553266407	1.983990305	1.277302011	5.084317067	4.753973917	0.03097311098	0.01161411648	0.01575421078	0.038670373	0.03693489151	0.03025488975
5.053846154	1.069230769	1.57060215	2.008635747	1.278895325	5.141062267	4.813028534	0.03130713594	0.01167626486	0.01587182805	0.03909403109	0.03804712335	0.0311120305
5.053846154	1.076923077	1.588068618	2.03351145	1.280493441	5.198235373	4.872634896	0.03164373192	0.01173893525	0.01599036445	0.03952119274	0.03918035603	0.03198490631
5.053846154	1.084615385	1.605666687	2.058618716	1.282095925	5.255839245	4.932796121	0.03198291888	0.01180214633	0.01610983898	0.03995188991	0.04033465839	0.03287357078
5.053846154	1.092307692	1.623397236	2.083958857	1.283702357	5.313876766	4.993515354	0.03232471693	0.01186591704	0.01623027087	0.0403861548	0.04151009954	0.03377807777
5.053846154	1.1	1.641261153	2.109533196	1.285312329	5.372350844	5.054795764	0.03266914639	0.01193026654	0.01635167961	0.04082401984	0.04270674884	0.03469848134
5.053846154	1.107692308	1.659259336	2.135343064	1.286925448	5.431264412	5.116640543	0.03301622774	0.01199521426	0.01647408491	0.04126551769	0.04392467594	0.03563483577
5.053846154	1.115384615	1.677392686	2.161389805	1.288541331	5.490620427	5.179052907	0.03336598167	0.01206077986	0.01659750673	0.04171068124	0.04516395075	0.03658719559
5.053846154	1.123076923	1.695662116	2.18767477	1.290159607	5.550421872	5.242036098	0.03371842903	0.01212698326	0.01672196524	0.04215954359	0.04642464343	0.03755561553
5.053846154	1.130769231	1.714068544	2.214199323	1.291779918	5.610671753	5.305593382	0.03407359086	0.0121938446	0.01684748087	0.04261213806	0.04770682443	0.03854015055
5.053846154	1.138461538	1.732612896	2.240964837	1.293401915	5.671373101	5.369728047	0.03443148841	0.01226138429	0.01697407427	0.04306849821	0.04901056444	0.03954085583
5.053846154	1.146153846	1.751296106	2.267972694	1.29502526	5.732528972	5.434443408	0.03479214307	0.01232962296	0.01710176635	0.04352865781	0.05033593445	0.04055778679
5.053846154	1.153846154	1.770119114	2.295224288	1.296649626	5.794142448	5.499742801	0.03515557647	0.0123985815	0.01723057822	0.04399265082	0.05168300569	0.04159099906
5.053846154	1.161538462	1.78908287	2.322721021	1.298274697	5.856216633	5.565629591	0.03552181037	0.01246828105	0.01736053127	0.04446051145	0.05305184968	0.04264054848
5.053846154	1.169230769	1.808188329	2.350464306	1.299900165	5.918754658	5.632107162	0.03589086676	0.01253874298	0.01749164708	0.04493227409	0.05444253817	0.04370649115
5.053846154	1.176923077	1.827436456	2.378455568	1.301525731	5.981759677	5.699178926	0.03626276779	0.01260998891	0.01762394749	0.04540797337	0.05585514322	0.04478888337
5.053846154	1.184615385	1.846828221	2.40669624	1.303151107	6.045234869	5.766848317	0.03663753582	0.01268204071	0.01775745459	0.04588764411	0.05728973713	0.04588778165
5.053846154	1.192307692	1.866364604	2.435187764	1.304776012	6.109183438	5.835118794	0.03701519337	0.01275492049	0.01789219067	0.04637132135	0.05874639247	0.04700324276
5.053846154	1.2	1.88604659	2.463931596	1.306400175	6.173608613	5.903993841	0.03739576317	0.0128286506	0.01802817829	0.04685904031	0.06022518209	0.04813532366
5.228205128	0.9	1.276204605	1.588902394	1.245021674	4.177408864	3.80727694	0.02568821733	0.0108769617	0.01409296243	0.03198271977	0.01889357853	0.01633438155
5.228205128	0.9076923077	1.291821211	1.610096782	1.246377416	4.2285268	3.858062254	0.02598898744	0.01093692164	0.01420257299	0.03236028506	0.01960825695	0.01689571837
5.228205128	0.9153846154	1.307557458	1.631506813	1.247751526	4.28003636	3.909364282	0.02629205309	0.01099706022	0.01431277222	0.03274087386	0.02034363409	0.01747252169
5.228205128	0.9230769231	1.323414055	1.653133578	1.249143132	4.331939864	3.961185643	0.02659743021	0.01105739045	0.01442357368	0.0331245125	0.02109977642	0.01806484282
5.228205128	0.9307692308	1.33939172	1.674978183	1.250551395	4.384239658	4.013528985	0.02690513493	0.0111179256	0.01453499118	0.03351122761	0.02187675068	0.01867273328
5.228205128	0.9384615385	1.355491176	1.697041742	1.2519755	4.436938112	4.066396977	0.02721518357	0.01117867918	0.01464703876	0.03390104615	0.02267462388	0.01929624482
5.228205128	0.9461538462	1.371713155	1.719325379	1.253414661	4.490037623	4.119792314	0.0275275926	0.01123966493	0.0147597307	0.03429399542	0.0234934633	0.01993542943
5.228205128	0.9538461538	1.388058396	1.74183023	1.25486812	4.543540608	4.173717715	0.02784237869	0.01130089686	0.01487308153	0.03469010298	0.02433333648	0.02059033928
5.228205128	0.9615384615	1.404527647	1.764557438	1.25633514	4.597449513	4.228175922	0.0281595587	0.0113623892	0.01498710597	0.03508939675	0.02519431123	0.02126102682
5.228205128	0.9692307692	1.42112166	1.787508159	1.257815012	4.651766806	4.283169702	0.02847914963	0.01142415643	0.01510181904	0.03549190489	0.02607645561	0.02194754468
5.228205128	0.9769230769	1.437841199	1.810683557	1.259307049	4.706494981	4.338701848	0.0288011687	0.0114862133	0.01521723593	0.0358976559	0.02697983798	0.02264994573
5.228205128	0.9846153846	1.454687032	1.834084808	1.260810585	4.761636557	4.394775174	0.02912563331	0.01154857476	0.01533337212	0.03630667853	0.02790452695	0.02336828307
5.228205128	0.9923076923	1.471659937	1.857713096	1.262324977	4.817194076	4.45139252	0.029452561	0.01161125605	0.0154502433	0.03671900184	0.02885059139	0.02410261001
5.228205128	1	1.488760697	1.881569617	1.263849604	4.873170106	4.50855675	0.02978196954	0.01167427262	0.0155678654	0.03713465515	0.02981810044	0.0248529801
5.228205128	1.007692308	1.505990105	1.905655576	1.265383863	4.929567238	4.566270753	0.03011387686	0.01173764018	0.01568625458	0.03755366805	0.03080712351	0.02561944709
5.228205128	1.015384615	1.52334896	1.929972189	1.266927172	4.986388091	4.62453744	0.03044830106	0.01180137469	0.01580542725	0.0379760704	0.03181773029	0.02640206498
5.228205128	1.023076923	1.540838069	1.954520681	1.268478966	5.043635306	4.683359749	0.03078526043	0.01186549234	0.01592540005	0.03840189234	0.0328499907	0.02720088798
5.228205128	1.030769231	1.558458246	1.979302287	1.270038702	5.101311548	4.74274064	0.03112477346	0.01193000957	0.01604618984	0.03883116424	0.03390397497	0.02801597051
5.228205128	1.038461538	1.576210314	2.004318255	1.271605849	5.159419509	4.802683099	0.03146685879	0.01199494307	0.01616781374	0.03926391675	0.03497975358	0.02884736725
5.228205128	1.046153846	1.594095103	2.029569839	1.273179897	5.217961904	4.863190134	0.03181153527	0.01206030978	0.0162902891	0.03970018076	0.03607739725	0.02969513307
5.228205128	1.053846154	1.612113449	2.055058305	1.274760351	5.276941473	4.92426478	0.03215882191	0.01212612686	0.0164136335	0.04013998742	0.03719697702	0.03055932308
5.228205128	1.061538462	1.630266196	2.080784931	1.276346731	5.336360981	4.985910094	0.03250873791	0.01219241173	0.01653786475	0.04058336811	0.03833856415	0.03143999261
5.228205128	1.069230769	1.648554199	2.106751001	1.277938573	5.396223217	5.048129158	0.03286130266	0.01225918207	0.01666300092	0.04103035445	0.03950223018	0.0323371972
5.228205128	1.076923077	1.666978315	2.132957812	1.279535428	5.456530997	5.110925078	0.03321653573	0.01232645577	0.01678906028	0.04148097832	0.04068804694	0.03325099265
5.228205128	1.084615385	1.685539412	2.15940667	1.281136861	5.517287157	5.174300984	0.03357445687	0.012394251	0.01691606137	0.04193527182	0.04189608649	0.03418143495
5.228205128	1.092307692	1.704238365	2.186098893	1.282742448	5.578494563	5.238260033	0.03393508601	0.01246258615	0.01704402294	0.04239326729	0.04312642119	0.03512858032
5.228205128	1.1	1.723076057	2.213035807	1.284351784	5.640156101	5.302805401	0.03429844326	0.01253147987	0.01717296401	0.04285499729	0.04437912365	0.03609248521
5.228205128	1.107692308	1.742053376	2.240218748	1.285964471	5.702274686	5.367940292	0.03466454894	0.01260095104	0.01730290379	0.04332049462	0.04565426673	0.03707320629
5.228205128	1.115384615	1.761171221	2.267649064	1.287580126	5.764853253	5.433667935	0.03503342351	0.01267101879	0.01743386176	0.04378979229	0.0469519236	0.03807080046
5.228205128	1.123076923	1.780430497	2.295328111	1.289198379	5.827894765	5.499991579	0.03540508766	0.0127417025	0.01756585763	0.04426292356	0.04827216766	0.03908532484
5.228205128	1.130769231	1.799832115	2.323257256	1.290818869	5.891402209	5.566914501	0.03577956223	0.01281302179	0.01769891134	0.04473992189	0.04961507259	0.04011683676
5.228205128	1.138461538	1.819376996	2.351437877	1.292441249	5.955378596	5.634440001	0.03615686826	0.01288499653	0.01783304306	0.04522082097	0.05098071234	0.04116539381
5.228205128	1.146153846	1.839066068	2.379871361	1.294065179	6.019826962	5.702571403	0.03653702697	0.01295764683	0.01796827321	0.04570565468	0.05236916112	0.04223105376
5.228205128	1.153846154	1.858900265	2.408559105	1.295690334	6.084750368	5.771312056	0.03692005977	0.01303099304	0.01810462244	0.04619445716	0.05378049341	0.04331387462
5.228205128	1.161538462	1.878880529	2.437502518	1.297316396	6.150151899	5.840665332	0.03730598825	0.01310505576	0.01824211163	0.04668726273	0.05521478396	0.04441391465
5.228205128	1.169230769	1.899007812	2.466703015	1.298943058	6.216034666	5.910634628	0.03769483419	0.01317985583	0.01838076191	0.04718410594	0.05667210778	0.04553123229
5.228205128	1.176923077	1.919283071	2.496162026	1.300570022	6.282401801	5.981223365	0.03808661956	0.01325541435	0.01852059464	0.04768502153	0.05815254015	0.04666588623
5.228205128	1.184615385	1.93970727	2.525880988	1.302197	6.349256466	6.052434988	0.03848136651	0.01333175265	0.0186616314	0.04819004447	0.05965615662	0.04781793538
5.228205128	1.192307692	1.960281383	2.555861349	1.303823712	6.416601844	6.124272967	0.03887909736	0.0134088923	0.01880389403	0.04869920992	0.06118303301	0.04898743887
5.228205128	1.2	1.981006389	2.586104568	1.305449887	6.484441142	6.196740796	0.03927983465	0.01348685513	0.0189474046	0.04921255327	0.06273324538	0.05017445606
5.402564103	0.9	1.335910408	1.662174908	1.244226333	4.372844256	3.982850188	0.02688655285	0.01136768535	0.01473694637	0.03347297922	0.01949689423	0.01688907521
5.402564103	0.9076923077	1.352389575	1.684503576	1.245575688	4.426785622	4.036353425	0.02720427753	0.01143275628	0.01485416141	0.03387171534	0.02024040096	0.01747370805
5.402564103	0.9153846154	1.368994111	1.707058692	1.24694378	4.48113736	4.09039927	0.02752440326	0.01149800026	0.01497198168	0.03427361221	0.02100573451	0.01807464775
5.402564103	0.9230769231	1.38572472	1.729841354	1.248329721	4.535901771	4.144990354	0.02784694582	0.01156342979	0.01509042026	0.03467869624	0.02179296459	0.01869194798
5.402564103	0.9307692308	1.402582112	1.752852671	1.249732658	4.59108118	4.200129335	0.02817192112	0.01162905759	0.01520949049	0.03508699415	0.02260216118	0.01932566266
5.402564103	0.9384615385	1.419567004	1.776093762	1.251151765	4.64667794	4.255818892	0.0284993453	0.01169489664	0.01532920591	0.035498533	0.02343339454	0.01997584592
5.402564103	0.9461538462	1.436680123	1.799565756	1.252586242	4.702694423	4.312061731	0.02882923463	0.01176096016	0.01544958034	0.03591334016	0.02428673518	0.02064255211
5.402564103	0.9538461538	1.453922201	1.823269792	1.25403532	4.75913303	4.368860581	0.0291616056	0.01182726161	0.01557062781	0.03633144333	0.02516225388	0.02132583583
5.402564103	0.9615384615	1.47129398	1.847207019	1.255498251	4.815996186	4.426218196	0.02949647486	0.0118938147	0.01569236258	0.0367528705	0.0260600217	0.02202575186
5.402564103	0.9692307692	1.488796206	1.871378595	1.256974318	4.873286339	4.484137352	0.02983385925	0.01196063337	0.01581479916	0.03717764997	0.02698010993	0.02274235524
5.402564103	0.9769230769	1.506429637	1.895785691	1.258462821	4.931005962	4.542620852	0.03017377578	0.01202773184	0.0159379523	0.03760581035	0.02792259018	0.02347570121
5.402564103	0.9846153846	1.524195035	1.920429486	1.25996309	4.989157554	4.601671521	0.03051624166	0.01209512454	0.01606183697	0.03803738052	0.02888753428	0.02422584526
5.402564103	0.9923076923	1.54209317	1.945311168	1.261474472	5.047743639	4.661292211	0.03086127426	0.01216282616	0.01618646839	0.03847238965	0.02987501436	0.02499284308
5.402564103	1	1.560124822	1.970431938	1.262996339	5.106766763	4.721485795	0.03120889113	0.01223085162	0.01631186201	0.0389108672	0.0308851028	0.0257767506
5.402564103	1.007692308	1.578290776	1.995793006	1.264528081	5.166229498	4.782255172	0.03155911002	0.01229921611	0.01643803352	0.0393528429	0.03191787224	0.02657762395
5.402564103	1.015384615	1.596591825	2.021395591	1.26606911	5.226134442	4.843603265	0.03191194886	0.01236793504	0.01656499883	0.03979834673	0.0329733956	0.02739551951
5.402564103	1.023076923	1.615028771	2.047240924	1.267618856	5.286484216	4.905533021	0.03226742573	0.01243702409	0.0166927741	0.04024740897	0.03405174608	0.02823049387
5.402564103	1.030769231	1.633602421	2.073330243	1.269176769	5.347281466	4.968047411	0.03262555893	0.01250649915	0.01682137573	0.04070006014	0.03515299711	0.02908260384
5.402564103	1.038461538	1.652313592	2.0996648	1.270742316	5.408528864	5.031149432	0.03298636693	0.01257637638	0.01695082036	0.04115633103	0.03627722242	0.02995190647
5.402564103	1.046153846	1.671163107	2.126245855	1.27231498	5.470229104	5.094842102	0.03334986836	0.01264667218	0.01708112484	0.04161625267	0.03742449599	0.03083845903
5.402564103	1.053846154	1.690151797	2.153074678	1.273894263	5.532384906	5.159128467	0.03371608207	0.0127174032	0.01721230627	0.04207985636	0.03859489207	0.03174231899
5.402564103	1.061538462	1.7092805	2.180152549	1.275479682	5.594999016	5.224011593	0.03408502705	0.01278858632	0.01734438201	0.04254717361	0.03978848518	0.03266354407
5.402564103	1.069230769	1.728550063	2.207480759	1.277070769	5.658074203	5.289494574	0.03445672251	0.01286023867	0.01747736961	0.04301823622	0.0410053501	0.0336021922
5.402564103	1.076923077	1.74796134	2.23506061	1.278667073	5.721613261	5.355580526	0.03483118783	0.01293237763	0.01761128689	0.0434930762	0.04224556189	0.03455832154
5.402564103	1.084615385	1.767515191	2.26289341	1.280268154	5.785619009	5.422272591	0.03520844255	0.01300502082	0.0177461519	0.04397172581	0.04350919586	0.03553199049
5.402564103	1.092307692	1.787212485	2.290980483	1.281873589	5.85009429	5.489573932	0.03558850644	0.01307818611	0.01788198291	0.04445421752	0.0447963276	0.03652325763
5.402564103	1.1	1.807054098	2.319323158	1.283482968	5.915041972	5.557487741	0.0359713994	0.01315189161	0.01801879845	0.04494058407	0.04610703296	0.0375321818
5.402564103	1.107692308	1.827040914	2.347922776	1.285095894	5.980464948	5.626017229	0.03635714155	0.01322615567	0.01815661727	0.04543085839	0.04744138806	0.03855882205
5.402564103	1.115384615	1.847173825	2.37678069	1.28671198	6.046366136	5.695165635	0.03674575319	0.0133009969	0.01829545837	0.04592507367	0.04879946928	0.03960323766
5.402564103	1.123076923	1.867453728	2.405898259	1.288330855	6.112748477	5.764936222	0.03713725478	0.01337643413	0.01843534095	0.04642326329	0.05018135328	0.04066548813
5.402564103	1.130769231	1.887881531	2.435276857	1.289952159	6.179614937	5.835332275	0.037531667	0.01345248645	0.0185762845	0.04692546089	0.05158711698	0.04174563319
5.402564103	1.138461538	1.908458147	2.464917863	1.291575541	6.246968509	5.906357104	0.03792901068	0.0135291732	0.0187183087	0.04743170029	0.05301683757	0.04284373278
5.402564103	1.146153846	1.929184498	2.494822671	1.293200662	6.314812209	5.978014045	0.03832930685	0.01360651396	0.01886143348	0.04794201555	0.05447059249	0.04395984707
5.402564103	1.153846154	1.950061512	2.524992681	1.294827197	6.383149076	6.050306455	0.03873257673	0.01368452855	0.01900567903	0.04845644094	0.05594845947	0.04509403646
5.402564103	1.161538462	1.971090127	2.555429306	1.296454826	6.451982176	6.12323772	0.03913884172	0.01376323703	0.01915106574	0.04897501094	0.05745051649	0.04624636156
5.402564103	1.169230769	1.992271285	2.586133968	1.298083242	6.5213146	6.196811245	0.03954812339	0.01384265973	0.01929761426	0.04949776024	0.05897684181	0.04741688322
5.402564103	1.176923077	2.013605939	2.617108098	1.299712147	6.591149461	6.271030462	0.03996044353	0.01392281718	0.01944534547	0.05002472375	0.06052751395	0.04860566251
5.402564103	1.184615385	2.035095047	2.64835314	1.301341254	6.661489899	6.345898827	0.04037582408	0.0140037302	0.01959428047	0.05055593659	0.06210261169	0.04981276072
5.402564103	1.192307692	2.056739576	2.679870544	1.302970281	6.732339078	6.421419821	0.04079428719	0.01408541983	0.01974444062	0.05109143406	0.06370221409	0.05103823935
5.402564103	1.2	2.078540501	2.711661774	1.304598959	6.803700187	6.497596947	0.04121585518	0.01416790735	0.0198958475	0.05163125168	0.06532640047	0.05228216014
5.576923077	0.9	1.397064261	1.737245305	1.243497063	4.573019563	4.162731464	0.02811412381	0.01187126083	0.01539736463	0.03499966653	0.02012008797	0.01746122875
5.576923077	0.9076923077	1.414430849	1.760740977	1.244840622	4.629865729	4.21903104	0.02844930461	0.01194166337	0.01552246629	0.03542020169	0.02089321605	0.01806981141
5.576923077	0.9153846154	1.431928745	1.784474323	1.246203296	4.687141708	4.275900122	0.02878699627	0.01201223527	0.01564819213	0.03584404042	0.02168934532	0.01869557584
5.576923077	0.9230769231	1.449558647	1.808446444	1.247584185	4.744849781	4.333341351	0.02912721434	0.01208298848	0.01577455477	0.0362712092	0.02250854874	0.01933857811
5.576923077	0.9307692308	1.467321259	1.832658455	1.248982419	4.802992255	4.391357394	0.02946997457	0.01215393519	0.01590156705	0.03670173485	0.02335089952	0.01999887451
5.576923077	0.9384615385	1.485217293	1.857111478	1.250397155	4.861571459	4.449950944	0.02981529288	0.01222508785	0.01602924206	0.03713564453	0.02421647116	0.02067652155
5.576923077	0.9461538462	1.503247468	1.881806647	1.251827585	4.920589749	4.509124715	0.03016318538	0.01229645915	0.0161575931	0.03757296573	0.02510533741	0.02137157598
5.576923077	0.9538461538	1.521412512	1.906745105	1.253272922	4.980049504	4.568881447	0.03051366835	0.01236806201	0.01628663375	0.03801372626	0.02601757229	0.02208409474
5.576923077	0.9615384615	1.539713158	1.931928004	1.254732412	5.039953128	4.629223903	0.03086675825	0.01243990962	0.01641637778	0.03845795424	0.02695325009	0.02281413504
5.576923077	0.9692307692	1.558150149	1.95735651	1.256205323	5.100303051	4.690154872	0.03122247173	0.01251201539	0.01654683922	0.03890567811	0.02791244537	0.02356175427
5.576923077	0.9769230769	1.576724234	1.983031795	1.257690947	5.161101725	4.751677167	0.03158082561	0.01258439299	0.01667803234	0.03935692658	0.02889523296	0.02432701007
5.576923077	0.9846153846	1.595436171	2.008955043	1.259188603	5.22235163	4.813793623	0.03194183691	0.01265705633	0.01680997164	0.03981172868	0.02990168793	0.02510996029
5.576923077	0.9923076923	1.614286724	2.035127449	1.260697631	5.284055268	4.876507101	0.03230552281	0.01273001956	0.01694267184	0.04027011374	0.03093188565	0.02591066302
5.576923077	1	1.633276665	2.061550215	1.262217394	5.346215166	4.939820486	0.03267190067	0.01280329708	0.01707614792	0.04073211134	0.03198590174	0.02672917655
5.576923077	1.007692308	1.652406774	2.088224557	1.263747274	5.408833877	5.003736688	0.03304098805	0.01287690353	0.01721041509	0.04119775136	0.03306381209	0.02756555942
5.576923077	1.015384615	1.671677838	2.115151698	1.265286678	5.471913978	5.068258639	0.03341280268	0.01295085381	0.01734548879	0.04166706396	0.03416569285	0.02841987038
5.576923077	1.023076923	1.691090653	2.142332873	1.266835027	5.53545807	5.133389298	0.03378736247	0.01302516303	0.01748138469	0.04214007954	0.03529162046	0.0292921684
5.576923077	1.030769231	1.710646019	2.169769325	1.268391766	5.599468779	5.199131646	0.03416468552	0.01309984659	0.01761811871	0.04261682879	0.0364416716	0.03018251267
5.576923077	1.038461538	1.730344748	2.197462311	1.269956356	5.663948756	5.265488689	0.03454479009	0.0131749201	0.017755707	0.04309734266	0.03761592322	0.03109096262
5.576923077	1.046153846	1.750187656	2.225413094	1.271528276	5.728900677	5.332463458	0.03492769466	0.01325039943	0.01789416595	0.04358165233	0.03881445256	0.0320175779
5.576923077	1.053846154	1.770175568	2.253622948	1.273107023	5.794327241	5.400059007	0.03531341785	0.01332630069	0.01803351217	0.04406978926	0.0400373371	0.03296241837
5.576923077	1.061538462	1.790309318	2.28209316	1.274692109	5.860231174	5.468278414	0.03570197849	0.01340264024	0.01817376254	0.04456178515	0.04128465461	0.03392554413
5.576923077	1.069230769	1.810589744	2.310825023	1.276283063	5.926615225	5.537124784	0.03609339559	0.01347943466	0.01831493413	0.04505767194	0.0425564831	0.03490701549
5.576923077	1.076923077	1.831017694	2.339819843	1.277879428	5.993482167	5.606601242	0.03648768832	0.01355670082	0.01845704429	0.0455574818	0.04385290087	0.03590689299
5.576923077	1.084615385	1.851594023	2.369078936	1.279480764	6.0608348	5.67671094	0.03688487606	0.01363445579	0.01860011057	0.04606124717	0.04517398648	0.0369252374
5.576923077	1.092307692	1.872319594	2.398603625	1.281086644	6.128675947	5.747457054	0.03728497836	0.01371271691	0.01874415078	0.04656900069	0.04651981875	0.0379621097
5.576923077	1.1	1.893195277	2.428395248	1.282696654	6.197008457	5.818842783	0.03768801496	0.01379150176	0.01888918295	0.04708077526	0.04789047677	0.03901757111
5.576923077	1.107692308	1.91422195	2.458455148	1.284310395	6.2658352	5.890871353	0.03809400577	0.01387082817	0.01903522537	0.04759660398	0.04928603991	0.04009168305
5.576923077	1.115384615	1.935400497	2.488784682	1.28592748	6.335159076	5.96354601	0.0385029709	0.01395071419	0.01918229654	0.04811652021	0.05070658779	0.04118450719
5.576923077	1.123076923	1.956731811	2.519385216	1.287547533	6.404983007	6.036870027	0.03891493062	0.01403117814	0.0193304152	0.0486405575	0.0521522003	0.04229610541
5.576923077	1.130769231	1.978216792	2.550258126	1.289170194	6.475309937	6.110846702	0.03932990541	0.01411223858	0.01947960035	0.04916874965	0.0536229576	0.04342653982
5.576923077	1.138461538	1.999856349	2.581404796	1.29079511	6.54614284	6.185479355	0.03974791592	0.0141939143	0.01962987119	0.04970113065	0.05511894012	0.04457587274
5.576923077	1.146153846	2.021651397	2.612826624	1.292421942	6.617484711	6.260771331	0.04016898298	0.01427622436	0.01978124718	0.05023773474	0.05664022855	0.04574416672
5.576923077	1.153846154	2.043602857	2.644525016	1.294050361	6.68933857	6.336726	0.04059312763	0.01435918804	0.01993374801	0.05077859634	0.05818690385	0.04693148455
5.576923077	1.161538462	2.065711662	2.676501387	1.295680049	6.761707463	6.413346755	0.04102037105	0.01444282488	0.0200873936	0.05132375011	0.05975904725	0.04813788922
5.576923077	1.169230769	2.087978747	2.708757164	1.297310697	6.83459446	6.490637013	0.04145073465	0.01452715466	0.02024220413	0.05187323091	0.06135674025	0.04936344396
5.576923077	1.176923077	2.11040506	2.741293784	1.298942007	6.908002656	6.568600218	0.04188423999	0.01461219739	0.02039819997	0.05242707381	0.06298006459	0.05060821222
5.576923077	1.184615385	2.132991552	2.774112693	1.30057369	6.981935168	6.647239835	0.04232090884	0.01469797336	0.02055540178	0.05298531408	0.06462910232	0.05187225766
5.576923077	1.192307692	2.155739185	2.807215348	1.302205465	7.056395143	6.726559355	0.04276076315	0.01478450306	0.02071383042	0.05354798721	0.06630393572	0.05315564417
5.576923077	1.2	2.178648926	2.840603216	1.303837063	7.131385747	6.806562293	0.04320382504	0.01487180727	0.02087350699	0.05411512888	0.06800464736	0.05445843589
5.751282051	0.9	1.459666165	1.814113583	1.242827728	4.777934786	4.346920767	0.02937092998	0.01238768814	0.01607421722	0.03656277918	0.02076315974	0.01805084215
5.751282051	0.9076923077	1.477945033	1.838808986	1.244166018	4.837767121	4.4060951	0.02972406849	0.01246364292	0.01620748763	0.0370057416	0.02156670222	0.01868402843
5.751282051	0.9153846154	1.49636136	1.863753706	1.245523813	4.898049404	4.465866837	0.03007983191	0.01253976524	0.01634140358	0.03745215593	0.02239446653	0.01933530597
5.751282051	0.9230769231	1.514915837	1.88894885	1.246900194	4.958783895	4.526238633	0.03043823559	0.01261606651	0.0164759772	0.03790204877	0.02324652887	0.02000473321
5.751282051	0.9307692308	1.533609163	1.914395536	1.248294274	5.019972881	4.587213164	0.03079929511	0.01269255839	0.01661122087	0.03835544705	0.02412296569	0.02069236883
5.751282051	0.9384615385	1.552442043	1.94009489	1.249705198	5.081618671	4.648793133	0.03116302618	0.01276925281	0.01674714719	0.03881237805	0.02502385372	0.02139827173
5.751282051	0.9461538462	1.571415191	1.966048052	1.251132141	5.1437236	4.710981265	0.03152944472	0.0128461619	0.01688376899	0.03927286938	0.02594926997	0.02212250101
5.751282051	0.9538461538	1.590529327	1.992256167	1.252574305	5.206290028	4.773780311	0.03189856682	0.01292329808	0.01702109935	0.03973694899	0.02689929169	0.02286511603
5.751282051	0.9615384615	1.609785181	2.018720395	1.254030922	5.269320339	4.837193045	0.03227040875	0.01300067398	0.01715915158	0.04020464513	0.02787399642	0.02362617635
5.751282051	0.9692307692	1.629183487	2.045441903	1.255501249	5.332816942	4.901222264	0.03264498697	0.01307830249	0.01729793922	0.04067598638	0.02887346194	0.02440574176
5.751282051	0.9769230769	1.64872499	2.072421869	1.256984567	5.396782271	4.965870793	0.03302231812	0.01315619675	0.01743747606	0.04115100161	0.02989776632	0.02520387228
5.751282051	0.9846153846	1.66841044	2.099661481	1.258480186	5.461218784	5.031141478	0.033402419	0.01323437013	0.01757777612	0.04162971999	0.03094698789	0.02602062814
5.751282051	0.9923076923	1.688240597	2.127161937	1.259987434	5.526128963	5.09703719	0.03378530661	0.01331283626	0.01771885365	0.04211217101	0.03202120526	0.02685606981
5.751282051	1	1.708216225	2.154924447	1.261505666	5.591515317	5.163560824	0.03417099814	0.01339160899	0.01786072313	0.04259838441	0.03312049727	0.02771025796
5.751282051	1.007692308	1.728338098	2.182950228	1.263034258	5.657380376	5.230715301	0.03455951093	0.01347070245	0.01800339931	0.04308839023	0.03424494306	0.02858325352
5.751282051	1.015384615	1.748606998	2.211240508	1.264572606	5.7237267	5.298503564	0.03495086254	0.01355013098	0.01814689714	0.04358221879	0.03539462203	0.0294751176
5.751282051	1.023076923	1.769023714	2.239796528	1.266120126	5.790556867	5.366928581	0.03534507068	0.01362990919	0.01829123181	0.04407990068	0.03656961384	0.03038591156
5.751282051	1.030769231	1.789589041	2.268619534	1.267676256	5.857873486	5.435993345	0.03574215325	0.01371005191	0.01843641876	0.04458146675	0.03776999843	0.031315697
5.751282051	1.038461538	1.810303783	2.297710787	1.26924045	5.925679186	5.505700871	0.03614212835	0.01379057425	0.01858247367	0.04508694811	0.03899585598	0.0322645357
5.751282051	1.046153846	1.831168751	2.327071555	1.270812181	5.993976623	5.576054202	0.03654501424	0.01387149154	0.01872941244	0.04559637614	0.04024726697	0.03323248969
5.751282051	1.053846154	1.852184764	2.356703117	1.272390942	6.062768478	5.647056401	0.03695082936	0.01395281934	0.0188772512	0.04610978247	0.04152431212	0.03421962123
5.751282051	1.061538462	1.873352649	2.386606763	1.273976239	6.132057454	5.718710558	0.03735959235	0.01403457349	0.01902600635	0.04662719896	0.04282707244	0.03522599279
5.751282051	1.069230769	1.89467324	2.416783792	1.275567597	6.201846281	5.791019786	0.03777132203	0.01411677005	0.01917569449	0.04714865775	0.04415562919	0.03625166707
5.751282051	1.076923077	1.916147377	2.447235513	1.277164556	6.272137714	5.863987224	0.03818603737	0.01419942534	0.01932633247	0.0476741912	0.04551006389	0.03729670699
5.751282051	1.084615385	1.937775909	2.477963246	1.27876667	6.342934531	5.937616032	0.03860375758	0.0142825559	0.01947793738	0.0482038319	0.04689045836	0.03836117569
5.751282051	1.092307692	1.959559694	2.508968321	1.280373509	6.414239535	6.011909397	0.039024502	0.01436617855	0.01963052654	0.0487376127	0.04829689465	0.03944513654
5.751282051	1.1	1.981499594	2.540252077	1.281984657	6.486055554	6.086870529	0.03944829018	0.01445031033	0.0197841175	0.04927556666	0.0497294551	0.04054865314
5.751282051	1.107692308	2.003596482	2.571815864	1.28359971	6.558385442	6.162502663	0.03987514184	0.01453496852	0.01993872808	0.04981772709	0.0511882223	0.0416717893
5.751282051	1.115384615	2.025851237	2.603661042	1.28521828	6.631232075	6.238809058	0.0403050769	0.01462017066	0.02009437628	0.05036412752	0.05267327913	0.04281460906
5.751282051	1.123076923	2.048264744	2.635788982	1.286839989	6.704598355	6.315792996	0.04073811545	0.01470593454	0.02025108038	0.05091480168	0.05418470871	0.04397717668
5.751282051	1.130769231	2.070837899	2.668201063	1.288464473	6.778487209	6.393457784	0.04117427776	0.01479227817	0.02040885889	0.05146978356	0.05572259444	0.04515955666
5.751282051	1.138461538	2.093571602	2.700898676	1.290091379	6.852901589	6.471806755	0.0416135843	0.01487921983	0.02056773053	0.05202910734	0.05728702	0.0463618137
5.751282051	1.146153846	2.116466763	2.73388322	1.291720365	6.927844469	6.550843263	0.0420560557	0.01496677802	0.02072771428	0.05259280743	0.05887806931	0.04758401273
5.751282051	1.153846154	2.139524299	2.767156108	1.293351101	7.003318852	6.630570689	0.0425017128	0.01505497151	0.02088882936	0.05316091845	0.06049582657	0.04882621892
5.751282051	1.161538462	2.162745134	2.800718759	1.294983267	7.079327761	6.710992436	0.04295057661	0.0151438193	0.02105109521	0.05373347522	0.06214037626	0.05008849764
5.751282051	1.169230769	2.186130199	2.834572604	1.296616554	7.155874247	6.792111933	0.04340266833	0.01523334063	0.0212145315	0.0543105128	0.0638118031	0.05137091451
5.751282051	1.176923077	2.209680434	2.868719084	1.298250661	7.232961385	6.873932633	0.04385800934	0.01532355499	0.02137915816	0.05489206643	0.0655101921	0.05267353534
5.751282051	1.184615385	2.233396785	2.90315965	1.2998853	7.310592273	6.956458012	0.04431662119	0.01541448213	0.02154499535	0.05547817157	0.06723562852	0.0539964262
5.751282051	1.192307692	2.257280208	2.937895762	1.301520189	7.388770036	7.03969157	0.04477852565	0.01550614202	0.02171206344	0.05606886387	0.0689881979	0.05533965336
5.751282051	1.2	2.281331663	2.972928893	1.303155057	7.467497822	7.123636835	0.04524374466	0.01559855488	0.02188038307	0.05666417921	0.07076798604	0.05670328331
5.925641026	0.9	1.523716121	1.892779744	1.242212849	4.987589922	4.535418098	0.03065697118	0.01291696728	0.01676750415	0.03816231501	0.02142610954	0.01865791543
5.925641026	0.9076923077	1.542932126	1.918707603	1.243546343	5.050489799	4.597545603	0.03102856899	0.01299869493	0.01690922543	0.03862833282	0.02226085947	0.01931635913
5.925641026	0.9153846154	1.562291954	1.944896842	1.244899737	5.113860449	4.660299415	0.03140291001	0.01308059017	0.01705161601	0.03909795647	0.02312109813	0.01999383814
5.925641026	0.9230769231	1.581796288	1.971348571	1.246272093	5.177704113	4.7236822	0.03178000943	0.01316266388	0.01719468756	0.03957121265	0.02400690497	0.02069041329
5.925641026	0.9307692308	1.601445821	1.998063912	1.247662509	5.242023058	4.787696644	0.0321598826	0.0132449272	0.01733845195	0.04004812842	0.02491835969	0.02140614563
5.925641026	0.9384615385	1.621241253	2.025043998	1.249070115	5.306819574	4.852345459	0.03254254506	0.01332739151	0.01748292131	0.04052873119	0.02585554224	0.02214109644
5.925641026	0.9461538462	1.64118329	2.05228997	1.250494068	5.372095976	4.917631382	0.03292801254	0.01341006842	0.017628108	0.04101304871	0.02681853288	0.02289532722
5.925641026	0.9538461538	1.661272648	2.07980298	1.251933559	5.437854602	4.983557175	0.03331630092	0.0134929698	0.01777402461	0.04150110907	0.0278074121	0.02366889969
5.925641026	0.9615384615	1.681510049	2.10758419	1.253387805	5.504097818	5.05012562	0.0337074263	0.01357610776	0.01792068397	0.04199294067	0.02882226067	0.02446187581
5.925641026	0.9692307692	1.701896223	2.135634773	1.254856051	5.570828013	5.117339528	0.03410140492	0.01365949467	0.01806809915	0.04248857225	0.02986315962	0.02527431773
5.925641026	0.9769230769	1.722431906	2.163955912	1.256337568	5.638047599	5.185201731	0.03449825325	0.01374314311	0.01821628345	0.04298803285	0.03093019027	0.02610628787
5.925641026	0.9846153846	1.743117844	2.192548798	1.257831652	5.705759015	5.253715087	0.03489798789	0.01382706594	0.01836525041	0.04349135181	0.03202343418	0.02695784883
5.925641026	0.9923076923	1.763954789	2.221414634	1.259337625	5.773964724	5.322882478	0.03530062566	0.01391127625	0.01851501381	0.04399855877	0.03314297318	0.02782906346
5.925641026	1	1.784943502	2.250554634	1.260854829	5.842667214	5.39270681	0.03570618353	0.01399578736	0.01866558764	0.04450968366	0.03428888938	0.02871999483
5.925641026	1.007692308	1.806084749	2.279970019	1.262382632	5.911868995	5.463191012	0.03611467869	0.01408061285	0.01881698617	0.04502475669	0.03546126515	0.02963070622
5.925641026	1.015384615	1.827379305	2.309662023	1.263920422	5.981572607	5.534338039	0.03652612847	0.01416576656	0.01896922387	0.04554380838	0.03666018313	0.03056126116
5.925641026	1.023076923	1.848827954	2.339631888	1.265467608	6.051780608	5.60615087	0.03694055041	0.01425126254	0.01912231546	0.04606686948	0.03788572623	0.03151172337
5.925641026	1.030769231	1.870431485	2.369880869	1.267023619	6.122495587	5.678632507	0.03735796223	0.01433711511	0.0192762759	0.04659397104	0.0391379776	0.03248215682
5.925641026	1.038461538	1.892190696	2.400410228	1.268587904	6.193720154	5.751785978	0.03777838181	0.01442333882	0.01943112037	0.04712514436	0.04041702069	0.0334726257
5.925641026	1.046153846	1.914106391	2.431221239	1.270159929	6.265456943	5.825614333	0.03820182722	0.01450994849	0.0195868643	0.04766042101	0.04172293921	0.0344831944
5.925641026	1.053846154	1.936179384	2.462315185	1.271739181	6.337708615	5.900120648	0.03862831674	0.01459695914	0.01974352336	0.0481998328	0.04305581712	0.03551392757
5.925641026	1.061538462	1.958410495	2.493693359	1.273325161	6.410477856	5.975308023	0.0390578688	0.01468438608	0.01990111344	0.04874341181	0.04441573867	0.03656489006
5.925641026	1.069230769	1.980800552	2.525357066	1.274917388	6.483767373	6.051179582	0.03949050201	0.01477224483	0.02005965067	0.04929119036	0.04580278835	0.03763614695
5.925641026	1.076923077	2.003350389	2.557307619	1.276515398	6.557579902	6.127738472	0.03992623519	0.01486055119	0.02021915143	0.049843201	0.04721705095	0.03872776354
5.925641026	1.084615385	2.026060849	2.589546342	1.278118741	6.631918201	6.204987867	0.04036508732	0.01494932116	0.02037963232	0.05039947653	0.0486586115	0.03983980535
5.925641026	1.092307692	2.048932784	2.62207457	1.279726983	6.706785053	6.282930962	0.04080707758	0.01503857103	0.02054111019	0.05096005	0.0501275553	0.04097233815
5.925641026	1.1	2.07196705	2.654893646	1.281339704	6.782183266	6.361570978	0.0412522253	0.0151283173	0.02070360211	0.05152495467	0.05162396793	0.04212542789
5.925641026	1.107692308	2.095164512	2.688004924	1.282956497	6.858115673	6.440911161	0.04170055004	0.01521857673	0.02086712539	0.05209422404	0.05314793522	0.04329914079
5.925641026	1.115384615	2.118526045	2.721409769	1.28457697	6.934585131	6.520954779	0.0421520715	0.01530936632	0.02103169759	0.05266789183	0.05469954329	0.04449354326
5.925641026	1.123076923	2.142052529	2.755109556	1.286200744	7.011594522	6.601705126	0.04260680959	0.01540070333	0.02119733649	0.053245992	0.05627887851	0.04570870194
5.925641026	1.130769231	2.16574485	2.789105668	1.28782745	7.089146753	6.683165521	0.04306478439	0.01549260524	0.02136406012	0.05382855872	0.05788602751	0.0469446837
5.925641026	1.138461538	2.189603906	2.823399501	1.289456734	7.167244755	6.765339303	0.04352601617	0.01558508978	0.02153188673	0.05441562636	0.0595210772	0.04820155565
5.925641026	1.146153846	2.213630598	2.85799246	1.291088252	7.245891484	6.84822984	0.04399052538	0.01567817495	0.02170083481	0.05500722954	0.06118411476	0.04947938508
5.925641026	1.153846154	2.237825838	2.892885958	1.292721672	7.32508992	6.931840523	0.04445833266	0.01577187896	0.0218709231	0.05560340308	0.06287522762	0.05077823955
5.925641026	1.161538462	2.262190543	2.928081423	1.294356672	7.404843069	7.016174765	0.04492945883	0.01586622028	0.02204217056	0.056204182	0.0645945035	0.05209818681
5.925641026	1.169230769	2.28672564	2.963580287	1.295992941	7.48515396	7.101236005	0.04540392488	0.01596121764	0.02221459639	0.05680960155	0.06634203036	0.05343929485
5.925641026	1.176923077	2.31143206	2.999383997	1.297630178	7.566025649	7.187027706	0.04588175201	0.01605688998	0.02238822003	0.05741969716	0.06811789645	0.05480163189
5.925641026	1.184615385	2.336310746	3.035494008	1.299268093	7.647461214	7.273553356	0.0463629616	0.01615325651	0.02256306116	0.0580345045	0.06992219028	0.05618526635
5.925641026	1.192307692	2.361362645	3.071911786	1.300906403	7.729463758	7.360816466	0.04684757518	0.01625033669	0.02273913968	0.05865405941	0.07175500062	0.05759026689
5.925641026	1.2	2.386588714	3.108638805	1.302544836	7.812036412	7.448820572	0.04733561452	0.01634815019	0.02291647575	0.05927839796	0.07361641651	0.0590167024
6.1	0.9	1.589214127	1.973243787	1.241647524	5.201984974	4.728223455	0.03197224725	0.01345909825	0.01747722541	0.03979827207	0.02210893738	0.01928244858
6.1	0.9076923077	1.60939213	2.000436829	1.242976644	5.268033761	4.79338255	0.03236280595	0.0135468194	0.01762767969	0.04028797342	0.0229756878	0.0199668035
6.1	0.9153846154	1.629720528	2.02790373	1.244326064	5.334574841	4.859197857	0.03275623045	0.01363471006	0.01777882944	0.04078144007	0.02386924013	0.02067117236
6.1	0.9230769231	1.650200002	2.055645606	1.245694828	5.401610435	4.925672052	0.03315253572	0.01372278061	0.01793068584	0.04127869884	0.02478967706	0.02139561835
6.1	0.9307692308	1.670831236	2.083663585	1.247082016	5.469142788	4.992807833	0.03355173694	0.01381104162	0.01808326029	0.04177977692	0.02573708152	0.02214020491
6.1	0.9384615385	1.691614924	2.111958801	1.24848674	5.53717417	5.060607922	0.03395384944	0.01389950395	0.01823656443	0.04228470187	0.02671153672	0.0229049957
6.1	0.9461538462	1.712551767	2.140532401	1.249908144	5.605706877	5.129075066	0.03435888875	0.01398817869	0.01839061014	0.04279350159	0.02771312613	0.02369005461
6.1	0.9538461538	1.733642475	2.169385542	1.251345403	5.674743228	5.198212037	0.03476687059	0.01407707718	0.01854540953	0.04330620434	0.0287419335	0.02449544573
6.1	0.9615384615	1.754887763	2.19851939	1.252797721	5.744285567	5.268021629	0.03517781083	0.01416621098	0.01870097497	0.04382283867	0.02979804285	0.0253212334
6.1	0.9692307692	1.776288354	2.227935122	1.25426433	5.814336263	5.338506662	0.03559172554	0.01425559193	0.01885731902	0.04434343351	0.03088153843	0.02616748217
6.1	0.9769230769	1.797844981	2.257633925	1.255744488	5.884897709	5.40966998	0.03600863098	0.01434523208	0.01901445452	0.04486801805	0.03199250481	0.02703425681
6.1	0.9846153846	1.819558381	2.287616995	1.25723748	5.955972325	5.48151445	0.03642854358	0.01443514377	0.01917239452	0.04539662183	0.03313102678	0.02792162234
6.1	0.9923076923	1.841429302	2.317885539	1.258742617	6.027562552	5.554042965	0.03685147995	0.01452533953	0.01933115232	0.04592927467	0.03429718942	0.02882964397
6.1	1	1.863458496	2.348440775	1.260259233	6.099670857	5.627258442	0.03727745689	0.01461583218	0.01949074145	0.04646600669	0.03549107808	0.02975838715
6.1	1.007692308	1.885646726	2.37928393	1.261786684	6.172299734	5.70116382	0.03770649137	0.01470663475	0.01965117568	0.04700684831	0.03671277837	0.03070791755
6.1	1.015384615	1.90799476	2.410416241	1.263324351	6.245451699	5.775762064	0.03813860055	0.01479776055	0.019812469	0.04755183022	0.03796237617	0.03167830107
6.1	1.023076923	1.930503374	2.441838955	1.264871633	6.319129293	5.851056165	0.03857380176	0.01488922309	0.01997463565	0.0481009834	0.03923995761	0.03266960382
6.1	1.030769231	1.953173353	2.473553331	1.266427953	6.393335083	5.927049134	0.03901211254	0.01498103618	0.02013769012	0.04865433907	0.04054560912	0.03368189215
6.1	1.038461538	1.976005488	2.505560635	1.267992751	6.468071659	6.003744009	0.03945355057	0.01507321382	0.0203016471	0.04921192876	0.04187941736	0.03471523263
6.1	1.046153846	1.999000577	2.537862146	1.269565489	6.543341636	6.081143852	0.03989813375	0.01516577029	0.02046652155	0.04977378423	0.04324146929	0.03576969204
6.1	1.053846154	2.022159428	2.57045915	1.271145645	6.619147655	6.15925175	0.04034588015	0.01525872009	0.02063232864	0.05033993752	0.0446318521	0.03684533739
6.1	1.061538462	2.045482855	2.603352948	1.272732715	6.69549238	6.238070811	0.040796808	0.015352078	0.02079908381	0.0509104209	0.0460506533	0.03794223594
6.1	1.069230769	2.068971679	2.636544845	1.274326213	6.772378501	6.317604171	0.04125093575	0.01544585901	0.02096680269	0.0514852669	0.04749796061	0.03906045512
6.1	1.076923077	2.09262673	2.670036161	1.27592567	6.849808731	6.397854988	0.04170828199	0.01554007837	0.02113550118	0.0520645083	0.04897386205	0.04020006264
6.1	1.084615385	2.116448843	2.703828224	1.27753063	6.92778581	6.478826445	0.04216886554	0.01563475157	0.02130519541	0.05264817811	0.05047844589	0.0413611264
6.1	1.092307692	2.140438863	2.737922372	1.279140656	7.0063125	6.560521748	0.04263270537	0.01572989435	0.02147590174	0.05323630958	0.0520118007	0.04254371452
6.1	1.1	2.164597643	2.772319954	1.280755323	7.08539159	6.64294413	0.04309982063	0.01582552268	0.02164763676	0.0538289362	0.05357401527	0.04374789537
6.1	1.107692308	2.18892604	2.807022328	1.282374222	7.165025893	6.726096845	0.04357023068	0.0159216528	0.02182041732	0.05442609167	0.05516517868	0.04497373752
6.1	1.115384615	2.213424922	2.842030863	1.283996956	7.245218244	6.809983174	0.04404395503	0.01601830117	0.02199426047	0.05502780995	0.05678538029	0.04622130978
6.1	1.123076923	2.238095164	2.877346938	1.285623142	7.325971508	6.89460642	0.0445210134	0.0161154845	0.02216918353	0.05563412518	0.0584347097	0.04749068118
6.1	1.130769231	2.262937647	2.912971942	1.287252411	7.407288569	6.979969911	0.04500142568	0.01621321977	0.02234520404	0.05624507176	0.0601132568	0.04878192096
6.1	1.138461538	2.28795326	2.948907273	1.288884404	7.489172339	7.066077	0.04548521195	0.01631152416	0.02252233977	0.0568606843	0.06182111173	0.05009509859
6.1	1.146153846	2.313142901	2.985154342	1.290518775	7.571625754	7.152931063	0.04597239245	0.01641041514	0.02270060875	0.0574809976	0.0635583649	0.05143028378
6.1	1.153846154	2.338507474	3.021714567	1.292155189	7.654651776	7.240535502	0.04646298765	0.01650991039	0.02288002921	0.0581060467	0.065325107	0.05278754644
6.1	1.161538462	2.36404789	3.058589378	1.293793324	7.738253387	7.32889374	0.04695701815	0.01661002784	0.02306061965	0.05873586684	0.06712142898	0.05416695673
6.1	1.169230769	2.38976507	3.095780214	1.295432866	7.8224336	7.418009228	0.04745450478	0.01671078569	0.02324239879	0.05937049347	0.06894742204	0.055568585
6.1	1.176923077	2.41565994	3.133288524	1.297073513	7.907195448	7.507885438	0.04795546853	0.01681220235	0.02342538558	0.06000996225	0.07080317767	0.05699250185
6.1	1.184615385	2.441733435	3.171115769	1.298714972	7.99254199	7.598525869	0.04845993057	0.01691429651	0.02360959922	0.06065430905	0.07268878762	0.0584387781
6.1	1.192307692	2.467986498	3.209263419	1.30035696	8.07847631	7.689934043	0.04896791228	0.01701708707	0.02379505914	0.06130356992	0.07460434389	0.05990748478
6.1	1.2	2.494420077	3.247732952	1.301999203	8.165001517	7.782113505	0.04947943518	0.01712059319	0.02398178501	0.06195778113	0.07654993878	0.06139869316
