# VHH-NNLO grid scan points
# process: ZHH
# energy_tev: 13.6
# scan_axes: kappa_lambda,kappa_z
# scan_x_keys: kappa_lambda,kappa_z
# windows: kappa_lambda=[-0.7,6.1]; kappa_z=[0.9,1.2]
# n_points_per_axis: 40
# n_points_total: 1600
# fixed_kappa: 1,1,1,1
#
kappa_lambda	kappa_z	sigma_lo	sigma_nnlo	k	sigma_heft_over_sm_lo	sigma_heft_over_sm_nnlo
-0.7	0.9	0.1022981964	0.1582968691	1.547406255	0.3519090049	0.3992704952
-0.7	0.9076923077	0.103324486	0.1602825137	1.551253918	0.3554394731	0.4042788654
-0.7	0.9153846154	0.1043986697	0.1623592545	1.555185089	0.3591346989	0.4095170062
-0.7	0.9230769231	0.1055216105	0.1645279847	1.559187582	0.3629976504	0.4149871713
-0.7	0.9307692308	0.1066941782	0.1667896075	1.563249376	0.36703132	0.4206916381
-0.7	0.9384615385	0.1079172498	0.1691450352	1.567358653	0.3712387246	0.4266327082
-0.7	0.9461538462	0.1091917093	0.1715951899	1.571503835	0.3756229055	0.4328127072
-0.7	0.9538461538	0.110518448	0.1741410032	1.575673621	0.3801869282	0.4392339847
-0.7	0.9615384615	0.1118983641	0.1767834159	1.579857019	0.3849338829	0.4458989141
-0.7	0.9692307692	0.1133323629	0.1795233788	1.584043376	0.3898668838	0.452809893
-0.7	0.9769230769	0.1148213569	0.1823618518	1.588222407	0.3949890698	0.4599693431
-0.7	0.9846153846	0.1163662656	0.1852998046	1.592384216	0.4003036041	0.4673797099
-0.7	0.9923076923	0.1179680156	0.1883382162	1.596519321	0.4058136743	0.4750434629
-0.7	1	0.1196275406	0.1914780753	1.600618673	0.4115224923	0.4829630957
-0.7	1.007692308	0.1213457813	0.1947203799	1.604673667	0.4174332945	0.4911411259
-0.7	1.015384615	0.1231236858	0.1980661378	1.608676158	0.4235493415	0.4995800952
-0.7	1.023076923	0.1249622089	0.2015163661	1.61261847	0.4298739186	0.5082825689
-0.7	1.030769231	0.1268623127	0.2050720914	1.616493403	0.4364103352	0.5172511369
-0.7	1.038461538	0.1288249663	0.2087343501	1.620294234	0.4431619253	0.5264884125
-0.7	1.046153846	0.130851146	0.2125041877	1.624014723	0.4501320471	0.5359970335
-0.7	1.053846154	0.1329418351	0.2163826595	1.627649109	0.4573240833	0.5457796614
-0.7	1.061538462	0.1350980241	0.2203708303	1.631192105	0.4647414409	0.5558389819
-0.7	1.069230769	0.1373207104	0.2244697743	1.634638895	0.4723875515	0.5661777044
-0.7	1.076923077	0.1396108986	0.2286805753	1.637985126	0.4802658709	0.5767985626
-0.7	1.084615385	0.1419696005	0.2330043267	1.641226895	0.4883798793	0.5877043142
-0.7	1.092307692	0.1443978347	0.2374421311	1.644360745	0.4967330813	0.5988977407
-0.7	1.1	0.1468966272	0.2419951009	1.647383643	0.5053290059	0.6103816477
-0.7	1.107692308	0.149467011	0.246664358	1.650292974	0.5141712065	0.6221588649
-0.7	1.115384615	0.1521100259	0.2514510338	1.653086522	0.523263261	0.6342322458
-0.7	1.123076923	0.1548267193	0.2563562691	1.655762456	0.5326087714	0.6466046681
-0.7	1.130769231	0.1576181453	0.2613812142	1.658319312	0.5422113643	0.6592790334
-0.7	1.138461538	0.1604853652	0.2665270292	1.660755975	0.5520746907	0.6722582673
-0.7	1.146153846	0.1634294474	0.2717948834	1.663071666	0.562202426	0.6855453194
-0.7	1.153846154	0.1664514675	0.2771859558	1.665265918	0.5725982698	0.6991431635
-0.7	1.161538462	0.1695525079	0.2827014348	1.667338562	0.5832659462	0.713054797
-0.7	1.169230769	0.1727336585	0.2883425184	1.669289708	0.5942092038	0.7272832417
-0.7	1.176923077	0.1759960158	0.2941104141	1.671119728	0.6054318154	0.7418315431
-0.7	1.184615385	0.1793406838	0.3000063388	1.672829234	0.6169375784	0.756702771
-0.7	1.192307692	0.1827687735	0.3060315192	1.674419067	0.6287303143	0.7719000189
-0.7	1.2	0.1862814028	0.3121871913	1.675890275	0.6408138693	0.7874264045
-0.5256410256	0.9	0.1122807069	0.1698976143	1.513150559	0.3862491538	0.4285309305
-0.5256410256	0.9076923077	0.1133244256	0.1719043491	1.516922306	0.3898395792	0.4335924962
-0.5256410256	0.9153846154	0.1144146637	0.1739989871	1.520775235	0.3935900323	0.4388757791
-0.5256410256	0.9230769231	0.1155522781	0.1761824258	1.524698852	0.3975034617	0.4443830431
-0.5256410256	0.9307692308	0.1167381332	0.1784555722	1.528682764	0.4015828404	0.4501165759
-0.5256410256	0.9384615385	0.1179731003	0.1808193428	1.532716716	0.4058311659	0.4560786892
-0.5256410256	0.9461538462	0.1192580578	0.1832746637	1.536790613	0.4102514599	0.4622717187
-0.5256410256	0.9538461538	0.1205938911	0.1858224704	1.540894557	0.4148467686	0.4686980243
-0.5256410256	0.9615384615	0.121981493	0.188463708	1.545018866	0.4196201626	0.4753599895
-0.5256410256	0.9692307692	0.1234217631	0.1911993311	1.549154106	0.4245747368	0.4822600223
-0.5256410256	0.9769230769	0.1249156081	0.1940303038	1.553291111	0.4297136106	0.4894005543
-0.5256410256	0.9846153846	0.126463942	0.1969575996	1.557421005	0.4350399278	0.4967840413
-0.5256410256	0.9923076923	0.1280676857	0.1999822019	1.561535221	0.4405568564	0.504412963
-0.5256410256	1	0.1297277673	0.2031051031	1.56562552	0.4462675889	0.5122898232
-0.5256410256	1.007692308	0.1314451218	0.2063273054	1.569684007	0.4521753423	0.5204171497
-0.5256410256	1.015384615	0.1332206915	0.2096498207	1.573703141	0.4582833579	0.5287974942
-0.5256410256	1.023076923	0.1350554257	0.2130736699	1.577675749	0.4645949013	0.5374334325
-0.5256410256	1.030769231	0.1369502809	0.216599884	1.581595032	0.4711132626	0.5463275644
-0.5256410256	1.038461538	0.1389062205	0.220229503	1.585454576	0.4778417562	0.5554825136
-0.5256410256	1.046153846	0.1409242152	0.2239635768	1.589248353	0.484783721	0.5649009279
-0.5256410256	1.053846154	0.1430052425	0.2278031647	1.592970724	0.4919425202	0.5745854791
-0.5256410256	1.061538462	0.1451502872	0.2317493353	1.596616443	0.4993215414	0.5845388629
-0.5256410256	1.069230769	0.1473603413	0.235803167	1.600180652	0.5069241967	0.5947637992
-0.5256410256	1.076923077	0.1496364036	0.2399657477	1.603658882	0.5147539224	0.6052630318
-0.5256410256	1.084615385	0.1519794801	0.2442381746	1.607047046	0.5228141793	0.6160393283
-0.5256410256	1.092307692	0.1543905841	0.2486215546	1.610341434	0.5311084525	0.6270954807
-0.5256410256	1.1	0.1568707357	0.253117004	1.613538707	0.5396402518	0.6384343046
-0.5256410256	1.107692308	0.1594209621	0.2577256488	1.616635889	0.5484131109	0.65005864
-0.5256410256	1.115384615	0.1620422979	0.2624486244	1.619630354	0.5574305882	0.6619713506
-0.5256410256	1.123076923	0.1647357845	0.2672870756	1.622519821	0.5666962664	0.6741753241
-0.5256410256	1.130769231	0.1675024704	0.2722421569	1.625302339	0.5762137527	0.6866734725
-0.5256410256	1.138461538	0.1703434113	0.2773150322	1.627976275	0.5859866785	0.6994687315
-0.5256410256	1.146153846	0.1732596699	0.282506875	1.630540304	0.5960186998	0.7125640609
-0.5256410256	1.153846154	0.1762523162	0.2878188682	1.632993395	0.6063134968	0.7259624446
-0.5256410256	1.161538462	0.179322427	0.2932522045	1.635334796	0.6168747741	0.7396668903
-0.5256410256	1.169230769	0.1824710863	0.2988080857	1.637564021	0.6277062609	0.7536804298
-0.5256410256	1.176923077	0.1856993852	0.3044877234	1.639680837	0.6388117105	0.7680061191
-0.5256410256	1.184615385	0.189008422	0.3102923386	1.641685251	0.6501949008	0.7826470379
-0.5256410256	1.192307692	0.1923993019	0.316223162	1.643577492	0.661859634	0.79760629
-0.5256410256	1.2	0.1958731373	0.3222814335	1.645358001	0.6738097368	0.8128870033
-0.3512820513	0.9	0.1236416347	0.1832108179	1.481789029	0.4253311022	0.462110681
-0.3512820513	0.9076923077	0.1247264462	0.185269779	1.485408946	0.4290628876	0.4673039766
-0.3512820513	0.9153846154	0.1258566033	0.1874138444	1.489106169	0.4329506635	0.4727119298
-0.3512820513	0.9230769231	0.1270329576	0.1896439155	1.492871764	0.4369973592	0.4783368143
-0.3512820513	0.9307692308	0.1282563677	0.1919609035	1.496696866	0.4412059282	0.4841809282
-0.3512820513	0.9384615385	0.1295276992	0.1943657288	1.500572696	0.4455793485	0.4902465933
-0.3512820513	0.9461538462	0.1308478249	0.1968593216	1.504490592	0.4501206223	0.4965361556
-0.3512820513	0.9538461538	0.1322176247	0.1994426214	1.508442024	0.4548327765	0.5030519849
-0.3512820513	0.9615384615	0.1336379854	0.2021165773	1.512418618	0.4597188622	0.5097964753
-0.3512820513	0.9692307692	0.1351098013	0.204882148	1.516412178	0.4647819548	0.5167720447
-0.3512820513	0.9769230769	0.1366339733	0.2077403017	1.520414701	0.4700251543	0.5239811349
-0.3512820513	0.9846153846	0.1382114097	0.2106920159	1.524418399	0.475451585	0.531426212
-0.3512820513	0.9923076923	0.1398430258	0.2137382778	1.528415712	0.4810643955	0.5391097659
-0.3512820513	1	0.1415297439	0.2168800842	1.532399326	0.4868667589	0.5470343104
-0.3512820513	1.007692308	0.1432724936	0.2201184412	1.536362184	0.4928618726	0.5552023836
-0.3512820513	1.015384615	0.1450722115	0.2234543646	1.540297499	0.4990529585	0.5636165474
-0.3512820513	1.023076923	0.1469298412	0.2268888796	1.544198767	0.5054432629	0.5722793878
-0.3512820513	1.030769231	0.1488463334	0.230423021	1.548059772	0.5120360562	0.5811935146
-0.3512820513	1.038461538	0.150822646	0.234057833	1.551874597	0.5188346336	0.590361562
-0.3512820513	1.046153846	0.1528597439	0.2377943694	1.555637628	0.5258423144	0.5997861877
-0.3512820513	1.053846154	0.1549585992	0.2416336936	1.559343559	0.5330624424	0.6094700739
-0.3512820513	1.061538462	0.157120191	0.2455768783	1.562987397	0.5404983858	0.6194159263
-0.3512820513	1.069230769	0.1593455054	0.2496250059	1.566564462	0.5481535371	0.6296264751
-0.3512820513	1.076923077	0.1616355357	0.2537791682	1.570070388	0.5560313133	0.6401044742
-0.3512820513	1.084615385	0.1639912823	0.2580404666	1.573501121	0.5641351557	0.6508527015
-0.3512820513	1.092307692	0.1664137528	0.262410012	1.57685292	0.57246853	0.6618739591
-0.3512820513	1.1	0.1689039616	0.2668889249	1.580122351	0.5810349264	0.6731710729
-0.3512820513	1.107692308	0.1714629304	0.271478335	1.583306283	0.5898378592	0.6847468929
-0.3512820513	1.115384615	0.1740916879	0.2761793819	1.586401886	0.5988808675	0.696604293
-0.3512820513	1.123076923	0.1767912699	0.2809932145	1.589406618	0.6081675145	0.7087461713
-0.3512820513	1.130769231	0.1795627195	0.2859209912	1.592318228	0.6177013878	0.7211754498
-0.3512820513	1.138461538	0.1824070865	0.2909638802	1.595134738	0.6274860996	0.7338950744
-0.3512820513	1.146153846	0.185325428	0.2961230587	1.597854444	0.6375252861	0.7469080151
-0.3512820513	1.153846154	0.1883188084	0.3013997139	1.600475898	0.6478226084	0.760217266
-0.3512820513	1.161538462	0.1913882987	0.3067950424	1.602997907	0.6583817515	0.773825845
-0.3512820513	1.169230769	0.1945349775	0.31231025	1.605419519	0.6692064251	0.7877367942
-0.3512820513	1.176923077	0.19775993	0.3179465525	1.607740013	0.6803003631	0.8019531795
-0.3512820513	1.184615385	0.201064249	0.3237051749	1.609958889	0.691667324	0.8164780909
-0.3512820513	1.192307692	0.204449034	0.3295873517	1.612075857	0.7033110906	0.8313146425
-0.3512820513	1.2	0.2079153917	0.3355943272	1.61409083	0.7152354699	0.8464659723
-0.1769230769	0.9	0.1363809801	0.1982364797	1.453549311	0.4691548499	0.5000097467
-0.1769230769	0.9076923077	0.1375305476	0.2003788034	1.4569767	0.4731093981	0.5054133068
-0.1769230769	0.9153846154	0.1387244886	0.2026038263	1.460476289	0.4772165925	0.5110254582
-0.1769230769	0.9230769231	0.1399636489	0.2049124539	1.464040524	0.4814793429	0.5168484849
-0.1769230769	0.9307692308	0.1412488815	0.2073056013	1.467661897	0.4859005833	0.5228846949
-0.1769230769	0.9384615385	0.1425810464	0.2097841932	1.471332961	0.4904832723	0.5291364205
-0.1769230769	0.9461538462	0.1439610107	0.2123491635	1.475046351	0.4952303928	0.5356060178
-0.1769230769	0.9538461538	0.1453896486	0.215001456	1.478794798	0.500144952	0.5422958667
-0.1769230769	0.9615384615	0.1468678414	0.2177420238	1.482571145	0.5052299817	0.5492083715
-0.1769230769	0.9692307692	0.1483964775	0.2205718296	1.486368365	0.5104885378	0.5563459602
-0.1769230769	0.9769230769	0.1499764524	0.2234918455	1.490179572	0.5159237009	0.5637110851
-0.1769230769	0.9846153846	0.1516086685	0.2265030533	1.493998038	0.5215385758	0.5713062221
-0.1769230769	0.9923076923	0.1532940357	0.2296064441	1.497817205	0.5273362917	0.5791338715
-0.1769230769	1	0.1550334706	0.2328030187	1.501630698	0.5333200022	0.5871965573
-0.1769230769	1.007692308	0.156827897	0.2360937873	1.505432336	0.5394928853	0.5954968276
-0.1769230769	1.015384615	0.1586782458	0.2394797697	1.50921614	0.5458581434	0.6040372547
-0.1769230769	1.023076923	0.1605854552	0.2429619952	1.512976346	0.5524190033	0.6128204347
-0.1769230769	1.030769231	0.16255047	0.2465415025	1.51670741	0.5591787162	0.6218489876
-0.1769230769	1.038461538	0.1645742427	0.25021934	1.520404019	0.5661405576	0.6311255577
-0.1769230769	1.046153846	0.1666577324	0.2539965655	1.524061091	0.5733078274	0.640652813
-0.1769230769	1.053846154	0.1688019054	0.2578742463	1.527673788	0.58068385	0.6504334458
-0.1769230769	1.061538462	0.1710077354	0.2618534593	1.531237512	0.5882719742	0.6604701721
-0.1769230769	1.069230769	0.1732762027	0.2659352909	1.534747916	0.5960755729	0.6707657321
-0.1769230769	1.076923077	0.175608295	0.2701208369	1.538200897	0.6040980437	0.68132289
-0.1769230769	1.084615385	0.1780050071	0.2744112028	1.541592606	0.6123428086	0.6921444339
-0.1769230769	1.092307692	0.1804673408	0.2788075035	1.544919442	0.6208133137	0.703233176
-0.1769230769	1.1	0.182996305	0.2833108635	1.548178055	0.6295130297	0.7145919525
-0.1769230769	1.107692308	0.1855929156	0.2879224166	1.55136534	0.6384454517	0.7262236235
-0.1769230769	1.115384615	0.1882581957	0.2926433064	1.55447844	0.6476140991	0.7381310732
-0.1769230769	1.123076923	0.1909931756	0.2974746858	1.557514737	0.6570225157	0.7503172097
-0.1769230769	1.130769231	0.1937988925	0.3024177174	1.560471855	0.6666742698	0.7627849652
-0.1769230769	1.138461538	0.1966763907	0.3074735732	1.563347649	0.6765729539	0.775537296
-0.1769230769	1.146153846	0.1996267217	0.3126434346	1.566140204	0.686722185	0.7885771821
-0.1769230769	1.153846154	0.202650944	0.3179284929	1.568847826	0.6971256046	0.8019076278
-0.1769230769	1.161538462	0.2057501232	0.3233299484	1.571469039	0.7077868783	0.8155316613
-0.1769230769	1.169230769	0.2089253321	0.3288490114	1.574002579	0.7187096964	0.8294523347
-0.1769230769	1.176923077	0.2121776504	0.3344869014	1.576447382	0.7298977733	0.8436727242
-0.1769230769	1.184615385	0.215508165	0.3402448476	1.578802583	0.7413548481	0.8581959301
-0.1769230769	1.192307692	0.2189179699	0.3461240885	1.581067505	0.7530846839	0.8730250765
-0.1769230769	1.2	0.2224081662	0.3521258724	1.583241652	0.7650910686	0.8881633115
-0.002564102564	0.9	0.150498743	0.2149745998	1.428414587	0.517720397	0.5422281275
-0.002564102564	0.9076923077	0.1517367299	0.2172314223	1.431633741	0.5219791108	0.5479204867
-0.002564102564	0.9153846154	0.1530183195	0.2195689328	1.434919254	0.5263878193	0.5538163644
-0.002564102564	0.9230769231	0.154344352	0.2219880409	1.43826475	0.5309494127	0.5599180548
-0.002564102564	0.9307692308	0.1557156747	0.2244896657	1.441663893	0.5356668057	0.5662278762
-0.002564102564	0.9384615385	0.1571331419	0.2270747359	1.445110389	0.5405429374	0.572748171
-0.002564102564	0.9461538462	0.1585976151	0.2297441895	1.448598009	0.5455807712	0.5794813053
-0.002564102564	0.9538461538	0.1601099629	0.2324989744	1.452120594	0.550783295	0.5864296696
-0.002564102564	0.9615384615	0.1616710609	0.2353400476	1.455672068	0.556153521	0.593595678
-0.002564102564	0.9692307692	0.1632817918	0.2382683758	1.459246455	0.5616944858	0.600981769
-0.002564102564	0.9769230769	0.1649430454	0.2412849353	1.462837883	0.5674092504	0.6085904047
-0.002564102564	0.9846153846	0.1666557186	0.2443907119	1.466440599	0.5733009002	0.6164240715
-0.002564102564	0.9923076923	0.1684207156	0.2475867007	1.470048977	0.5793725449	0.6244852798
-0.002564102564	1	0.1702389472	0.2508739065	1.47365753	0.5856273188	0.6327765638
-0.002564102564	1.007692308	0.1721113317	0.2542533436	1.477260916	0.5920683804	0.6413004818
-0.002564102564	1.015384615	0.1740387945	0.2577260359	1.480853948	0.5986989125	0.6500596162
-0.002564102564	1.023076923	0.1760222677	0.2612930165	1.4844316	0.6055221227	0.6590565733
-0.002564102564	1.030769231	0.1780626909	0.2649553284	1.487989017	0.6125412425	0.6682939833
-0.002564102564	1.038461538	0.1801610106	0.268714024	1.491521518	0.6197595281	0.6777745007
-0.002564102564	1.046153846	0.1823181804	0.2725701649	1.495024601	0.62718026	0.6875008038
-0.002564102564	1.053846154	0.1845351611	0.2765248228	1.498493952	0.634806743	0.6974755948
-0.002564102564	1.061538462	0.1868129204	0.2805790783	1.501925444	0.6426423065	0.7077016001
-0.002564102564	1.069230769	0.1891524332	0.2847340221	1.505315143	0.650690304	0.7181815701
-0.002564102564	1.076923077	0.1915546816	0.2889907539	1.508659311	0.6589541137	0.7289182791
-0.002564102564	1.084615385	0.1940206545	0.2933503832	1.511954405	0.6674371379	0.7399145254
-0.002564102564	1.092307692	0.1965513482	0.297814029	1.515197081	0.6761428035	0.7511731314
-0.002564102564	1.1	0.1991477658	0.3023828198	1.518384194	0.6850745618	0.7626969435
-0.002564102564	1.107692308	0.2018109178	0.3070578936	1.521512795	0.6942358882	0.7744888319
-0.002564102564	1.115384615	0.2045418216	0.3118403978	1.524580134	0.7036302828	0.786551691
-0.002564102564	1.123076923	0.2073415016	0.3167314895	1.527583658	0.71326127	0.7988884392
-0.002564102564	1.130769231	0.2102109896	0.3217323353	1.530521006	0.7231323985	0.8115020188
-0.002564102564	1.138461538	0.2131513241	0.3268441112	1.533390011	0.7332472415	0.8243953963
-0.002564102564	1.146153846	0.216163551	0.3320680027	1.536188692	0.7436093965	0.8375715619
-0.002564102564	1.153846154	0.2192487231	0.337405205	1.538915257	0.7542224854	0.85103353
-0.002564102564	1.161538462	0.2224079005	0.3428569227	1.541568092	0.7650901546	0.8647843391
-0.002564102564	1.169230769	0.2256421501	0.3484243699	1.544145762	0.7762160748	0.8788270514
-0.002564102564	1.176923077	0.2289525462	0.3541087702	1.546647007	0.7876039411	0.8931647534
-0.002564102564	1.184615385	0.2323401699	0.3599113568	1.549070731	0.7992574729	0.9078005554
-0.002564102564	1.192307692	0.2358061095	0.3658333724	1.551416005	0.811180414	0.9227375918
-0.002564102564	1.2	0.2393514606	0.3718760691	1.553682055	0.8233765329	0.9379790209
0.1717948718	0.9	0.1659949233	0.2334251782	1.406218778	0.5710277436	0.5887658235
0.1717948718	0.9076923077	0.1673449931	0.2358276357	1.409230306	0.5756720257	0.5948255163
0.1717948718	0.9153846154	0.1687380961	0.2383091639	1.412302079	0.5804643438	0.6010846484
0.1717948718	0.9230769231	0.1701750669	0.2408706765	1.415428716	0.5854075686	0.6075455241
0.1717948718	0.9307692308	0.1716567472	0.2435130966	1.418604864	0.5905045954	0.614210472
0.1717948718	0.9384615385	0.1731839857	0.2462373569	1.42182521	0.5957583438	0.6210818446
0.1717948718	0.9461538462	0.1747576382	0.2490443996	1.425084489	0.6011717577	0.6281620182
0.1717948718	0.9538461538	0.1763785676	0.2519351764	1.428377494	0.6067478056	0.6354533935
0.1717948718	0.9615384615	0.1780476439	0.2549106485	1.431699083	0.6124894802	0.6429583949
0.1717948718	0.9692307692	0.179765744	0.2579717867	1.435044191	0.6183997988	0.6506794708
0.1717948718	0.9769230769	0.1815337523	0.2611195711	1.438407832	0.6244818028	0.6586190938
0.1717948718	0.9846153846	0.18335256	0.2643549917	1.441785114	0.6307385581	0.6667797603
0.1717948718	0.9923076923	0.1852230653	0.2676790476	1.445171243	0.6371731552	0.6751639909
0.1717948718	1	0.1871461738	0.2710927477	1.448561529	0.6437887087	0.68377433
0.1717948718	1.007692308	0.189122798	0.2745971102	1.451951394	0.6505883578	0.6926133461
0.1717948718	1.015384615	0.1911538574	0.2781931631	1.455336382	0.6575752659	0.7016836318
0.1717948718	1.023076923	0.1932402788	0.2818819437	1.458712156	0.6647526209	0.7109878035
0.1717948718	1.030769231	0.1953829959	0.2856644989	1.462074514	0.6721236351	0.7205285018
0.1717948718	1.038461538	0.1975829497	0.2895418849	1.465419387	0.6796915452	0.7303083911
0.1717948718	1.046153846	0.1998410881	0.2935151679	1.468742843	0.6874596121	0.74033016
0.1717948718	1.053846154	0.2021583662	0.297585423	1.472041097	0.6954311213	0.750596521
0.1717948718	1.061538462	0.204535746	0.3017537354	1.475310508	0.7036093827	0.7611102106
0.1717948718	1.069230769	0.206974197	0.3060211994	1.478547586	0.7119977304	0.7718739892
0.1717948718	1.076923077	0.2094746953	0.310388919	1.481748994	0.7205995231	0.7828906416
0.1717948718	1.084615385	0.2120382244	0.3148580077	1.484911546	0.7294181437	0.7941629761
0.1717948718	1.092307692	0.2146657748	0.3194295885	1.488032215	0.7384569996	0.8056938253
0.1717948718	1.1	0.2173583442	0.3241047939	1.491108129	0.7477195226	0.8174860458
0.1717948718	1.107692308	0.2201169371	0.328884766	1.494136572	0.7572091688	0.829542518
0.1717948718	1.115384615	0.2229425654	0.3337706562	1.497114988	0.7669294187	0.8418661465
0.1717948718	1.123076923	0.2258362479	0.3387636257	1.500040976	0.7768837773	0.8544598598
0.1717948718	1.130769231	0.2287990106	0.343864845	1.50291229	0.787075774	0.8673266106
0.1717948718	1.138461538	0.2318318865	0.3490754942	1.505726841	0.7975089623	0.8804693753
0.1717948718	1.146153846	0.2349359158	0.354396763	1.508482693	0.8081869205	0.8938911544
0.1717948718	1.153846154	0.2381121457	0.3598298504	1.51117806	0.8191132509	0.9075949726
0.1717948718	1.161538462	0.2413616305	0.3653759652	1.513811306	0.8302915804	0.9215838784
0.1717948718	1.169230769	0.2446854316	0.3710363254	1.516380943	0.8417255604	0.9358609443
0.1717948718	1.176923077	0.2480846174	0.3768121588	1.518885623	0.8534188664	0.9504292669
0.1717948718	1.184615385	0.2515602636	0.3827047025	1.521324143	0.8653751984	0.9652919668
0.1717948718	1.192307692	0.2551134529	0.3887152033	1.523695434	0.877598281	0.9804521884
0.1717948718	1.2	0.258745275	0.3948449174	1.525998561	0.8900918628	0.9959131005
0.3461538462	0.9	0.1828695212	0.2535882149	1.386716678	0.6290768895	0.6396228347
0.3461538462	0.9076923077	0.1843553371	0.2561674436	1.389530933	0.6341881429	0.6461283956
0.3461538462	0.9153846154	0.1858838183	0.2588245197	1.392399414	0.6394461662	0.6528303101
0.3461538462	0.9230769231	0.1874557937	0.2615603607	1.395317561	0.6448538108	0.6597308928
0.3461538462	0.9307692308	0.1890720992	0.2643758941	1.398280842	0.6504139525	0.6668324823
0.3461538462	0.9384615385	0.1907335779	0.2672720563	1.401284762	0.6561294914	0.6741374413
0.3461538462	0.9461538462	0.19244108	0.2702497938	1.404324865	0.6620033522	0.6816481565
0.3461538462	0.9538461538	0.1941954627	0.2733100621	1.407396745	0.6680384837	0.6893670385
0.3461538462	0.9615384615	0.1959975904	0.2764538267	1.410496048	0.6742378593	0.6972965221
0.3461538462	0.9692307692	0.1978483344	0.2796820621	1.413618482	0.6806044767	0.7054390658
0.3461538462	0.9769230769	0.1997485732	0.2829957528	1.416759821	0.687141358	0.7137971524
0.3461538462	0.9846153846	0.2016991925	0.2863958926	1.419915911	0.6938515497	0.7223732884
0.3461538462	0.9923076923	0.203701085	0.2898834848	1.423082674	0.7007381226	0.7311700047
0.3461538462	1	0.2057551504	0.2934595421	1.426256118	0.707804172	0.7401898559
0.3461538462	1.007692308	0.2078622956	0.2971250871	1.429432337	0.7150528177	0.7494354206
0.3461538462	1.015384615	0.2100234346	0.3008811515	1.432607519	0.7224872035	0.7589093016
0.3461538462	1.023076923	0.2122394884	0.3047287768	1.435777946	0.7301104981	0.7686141255
0.3461538462	1.030769231	0.2145113851	0.3086690138	1.438940006	0.7379258941	0.778552543
0.3461538462	1.038461538	0.21684006	0.3127029229	1.442090188	0.7459366087	0.7887272288
0.3461538462	1.046153846	0.2192264554	0.3168315742	1.445225092	0.7541458837	0.7991408817
0.3461538462	1.053846154	0.2216715207	0.3210560471	1.448341429	0.762556985	0.8097962243
0.3461538462	1.061538462	0.2241762123	0.3253774305	1.451436025	0.7711732028	0.8206960033
0.3461538462	1.069230769	0.226741494	0.3297968229	1.454505821	0.7799978521	0.8318429894
0.3461538462	1.076923077	0.2293683362	0.3343153324	1.457547881	0.789034272	0.8432399774
0.3461538462	1.084615385	0.2320577169	0.3389340764	1.460559385	0.7982858259	0.8548897859
0.3461538462	1.092307692	0.2348106209	0.343654182	1.46353764	0.8077559018	0.8667952577
0.3461538462	1.1	0.23762804	0.3484767858	1.466480074	0.8174479121	0.8789592594
0.3461538462	1.107692308	0.2405109734	0.3534030337	1.469384239	0.8273652934	0.8913846818
0.3461538462	1.115384615	0.2434604271	0.3584340815	1.472247813	0.8375115068	0.9040744397
0.3461538462	1.123076923	0.2464774145	0.3635710942	1.475068598	0.8478900378	0.9170314716
0.3461538462	1.130769231	0.2495629556	0.3688152464	1.47784452	0.8585043963	0.9302587405
0.3461538462	1.138461538	0.2527180781	0.3741677222	1.48057363	0.8693581165	0.9437592329
0.3461538462	1.146153846	0.2559438163	0.3796297154	1.483254102	0.880454757	0.9575359597
0.3461538462	1.153846154	0.2592412118	0.385202429	1.485884233	0.8917979009	0.9715919555
0.3461538462	1.161538462	0.2626113132	0.3908870758	1.488462439	0.9033911557	0.9859302791
0.3461538462	1.169230769	0.2660551764	0.396684878	1.490987258	0.915238153	1.000554013
0.3461538462	1.176923077	0.2695738641	0.4025970672	1.493457344	0.9273425492	1.015466265
0.3461538462	1.184615385	0.2731684463	0.4086248847	1.495871467	0.9397080248	1.030670164
0.3461538462	1.192307692	0.2768400001	0.4147695813	1.498228512	0.9523382847	1.046168867
0.3461538462	1.2	0.2805896094	0.4210324172	1.500527472	0.9652370584	1.06196555
0.5205128205	0.9	0.2011225365	0.2754637099	1.369631244	0.6918678348	0.6947991611
0.5205128205	0.9076923077	0.202767762	0.278250846	1.372263733	0.6975274622	0.7018291247
0.5205128205	0.9153846154	0.2044554862	0.281115	1.374944763	0.7033332863	0.7090533496
0.5205128205	0.9230769231	0.2061865322	0.2840570936	1.377670455	0.709288139	0.7164741608
0.5205128205	0.9307692308	0.2079617305	0.2870780581	1.380436955	0.7153948768	0.724093907
0.5205128205	0.9384615385	0.2097819185	0.2901788341	1.383240444	0.7216563804	0.7319149612
0.5205128205	0.9461538462	0.2116479405	0.293360372	1.38607714	0.7280755547	0.7399397201
0.5205128205	0.9538461538	0.2135606483	0.2966236316	1.3889433	0.7346553294	0.7481706047
0.5205128205	0.9615384615	0.2155209004	0.299969582	1.39183523	0.7413986583	0.7566100596
0.5205128205	0.9692307692	0.2175295627	0.3033992022	1.394749286	0.7483085197	0.7652605539
0.5205128205	0.9769230769	0.219587508	0.3069134805	1.397681878	0.7553879161	0.7741245804
0.5205128205	0.9846153846	0.2216956163	0.3105134148	1.400629475	0.7626398748	0.7832046559
0.5205128205	0.9923076923	0.2238547746	0.3142000123	1.403588612	0.770067447	0.7925033213
0.5205128205	1	0.226065877	0.31797429	1.406555886	0.7776737087	0.8020231414
0.5205128205	1.007692308	0.2283298248	0.3218372742	1.409527969	0.7854617599	0.8117667052
0.5205128205	1.015384615	0.2306475261	0.325790001	1.412501605	0.7934347254	0.8217366254
0.5205128205	1.023076923	0.2330198966	0.3298335156	1.415473616	0.8015957541	0.8319355391
0.5205128205	1.030769231	0.2354478585	0.3339688731	1.418440903	0.8099480193	0.8423661069
0.5205128205	1.038461538	0.2379323415	0.3381971379	1.421400452	0.8184947189	0.8530310139
0.5205128205	1.046153846	0.2404742823	0.342519384	1.424349335	0.8272390749	0.8639329689
0.5205128205	1.053846154	0.2430746246	0.3469366949	1.427284709	0.836184334	0.8750747047
0.5205128205	1.061538462	0.2457343192	0.3514501636	1.430203826	0.8453337669	0.8864589784
0.5205128205	1.069230769	0.2484543242	0.3560608926	1.433104027	0.8546906692	0.8980885707
0.5205128205	1.076923077	0.2512356044	0.3607699939	1.435982749	0.8642583603	0.9099662865
0.5205128205	1.084615385	0.254079132	0.3655785892	1.438837524	0.8740401846	0.9220949548
0.5205128205	1.092307692	0.2569858862	0.3704878095	1.44166598	0.8840395103	0.9344774285
0.5205128205	1.1	0.2599568533	0.3754987953	1.444465843	0.8942597304	0.9471165844
0.5205128205	1.107692308	0.2629930267	0.3806126969	1.447234939	0.9047042621	0.9600153234
0.5205128205	1.115384615	0.2660954069	0.3858306738	1.44997119	0.9153765471	0.9731765705
0.5205128205	1.123076923	0.2692650013	0.3911538951	1.452672621	0.9262800513	0.9866032746
0.5205128205	1.130769231	0.2725028247	0.3965835395	1.455337353	0.9374182653	1.000298409
0.5205128205	1.138461538	0.2758098987	0.4021207953	1.457963609	0.9487947039	1.014264969
0.5205128205	1.146153846	0.2791872523	0.40776686	1.460549709	0.9604129061	1.028505978
0.5205128205	1.153846154	0.2826359213	0.4135229409	1.463094072	0.9722764356	1.043024479
0.5205128205	1.161538462	0.2861569487	0.4193902546	1.465595214	0.9843888804	1.057823541
0.5205128205	1.169230769	0.2897513847	0.4253700276	1.468051751	0.9967538528	1.072906259
0.5205128205	1.176923077	0.2934202863	0.4314634954	1.47046239	1.00937499	1.088275747
0.5205128205	1.184615385	0.297164718	0.4376719033	1.472825934	1.022255952	1.103935148
0.5205128205	1.192307692	0.3009857509	0.4439965063	1.475141281	1.035400425	1.119887626
0.5205128205	1.2	0.3048844637	0.4504385684	1.477407418	1.048812119	1.13613637
0.6948717949	0.9	0.2207539693	0.2990516631	1.354683062	0.7594005796	0.7542948027
0.6948717949	0.9076923077	0.2225822678	0.3020778429	1.357151429	0.7656899837	0.7619277034
0.6948717949	0.9153846154	0.2244530997	0.3051806049	1.359663134	0.7721257041	0.7697537669
0.6948717949	0.9230769231	0.2263672826	0.3083608751	1.362214855	0.7787105535	0.7777753282
0.6948717949	0.9307692308	0.2283256412	0.3116195886	1.3648033	0.7854473685	0.7859947463
0.6948717949	0.9384615385	0.2303290073	0.3149576902	1.367425206	0.7923390106	0.7944144043
0.6948717949	0.9461538462	0.2323782196	0.3183761343	1.370077346	0.7993883653	0.8030367091
0.6948717949	0.9538461538	0.2344741242	0.3218758847	1.372756528	0.8065983426	0.8118640919
0.6948717949	0.9615384615	0.236617574	0.3254579146	1.375459604	0.8139718772	0.8208990076
0.6948717949	0.9692307692	0.2388094291	0.329123207	1.378183467	0.8215119276	0.8301439352
0.6948717949	0.9769230769	0.2410505568	0.3328727542	1.380925058	0.8292214772	0.8396013779
0.6948717949	0.9846153846	0.2433418313	0.3367075581	1.383681368	0.8371035335	0.8492738627
0.6948717949	0.9923076923	0.2456841341	0.3406286301	1.38644944	0.8451611285	0.8591639406
0.6948717949	1	0.2480783536	0.3446369912	1.389226372	0.8533973186	0.8692741867
0.6948717949	1.007692308	0.2505253853	0.3487336716	1.392009321	0.8618151846	0.8796071999
0.6948717949	1.015384615	0.253026132	0.3529197115	1.394795505	0.8704178315	0.8901656035
0.6948717949	1.023076923	0.2555815033	0.3571961603	1.397582203	0.879208389	0.9009520443
0.6948717949	1.030769231	0.2581924161	0.3615640769	1.400366759	0.8881900109	0.9119691936
0.6948717949	1.038461538	0.2608597943	0.3660245299	1.403146587	0.8973658755	0.9232197463
0.6948717949	1.046153846	0.2635845689	0.3705785973	1.405919166	0.9067391857	0.9347064215
0.6948717949	1.053846154	0.266367678	0.3752273665	1.408682049	0.9163131683	0.9464319623
0.6948717949	1.061538462	0.2692100668	0.3799719347	1.411432861	0.926091075	0.9583991358
0.6948717949	1.069230769	0.2721126876	0.3848134084	1.414169298	0.9360761815	0.970610733
0.6948717949	1.076923077	0.2750764997	0.3897529037	1.416889135	0.9462717882	0.983069569
0.6948717949	1.084615385	0.2781024696	0.3947915462	1.419590221	0.9566812197	0.9957784829
0.6948717949	1.092307692	0.2811915709	0.399930471	1.422270482	0.9673078249	1.008740338
0.6948717949	1.1	0.2843447841	0.4051708227	1.424927923	0.9781549774	1.021958021
0.6948717949	1.107692308	0.2875630971	0.4105137555	1.427560628	0.9892260748	1.035434443
0.6948717949	1.115384615	0.2908475045	0.415960433	1.430166759	1.00052454	1.049172539
0.6948717949	1.123076923	0.2941990084	0.4215120284	1.432744559	1.012053818	1.063175269
0.6948717949	1.130769231	0.2976186177	0.4271697245	1.435292348	1.023817381	1.077445615
0.6948717949	1.138461538	0.3011073485	0.4329347133	1.437808528	1.035818725	1.091986584
0.6948717949	1.146153846	0.3046662239	0.4388081967	1.440291579	1.048061368	1.106801209
0.6948717949	1.153846154	0.3082962743	0.4447913859	1.442740062	1.060548855	1.121892542
0.6948717949	1.161538462	0.311998537	0.4508855017	1.445152615	1.073284755	1.137263665
0.6948717949	1.169230769	0.3157740563	0.4570917742	1.447527956	1.08627266	1.15291768
0.6948717949	1.176923077	0.319623884	0.4634114434	1.449864877	1.099516188	1.168857714
0.6948717949	1.184615385	0.3235490785	0.4698457585	1.452162252	1.11301898	1.185086918
0.6948717949	1.192307692	0.3275507056	0.4763959783	1.454419026	1.126784703	1.201608467
0.6948717949	1.2	0.3316298381	0.4830633712	1.456634222	1.140817046	1.218425561
0.8692307692	0.9	0.2417638196	0.3243520747	1.341607173	0.8316751237	0.8181097594
0.8692307692	0.9076923077	0.2437988545	0.3276484343	1.343929343	0.8386757074	0.8264241318
0.8692307692	0.9153846154	0.2458766589	0.3310213345	1.346290193	0.8458234198	0.8349315619
0.8692307692	0.9230769231	0.2479980449	0.3344717052	1.348686863	0.853121054	0.8436343949
0.8692307692	0.9307692308	0.2501638313	0.3380004857	1.351116522	0.8605714275	0.8525350001
0.8692307692	0.9384615385	0.2523748445	0.3416086247	1.353576366	0.868177382	0.8616357705
0.8692307692	0.9461538462	0.2546319174	0.3452970807	1.356063624	0.8759417838	0.8709391234
0.8692307692	0.9538461538	0.2569358905	0.3490668215	1.358575561	0.8838675234	0.8804475001
0.8692307692	0.9615384615	0.259287611	0.3529188244	1.361109476	0.8919575159	0.8901633658
0.8692307692	0.9692307692	0.2616879335	0.3568540764	1.363662709	0.9002147005	0.9000892097
0.8692307692	0.9769230769	0.2641377195	0.3608735738	1.36623264	0.9086420411	0.9102275449
0.8692307692	0.9846153846	0.2666378376	0.3649783226	1.368816691	0.9172425258	0.9205809089
0.8692307692	0.9923076923	0.2691891635	0.3691693383	1.371412331	0.9260191671	0.9311518626
0.8692307692	1	0.2717925802	0.3734476457	1.374017074	0.9349750019	0.9419429915
0.8692307692	1.007692308	0.2744489774	0.3778142793	1.376628483	0.9441130916	0.9529569048
0.8692307692	1.015384615	0.2771592521	0.3822702832	1.379244172	0.9534365219	0.9641962356
0.8692307692	1.023076923	0.2799243086	0.3868167108	1.381861807	0.9629484028	0.9756636413
0.8692307692	1.030769231	0.2827450578	0.3914546252	1.384479107	0.9726518688	0.987361803
0.8692307692	1.038461538	0.2856224182	0.3961850989	1.387093847	0.9825500788	0.999293426
0.8692307692	1.046153846	0.2885573151	0.4010092139	1.389703858	0.992646216	1.01146124
0.8692307692	1.053846154	0.2915506808	0.4059280619	1.392307028	1.002943488	1.023867997
0.8692307692	1.061538462	0.294603455	0.4109427438	1.394901305	1.013445127	1.036516476
0.8692307692	1.069230769	0.2977165842	0.4160543704	1.397484697	1.024154389	1.049409476
0.8692307692	1.076923077	0.3008910223	0.4212640617	1.400055271	1.035074556	1.062549825
0.8692307692	1.084615385	0.3041277298	0.4265729473	1.402611158	1.046208931	1.07594037
0.8692307692	1.092307692	0.3074276749	0.4319821665	1.40515055	1.057560846	1.089583986
0.8692307692	1.1	0.3107918324	0.4374928678	1.407671702	1.069133653	1.103483568
0.8692307692	1.107692308	0.3142211844	0.4431062094	1.410172934	1.080930732	1.11764204
0.8692307692	1.115384615	0.3177167201	0.4488233592	1.412652626	1.092955484	1.132062345
0.8692307692	1.123076923	0.3212794358	0.4546454942	1.415109227	1.105211338	1.146747454
0.8692307692	1.130769231	0.3249103347	0.4605738012	1.417541247	1.117701744	1.161700359
0.8692307692	1.138461538	0.3286104273	0.4666094764	1.419947262	1.130430178	1.176924078
0.8692307692	1.146153846	0.3323807311	0.4727537257	1.422325909	1.143400142	1.192421652
0.8692307692	1.153846154	0.3362222708	0.4790077642	1.424675894	1.156615159	1.208196146
0.8692307692	1.161538462	0.340136078	0.4853728169	1.426995983	1.170078778	1.224250651
0.8692307692	1.169230769	0.3441231914	0.4918501179	1.429285007	1.183794574	1.240588278
0.8692307692	1.176923077	0.3481846571	0.4984409112	1.431541859	1.197766143	1.257212165
0.8692307692	1.184615385	0.3523215279	0.5051464501	1.433765496	1.211997109	1.274125474
0.8692307692	1.192307692	0.356534864	0.5119679974	1.435954935	1.226491117	1.291331389
0.8692307692	1.2	0.3608257324	0.5189068255	1.438109256	1.241251839	1.308833121
1.043589744	0.9	0.2641520874	0.3513649445	1.330161529	0.9086914673	0.8862440313
1.043589744	0.9076923077	0.266417522	0.3549626202	1.332354635	0.9164846333	0.89531841
1.043589744	0.9153846154	0.2687261637	0.3586371887	1.334582326	0.9244264333	0.9045867348
1.043589744	0.9230769231	0.2710788189	0.362389584	1.336842124	0.9325196408	0.9140513611
1.043589744	0.9307692308	0.2734763008	0.3662207493	1.339131574	0.9407670538	0.9237146683
1.043589744	0.9384615385	0.27591943	0.3701316376	1.341448254	0.9491714948	0.9335790599
1.043589744	0.9461538462	0.2784090339	0.3741232112	1.343789768	0.9577358104	0.9436469631
1.043589744	0.9538461538	0.2809459472	0.378196442	1.346153756	0.9664628717	0.9539208295
1.043589744	0.9615384615	0.2835310116	0.3823523114	1.348537887	0.9753555744	0.9644031344
1.043589744	0.9692307692	0.286165076	0.3865918104	1.35093987	0.9844168384	0.9750963773
1.043589744	0.9769230769	0.2888489961	0.3909159394	1.353357445	0.9936496079	0.9860030814
1.043589744	0.9846153846	0.2915836351	0.3953257083	1.355788394	1.003056852	0.9971257943
1.043589744	0.9923076923	0.2943698629	0.3998221367	1.358230536	1.012641563	1.008467087
1.043589744	1	0.2972085567	0.4044062535	1.360681731	1.022406759	1.020029556
1.043589744	1.007692308	0.3001006008	0.4090790973	1.363139881	1.032355481	1.03181582
1.043589744	1.015384615	0.3030468866	0.413841716	1.365602929	1.042490796	1.043828522
1.043589744	1.023076923	0.3060483124	0.4186951672	1.368068864	1.052815795	1.05607033
1.043589744	1.030769231	0.3091057838	0.423640518	1.37053572	1.063333593	1.068543935
1.043589744	1.038461538	0.3122202134	0.4286788449	1.373001576	1.074047328	1.081252053
1.043589744	1.046153846	0.3153925209	0.4338112341	1.375464557	1.084960166	1.094197423
1.043589744	1.053846154	0.3186236331	0.4390387811	1.377922839	1.096075293	1.107382809
1.043589744	1.061538462	0.3219144838	0.444362591	1.380374644	1.107395923	1.120810998
1.043589744	1.069230769	0.3252660141	0.4497837786	1.382818244	1.118925292	1.134484801
1.043589744	1.076923077	0.328679172	0.4553034679	1.385251962	1.130666662	1.148407054
1.043589744	1.084615385	0.3321549126	0.4609227926	1.38767417	1.142623319	1.162580616
1.043589744	1.092307692	0.3356941982	0.4666428959	1.390083291	1.154798573	1.177008372
1.043589744	1.1	0.3392979982	0.4724649306	1.392477802	1.167195758	1.191693227
1.043589744	1.107692308	0.3429672888	0.4783900588	1.394856228	1.179818233	1.206638115
1.043589744	1.115384615	0.3467030537	0.4844194523	1.397217149	1.192669381	1.221845989
1.043589744	1.123076923	0.3505062834	0.4905542923	1.399559196	1.205752611	1.23731983
1.043589744	1.130769231	0.3543779757	0.4967957696	1.401881053	1.219071353	1.253062642
1.043589744	1.138461538	0.3583191352	0.5031450845	1.404181455	1.232629066	1.269077451
1.043589744	1.146153846	0.3623307739	0.5096034468	1.40645919	1.246429229	1.285367308
1.043589744	1.153846154	0.3664139107	0.5161720758	1.408713099	1.260475347	1.301935291
1.043589744	1.161538462	0.3705695717	0.5228522003	1.410942075	1.274770951	1.318784497
1.043589744	1.169230769	0.3747987899	0.5296450587	1.413145061	1.289319595	1.335918051
1.043589744	1.176923077	0.3791026057	0.5365518989	1.415321052	1.304124856	1.3533391
1.043589744	1.184615385	0.3834820663	0.5435739782	1.417469097	1.319190338	1.371050815
1.043589744	1.192307692	0.3879382261	0.5507125635	1.419588291	1.334519668	1.389056393
1.043589744	1.2	0.3924721467	0.5579689314	1.421677783	1.350116496	1.407359051
1.217948718	0.9	0.2879187727	0.3800902727	1.32013022	0.9904496102	0.9586976184
1.217948718	0.9076923077	0.2904382704	0.3840204006	1.322210052	0.9991167614	0.9686105378
1.217948718	0.9153846154	0.2930016142	0.3880281675	1.324320921	1.007934744	0.9787192854
1.217948718	0.9230769231	0.2956096047	0.3921145113	1.32646066	1.016906314	0.9890262266
1.217948718	0.9307692308	0.2982630497	0.3962803794	1.328627129	1.026034247	0.9995337511
1.217948718	0.9384615385	0.3009627638	0.4005267288	1.330818217	1.035321349	1.010244272
1.217948718	0.9461538462	0.303709569	0.4048545257	1.33303184	1.044770445	1.021160228
1.217948718	0.9538461538	0.3065042943	0.4092647462	1.335265945	1.054384388	1.03228408
1.217948718	0.9615384615	0.3093477758	0.4137583756	1.337518508	1.064166053	1.043618313
1.217948718	0.9692307692	0.3122408565	0.418336409	1.33978754	1.074118341	1.055165438
1.217948718	0.9769230769	0.3151843867	0.4229998509	1.342071082	1.084244178	1.066927987
1.217948718	0.9846153846	0.3181792238	0.4277497152	1.34436721	1.094546511	1.078908519
1.217948718	0.9923076923	0.3212262321	0.4325870255	1.346674033	1.105028315	1.091109615
1.217948718	1	0.3243262832	0.4375128147	1.348989698	1.115692588	1.10353388
1.217948718	1.007692308	0.3274802557	0.4425281255	1.351312385	1.126542353	1.116183945
1.217948718	1.015384615	0.3306890353	0.4476340099	1.353640315	1.137580655	1.129062462
1.217948718	1.023076923	0.3339535148	0.4528315294	1.355971743	1.148810567	1.14217211
1.217948718	1.030769231	0.3372745939	0.4581217552	1.358304964	1.160235184	1.15551559
1.217948718	1.038461538	0.3406531798	0.4635057679	1.360638313	1.171857625	1.169095627
1.217948718	1.046153846	0.3440901863	0.4689846576	1.362970164	1.183681035	1.182914972
1.217948718	1.053846154	0.3475865348	0.474559524	1.36529893	1.195708583	1.196976398
1.217948718	1.061538462	0.3511431533	0.4802314762	1.367623067	1.207943463	1.211282702
1.217948718	1.069230769	0.3547609772	0.4860016329	1.36994107	1.220388891	1.225836706
1.217948718	1.076923077	0.3584409489	0.4918711223	1.372251479	1.233048109	1.240641256
1.217948718	1.084615385	0.362184018	0.497841082	1.374552872	1.245924384	1.255699222
1.217948718	1.092307692	0.3659911409	0.5039126594	1.376843872	1.259021006	1.271013497
1.217948718	1.1	0.3698632814	0.5100870112	1.379123143	1.272341291	1.286586998
1.217948718	1.107692308	0.3738014102	0.5163653036	1.381389394	1.285888577	1.302422667
1.217948718	1.115384615	0.3778065053	0.5227487124	1.383641375	1.29966623	1.318523471
1.217948718	1.123076923	0.3818795514	0.5292384228	1.385877879	1.313677636	1.334892398
1.217948718	1.130769231	0.3860215407	0.5358356298	1.388097744	1.327926209	1.351532462
1.217948718	1.138461538	0.3902334722	0.5425415376	1.390299849	1.342415386	1.368446702
1.217948718	1.146153846	0.3945163523	0.54935736	1.392483117	1.357148628	1.385638178
1.217948718	1.153846154	0.3988711941	0.5562843205	1.394646514	1.372129421	1.403109976
1.217948718	1.161538462	0.4032990182	0.5633236519	1.396789049	1.387361274	1.420865206
1.217948718	1.169230769	0.4078008519	0.5704765965	1.398909772	1.402847723	1.438907001
1.217948718	1.176923077	0.4123777298	0.5777444063	1.401007777	1.418592327	1.45723852
1.217948718	1.184615385	0.4170306936	0.5851283428	1.403082199	1.434598668	1.475862944
1.217948718	1.192307692	0.421760792	0.5926296767	1.405132217	1.450870355	1.494783478
1.217948718	1.2	0.4265690809	0.6002496887	1.407157048	1.46741102	1.514003352
1.392307692	0.9	0.3130638755	0.4105280591	1.311323635	1.076949553	1.035470521
1.392307692	0.9076923077	0.3158610997	0.4148217755	1.313304411	1.086572092	1.046300515
1.392307692	0.9153846154	0.3187030104	0.4191942709	1.315313183	1.096348353	1.057329214
1.392307692	0.9230769231	0.3215904024	0.4236464873	1.317348043	1.106281073	1.068558991
1.392307692	0.9307692308	0.3245240779	0.4281793761	1.319407111	1.116373008	1.079992248
1.392307692	0.9384615385	0.327504846	0.4327938983	1.321488533	1.126626944	1.091631408
1.392307692	0.9461538462	0.3305335229	0.4374910243	1.32359048	1.137045688	1.103478919
1.392307692	0.9538461538	0.3336109319	0.442271734	1.325711156	1.147632071	1.115537252
1.392307692	0.9615384615	0.3367379034	0.4471370171	1.327848788	1.158388951	1.127808903
1.392307692	0.9692307692	0.339915275	0.4520878723	1.330001638	1.169319209	1.140296392
1.392307692	0.9769230769	0.3431438912	0.4571253084	1.332167992	1.18042575	1.153002263
1.392307692	0.9846153846	0.3464246037	0.4622503433	1.33434617	1.191711504	1.165929083
1.392307692	0.9923076923	0.3497582712	0.4674640045	1.336534524	1.203179425	1.179079445
1.392307692	1	0.3531457597	0.4727673292	1.338731434	1.214832492	1.192455964
1.392307692	1.007692308	0.3565879421	0.478161364	1.340935314	1.226673707	1.20606128
1.392307692	1.015384615	0.3600856984	0.4836471648	1.34314461	1.238706098	1.219898057
1.392307692	1.023076923	0.3636399157	0.4892257974	1.345357801	1.250932717	1.233968982
1.392307692	1.030769231	0.3672514883	0.4948983369	1.347573401	1.26335664	1.248276768
1.392307692	1.038461538	0.3709213174	0.5006658679	1.349789954	1.275980968	1.262824149
1.392307692	1.046153846	0.3746503114	0.5065294847	1.352006042	1.288808824	1.277613887
1.392307692	1.053846154	0.3784393859	0.5124902907	1.354220279	1.301843359	1.292648764
1.392307692	1.061538462	0.3822894634	0.5185493994	1.356431315	1.315087747	1.307931589
1.392307692	1.069230769	0.3862014735	0.5247079334	1.358637834	1.328545184	1.323465193
1.392307692	1.076923077	0.3901763531	0.5309670249	1.360838556	1.342218895	1.339252432
1.392307692	1.084615385	0.3942150459	0.5373278156	1.363032236	1.356112125	1.355296187
1.392307692	1.092307692	0.3983185029	0.5437914569	1.365217666	1.370228145	1.37159936
1.392307692	1.1	0.4024876821	0.5503591095	1.367393672	1.384570253	1.388164879
1.392307692	1.107692308	0.4067235487	0.5570319437	1.369559116	1.399141766	1.404995698
1.392307692	1.115384615	0.4110270747	0.5638111394	1.371712897	1.413946031	1.42209479
1.392307692	1.123076923	0.4153992396	0.5706978858	1.373853949	1.428986415	1.439465157
1.392307692	1.130769231	0.4198410296	0.5776933818	1.375981243	1.444266312	1.457109821
1.392307692	1.138461538	0.4243534383	0.5847988357	1.378093784	1.45978914	1.475031831
1.392307692	1.146153846	0.4289374663	0.5920154655	1.380190615	1.47555834	1.493234259
1.392307692	1.153846154	0.433594121	0.5993444985	1.382270814	1.491577378	1.511720201
1.392307692	1.161538462	0.4383244174	0.6067871717	1.384333493	1.507849746	1.530492775
1.392307692	1.169230769	0.4431293772	0.6143447314	1.386377801	1.524378959	1.549555127
1.392307692	1.176923077	0.4480100293	0.6220184336	1.388402922	1.541168555	1.568910424
1.392307692	1.184615385	0.4529674098	0.6298095438	1.390408074	1.558222099	1.588561858
1.392307692	1.192307692	0.4580025617	0.637719337	1.392392511	1.57554318	1.608512644
1.392307692	1.2	0.4631165352	0.6457490975	1.394355521	1.593135409	1.628766023
1.566666667	0.9	0.3395873957	0.4426783038	1.303576957	1.168191294	1.116562738
1.566666667	0.9076923077	0.3426860099	0.4473667449	1.305471283	1.178850624	1.128388343
1.566666667	0.9153846154	0.3458303522	0.4521354989	1.307391026	1.18966726	1.14041652
1.566666667	0.9230769231	0.3490212119	0.4569855119	1.309334494	1.200643918	1.152649656
1.566666667	0.9307692308	0.3522593855	0.4619177394	1.31130002	1.211783337	1.16509016
1.566666667	0.9384615385	0.3555456765	0.4669331462	1.313285963	1.223088281	1.177740467
1.566666667	0.9461538462	0.3588808953	0.472032707	1.315290708	1.234561538	1.190603034
1.566666667	0.9538461538	0.3622658598	0.4772174056	1.317312666	1.246205922	1.203680344
1.566666667	0.9615384615	0.3657013946	0.4824882357	1.319350276	1.258024269	1.216974902
1.566666667	0.9692307692	0.3691883315	0.4878462003	1.321402002	1.270019442	1.230489239
1.566666667	0.9769230769	0.3727275096	0.4932923118	1.323466337	1.282194326	1.244225908
1.566666667	0.9846153846	0.3763197748	0.4988275925	1.325541802	1.294551831	1.258187487
1.566666667	0.9923076923	0.3799659803	0.5044530739	1.327626946	1.307094892	1.272376578
1.566666667	1	0.3836669862	0.5101697971	1.329720344	1.319826468	1.286795808
1.566666667	1.007692308	0.3874236599	0.5159788127	1.331820604	1.332749544	1.301447826
1.566666667	1.015384615	0.3912368758	0.5218811809	1.333926358	1.345867126	1.316335306
1.566666667	1.023076923	0.3951075152	0.5278779713	1.336036271	1.359182247	1.331460946
1.566666667	1.030769231	0.3990364668	0.5339702631	1.338149035	1.372697964	1.346827468
1.566666667	1.038461538	0.4030246262	0.540159145	1.340263373	1.386417357	1.362437618
1.566666667	1.046153846	0.4070728961	0.5464457151	1.342378037	1.400343533	1.378294167
1.566666667	1.053846154	0.4111821865	0.5528310813	1.344491808	1.41447962	1.394399907
1.566666667	1.061538462	0.4153534141	0.5593163606	1.346603499	1.428828774	1.410757658
1.566666667	1.069230769	0.4195875031	0.56590268	1.348711951	1.443394173	1.427370261
1.566666667	1.076923077	0.4238853844	0.5725911757	1.350816038	1.45817902	1.444240582
1.566666667	1.084615385	0.4282479964	0.5793829934	1.352914662	1.473186542	1.46137151
1.566666667	1.092307692	0.4326762843	0.5862792884	1.355006756	1.488419991	1.478765961
1.566666667	1.1	0.4371712004	0.5932812256	1.357091284	1.503882643	1.496426873
1.566666667	1.107692308	0.4417337041	0.6003899793	1.35916724	1.5195778	1.514357206
1.566666667	1.115384615	0.4463647622	0.6076067333	1.361233647	1.535508784	1.532559947
1.566666667	1.123076923	0.4510653481	0.6149326811	1.363289563	1.551678947	1.551038107
1.566666667	1.130769231	0.4558364426	0.6223690255	1.36533407	1.568091662	1.569794718
1.566666667	1.138461538	0.4606790335	0.6299169788	1.367366285	1.584750327	1.58883284
1.566666667	1.146153846	0.4655941158	0.6375777631	1.369385354	1.601658364	1.608155554
1.566666667	1.153846154	0.4705826914	0.6453526097	1.371390452	1.618819221	1.627765966
1.566666667	1.161538462	0.4756457694	0.6532427596	1.373380784	1.636236368	1.647667207
1.566666667	1.169230769	0.4807843659	0.6612494633	1.375355586	1.653913301	1.66786243
1.566666667	1.176923077	0.4859995043	0.6693739807	1.377314122	1.671853541	1.688354813
1.566666667	1.184615385	0.4912922149	0.6776175813	1.379255687	1.690060631	1.709147558
1.566666667	1.192307692	0.4966635351	0.6859815442	1.381179603	1.708538141	1.730243892
1.566666667	1.2	0.5021145094	0.6944671579	1.383085222	1.727289664	1.751647064
1.741025641	0.9	0.3674893335	0.4765410069	1.29674786	1.264174835	1.201974271
1.741025641	0.9076923077	0.3709130009	0.4816553088	1.2985668	1.275952359	1.21487402
1.741025641	0.9153846154	0.3743836396	0.4868518515	1.300408992	1.287891465	1.227981204
1.741025641	0.9230769231	0.3779020333	0.4921315852	1.302272922	1.299994849	1.241298219
1.741025641	0.9307692308	0.3814689725	0.4974954691	1.3041571	1.312265232	1.254827486
1.741025641	0.9384615385	0.3850852553	0.5029444725	1.306060062	1.324705358	1.268571449
1.741025641	0.9461538462	0.3887516865	0.5084795737	1.307980367	1.337317997	1.282532575
1.741025641	0.9538461538	0.3924690781	0.5141017609	1.309916601	1.350105941	1.296713358
1.741025641	0.9615384615	0.3962382493	0.5198120316	1.311867374	1.363072008	1.311116312
1.741025641	0.9692307692	0.4000600261	0.5256113928	1.313831322	1.37621904	1.325743979
1.741025641	0.9769230769	0.403935242	0.5315008613	1.315807105	1.389549904	1.340598922
1.741025641	0.9846153846	0.4078647372	0.537481463	1.31779341	1.403067491	1.35568373
1.741025641	0.9923076923	0.4118493593	0.5435542336	1.31978895	1.416774716	1.371001014
1.741025641	1	0.4158899627	0.5497202183	1.321792463	1.430674518	1.386553411
1.741025641	1.007692308	0.4199874092	0.5559804718	1.323802713	1.444769863	1.402343581
1.741025641	1.015384615	0.4241425674	0.5623360581	1.32581849	1.459063737	1.418374208
1.741025641	1.023076923	0.4283563132	0.568788051	1.327838609	1.473559155	1.434648001
1.741025641	1.030769231	0.4326295295	0.5753375337	1.329861913	1.488259153	1.451167691
1.741025641	1.038461538	0.4369631062	0.581985599	1.331887271	1.503166793	1.467936035
1.741025641	1.046153846	0.4413579405	0.588733349	1.333913577	1.518285161	1.484955812
1.741025641	1.053846154	0.4458149365	0.5955818956	1.335939752	1.533617367	1.502229828
1.741025641	1.061538462	0.4503350055	0.6025323599	1.337964743	1.549166546	1.519760909
1.741025641	1.069230769	0.4549190658	0.6095858728	1.339987524	1.564935857	1.537551909
1.741025641	1.076923077	0.459568043	0.6167435747	1.342007096	1.580928485	1.555605704
1.741025641	1.084615385	0.4642828695	0.6240066152	1.344022483	1.597147636	1.573925193
1.741025641	1.092307692	0.4690644849	0.6313761539	1.34603274	1.613596543	1.592513302
1.741025641	1.1	0.473913836	0.6388533594	1.348036944	1.630278463	1.611372977
1.741025641	1.107692308	0.4788318766	0.6464394102	1.350034202	1.647196677	1.630507192
1.741025641	1.115384615	0.4838195676	0.6541354942	1.352023643	1.66435449	1.649918942
1.741025641	1.123076923	0.4888778769	0.6619428088	1.354004426	1.681755233	1.669611248
1.741025641	1.130769231	0.4940077796	0.6698625609	1.355975733	1.699402259	1.689587153
1.741025641	1.138461538	0.4992102578	0.677895967	1.357936774	1.717298947	1.709849727
1.741025641	1.146153846	0.5044863009	0.6860442529	1.359886783	1.735448701	1.730402061
1.741025641	1.153846154	0.5098369052	0.6943086542	1.361825021	1.753854948	1.751247272
1.741025641	1.161538462	0.5152630741	0.7026904158	1.363750773	1.772521139	1.7723885
1.741025641	1.169230769	0.5207658181	0.7111907923	1.365663351	1.791450751	1.793828908
1.741025641	1.176923077	0.5263461548	0.7198110476	1.36756209	1.810647284	1.815571686
1.741025641	1.184615385	0.5320051089	0.7285524554	1.369446352	1.830114264	1.837620045
1.741025641	1.192307692	0.5377437122	0.7374162986	1.37131552	1.849855239	1.859977221
1.741025641	1.2	0.5435630036	0.7464038698	1.373169007	1.869873784	1.882646476
1.915384615	0.9	0.3967696887	0.5121161682	1.29071394	1.364900176	1.291705119
1.915384615	0.9076923077	0.4005420728	0.5176874672	1.29246714	1.377877296	1.305757546
1.915384615	0.9153846154	0.4043628727	0.5233433288	1.294241791	1.391020967	1.320023265
1.915384615	0.9230769231	0.4082328664	0.529084707	1.296036529	1.404333867	1.334504682
1.915384615	0.9307692308	0.4121528389	0.5349125655	1.297850008	1.417818695	1.349204227
1.915384615	0.9384615385	0.4161235825	0.5408278771	1.299680912	1.431478178	1.364124354
1.915384615	0.9461538462	0.4201458963	0.5468316245	1.301527944	1.445315063	1.379267542
1.915384615	0.9538461538	0.4242205868	0.5529247998	1.303389833	1.459332127	1.394636293
1.915384615	0.9615384615	0.4283484675	0.5591084046	1.305265332	1.473532165	1.410233133
1.915384615	0.9692307692	0.4325303587	0.56538345	1.307153217	1.487918003	1.426060612
1.915384615	0.9769230769	0.4367670883	0.5717509566	1.309052289	1.502492485	1.442121306
1.915384615	0.9846153846	0.4410594908	0.5782119546	1.310961371	1.517258485	1.458417812
1.915384615	0.9923076923	0.4454084082	0.5847674836	1.31287931	1.532218897	1.474952752
1.915384615	1	0.4498146892	0.5914185929	1.314804979	1.547376642	1.491728774
1.915384615	1.007692308	0.4542791899	0.5981663411	1.316737272	1.562734664	1.508748547
1.915384615	1.015384615	0.4588027734	0.6050117964	1.318675107	1.578295933	1.526014765
1.915384615	1.023076923	0.4633863098	0.6119560365	1.320617428	1.594063442	1.543530148
1.915384615	1.030769231	0.4680306763	0.6190001488	1.3225632	1.610040209	1.561297437
1.915384615	1.038461538	0.4727367574	0.62614523	1.324511412	1.626229275	1.579319398
1.915384615	1.046153846	0.4775054444	0.6333923863	1.326461078	1.642633708	1.597598823
1.915384615	1.053846154	0.4823376359	0.6407427336	1.328411233	1.659256599	1.616138525
1.915384615	1.061538462	0.4872342375	0.6481973972	1.330360938	1.676101062	1.634941343
1.915384615	1.069230769	0.4921961618	0.6557575118	1.332309276	1.693170237	1.654010139
1.915384615	1.076923077	0.4972243288	0.6634242219	1.334255352	1.710467289	1.6733478
1.915384615	1.084615385	0.5023196651	0.6711986813	1.336198297	1.727995406	1.692957235
1.915384615	1.092307692	0.5074831049	0.6790820534	1.338137264	1.745757801	1.71284138
1.915384615	1.1	0.5127155892	0.687075511	1.340071426	1.763757711	1.733003193
1.915384615	1.107692308	0.5180180661	0.6951802366	1.341999984	1.781998398	1.753445655
1.915384615	1.115384615	0.5233914909	0.7033974221	1.343922158	1.800483148	1.774171774
1.915384615	1.123076923	0.5288368259	0.711728269	1.345837192	1.819215271	1.79518458
1.915384615	1.130769231	0.5343550405	0.7201739881	1.347744353	1.838198102	1.816487127
1.915384615	1.138461538	0.5399471112	0.7287358001	1.349642928	1.857435001	1.838082493
1.915384615	1.146153846	0.5456140217	0.7374149348	1.351532229	1.876929351	1.859973782
1.915384615	1.153846154	0.5513567625	0.7462126318	1.353411589	1.896684559	1.882164118
1.915384615	1.161538462	0.5571763315	0.7551301401	1.355280362	1.916704059	1.904656654
1.915384615	1.169230769	0.5630737336	0.7641687183	1.357137925	1.936991307	1.927454563
1.915384615	1.176923077	0.5690499807	0.7733296343	1.358983676	1.957549785	1.950561043
1.915384615	1.184615385	0.5751060918	0.7826141659	1.360817034	1.978382997	1.973979317
1.915384615	1.192307692	0.5812430931	0.7920235999	1.362637439	1.999494474	1.997712632
1.915384615	1.2	0.5874620178	0.8015592332	1.364444354	2.02088777	2.021764257
2.08974359	0.9	0.4274284614	0.5494037878	1.285370155	1.470367316	1.385755282
2.08974359	0.9076923077	0.4315732256	0.5554632201	1.287065988	1.484625435	1.401038923
2.08974359	0.9153846154	0.4357680515	0.5616099306	1.288781793	1.499055767	1.416542705
2.08974359	0.9230769231	0.4400137114	0.5678448775	1.290516325	1.51366097	1.432269045
2.08974359	0.9307692308	0.4443109847	0.5741690283	1.292268362	1.528443725	1.448220382
2.08974359	0.9384615385	0.448660658	0.5805833601	1.294036706	1.543406738	1.464399183
2.08974359	0.9461538462	0.4530635248	0.5870888594	1.295820183	1.558552738	1.480807934
2.08974359	0.9538461538	0.457520386	0.5936865225	1.297617638	1.57388448	1.497449149
2.08974359	0.9615384615	0.4620320492	0.6003773549	1.299427942	1.589404743	1.514325363
2.08974359	0.9692307692	0.4665993294	0.6071623718	1.301249988	1.60511633	1.531439139
2.08974359	0.9769230769	0.4712230485	0.614042598	1.303082691	1.621022069	1.548793059
2.08974359	0.9846153846	0.4759040357	0.6210190674	1.304924987	1.637124812	1.566389733
2.08974359	0.9923076923	0.480643127	0.628092824	1.306775836	1.653427435	1.584231794
2.08974359	1	0.4854411657	0.6352649208	1.308634219	1.669932838	1.602321897
2.08974359	1.007692308	0.4902990021	0.6425364206	1.31049914	1.686643948	1.620662723
2.08974359	1.015384615	0.4952174937	0.6499083957	1.312369624	1.703563713	1.639256977
2.08974359	1.023076923	0.5001975049	0.6573819279	1.314244716	1.720695108	1.658107387
2.08974359	1.030769231	0.5052399074	0.6649581084	1.316123486	1.738041131	1.677216705
2.08974359	1.038461538	0.5103455798	0.672638038	1.318005024	1.755604804	1.696587709
2.08974359	1.046153846	0.515515408	0.6804228271	1.319888439	1.773389175	1.7162232
2.08974359	1.053846154	0.5207502848	0.6883135955	1.321772864	1.791397316	1.736126
2.08974359	1.061538462	0.5260511101	0.6963114725	1.323657453	1.809632321	1.756298959
2.08974359	1.069230769	0.531418791	0.704417597	1.325541379	1.828097312	1.77674495
2.08974359	1.076923077	0.5368542417	0.7126331173	1.327423837	1.846795433	1.797466869
2.08974359	1.084615385	0.5423583833	0.7209591915	1.329304043	1.865729853	1.818467637
2.08974359	1.092307692	0.5479321443	0.7293969868	1.331181232	1.884903765	1.839750197
2.08974359	1.1	0.5535764599	0.7379476803	1.333054661	1.904320388	1.86131752
2.08974359	1.107692308	0.5592922727	0.7466124583	1.334923608	1.923982963	1.883172596
2.08974359	1.115384615	0.5650805322	0.7553925169	1.336787367	1.943894758	1.905318444
2.08974359	1.123076923	0.5709421952	0.7642890615	1.338645257	1.964059062	1.927758103
2.08974359	1.130769231	0.5768782254	0.7733033071	1.340496613	1.984479192	1.950494638
2.08974359	1.138461538	0.5828895937	0.7824364783	1.342340791	2.005158488	1.973531138
2.08974359	1.146153846	0.588977278	0.7916898089	1.344177167	2.026100313	1.996870714
2.08974359	1.153846154	0.5951422633	0.8010645427	1.346005135	2.047308055	2.020516505
2.08974359	1.161538462	0.6013855418	0.8105619327	1.34782411	2.068785129	2.04447167
2.08974359	1.169230769	0.6077081126	0.8201832414	1.349633524	2.090534971	2.068739393
2.08974359	1.176923077	0.6141109821	0.8299297409	1.351432827	2.112561043	2.093322885
2.08974359	1.184615385	0.6205951637	0.8398027128	1.353221491	2.134866831	2.118225376
2.08974359	1.192307692	0.6271616778	0.8498034484	1.354999003	2.157455846	2.143450124
2.08974359	1.2	0.633811552	0.8599332481	1.35676487	2.180331622	2.169000409
2.264102564	0.9	0.4594656517	0.5884038657	1.280626448	1.580576255	1.48412476
2.264102564	0.9076923077	0.4640064593	0.5949825675	1.282272166	1.596196776	1.500718149
2.264102564	0.9153846154	0.4685991759	0.6016516571	1.283936652	1.611995865	1.517539522
2.264102564	0.9230769231	0.4732445682	0.6084120966	1.285618764	1.62797616	1.534591306
2.264102564	0.9307692308	0.4779434098	0.6152648577	1.287317379	1.644140323	1.551875952
2.264102564	0.9384615385	0.4826964818	0.6222109214	1.289031399	1.66049104	1.569395934
2.264102564	0.9461538462	0.487504572	0.6292512784	1.290759748	1.677031021	1.587153751
2.264102564	0.9538461538	0.4923684755	0.6363869288	1.292501369	1.693763001	1.605151926
2.264102564	0.9615384615	0.4972889944	0.6436188824	1.294255231	1.710689741	1.623393004
2.264102564	0.9692307692	0.5022669381	0.6509481583	1.296020321	1.727814023	1.641879558
2.264102564	0.9769230769	0.5073031227	0.6583757852	1.297795649	1.745138656	1.660614182
2.264102564	0.9846153846	0.5123983717	0.6659028014	1.299580245	1.762666473	1.679599494
2.264102564	0.9923076923	0.5175535157	0.6735302546	1.301373161	1.78040033	1.698838138
2.264102564	1	0.5227693921	0.681259202	1.303173469	1.798343108	1.718332779
2.264102564	1.007692308	0.5280468457	0.6890907105	1.304980261	1.816497714	1.738086109
2.264102564	1.015384615	0.5333867282	0.6970258562	1.30679265	1.834867078	1.758100842
2.264102564	1.023076923	0.5387898986	0.7050657251	1.30860977	1.853454153	1.778379717
2.264102564	1.030769231	0.5442572226	0.7132114125	1.310430772	1.872261919	1.798925497
2.264102564	1.038461538	0.5497895735	0.7214640231	1.31225483	1.89129338	1.819740968
2.264102564	1.046153846	0.5553878312	0.7298246713	1.314081134	1.910551562	1.840828941
2.264102564	1.053846154	0.5610528831	0.7382944811	1.315908898	1.930039518	1.862192252
2.264102564	1.061538462	0.5667856234	0.7468745858	1.317737351	1.949760325	1.883833758
2.264102564	1.069230769	0.5725869535	0.7555661283	1.319565742	1.969717082	1.905756342
2.264102564	1.076923077	0.5784577819	0.764370261	1.321393341	1.989912916	1.927962912
2.264102564	1.084615385	0.5843990241	0.7732881458	1.323219434	2.010350976	1.950456397
2.264102564	1.092307692	0.5904116029	0.7823209543	1.325043326	2.031034435	1.973239753
2.264102564	1.1	0.596496448	0.7914698674	1.326864343	2.051966493	1.996315958
2.264102564	1.107692308	0.6026544962	0.8007360755	1.328681824	2.073150372	2.019688016
2.264102564	1.115384615	0.6088866915	0.8101207787	1.330495132	2.09458932	2.043358952
2.264102564	1.123076923	0.6151939848	0.8196251865	1.332303642	2.116286607	2.067331818
2.264102564	1.130769231	0.6215773344	0.8292505179	1.334106751	2.138245529	2.091609688
2.264102564	1.138461538	0.6280377053	0.8389980014	1.335903871	2.160469408	2.116195661
2.264102564	1.146153846	0.6345760699	0.8488688752	1.337694432	2.182961587	2.14109286
2.264102564	1.153846154	0.6411934075	0.8588643869	1.339477881	2.205725436	2.166304432
2.264102564	1.161538462	0.6478907047	0.8689857934	1.341253682	2.228764349	2.191833547
2.264102564	1.169230769	0.654668955	0.8792343615	1.343021316	2.252081742	2.2176834
2.264102564	1.176923077	0.661529159	0.8896113672	1.344780279	2.275681059	2.243857211
2.264102564	1.184615385	0.6684723244	0.9001180963	1.346530086	2.299565766	2.270358221
2.264102564	1.192307692	0.6754994662	0.9107558438	1.348270264	2.323739354	2.297189697
2.264102564	1.2	0.6826116061	0.9215259145	1.350000361	2.348205339	2.324354931
2.438461538	0.9	0.4928812594	0.6291164018	1.276405605	1.695526994	1.586813553
2.438461538	0.9076923077	0.4978417739	0.6362455094	1.278007477	1.712591319	1.604795225
2.438461538	0.9153846154	0.502856246	0.6434685082	1.279627157	1.729841261	1.623013717
2.438461538	0.9230769231	0.5079254368	0.6507863644	1.281263582	1.747279436	1.641471467
2.438461538	0.9307692308	0.5130501143	0.6582000536	1.282915714	1.764908488	1.660170936
2.438461538	0.9384615385	0.5182310539	0.6657105611	1.284582535	1.782731082	1.679114609
2.438461538	0.9461538462	0.5234690378	0.6733188814	1.286263051	1.800749911	1.698304994
2.438461538	0.9538461538	0.5287648554	0.6810260189	1.287956285	1.81896769	1.717744624
2.438461538	0.9615384615	0.5341193032	0.6888329871	1.289661285	1.837387159	1.737436056
2.438461538	0.9692307692	0.5395331848	0.6967408094	1.291377118	1.856011081	1.757381871
2.438461538	0.9769230769	0.5450073108	0.7047505185	1.293102871	1.874842246	1.777584675
2.438461538	0.9846153846	0.550542499	0.7128631566	1.294837652	1.893883467	1.798047095
2.438461538	0.9923076923	0.5561395743	0.7210797755	1.296580587	1.913137582	1.818771784
2.438461538	1	0.5617993685	0.7294014366	1.298330823	1.932607452	1.839761421
2.438461538	1.007692308	0.5675227208	0.7378292106	1.300087527	1.952295963	1.861018705
2.438461538	1.015384615	0.5733104771	0.7463641778	1.301849883	1.972206026	1.882546361
2.438461538	1.023076923	0.5791634908	0.7550074282	1.303617096	1.992340577	1.904347139
2.438461538	1.030769231	0.5850826221	0.763760061	1.305388388	2.012702574	1.926423811
2.438461538	1.038461538	0.5910687383	0.7726231851	1.307163	2.033295002	1.948779174
2.438461538	1.046153846	0.5971227141	0.781597919	1.30894019	2.054120868	1.971416049
2.438461538	1.053846154	0.6032454308	0.7906853905	1.310719236	2.075183206	1.994337281
2.438461538	1.061538462	0.6094377773	0.7998867371	1.312499433	2.096485072	2.017545739
2.438461538	1.069230769	0.6157006491	0.8092031057	1.314280092	2.118029548	2.041044315
2.438461538	1.076923077	0.6220349492	0.8186356528	1.316060543	2.139819739	2.064835927
2.438461538	1.084615385	0.6284415875	0.8281855443	1.317840132	2.161858775	2.088923516
2.438461538	1.092307692	0.6349214809	0.8378539558	1.319618222	2.184149812	2.113310047
2.438461538	1.1	0.6414755536	0.8476420722	1.321394194	2.206696028	2.137998508
2.438461538	1.107692308	0.6481047368	0.857551088	1.323167444	2.229500626	2.162991912
2.438461538	1.115384615	0.6548099687	0.8675822074	1.324937385	2.252566834	2.188293297
2.438461538	1.123076923	0.6615921947	0.8777366438	1.326703445	2.275897904	2.213905723
2.438461538	1.130769231	0.6684523673	0.8880156203	1.328465069	2.299497113	2.239832275
2.438461538	1.138461538	0.675391446	0.8984203696	1.330221718	2.323367761	2.266076063
2.438461538	1.146153846	0.6824103974	0.9089521337	1.331972867	2.347513174	2.292640219
2.438461538	1.153846154	0.6895101953	0.9196121642	1.333718008	2.371936702	2.319527899
2.438461538	1.161538462	0.6966918204	0.9304017223	1.335456647	2.396641718	2.346742286
2.438461538	1.169230769	0.7039562608	0.9413220787	1.337188304	2.42163162	2.374286584
2.438461538	1.176923077	0.7113045113	0.9523745134	1.338912517	2.446909833	2.402164021
2.438461538	1.184615385	0.7187375741	0.9635603162	1.340628834	2.472479802	2.430377852
2.438461538	1.192307692	0.7262564583	0.9748807863	1.342336822	2.498344999	2.458931352
2.438461538	1.2	0.7338621802	0.9863372324	1.344036059	2.524508921	2.487827823
2.612820513	0.9	0.5276752845	0.6715413963	1.272641369	1.815219532	1.693821662
2.612820513	0.9076923077	0.5330791693	0.6792520458	1.274204818	1.833809065	1.71327015
2.612820513	0.9153846154	0.5385392617	0.6870604839	1.275785319	1.852591954	1.73296529
2.612820513	0.9230769231	0.5440563172	0.6949676808	1.277381879	1.871570798	1.752909528
2.612820513	0.9307692308	0.5496310982	0.7029746161	1.278993526	1.89074822	1.773105335
2.612820513	0.9384615385	0.5552643744	0.7110822791	1.280619308	1.910126867	1.793555207
2.612820513	0.9461538462	0.5609569223	0.7192916686	1.282258298	1.92970941	1.814261661
2.612820513	0.9538461538	0.5667095257	0.7276037926	1.283909586	1.949498546	1.835227243
2.612820513	0.9615384615	0.5725229755	0.7360196691	1.285572284	1.969496996	1.856454518
2.612820513	0.9692307692	0.5783980696	0.7445403252	1.287245522	1.989707504	1.877946077
2.612820513	0.9769230769	0.5843356129	0.7531667977	1.288928453	2.010132839	1.899704536
2.612820513	0.9846153846	0.5903364176	0.761900133	1.290620247	2.030775795	1.921732534
2.612820513	0.9923076923	0.5964013028	0.7707413868	1.292320092	2.051639191	1.944032734
2.612820513	1	0.602531095	0.7796916245	1.294027198	2.072725868	1.966607822
2.612820513	1.007692308	0.6087266273	0.7887519209	1.29574079	2.094038694	1.989460511
2.612820513	1.015384615	0.6149887403	0.7979233605	1.297460113	2.115580559	2.012593535
2.612820513	1.023076923	0.6213182816	0.807207037	1.299184429	2.137354379	2.036009652
2.612820513	1.030769231	0.6277161057	0.8166040539	1.300913019	2.159363095	2.059711647
2.612820513	1.038461538	0.6341830744	0.8261155242	1.302645178	2.18160967	2.083702327
2.612820513	1.046153846	0.6407200566	0.8357425701	1.304380223	2.204097094	2.107984521
2.612820513	1.053846154	0.647327928	0.8454863237	1.306117483	2.226828379	2.132561087
2.612820513	1.061538462	0.6540075718	0.8553479265	1.307856305	2.249806563	2.157434902
2.612820513	1.069230769	0.660759878	0.8653285294	1.309596055	2.273034709	2.182608869
2.612820513	1.076923077	0.6675857438	0.8754292929	1.311336111	2.296515901	2.208085917
2.612820513	1.084615385	0.6744860734	0.885651387	1.313075869	2.320253251	2.233868995
2.612820513	1.092307692	0.6814617783	0.8959959913	1.314814741	2.344249895	2.259961079
2.612820513	1.1	0.6885137767	0.9064642947	1.316552152	2.368508991	2.286365169
2.612820513	1.107692308	0.6956429944	0.917057496	1.318287546	2.393033723	2.313084287
2.612820513	1.115384615	0.7028503639	0.927776803	1.320020378	2.4178273	2.34012148
2.612820513	1.123076923	0.7101368249	0.9386234335	1.32175012	2.442892955	2.36747982
2.612820513	1.130769231	0.7175033242	0.9495986146	1.323476258	2.468233943	2.395162401
2.612820513	1.138461538	0.7249508157	0.9607035828	1.325198292	2.493853548	2.423172344
2.612820513	1.146153846	0.7324802604	0.9719395843	1.326915737	2.519755074	2.45151279
2.612820513	1.153846154	0.7400926264	0.9833078748	1.32862812	2.545941852	2.480186907
2.612820513	1.161538462	0.7477888889	0.9948097194	1.330334984	2.572417236	2.509197886
2.612820513	1.169230769	0.75557003	1.006446393	1.332035884	2.599184606	2.538548943
2.612820513	1.176923077	0.7634370391	1.018219179	1.333730389	2.626247364	2.568243316
2.612820513	1.184615385	0.7713909127	1.030129373	1.335418081	2.653608938	2.598284269
2.612820513	1.192307692	0.7794326542	1.042178276	1.337098555	2.681272781	2.628675088
2.612820513	1.2	0.7875632743	1.054367202	1.338771418	2.70924237	2.659419086
2.787179487	0.9	0.5638477272	0.7156788491	1.269276818	1.93965387	1.805149086
2.787179487	0.9076923077	0.5697186456	0.7240021767	1.270806533	1.959850013	1.826142926
2.787179487	0.9153846154	0.5756482231	0.7324275842	1.272352723	1.980247946	1.847394241
2.787179487	0.9230769231	0.5816372095	0.7409560458	1.27391445	2.000850247	1.868905488
2.787179487	0.9307692308	0.5876863615	0.7495885451	1.275490796	2.021659519	1.890679148
2.787179487	0.9384615385	0.5937964432	0.7583260755	1.277080865	2.042678392	1.912717727
2.787179487	0.9461538462	0.5999682255	0.7671696398	1.278683782	2.063909517	1.935023755
2.787179487	0.9538461538	0.6062024865	0.77612025	1.280298691	2.08535557	1.957599783
2.787179487	0.9615384615	0.6125000113	0.7851789282	1.281924757	2.107019253	1.98044839
2.787179487	0.9692307692	0.6188615923	0.7943467055	1.283561164	2.128903291	2.003572176
2.787179487	0.9769230769	0.6252880289	0.8036246228	1.285207114	2.151010435	2.026973768
2.787179487	0.9846153846	0.6317801273	0.8130137305	1.28686183	2.173343457	2.050655813
2.787179487	0.9923076923	0.6383387013	0.8225150883	1.288524551	2.195905157	2.074620986
2.787179487	1	0.6449645713	0.8321297657	1.290194536	2.218698358	2.098871984
2.787179487	1.007692308	0.6516585653	0.8418588416	1.29187106	2.241725907	2.123411527
2.787179487	1.015384615	0.6584215178	0.8517034043	1.293553417	2.264990676	2.148242362
2.787179487	1.023076923	0.6652542709	0.8616645517	1.295240917	2.288495561	2.173367258
2.787179487	1.030769231	0.6721576735	0.8717433914	1.296932886	2.312243483	2.198789007
2.787179487	1.038461538	0.6791325817	0.8819410402	1.298628668	2.336237386	2.224510427
2.787179487	1.046153846	0.6861798587	0.8922586247	1.300327623	2.360480239	2.25053436
2.787179487	1.053846154	0.6933003746	0.9026972807	1.302029126	2.384975038	2.27686367
2.787179487	1.061538462	0.700495007	0.9132581539	1.303732567	2.409724799	2.303501247
2.787179487	1.069230769	0.7077646401	0.9239423992	1.305437354	2.434732565	2.330450004
2.787179487	1.076923077	0.7151101656	0.9347511811	1.307142908	2.460001403	2.357712879
2.787179487	1.084615385	0.7225324819	0.9456856738	1.308848664	2.485534404	2.385292833
2.787179487	1.092307692	0.7300324949	0.9567470607	1.310554075	2.511334684	2.41319285
2.787179487	1.1	0.7376111173	0.967936535	1.312258604	2.537405383	2.441415941
2.787179487	1.107692308	0.745269269	0.9792552993	1.313961732	2.563749665	2.469965139
2.787179487	1.115384615	0.753007877	0.9907045657	1.315662951	2.590370719	2.498843501
2.787179487	1.123076923	0.7608278753	1.002285556	1.317361769	2.617271758	2.528054108
2.787179487	1.130769231	0.7687302051	1.013999501	1.319057706	2.644456021	2.557600065
2.787179487	1.138461538	0.7767158146	1.025847641	1.320750295	2.671926768	2.587484503
2.787179487	1.146153846	0.7847856591	1.037831227	1.322439083	2.699687286	2.617710574
2.787179487	1.153846154	0.7929407011	1.049951519	1.324123629	2.727740887	2.648281455
2.787179487	1.161538462	0.8011819101	1.062209785	1.325803505	2.756090904	2.679200348
2.787179487	1.169230769	0.8095102626	1.074607304	1.327478296	2.784740698	2.710470478
2.787179487	1.176923077	0.8179267424	1.087145365	1.329147598	2.813693652	2.742095095
2.787179487	1.184615385	0.8264323402	1.099825266	1.33081102	2.842953176	2.774077472
2.787179487	1.192307692	0.8350280539	1.112648312	1.332468182	2.8725227	2.806420906
2.787179487	1.2	0.8437148884	1.125615823	1.334118715	2.902405684	2.839128718
2.961538462	0.9	0.6013985874	0.7615287601	1.266262968	2.068830007	1.920795825
2.961538462	0.9076923077	0.6077602027	0.7704959021	1.267763007	2.090714163	1.943413551
2.961538462	0.9153846154	0.6141831301	0.7795698091	1.269279098	2.112809235	1.966300569
2.961538462	0.9230769231	0.6206681135	0.7887514594	1.270810345	2.135117781	1.989459347
2.961538462	0.9307692308	0.6272159042	0.7980418407	1.272355875	2.157642386	2.012892376
2.961538462	0.9384615385	0.6338272603	0.8074419503	1.273914836	2.180385659	2.036602172
2.961538462	0.9461538462	0.6405029473	0.816952795	1.275486395	2.203350232	2.060591273
2.961538462	0.9538461538	0.6472437376	0.8265753912	1.277069739	2.226538762	2.084862244
2.961538462	0.9615384615	0.6540504107	0.8363107646	1.278664077	2.24995393	2.109417672
2.961538462	0.9692307692	0.6609237532	0.8461599505	1.280268634	2.273598444	2.134260168
2.961538462	0.9769230769	0.6678645588	0.856123994	1.281882655	2.297475033	2.159392368
2.961538462	0.9846153846	0.6748736283	0.8662039492	1.283505404	2.321586452	2.184816931
2.961538462	0.9923076923	0.6819517696	0.8764008802	1.285136162	2.34593548	2.210536541
2.961538462	1	0.6890997977	0.8867158603	1.286774228	2.370524921	2.236553905
2.961538462	1.007692308	0.6963185347	0.8971499725	1.288418917	2.395357603	2.262871754
2.961538462	1.015384615	0.7036088096	0.9077043092	1.290069562	2.420436377	2.289492844
2.961538462	1.023076923	0.7109714588	0.9183799723	1.291725513	2.445764121	2.316419955
2.961538462	1.030769231	0.7184073255	0.9291780733	1.293386134	2.471343736	2.343655889
2.961538462	1.038461538	0.7259172602	0.9400997333	1.295050806	2.497178147	2.371203475
2.961538462	1.046153846	0.7335021204	0.9511460826	1.296718927	2.523270304	2.399065563
2.961538462	1.053846154	0.7411627707	0.9623182615	1.298389908	2.549623182	2.42724503
2.961538462	1.061538462	0.7489000828	0.9736174193	1.300063175	2.576239778	2.455744775
2.961538462	1.069230769	0.7567149354	0.9850447151	1.30173817	2.603123116	2.484567721
2.961538462	1.076923077	0.7646082145	0.9966013176	1.303414348	2.630276244	2.513716815
2.961538462	1.084615385	0.772580813	1.008288405	1.30509118	2.657702233	2.54319503
2.961538462	1.092307692	0.7806336309	1.020107164	1.306768148	2.685404179	2.57300536
2.961538462	1.1	0.7887675754	1.032058793	1.30844475	2.713385203	2.603150825
2.961538462	1.107692308	0.7969835607	1.044144498	1.310120496	2.74164845	2.633634469
2.961538462	1.115384615	0.8052825081	1.056365495	1.31179491	2.77019709	2.664459359
2.961538462	1.123076923	0.813665346	1.06872301	1.313467527	2.799034315	2.695628587
2.961538462	1.130769231	0.82213301	1.081218278	1.315137898	2.828163345	2.727145268
2.961538462	1.138461538	0.8306864425	1.093852544	1.316805582	2.857587421	2.759012541
2.961538462	1.146153846	0.8393265934	1.106627062	1.318470153	2.887309811	2.79123357
2.961538462	1.153846154	0.8480544192	1.119543096	1.320131197	2.917333806	2.823811543
2.961538462	1.161538462	0.856870884	1.132601918	1.321788311	2.947662721	2.856749671
2.961538462	1.169230769	0.8657769586	1.145804812	1.323441102	2.978299897	2.89005119
2.961538462	1.176923077	0.8747736211	1.159153071	1.325089192	3.009248698	2.923719359
2.961538462	1.184615385	0.8838618566	1.172647995	1.326732211	3.040512514	2.957757461
2.961538462	1.192307692	0.8930426573	1.186290896	1.3283698	3.072094756	2.992168805
2.961538462	1.2	0.9023170225	1.200083095	1.330001613	3.103998863	3.026956721
3.135897436	0.9	0.640327865	0.8090911295	1.263557583	2.202747943	2.040761879
3.135897436	0.9076923077	0.6472038408	0.818733222	1.265031464	2.226401515	2.065082025
3.135897436	0.9153846154	0.6541439828	0.8284871586	1.266521103	2.250275821	2.089684275
3.135897436	0.9230769231	0.6611490294	0.8383539216	1.268025641	2.274373402	2.114571105
3.135897436	0.9307692308	0.6682197262	0.8483345028	1.269544237	2.29869682	2.139745018
3.135897436	0.9384615385	0.6753568258	0.8584299034	1.271076075	2.323248667	2.165208539
3.135897436	0.9461538462	0.6825610879	0.8686411344	1.272620356	2.348031554	2.190964217
3.135897436	0.9538461538	0.6898332791	0.878969216	1.274176301	2.37304812	2.217014627
3.135897436	0.9615384615	0.6971741735	0.8894151781	1.275743153	2.398301027	2.243362365
3.135897436	0.9692307692	0.704584552	0.8999800602	1.277320171	2.423792962	2.270010054
3.135897436	0.9769230769	0.7120652026	0.9106649111	1.278906633	2.449526635	2.296960339
3.135897436	0.9846153846	0.7196169205	0.9214707892	1.280501838	2.475504781	2.324215889
3.135897436	0.9923076923	0.7272405079	0.9323987624	1.282105098	2.501730161	2.351779399
3.135897436	1	0.7349367741	0.9434499083	1.283715745	2.528205558	2.379653585
3.135897436	1.007692308	0.7427065355	0.9546253137	1.285333127	2.554933781	2.407841191
3.135897436	1.015384615	0.7505506157	0.9659260751	1.286956609	2.581917663	2.43634498
3.135897436	1.023076923	0.7584698452	0.9773532986	1.288585571	2.609160061	2.465167743
3.135897436	1.030769231	0.7664650617	0.9889080997	1.29021941	2.636663856	2.494312294
3.135897436	1.038461538	0.7745371099	1.000591603	1.291857537	2.664431955	2.52378147
3.135897436	1.046153846	0.7826868418	1.012404944	1.293499379	2.692467289	2.553578133
3.135897436	1.053846154	0.7909151162	1.024349266	1.295144378	2.720772811	2.583705168
3.135897436	1.061538462	0.7992227992	1.036425723	1.296791988	2.749351501	2.614165485
3.135897436	1.069230769	0.807610764	1.048635477	1.29844168	2.778206363	2.644962018
3.135897436	1.076923077	0.8160798907	1.060979702	1.300092937	2.807340425	2.676097724
3.135897436	1.084615385	0.8246310666	1.07345958	1.301745257	2.836756738	2.707575586
3.135897436	1.092307692	0.8332651862	1.086076302	1.303398149	2.86645838	2.739398608
3.135897436	1.1	0.8419831509	1.098831069	1.305051138	2.896448452	2.77156982
3.135897436	1.107692308	0.8507858693	1.111725092	1.306703757	2.92673008	2.804092277
3.135897436	1.115384615	0.8596742571	1.124759592	1.308355557	2.957306413	2.836969055
3.135897436	1.123076923	0.868649237	1.137935797	1.310006098	2.988180625	2.870203257
3.135897436	1.130769231	0.8777117388	1.151254948	1.311654951	3.019355916	2.903798008
3.135897436	1.138461538	0.8868626996	1.164718292	1.313301702	3.050835508	2.937756458
3.135897436	1.146153846	0.8961030632	1.178327089	1.314945945	3.082622648	2.97208178
3.135897436	1.153846154	0.9054337808	1.192082606	1.316587288	3.11472061	3.006777172
3.135897436	1.161538462	0.9148558107	1.20598612	1.318225348	3.147132688	3.041845856
3.135897436	1.169230769	0.9243701181	1.220038918	1.319859755	3.179862204	3.077291078
3.135897436	1.176923077	0.9339776753	1.234242296	1.321490148	3.212912502	3.113116107
3.135897436	1.184615385	0.9436794619	1.248597561	1.323116176	3.246286952	3.149324237
3.135897436	1.192307692	0.9534764644	1.263106027	1.324737499	3.279988948	3.185918785
3.135897436	1.2	0.9633696765	1.277769019	1.326353788	3.314021908	3.222903094
3.31025641	0.9	0.6806355602	0.8583659571	1.261124172	2.341407679	2.165047248
3.31025641	0.9076923077	0.6880495597	0.8687141364	1.262574947	2.36691207	2.19114835
3.31025641	0.9153846154	0.6955307811	0.8791796328	1.2640413	2.392647706	2.217545359
3.31025641	0.9230769231	0.7030799571	0.8897634325	1.265522397	2.418617108	2.244240763
3.31025641	0.9307692308	0.7106978277	0.9004665314	1.267017425	2.444822822	2.271237075
3.31025641	0.9384615385	0.7183851396	0.9112899349	1.268525593	2.471267416	2.298536829
3.31025641	0.9461538462	0.726142647	0.9222346578	1.270046129	2.497953485	2.326142587
3.31025641	0.9538461538	0.7339711111	0.9333017245	1.271578282	2.524883647	2.35405693
3.31025641	0.9615384615	0.7418712999	0.9444921689	1.27312132	2.552060544	2.382282468
3.31025641	0.9692307692	0.7498439889	0.9558070345	1.27467453	2.579486845	2.410821832
3.31025641	0.9769230769	0.7578899604	0.9672473741	1.276237217	2.607165239	2.439677678
3.31025641	0.9846153846	0.766010004	0.9788142503	1.277808704	2.635098443	2.468852686
3.31025641	0.9923076923	0.7742049161	0.9905087349	1.27938833	2.663289198	2.498349559
3.31025641	1	0.7824755005	1.00233191	1.280975454	2.691740268	2.528171026
3.31025641	1.007692308	0.7908225679	1.014284865	1.282569449	2.720454442	2.558319837
3.31025641	1.015384615	0.7992469361	1.026368702	1.284169705	2.749434533	2.58879877
3.31025641	1.023076923	0.8077494302	1.038584531	1.285775628	2.778683379	2.619610624
3.31025641	1.030769231	0.816330882	1.050933471	1.287386639	2.808203843	2.650758222
3.31025641	1.038461538	0.8249921308	1.06341665	1.289002174	2.83799881	2.682244412
3.31025641	1.046153846	0.8337340228	1.076035209	1.290621685	2.868071193	2.714072067
3.31025641	1.053846154	0.8425574111	1.088790294	1.292244635	2.898423925	2.746244082
3.31025641	1.061538462	0.8514631563	1.101683064	1.293870505	2.929059968	2.778763377
3.31025641	1.069230769	0.8604521258	1.114714686	1.295498787	2.959982305	2.811632896
3.31025641	1.076923077	0.8695251941	1.127886335	1.297128988	2.991193945	2.844855607
3.31025641	1.084615385	0.8786832428	1.141199199	1.298760627	3.02269792	2.878434501
3.31025641	1.092307692	0.8879271609	1.154654473	1.300393235	3.054497288	2.912372594
3.31025641	1.1	0.897257844	1.168253362	1.302026358	3.08659513	2.946672927
3.31025641	1.107692308	0.906676195	1.181997082	1.303659551	3.118994554	2.981338563
3.31025641	1.115384615	0.9161831241	1.195886855	1.305292385	3.151698688	3.016372589
3.31025641	1.123076923	0.9257795483	1.209923917	1.306924439	3.184710688	3.051778119
3.31025641	1.130769231	0.9354663917	1.224109509	1.308555305	3.218033733	3.087558287
3.31025641	1.138461538	0.9452445857	1.238444886	1.310184585	3.251671027	3.123716253
3.31025641	1.146153846	0.9551150686	1.252931309	1.311811895	3.285625798	3.160255202
3.31025641	1.153846154	0.9650787859	1.267570049	1.313436859	3.319901298	3.197178341
3.31025641	1.161538462	0.9751366901	1.28236239	1.315059112	3.354500804	3.234488903
3.31025641	1.169230769	0.9852897409	1.29730962	1.316678299	3.389427618	3.272190142
3.31025641	1.176923077	0.995538905	1.312413041	1.318294077	3.424685063	3.310285339
3.31025641	1.184615385	1.005885156	1.327673963	1.319906109	3.460276492	3.348777798
3.31025641	1.192307692	1.016329475	1.343093705	1.321514073	3.496205278	3.387670847
3.31025641	1.2	1.026872851	1.358673595	1.323117652	3.532474819	3.426967837
3.484615385	0.9	0.7223216728	0.9093532431	1.258931135	2.484809214	2.293651932
3.484615385	0.9076923077	0.7302973595	0.9204386453	1.260361459	2.512245826	2.321612524
3.484615385	0.9153846154	0.7383435251	0.9316472315	1.261807275	2.539924888	2.34988382
3.484615385	0.9230769231	0.7464608967	0.942979992	1.26326777	2.567848901	2.378468321
3.484615385	0.9307692308	0.7546502085	0.9544379266	1.264742149	2.596020391	2.407368546
3.484615385	0.9384615385	0.7629122017	0.9660220447	1.266229643	2.624441907	2.436587043
3.484615385	0.9461538462	0.7712476249	0.9777333653	1.267729499	2.653116024	2.466126381
3.484615385	0.9538461538	0.7796572334	0.9895729167	1.269240987	2.682045341	2.495989155
3.484615385	0.9615384615	0.7881417898	1.001541737	1.270763395	2.711232481	2.526177982
3.484615385	0.9692307692	0.7967020638	1.013640873	1.272296031	2.740680092	2.556695504
3.484615385	0.9769230769	0.8053388322	1.025871383	1.273838218	2.770390846	2.587544387
3.484615385	0.9846153846	0.8140528786	1.038234333	1.275389302	2.800367439	2.618727322
3.484615385	0.9923076923	0.8228449942	1.050730798	1.276948642	2.830612593	2.650247022
3.484615385	1	0.8317159768	1.063361864	1.278515616	2.861129051	2.682106226
3.484615385	1.007692308	0.8406666316	1.076128627	1.280089617	2.891919585	2.714307694
3.484615385	1.015384615	0.8496977708	1.08903219	1.281670057	2.922986987	2.746854214
3.484615385	1.023076923	0.8588102137	1.102073669	1.28325636	2.954334076	2.779748596
3.484615385	1.030769231	0.8680047866	1.115254186	1.284847968	2.985963695	2.812993672
3.484615385	1.038461538	0.877282323	1.128574874	1.286444335	3.017878711	2.846592302
3.484615385	1.046153846	0.8866436634	1.142036877	1.288044932	3.050082016	2.880547367
3.484615385	1.053846154	0.8960896555	1.155641346	1.289649244	3.082576525	2.914861774
3.484615385	1.061538462	0.905621154	1.169389444	1.291256767	3.115365179	2.949538452
3.484615385	1.069230769	0.9152390207	1.18328234	1.292867014	3.148450943	2.984580356
3.484615385	1.076923077	0.9249441246	1.197321216	1.294479509	3.181836804	3.019990463
3.484615385	1.084615385	0.9347373416	1.211507263	1.296093789	3.215525778	3.055771775
3.484615385	1.092307692	0.9446195549	1.225841679	1.297709403	3.249520902	3.091927319
3.484615385	1.1	0.9545916545	1.240325674	1.299325914	3.283825237	3.128460145
3.484615385	1.107692308	0.9646545378	1.254960467	1.300942895	3.318441871	3.165373326
3.484615385	1.115384615	0.9748091091	1.269747286	1.302559931	3.353373915	3.202669961
3.484615385	1.123076923	0.9850562798	1.284687368	1.304176619	3.388624504	3.240353171
3.484615385	1.130769231	0.9953969686	1.299781962	1.305792566	3.424196798	3.278426103
3.484615385	1.138461538	1.005832101	1.315032324	1.307407392	3.46009398	3.316891927
3.484615385	1.146153846	1.01636261	1.33043972	1.309020725	3.496319261	3.355753837
3.484615385	1.153846154	1.026989434	1.346005426	1.310632204	3.532875871	3.395015051
3.484615385	1.161538462	1.037713522	1.361730728	1.312241479	3.56976707	3.43467881
3.484615385	1.169230769	1.048535827	1.37761692	1.31384821	3.606996138	3.474748382
3.484615385	1.176923077	1.05945731	1.393665306	1.315452065	3.644566382	3.515227056
3.484615385	1.184615385	1.070478939	1.409877202	1.317052723	3.682481132	3.556118146
3.484615385	1.192307692	1.08160169	1.426253929	1.318649871	3.720743744	3.59742499
3.484615385	1.2	1.092826545	1.442796822	1.320243207	3.759357595	3.63915095
3.658974359	0.9	0.7653862029	0.9620529873	1.256951045	2.632952548	2.426575932
3.658974359	0.9076923077	0.7739472402	0.9739067488	1.25836323	2.662402785	2.456474547
3.658974359	0.9153846154	0.7825822147	0.9858899549	1.259790903	2.692107368	2.48669966
3.658974359	0.9230769231	0.7912918481	0.9980036001	1.261233264	2.72206878	2.517253777
3.658974359	0.9307692308	0.8000768687	1.010248688	1.262689534	2.752289527	2.548139432
3.658974359	0.9384615385	0.8089380122	1.022626233	1.264158956	2.782772139	2.57935918
3.658974359	0.9461538462	0.8178760214	1.035137257	1.265640794	2.813519171	2.610915601
3.658974359	0.9538461538	0.8268916461	1.047782793	1.267134331	2.844533202	2.6428113
3.658974359	0.9615384615	0.8359856433	1.060563882	1.26863887	2.875816838	2.675048906
3.658974359	0.9692307692	0.8451587768	1.073481577	1.270153735	2.907372705	2.707631069
3.658974359	0.9769230769	0.8544118178	1.086536938	1.271678265	2.939203456	2.740560466
3.658974359	0.9846153846	0.8637455445	1.099731036	1.273211819	2.971311769	2.773839798
3.658974359	0.9923076923	0.8731607422	1.113064951	1.274753773	3.003700344	2.807471788
3.658974359	1	0.8826582031	1.126539772	1.276303521	3.036371908	2.841459185
3.658974359	1.007692308	0.8922387268	1.140156599	1.27786047	3.06932921	2.875804761
3.658974359	1.015384615	0.9019031198	1.15391654	1.279424047	3.102575025	2.910511313
3.658974359	1.023076923	0.9116521958	1.167820713	1.280993693	3.136112152	2.945581659
3.658974359	1.030769231	0.9214867753	1.181870246	1.282568863	3.169943414	2.981018645
3.658974359	1.038461538	0.9314076863	1.196066276	1.284149029	3.204071659	3.016825139
3.658974359	1.046153846	0.9414157636	1.210409949	1.285733675	3.238499759	3.053004033
3.658974359	1.053846154	0.9515118493	1.224902422	1.2873223	3.273230611	3.089558243
3.658974359	1.061538462	0.9616967923	1.239544861	1.288914418	3.308267134	3.126490709
3.658974359	1.069230769	0.971971449	1.254338441	1.290509553	3.343612275	3.163804396
3.658974359	1.076923077	0.9823366824	1.269284346	1.292107246	3.379269004	3.201502292
3.658974359	1.084615385	0.992793363	1.28438377	1.293707047	3.415240313	3.239587409
3.658974359	1.092307692	1.003342368	1.299637918	1.29530852	3.451529222	3.278062783
3.658974359	1.1	1.013984582	1.315048003	1.296911241	3.488138773	3.316931474
3.658974359	1.107692308	1.024720898	1.330615247	1.298514796	3.525072033	3.356196567
3.658974359	1.115384615	1.035552212	1.346340883	1.300118784	3.562332095	3.39586117
3.658974359	1.123076923	1.046479432	1.362226152	1.301722816	3.599922073	3.435928415
3.658974359	1.130769231	1.057503469	1.378272307	1.303326511	3.637845109	3.476401458
3.658974359	1.138461538	1.068625245	1.394480607	1.3049295	3.676104367	3.51728348
3.658974359	1.146153846	1.079845686	1.410852324	1.306531425	3.714703036	3.558577685
3.658974359	1.153846154	1.091165726	1.427388736	1.308131938	3.753644329	3.600287301
3.658974359	1.161538462	1.102586307	1.444091134	1.309730698	3.792931485	3.64241558
3.658974359	1.169230769	1.114108377	1.460960816	1.311327378	3.832567766	3.684965799
3.658974359	1.176923077	1.125732891	1.477999091	1.312921656	3.872556459	3.727941257
3.658974359	1.184615385	1.137460811	1.495207277	1.314513223	3.912900874	3.77134528
3.658974359	1.192307692	1.149293108	1.512586701	1.316101776	3.953604347	3.815181214
3.658974359	1.2	1.161230758	1.5301387	1.317687022	3.994670237	3.859452434
3.833333333	0.9	0.8098291505	1.01646519	1.255160041	2.785837682	2.563819247
3.833333333	0.9076923077	0.8189992017	1.029118447	1.256556105	2.817382946	2.595734421
3.833333333	0.9153846154	0.82824685	1.041907803	1.257967722	2.849195146	2.627992877
3.833333333	0.9230769231	0.8375728112	1.054834257	1.2593941	2.881276745	2.660597133
3.833333333	0.9307692308	0.8469778082	1.067898817	1.260834471	2.91363023	2.693549732
3.833333333	0.9384615385	0.856462571	1.081102499	1.262288086	2.946258112	2.72685324
3.833333333	0.9461538462	0.8660278366	1.094446332	1.263754219	2.979162925	2.760510247
3.833333333	0.9538461538	0.8756743493	1.107931352	1.265232164	3.012347232	2.794523367
3.833333333	0.9615384615	0.8854028602	1.121558605	1.266721235	3.045813614	2.82889524
3.833333333	0.9692307692	0.8952141278	1.135329145	1.268220764	3.079564683	2.863628527
3.833333333	0.9769230769	0.9051089174	1.149244039	1.269730103	3.113603069	2.898725914
3.833333333	0.9846153846	0.9150880016	1.163304361	1.271248622	3.147931432	2.934190113
3.833333333	0.9923076923	0.9251521601	1.177511194	1.272775707	3.182552453	2.970023857
3.833333333	1	0.9353021794	1.191865633	1.274310762	3.217468838	3.006229905
3.833333333	1.007692308	0.9455388535	1.206368781	1.27585321	3.252683318	3.042811039
3.833333333	1.015384615	0.9558629832	1.22102175	1.277402485	3.288198648	3.079770065
3.833333333	1.023076923	0.9662753764	1.235825662	1.278958041	3.324017607	3.117109815
3.833333333	1.030769231	0.9767768482	1.25078165	1.280519345	3.360143	3.154833141
3.833333333	1.038461538	0.9873682209	1.265890854	1.282085879	3.396577654	3.192942924
3.833333333	1.046153846	0.9980503235	1.281154424	1.28365714	3.433324422	3.231442064
3.833333333	1.053846154	1.008823993	1.296573522	1.285232639	3.470386181	3.270333489
3.833333333	1.061538462	1.019690071	1.312149317	1.286811899	3.507765833	3.309620149
3.833333333	1.069230769	1.03064941	1.327882987	1.288394457	3.545466303	3.349305018
3.833333333	1.076923077	1.041702867	1.343775723	1.289979864	3.583490542	3.389391095
3.833333333	1.084615385	1.052851307	1.359828722	1.291567682	3.621841524	3.429881401
3.833333333	1.092307692	1.064095601	1.376043192	1.293157486	3.660522248	3.470778984
3.833333333	1.1	1.075436628	1.39242035	1.294748861	3.699535737	3.512086914
3.833333333	1.107692308	1.086875274	1.408961423	1.296341407	3.738885039	3.553808286
3.833333333	1.115384615	1.098412433	1.425667647	1.297934733	3.778573226	3.595946217
3.833333333	1.123076923	1.110049004	1.442540269	1.299528457	3.818603395	3.63850385
3.833333333	1.130769231	1.121785894	1.459580543	1.301122211	3.858978667	3.681484351
3.833333333	1.138461538	1.133624019	1.476789735	1.302715637	3.899702186	3.724890912
3.833333333	1.146153846	1.145564298	1.494169119	1.304308385	3.940777123	3.768726745
3.833333333	1.153846154	1.157607662	1.511719979	1.305900115	3.982206672	3.812995091
3.833333333	1.161538462	1.169755045	1.529443608	1.3074905	4.02399405	3.857699211
3.833333333	1.169230769	1.18200739	1.54734131	1.309079218	4.066142501	3.902842391
3.833333333	1.176923077	1.194365647	1.565414396	1.310665959	4.108655293	3.948427942
3.833333333	1.184615385	1.206830772	1.583664189	1.312250421	4.151535716	3.994459199
3.833333333	1.192307692	1.219403731	1.60209202	1.31383231	4.194787086	4.04093952
3.833333333	1.2	1.232085492	1.62069923	1.315411342	4.238412745	4.087872288
4.007692308	0.9	0.8556505156	1.072589851	1.253537316	2.943464616	2.705381877
4.007692308	0.9076923077	0.8654532442	1.086073739	1.254919022	2.977186309	2.739392144
4.007692308	0.9153846154	0.875337431	1.099700775	1.256316406	3.011188222	2.773763472
4.007692308	0.9230769231	0.8853037862	1.113471962	1.25772868	3.045472797	2.808498389
4.007692308	0.9307692308	0.8953530272	1.127388311	1.259155079	3.080042501	2.843599447
4.007692308	0.9384615385	0.9054858781	1.141450844	1.260594861	3.114899826	2.879069223
4.007692308	0.9461538462	0.9157030705	1.155660592	1.262047305	3.150047288	2.914910317
4.007692308	0.9538461538	0.9260053428	1.170018595	1.263511711	3.185487428	2.951125355
4.007692308	0.9615384615	0.9363934407	1.184525904	1.2649874	3.221222811	2.987716984
4.007692308	0.9692307692	0.9468681168	1.199183578	1.266473711	3.257256025	3.024687878
4.007692308	0.9769230769	0.9574301309	1.213992686	1.267970003	3.293589685	3.062040732
4.007692308	0.9846153846	0.96808025	1.228954307	1.269475652	3.330226429	3.099778267
4.007692308	0.9923076923	0.9788192479	1.244069528	1.270990053	3.367168919	3.137903228
4.007692308	1	0.9896479057	1.259339448	1.272512619	3.404419841	3.176418384
4.007692308	1.007692308	1.000567012	1.274765174	1.274042777	3.441981908	3.215326526
4.007692308	1.015384615	1.011577361	1.290347822	1.275579972	3.479857854	3.254630472
4.007692308	1.023076923	1.022679756	1.306088518	1.277123665	3.518050441	3.294333062
4.007692308	1.030769231	1.033875005	1.321988399	1.278673333	3.556562451	3.33443716
4.007692308	1.038461538	1.045163927	1.338048609	1.280228464	3.595396695	3.374945655
4.007692308	1.046153846	1.056547343	1.354270303	1.281788565	3.634556004	3.415861461
4.007692308	1.053846154	1.068026085	1.370654645	1.283353154	3.674043237	3.457187512
4.007692308	1.061538462	1.079600991	1.38720281	1.284921764	3.713861276	3.498926771
4.007692308	1.069230769	1.091272905	1.40391598	1.286493941	3.754013027	3.541082221
4.007692308	1.076923077	1.10304268	1.420795349	1.288069243	3.79450142	3.58365687
4.007692308	1.084615385	1.114911173	1.437842118	1.28964724	3.835329412	3.626653753
4.007692308	1.092307692	1.126879253	1.455057499	1.291227517	3.87649998	3.670075925
4.007692308	1.1	1.138947791	1.472442714	1.292809667	3.91801613	3.713926466
4.007692308	1.107692308	1.151117668	1.489998994	1.294393297	3.959880889	3.758208482
4.007692308	1.115384615	1.163389772	1.507727578	1.295978025	4.00209731	3.802925101
4.007692308	1.123076923	1.175764996	1.525629718	1.297563478	4.044668471	3.848079476
4.007692308	1.130769231	1.188244243	1.543706672	1.299149296	4.087597472	3.893674782
4.007692308	1.138461538	1.200828421	1.561959709	1.300735127	4.130887439	3.939714222
4.007692308	1.146153846	1.213518446	1.580390107	1.30232063	4.174541523	3.986201019
4.007692308	1.153846154	1.226315241	1.598999156	1.303905474	4.218562899	4.033138422
4.007692308	1.161538462	1.239219735	1.617788151	1.305489337	4.262954764	4.080529703
4.007692308	1.169230769	1.252232866	1.636758401	1.307071907	4.307720343	4.12837816
4.007692308	1.176923077	1.265355578	1.655911221	1.308652879	4.352862884	4.176687112
4.007692308	1.184615385	1.278588822	1.675247937	1.310231959	4.398385658	4.225459905
4.007692308	1.192307692	1.291933556	1.694769886	1.31180886	4.444291963	4.274699908
4.007692308	1.2	1.305390746	1.714478412	1.313383304	4.490585118	4.324410511
4.182051282	0.9	0.9028502982	1.13042697	1.25206468	3.105833348	2.851263822
4.182051282	0.9076923077	0.9133093675	1.144772626	1.253433576	3.141812875	2.887447717
4.182051282	0.9153846154	0.9238539576	1.159268873	1.254818322	3.178086596	2.924011445
4.182051282	0.9230769231	0.9344847731	1.173916716	1.256218132	3.214656934	2.960957543
4.182051282	0.9307692308	0.9452025255	1.188717173	1.257632243	3.251526339	2.998288576
4.182051282	0.9384615385	0.9560079336	1.203671268	1.259059915	3.288697282	3.036007129
4.182051282	0.9461538462	0.966901723	1.218780036	1.260500428	3.326172259	3.074115814
4.182051282	0.9538461538	0.9778846267	1.234044522	1.261953086	3.363953792	3.112617264
4.182051282	0.9615384615	0.9889573847	1.249465781	1.263417211	3.402044427	3.151514139
4.182051282	0.9692307692	1.000120744	1.265044875	1.264892147	3.440446733	3.190809122
4.182051282	0.9769230769	1.011375458	1.280782879	1.266377257	3.479163304	3.230504919
4.182051282	0.9846153846	1.02272229	1.296680874	1.267871921	3.518196759	3.270604261
4.182051282	0.9923076923	1.034162006	1.312739952	1.269375538	3.557549741	3.311109902
4.182051282	1	1.045695382	1.328961216	1.270887525	3.597224918	3.352024622
4.182051282	1.007692308	1.057323201	1.345345776	1.272407316	3.63722498	3.393351223
4.182051282	1.015384615	1.069046253	1.361894754	1.27393436	3.677552645	3.435092532
4.182051282	1.023076923	1.080865333	1.378609279	1.275468124	3.718210653	3.4772514
4.182051282	1.030769231	1.092781247	1.395490492	1.277008089	3.759201769	3.519830701
4.182051282	1.038461538	1.104794804	1.412539541	1.278553751	3.800528782	3.562833335
4.182051282	1.046153846	1.116906822	1.429757585	1.280104622	3.842194506	3.606262223
4.182051282	1.053846154	1.129118127	1.447145793	1.281660225	3.884201779	3.650120313
4.182051282	1.061538462	1.141429551	1.464705342	1.283220099	3.926553463	3.694410575
4.182051282	1.069230769	1.153841933	1.482437419	1.284783797	3.969252446	3.739136004
4.182051282	1.076923077	1.166356119	1.500343223	1.286350882	4.012301638	3.78429962
4.182051282	1.084615385	1.178972962	1.518423958	1.287920933	4.055703976	3.829904464
4.182051282	1.092307692	1.191693324	1.536680841	1.289493538	4.099462419	3.875953604
4.182051282	1.1	1.204518071	1.555115096	1.291068298	4.143579951	3.92245013
4.182051282	1.107692308	1.217448079	1.57372796	1.292644826	4.188059583	3.969397157
4.182051282	1.115384615	1.230484228	1.592520677	1.294222746	4.232904346	4.016797823
4.182051282	1.123076923	1.243627409	1.611494499	1.295801691	4.278117299	4.064655293
4.182051282	1.130769231	1.256878516	1.630650692	1.297381307	4.323701523	4.112972752
4.182051282	1.138461538	1.270238453	1.649990527	1.298961249	4.369660125	4.161753411
4.182051282	1.146153846	1.28370813	1.669515288	1.300541182	4.415996236	4.211000505
4.182051282	1.153846154	1.297288463	1.689226265	1.30212078	4.46271301	4.260717293
4.182051282	1.161538462	1.310980379	1.709124762	1.303699727	4.509813628	4.310907057
4.182051282	1.169230769	1.324784806	1.729212088	1.305277717	4.557301293	4.361573105
4.182051282	1.176923077	1.338702685	1.749489565	1.306854452	4.605179233	4.412718767
4.182051282	1.184615385	1.352734961	1.769958522	1.308429643	4.653450702	4.464347398
4.182051282	1.192307692	1.366882586	1.790620299	1.310003008	4.702118976	4.516462376
4.182051282	1.2	1.38114652	1.811476245	1.311574274	4.751187357	4.569067106
4.356410256	0.9	0.9514284983	1.189976547	1.250726197	3.27294388	3.001465082
4.356410256	0.9076923077	0.9625675716	1.205215107	1.252083639	3.311262642	3.03990114
4.356410256	0.9153846154	0.9737964298	1.220612094	1.253457147	3.349890267	3.078736795
4.356410256	0.9230769231	0.9851157717	1.236168519	1.254845932	3.388829158	3.117974598
4.356410256	0.9307692308	0.9965263032	1.251885401	1.256249229	3.428081744	3.15761712
4.356410256	0.9384615385	1.008028737	1.267763769	1.257666297	3.467650479	3.197666959
4.356410256	0.9461538462	1.019623794	1.283804664	1.259096415	3.507537838	3.238126735
4.356410256	0.9538461538	1.031312201	1.300009133	1.260538886	3.547746324	3.278999094
4.356410256	0.9615384615	1.043094692	1.316378235	1.261993034	3.588278463	3.320286704
4.356410256	0.9692307692	1.054972009	1.332913037	1.263458202	3.629136805	3.361992259
4.356410256	0.9769230769	1.0669449	1.349614617	1.264933754	3.670323926	3.404118475
4.356410256	0.9846153846	1.07901412	1.366484062	1.266419073	3.711842423	3.446668094
4.356410256	0.9923076923	1.091180433	1.383522466	1.267913559	3.753694921	3.489643879
4.356410256	1	1.103444608	1.400730937	1.269416631	3.795884068	3.533048621
4.356410256	1.007692308	1.115807422	1.41811059	1.270927726	3.838412535	3.576885131
4.356410256	1.015384615	1.128269659	1.435662548	1.272446296	3.881283021	3.621156247
4.356410256	1.023076923	1.14083211	1.453387947	1.273971809	3.924498245	3.66586483
4.356410256	1.030769231	1.153495572	1.471287929	1.275503751	3.968060953	3.711013765
4.356410256	1.038461538	1.166260852	1.48936365	1.277041622	4.011973916	3.756605961
4.356410256	1.046153846	1.179128761	1.50761627	1.278584935	4.056239927	3.80264435
4.356410256	1.053846154	1.192100119	1.526046964	1.28013322	4.100861805	3.84913189
4.356410256	1.061538462	1.205175752	1.544656911	1.281686019	4.145842394	3.896071561
4.356410256	1.069230769	1.218356494	1.563447305	1.283242887	4.19118456	3.943466369
4.356410256	1.076923077	1.231643186	1.582419345	1.284803394	4.236891195	3.991319342
4.356410256	1.084615385	1.245036674	1.601574242	1.286367121	4.282965216	4.039633534
4.356410256	1.092307692	1.258537815	1.620913216	1.287933662	4.329409563	4.088412021
4.356410256	1.1	1.272147469	1.640437496	1.289502621	4.376227202	4.137657904
4.356410256	1.107692308	1.285866507	1.660148322	1.291073617	4.423421121	4.187374309
4.356410256	1.115384615	1.299695803	1.680046942	1.292646278	4.470994334	4.237564383
4.356410256	1.123076923	1.313636242	1.700134613	1.294220241	4.51894988	4.288231301
4.356410256	1.130769231	1.327688713	1.720412604	1.295795157	4.567290822	4.339378259
4.356410256	1.138461538	1.341854113	1.74088219	1.297370685	4.616020245	4.391008478
4.356410256	1.146153846	1.356133348	1.76154466	1.298946495	4.665141261	4.443125204
4.356410256	1.153846154	1.370527329	1.782401308	1.300522266	4.714657006	4.495731704
4.356410256	1.161538462	1.385036974	1.803453441	1.302097687	4.764570641	4.548831272
4.356410256	1.169230769	1.39966321	1.824702373	1.303672455	4.814885349	4.602427226
4.356410256	1.176923077	1.414406968	1.846149429	1.305246277	4.86560434	4.656522905
4.356410256	1.184615385	1.429269189	1.867795943	1.306818868	4.916730846	4.711121676
4.356410256	1.192307692	1.44425082	1.889643259	1.308389951	4.968268126	4.766226926
4.356410256	1.2	1.459352814	1.91169273	1.309959258	5.020219461	4.82184207
4.530769231	0.9	1.001385116	1.251238583	1.24950787	3.444796212	3.155985658
4.530769231	0.9076923077	1.013227857	1.267401183	1.250855052	3.485535612	3.196752412
4.530769231	0.9153846154	1.025164848	1.283730441	1.252218552	3.526599236	3.237939523
4.530769231	0.9230769231	1.037196782	1.30022737	1.253597574	3.567989468	3.279549551
4.530769231	0.9307692308	1.04932436	1.316892995	1.254991349	3.609708717	3.321585078
4.530769231	0.9384615385	1.061548289	1.333728349	1.256399132	3.651759417	3.364048711
4.530769231	0.9461538462	1.073869284	1.350734476	1.257820198	3.694144025	3.406943082
4.530769231	0.9538461538	1.086288066	1.367912427	1.259253848	3.736865023	3.450270845
4.530769231	0.9615384615	1.098805363	1.385263266	1.260699404	3.779924919	3.49403468
4.530769231	0.9692307692	1.111421912	1.402788064	1.262156206	3.823326243	3.53823729
4.530769231	0.9769230769	1.124138455	1.420487902	1.263623618	3.86707155	3.582881401
4.530769231	0.9846153846	1.136955742	1.438363871	1.265101021	3.91116342	3.627969766
4.530769231	0.9923076923	1.149874531	1.456417071	1.266587816	3.955604458	3.673505159
4.530769231	1	1.162895585	1.474648612	1.268083422	4.000397291	3.719490379
4.530769231	1.007692308	1.176019675	1.493059613	1.269587274	4.045544573	3.765928249
4.530769231	1.015384615	1.189247579	1.511651203	1.271098826	4.09104898	3.812821616
4.530769231	1.023076923	1.202580084	1.53042452	1.272617549	4.136913215	3.860173352
4.530769231	1.030769231	1.216017982	1.549380712	1.274142928	4.183140004	3.907986352
4.530769231	1.038461538	1.229562071	1.568520936	1.275674464	4.229732097	3.956263535
4.530769231	1.046153846	1.243213159	1.587846359	1.277211673	4.276692268	4.005007843
4.530769231	1.053846154	1.25697206	1.607358158	1.278754087	4.324023317	4.054222245
4.530769231	1.061538462	1.270839594	1.627057519	1.280301249	4.371728068	4.10390973
4.530769231	1.069230769	1.284816588	1.646945636	1.281852718	4.419809369	4.154073315
4.530769231	1.076923077	1.298903879	1.667023715	1.283408066	4.468270092	4.204716038
4.530769231	1.084615385	1.313102308	1.68729297	1.284966875	4.517113133	4.255840963
4.530769231	1.092307692	1.327412725	1.707754625	1.286528744	4.566341414	4.307451177
4.530769231	1.1	1.341835985	1.728409914	1.28809328	4.615957881	4.35954979
4.530769231	1.107692308	1.356372952	1.74926008	1.289660102	4.665965503	4.412139938
4.530769231	1.115384615	1.371024496	1.770306374	1.291228843	4.716367275	4.465224781
4.530769231	1.123076923	1.385791495	1.791550059	1.292799145	4.767166215	4.518807501
4.530769231	1.130769231	1.400674833	1.812992407	1.294370659	4.818365367	4.572891305
4.530769231	1.138461538	1.415675403	1.834634699	1.295943049	4.869967797	4.627479425
4.530769231	1.146153846	1.430794103	1.856478224	1.297515988	4.921976599	4.682575115
4.530769231	1.153846154	1.446031839	1.878524284	1.299089158	4.974394887	4.738181656
4.530769231	1.161538462	1.461389523	1.900774188	1.300662252	5.027225804	4.794302349
4.530769231	1.169230769	1.476868076	1.923229255	1.30223497	5.080472513	4.850940523
4.530769231	1.176923077	1.492468426	1.945890813	1.303807021	5.134138204	4.908099528
4.530769231	1.184615385	1.508191505	1.968760201	1.305378126	5.188226091	4.96578274
4.530769231	1.192307692	1.524038257	1.991838766	1.30694801	5.242739413	5.023993558
4.530769231	1.2	1.540009628	2.015127866	1.308516407	5.297681431	5.082735404
4.705128205	0.9	1.052720151	1.314213077	1.248397379	3.621390343	3.314825549
4.705128205	0.9076923077	1.065290223	1.331330854	1.249735354	3.664631784	3.358001534
4.705128205	0.9153846154	1.077959211	1.348623912	1.251089928	3.708213503	3.40161963
4.705128205	0.9230769231	1.090727804	1.36609327	1.252460297	3.752137864	3.445682404
4.705128205	0.9307692308	1.103596697	1.383739956	1.253845685	3.796407257	3.490192451
4.705128205	0.9384615385	1.11656659	1.401565007	1.255245339	3.841024096	3.535152387
4.705128205	0.9461538462	1.129638193	1.419569472	1.256658531	3.88599082	3.580564854
4.705128205	0.9538461538	1.142812221	1.437754405	1.258084556	3.93130989	3.626432517
4.705128205	0.9615384615	1.156089398	1.456120875	1.25952273	3.976983795	3.672758066
4.705128205	0.9692307692	1.169470453	1.474669956	1.260972393	4.023015046	3.719544214
4.705128205	0.9769230769	1.182956124	1.493402733	1.262432902	4.069406178	3.766793697
4.705128205	0.9846153846	1.196547156	1.512320302	1.263903637	4.116159751	3.814509278
4.705128205	0.9923076923	1.210244298	1.531423766	1.265383996	4.163278352	3.862693741
4.705128205	1	1.224048311	1.55071424	1.266873396	4.210764588	3.911349896
4.705128205	1.007692308	1.237959959	1.570192846	1.268371271	4.258621092	3.960480577
4.705128205	1.015384615	1.251980014	1.589860719	1.269877075	4.306850524	4.01008864
4.705128205	1.023076923	1.266109258	1.609718999	1.271390276	4.355455565	4.060176966
4.705128205	1.030769231	1.280348476	1.629768838	1.272910359	4.404438921	4.110748462
4.705128205	1.038461538	1.294698462	1.650011399	1.274436827	4.453803324	4.161806056
4.705128205	1.046153846	1.309160017	1.670447852	1.275969194	4.503551528	4.213352702
4.705128205	1.053846154	1.32373395	1.691079377	1.277506992	4.553686315	4.265391376
4.705128205	1.061538462	1.338421076	1.711907165	1.279049767	4.604210487	4.317925081
4.705128205	1.069230769	1.353222216	1.732932414	1.280597077	4.655126874	4.370956842
4.705128205	1.076923077	1.3681382	1.754156334	1.282148494	4.706438328	4.424489708
4.705128205	1.084615385	1.383169865	1.775580143	1.283703605	4.758147726	4.478526751
4.705128205	1.092307692	1.398318054	1.797205069	1.285262007	4.810257971	4.533071071
4.705128205	1.1	1.413583618	1.81903235	1.28682331	4.862771989	4.588125787
4.705128205	1.107692308	1.428967413	1.841063232	1.288387135	4.915692729	4.643694046
4.705128205	1.115384615	1.444470306	1.863298973	1.289953116	4.969023167	4.699779016
4.705128205	1.123076923	1.460093168	1.885740838	1.291520897	5.022766303	4.756383891
4.705128205	1.130769231	1.475836878	1.908390102	1.293090131	5.076925159	4.813511889
4.705128205	1.138461538	1.491702322	1.931248052	1.294660485	5.131502783	4.87116625
4.705128205	1.146153846	1.507690393	1.954315981	1.296231633	5.186502249	4.929350239
4.705128205	1.153846154	1.523801991	1.977595194	1.297803261	5.241926653	4.988067148
4.705128205	1.161538462	1.540038025	2.001087003	1.299375062	5.297779116	5.047320288
4.705128205	1.169230769	1.556399407	2.024792734	1.30094674	5.354062783	5.107112996
4.705128205	1.176923077	1.572887059	2.048713717	1.302518006	5.410780826	5.167448636
4.705128205	1.184615385	1.589501911	2.072851295	1.304088583	5.467936437	5.228330591
4.705128205	1.192307692	1.606244898	2.09720682	1.305658199	5.525532836	5.289762271
4.705128205	1.2	1.623116962	2.121781653	1.307226591	5.583573266	5.351747109
4.879487179	0.9	1.105433603	1.378900029	1.247383854	3.802726273	3.477984755
4.879487179	0.9076923077	1.118754669	1.397004119	1.248713553	3.848551158	3.523648506
4.879487179	0.9153846154	1.132179521	1.415292508	1.250060156	3.894733067	3.569777113
4.879487179	0.9230769231	1.145708839	1.433766218	1.251422849	3.941274346	3.616373156
4.879487179	0.9307692308	1.159343313	1.452426283	1.252800846	3.988177364	3.663439238
4.879487179	0.9384615385	1.173083639	1.471273744	1.254193389	4.035444517	3.710977986
4.879487179	0.9461538462	1.18693052	1.490309652	1.25559974	4.083078223	3.758992052
4.879487179	0.9538461538	1.200884666	1.509535067	1.257019187	4.131080925	3.807484111
4.879487179	0.9615384615	1.214946796	1.528951061	1.258451041	4.179455091	3.856456862
4.879487179	0.9692307692	1.229117632	1.548558712	1.259894636	4.228203213	3.90591303
4.879487179	0.9769230769	1.243397908	1.56835911	1.261349323	4.277327808	3.955855362
4.879487179	0.9846153846	1.25778836	1.588353353	1.26281448	4.326831416	4.006286629
4.879487179	0.9923076923	1.272289736	1.608542551	1.264289498	4.376716603	4.057209626
4.879487179	1	1.286902787	1.628927821	1.265773792	4.426985958	4.108627174
4.879487179	1.007692308	1.301628274	1.64951029	1.267266795	4.477642095	4.160542115
4.879487179	1.015384615	1.316466963	1.670291096	1.268767954	4.528687652	4.212957317
4.879487179	1.023076923	1.33141963	1.691271383	1.270276737	4.580125293	4.265875671
4.879487179	1.030769231	1.346487054	1.712452309	1.271792629	4.631957704	4.319300094
4.879487179	1.038461538	1.361670024	1.733835039	1.273315127	4.684187597	4.373233524
4.879487179	1.046153846	1.376969335	1.755420748	1.274843748	4.736817708	4.427678925
4.879487179	1.053846154	1.39238579	1.777210619	1.276378021	4.789850797	4.482639285
4.879487179	1.061538462	1.407920198	1.799205848	1.277917491	4.84328965	4.538117615
4.879487179	1.069230769	1.423573377	1.821407637	1.279461717	4.897137074	4.59411695
4.879487179	1.076923077	1.439346148	1.8438172	1.281010271	4.951395903	4.65064035
4.879487179	1.084615385	1.455239344	1.866435759	1.282562739	5.006068996	4.707690899
4.879487179	1.092307692	1.471253803	1.889264546	1.284118718	5.061159235	4.765271704
4.879487179	1.1	1.487390368	1.912304803	1.285677818	5.116669525	4.823385896
4.879487179	1.107692308	1.503649892	1.93555778	1.287239663	5.172602799	4.882036631
4.879487179	1.115384615	1.520033235	1.959024739	1.288803885	5.228962012	4.941227089
4.879487179	1.123076923	1.536541262	1.982706949	1.29037013	5.285750143	5.000960473
4.879487179	1.130769231	1.553174847	2.00660569	1.291938054	5.342970197	5.06124001
4.879487179	1.138461538	1.56993487	2.03072225	1.293507323	5.400625202	5.122068953
4.879487179	1.146153846	1.586822219	2.05505793	1.295077612	5.458718212	5.183450577
4.879487179	1.153846154	1.603837788	2.079614036	1.296648609	5.517252303	5.24538818
4.879487179	1.161538462	1.620982479	2.104391887	1.298220008	5.576230577	5.307885087
4.879487179	1.169230769	1.6382572	2.129392809	1.299791516	5.635656161	5.370944646
4.879487179	1.176923077	1.655662868	2.15461814	1.301362845	5.695532205	5.434570227
4.879487179	1.184615385	1.673200406	2.180069226	1.302933718	5.755861884	5.498765227
4.879487179	1.192307692	1.690870742	2.205747421	1.304503867	5.816648397	5.563533065
4.879487179	1.2	1.708674816	2.231654093	1.306073029	5.877894968	5.628877184
5.053846154	0.9	1.159525473	1.44529944	1.246457687	3.988804003	3.645463276
5.053846154	0.9076923077	1.173621197	1.464420978	1.247779933	4.037293735	3.693693328
5.053846154	0.9153846154	1.187825775	1.483736228	1.249119407	4.08615793	3.742411975
5.053846154	0.9230769231	1.202139885	1.503246216	1.250475286	4.135398914	3.791621808
5.053846154	0.9307692308	1.216564208	1.522951977	1.251846773	4.185019039	3.841325439
5.053846154	0.9384615385	1.231099436	1.542854559	1.253233097	4.235020679	3.891525508
5.053846154	0.9461538462	1.245746266	1.562955016	1.254633515	4.285406234	3.942224674
5.053846154	0.9538461538	1.260505402	1.583254413	1.256047304	4.336178127	3.993425625
5.053846154	0.9615384615	1.275377557	1.603753823	1.257473768	4.387338807	4.045131069
5.053846154	0.9692307692	1.29036345	1.624454332	1.258912233	4.438890746	4.09734374
5.053846154	0.9769230769	1.305463805	1.645357032	1.260362046	4.490836441	4.150066396
5.053846154	0.9846153846	1.320679356	1.666463026	1.261822576	4.543178414	4.203301819
5.053846154	0.9923076923	1.336010843	1.687773427	1.26329321	4.595919211	4.257052814
5.053846154	1	1.351459013	1.709289356	1.264773359	4.649061401	4.311322211
5.053846154	1.007692308	1.367024621	1.731011944	1.266262449	4.702607579	4.366112863
5.053846154	1.015384615	1.382708427	1.752942334	1.267759926	4.756560364	4.421427648
5.053846154	1.023076923	1.3985112	1.775081674	1.269265254	4.8109224	4.477269468
5.053846154	1.030769231	1.414433716	1.797431125	1.270777913	4.865696354	4.533641249
5.053846154	1.038461538	1.430476757	1.819991856	1.272297399	4.920884917	4.59054594
5.053846154	1.046153846	1.446641112	1.842765047	1.273823225	4.976490808	4.647986515
5.053846154	1.053846154	1.462927579	1.865751885	1.27535492	5.032516766	4.705965971
5.053846154	1.061538462	1.479336962	1.88895357	1.276892026	5.088965556	4.764487331
5.053846154	1.069230769	1.495870071	1.912371307	1.2784341	5.145839969	4.823553639
5.053846154	1.076923077	1.512527724	1.936006315	1.279980714	5.203142818	4.883167966
5.053846154	1.084615385	1.529310746	1.95985982	1.281531451	5.260876942	4.943333405
5.053846154	1.092307692	1.546219971	1.983933058	1.28308591	5.319045204	5.004053075
5.053846154	1.1	1.563256236	2.008227274	1.2846437	5.377650491	5.065330116
5.053846154	1.107692308	1.580420388	2.032743724	1.286204442	5.436695714	5.127167694
5.053846154	1.115384615	1.597713282	2.057483672	1.287767771	5.496183809	5.189569
5.053846154	1.123076923	1.615135776	2.082448392	1.289333332	5.556117737	5.252537246
5.053846154	1.130769231	1.63268874	2.107639168	1.29090078	5.616500483	5.316075671
5.053846154	1.138461538	1.650373047	2.133057294	1.292469783	5.677335055	5.380187536
5.053846154	1.146153846	1.66818958	2.158704071	1.294040016	5.738624487	5.444876126
5.053846154	1.153846154	1.686139228	2.184580812	1.295611167	5.800371837	5.510144753
5.053846154	1.161538462	1.704222886	2.210688839	1.297182932	5.862580188	5.575996749
5.053846154	1.169230769	1.722441457	2.237029482	1.298755016	5.925252646	5.642435472
5.053846154	1.176923077	1.740795852	2.263604084	1.300327135	5.988392342	5.709464304
5.053846154	1.184615385	1.759286989	2.290413993	1.301899012	6.052002431	5.77708665
5.053846154	1.192307692	1.777915791	2.31746057	1.303470379	6.116086094	5.845305941
5.053846154	1.2	1.79668319	2.344745183	1.305040976	6.180646534	5.914125629
5.228205128	0.9	1.214995761	1.513411308	1.245610361	4.179623532	3.817261112
5.228205128	0.9076923077	1.229889806	1.533581432	1.246925883	4.230859513	3.868135999
5.228205128	0.9153846154	1.244897976	1.553955073	1.248258976	4.28248809	3.919524214
5.228205128	0.9230769231	1.260020942	1.574533261	1.249608803	4.334511569	3.971428359
5.228205128	0.9307692308	1.275259382	1.595317038	1.250974555	4.386932281	4.023851056
5.228205128	0.9384615385	1.290613981	1.616307453	1.252355449	4.439752582	4.076794953
5.228205128	0.9461538462	1.30608543	1.637505564	1.253750732	4.492974852	4.130262723
5.228205128	0.9538461538	1.321674429	1.658912442	1.255159671	4.546601496	4.18425706
5.228205128	0.9615384615	1.337381683	1.680529164	1.256581562	4.600634942	4.238780686
5.228205128	0.9692307692	1.353207905	1.702356817	1.258015721	4.655077643	4.293836343
5.228205128	0.9769230769	1.369153816	1.724396501	1.259461487	4.709932077	4.3494268
5.228205128	0.9846153846	1.385220143	1.746649321	1.260918223	4.765200746	4.405554849
5.228205128	0.9923076923	1.40140762	1.769116393	1.26238531	4.820886176	4.462223305
5.228205128	1	1.417716989	1.791798844	1.263862151	4.876990918	4.519435007
5.228205128	1.007692308	1.434148999	1.814697809	1.265348168	4.933517546	4.577192821
5.228205128	1.015384615	1.450704405	1.837814433	1.266842802	4.990468661	4.635499634
5.228205128	1.023076923	1.467383969	1.86114987	1.268345511	5.047846886	4.694358357
5.228205128	1.030769231	1.484188462	1.884705285	1.269855772	5.105654869	4.753771927
5.228205128	1.038461538	1.501118661	1.90848185	1.271373077	5.163895284	4.813743303
5.228205128	1.046153846	1.518175349	1.93248075	1.272896936	5.222570827	4.87427547
5.228205128	1.053846154	1.535359318	1.956703175	1.274426873	5.281684219	4.935371434
5.228205128	1.061538462	1.552671366	1.981150329	1.27596243	5.341238207	4.997034229
5.228205128	1.069230769	1.570112298	2.005823424	1.277503161	5.40123556	5.059266909
5.228205128	1.076923077	1.587682926	2.030723679	1.279048634	5.461679073	5.122072555
5.228205128	1.084615385	1.605384071	2.055852325	1.280598433	5.522571565	5.185454271
5.228205128	1.092307692	1.623216558	2.081210603	1.282152152	5.58391588	5.249415184
5.228205128	1.1	1.641181221	2.106799763	1.283709401	5.645714885	5.313958447
5.228205128	1.107692308	1.659278901	2.132621063	1.285269801	5.707971472	5.379087235
5.228205128	1.115384615	1.677510446	2.158675772	1.286832983	5.770688558	5.444804748
5.228205128	1.123076923	1.69587671	2.184965168	1.288398593	5.833869084	5.51111421
5.228205128	1.130769231	1.714378557	2.211490539	1.289966286	5.897516015	5.578018869
5.228205128	1.138461538	1.733016853	2.238253182	1.291535727	5.961632341	5.645521997
5.228205128	1.146153846	1.751792477	2.265254404	1.293106594	6.026221075	5.713626889
5.228205128	1.153846154	1.770706311	2.292495521	1.294678574	6.091285257	5.782336866
5.228205128	1.161538462	1.789759245	2.319977859	1.296251362	6.156827949	5.851655272
5.228205128	1.169230769	1.808952178	2.347702752	1.297824664	6.222852238	5.921585474
5.228205128	1.176923077	1.828286012	2.375671547	1.299398196	6.289361236	5.992130864
5.228205128	1.184615385	1.847761661	2.403885596	1.300971682	6.356358079	6.063294859
5.228205128	1.192307692	1.867380043	2.432346265	1.302544854	6.423845928	6.135080898
5.228205128	1.2	1.887142083	2.461054925	1.304117452	6.491827967	6.207492444
5.402564103	0.9	1.271844466	1.583235635	1.244834316	4.375184861	3.993378264
5.402564103	0.9076923077	1.287560495	1.60448548	1.246143763	4.429248494	4.04697652
5.402564103	0.9153846154	1.303396122	1.625949042	1.247471137	4.483723548	4.101113831
5.402564103	0.9230769231	1.319352012	1.647627356	1.248815586	4.538612309	4.155792809
5.402564103	0.9307692308	1.335428836	1.669521465	1.250176288	4.59391709	4.211016086
5.402564103	0.9384615385	1.351627275	1.691632424	1.251552448	4.649640227	4.266786321
5.402564103	0.9461538462	1.367948014	1.713961296	1.252943299	4.705784079	4.323106196
5.402564103	0.9538461538	1.384391746	1.736509155	1.254348099	4.762351033	4.379978417
5.402564103	0.9615384615	1.400959171	1.759277081	1.255766133	4.819343497	4.437405713
5.402564103	0.9692307692	1.417650998	1.782266167	1.257196708	4.876763906	4.49539084
5.402564103	0.9769230769	1.434467941	1.805477515	1.258639154	4.934614716	4.553936574
5.402564103	0.9846153846	1.451410721	1.828912236	1.260092825	4.992898411	4.613045718
5.402564103	0.9923076923	1.468480067	1.852571449	1.261557096	5.051617498	4.672721098
5.402564103	1	1.485676716	1.876456285	1.263031362	5.110774508	4.732965564
5.402564103	1.007692308	1.503001409	1.900567884	1.264515038	5.170371995	4.79378199
5.402564103	1.015384615	1.520454897	1.924907393	1.266007559	5.230412542	4.855173274
5.402564103	1.023076923	1.538037937	1.949475972	1.267508379	5.290898751	4.917142337
5.402564103	1.030769231	1.555751293	1.974274789	1.269016968	5.351833252	4.979692127
5.402564103	1.038461538	1.573595736	1.999305021	1.270532816	5.413218697	5.042825614
5.402564103	1.046153846	1.591572046	2.024567856	1.272055426	5.475057765	5.10654579
5.402564103	1.053846154	1.609681006	2.050064489	1.27358432	5.537353158	5.170855674
5.402564103	1.061538462	1.627923411	2.075796127	1.275119034	5.600107601	5.235758309
5.402564103	1.069230769	1.646300058	2.101763986	1.276659121	5.663323846	5.30125676
5.402564103	1.076923077	1.664811756	2.12796929	1.278204146	5.727004667	5.367354118
5.402564103	1.084615385	1.683459318	2.154413274	1.27975369	5.791152864	5.434053496
5.402564103	1.092307692	1.702243565	2.181097183	1.281307345	5.855771262	5.501358033
5.402564103	1.1	1.721165324	2.208022269	1.282864719	5.920862708	5.56927089
5.402564103	1.107692308	1.740225431	2.235189797	1.28442543	5.986430075	5.637795253
5.402564103	1.115384615	1.759424728	2.262601039	1.285989109	6.05247626	5.706934334
5.402564103	1.123076923	1.778764065	2.290257276	1.287555399	6.119004184	5.776691365
5.402564103	1.130769231	1.798244297	2.318159801	1.289123955	6.186016794	5.847069605
5.402564103	1.138461538	1.817866289	2.346309915	1.290694442	6.25351706	5.918072336
5.402564103	1.146153846	1.837630909	2.374708929	1.292266536	6.321507976	5.989702864
5.402564103	1.153846154	1.857539038	2.403358163	1.293839922	6.389992561	6.06196452
5.402564103	1.161538462	1.877591558	2.432258947	1.295414297	6.458973859	6.134860656
5.402564103	1.169230769	1.897789361	2.461412619	1.296989365	6.528454937	6.208394652
5.402564103	1.176923077	1.918133348	2.49082053	1.298564843	6.598438888	6.282569909
5.402564103	1.184615385	1.938624422	2.520484036	1.300140454	6.668928828	6.357389854
5.402564103	1.192307692	1.959263499	2.550404507	1.30171593	6.739927899	6.432857936
5.402564103	1.2	1.980051497	2.580583319	1.303291012	6.811439264	6.50897763
5.576923077	0.9	1.330071588	1.654772421	1.244122824	4.575487989	4.17381473
5.576923077	0.9076923077	1.346633265	1.677133123	1.245426774	4.632460677	4.23021489
5.576923077	0.9153846154	1.363320214	1.699718136	1.246749017	4.689864303	4.287180826
5.576923077	0.9230769231	1.380133093	1.722528499	1.248088686	4.747701136	4.344715159
5.576923077	0.9307692308	1.39707257	1.745565259	1.249444944	4.805973467	4.402820531
5.576923077	0.9384615385	1.414139317	1.768829474	1.250816983	4.864683612	4.461499613
5.576923077	0.9461538462	1.431334015	1.792322213	1.252204023	4.923833914	4.520755095
5.576923077	0.9538461538	1.448657353	1.816044551	1.253605311	4.983426738	4.580589695
5.576923077	0.9615384615	1.466110023	1.839997575	1.255020119	5.043464473	4.641006151
5.576923077	0.9692307692	1.48369273	1.864182382	1.256447743	5.103949533	4.702007229
5.576923077	0.9769230769	1.50140618	1.888600076	1.257887507	5.164884358	4.763595717
5.576923077	0.9846153846	1.51925109	1.913251772	1.259338752	5.22627141	4.825774426
5.576923077	0.9923076923	1.537228184	1.938138596	1.260800846	5.288113177	4.888546194
5.576923077	1	1.555338192	1.96326168	1.262273177	5.350412171	4.95191388
5.576923077	1.007692308	1.57358185	1.988622169	1.263755151	5.413170927	5.015880368
5.576923077	1.015384615	1.591959903	2.014221215	1.265246198	5.476392007	5.080448567
5.576923077	1.023076923	1.610473103	2.04005998	1.266745764	5.540077995	5.145621409
5.576923077	1.030769231	1.629122208	2.066139638	1.268253314	5.6042315	5.211401851
5.576923077	1.038461538	1.647907983	2.09246137	1.269768331	5.668855157	5.277792871
5.576923077	1.046153846	1.666831202	2.119026365	1.271290316	5.733951623	5.344797476
5.576923077	1.053846154	1.685892644	2.145835827	1.272818785	5.799523582	5.412418692
5.576923077	1.061538462	1.705093096	2.172890963	1.27435327	5.865573739	5.480659572
5.576923077	1.069230769	1.724433352	2.200192994	1.27589332	5.932104827	5.549523193
5.576923077	1.076923077	1.743914213	2.227743149	1.277438496	5.9991196	5.619012654
5.576923077	1.084615385	1.763536488	2.255542667	1.278988375	6.06662084	5.68913108
5.576923077	1.092307692	1.783300991	2.283592796	1.280542549	6.13461135	5.759881619
5.576923077	1.1	1.803208544	2.311894794	1.282100621	6.203093959	5.831267444
5.576923077	1.107692308	1.823259978	2.340449927	1.283662207	6.272071521	5.90329175
5.576923077	1.115384615	1.843456129	2.369259472	1.285226936	6.341546913	5.975957757
5.576923077	1.123076923	1.86379784	2.398324717	1.28679445	6.411523037	6.049268711
5.576923077	1.130769231	1.884285962	2.427646955	1.288364401	6.48200282	6.12322788
5.576923077	1.138461538	1.904921353	2.457227494	1.289936453	6.552989212	6.197838555
5.576923077	1.146153846	1.925704878	2.487067647	1.291510281	6.624485189	6.273104053
5.576923077	1.153846154	1.946637408	2.517168739	1.293085568	6.696493749	6.349027714
5.576923077	1.161538462	1.967719823	2.547532103	1.294662011	6.769017918	6.425612902
5.576923077	1.169230769	1.988953009	2.578159083	1.296239314	6.842060743	6.502863006
5.576923077	1.176923077	2.010337858	2.609051033	1.297817191	6.915625297	6.580781438
5.576923077	1.184615385	2.031875273	2.640209313	1.299395366	6.989714678	6.659371635
5.576923077	1.192307692	2.053566159	2.671635296	1.30097357	7.064332006	6.738637056
5.576923077	1.2	2.075411431	2.703330364	1.302551544	7.139480428	6.818581186
5.751282051	0.9	1.389677128	1.728021665	1.243469889	4.780532916	4.358570512
5.751282051	0.9076923077	1.407108117	1.751524361	1.244768856	4.840496062	4.417851111
5.751282051	0.9153846154	1.424670251	1.775262355	1.246086491	4.900910357	4.477725199
5.751282051	0.9230769231	1.442364187	1.79923669	1.247421911	4.961778049	4.538195408
5.751282051	0.9307692308	1.460190583	1.823448419	1.248774263	5.023101411	4.599264391
5.751282051	0.9384615385	1.478150107	1.847898603	1.250142725	5.08488274	4.660934828
5.751282051	0.9461538462	1.496243436	1.872588313	1.251526502	5.147124357	4.72320942
5.751282051	0.9538461538	1.51447125	1.897518631	1.252924828	5.20982861	4.786090893
5.751282051	0.9615384615	1.532834239	1.922690647	1.254336965	5.272997868	4.849581999
5.751282051	0.9692307692	1.551333099	1.948105461	1.255762197	5.336634526	4.913685512
5.751282051	0.9769230769	1.569968533	1.973764182	1.257199836	5.400741003	4.978404229
5.751282051	0.9846153846	1.588741251	1.99966793	1.258649216	5.465319743	5.043740974
5.751282051	0.9923076923	1.607651971	2.025817833	1.260109693	5.530373214	5.109698593
5.751282051	1	1.626701418	2.052215028	1.261580647	5.595903907	5.176279956
5.751282051	1.007692308	1.645890322	2.078860664	1.263061478	5.661914341	5.243487957
5.751282051	1.015384615	1.665219424	2.105755897	1.264551606	5.728407056	5.311325515
5.751282051	1.023076923	1.684689467	2.132901894	1.266050471	5.795384617	5.379795573
5.751282051	1.030769231	1.704301207	2.160299832	1.267557532	5.862849615	5.448901097
5.751282051	1.038461538	1.724055401	2.187950895	1.269072266	5.930804663	5.518645077
5.751282051	1.046153846	1.743952818	2.215856279	1.270594167	5.999252401	5.589030527
5.751282051	1.053846154	1.763994231	2.244017188	1.272122748	6.068195491	5.660060486
5.751282051	1.061538462	1.784180422	2.272434837	1.273657534	6.137636621	5.731738017
5.751282051	1.069230769	1.804512179	2.301110449	1.27519807	6.207578503	5.804066206
5.751282051	1.076923077	1.824990297	2.330045257	1.276743915	6.278023873	5.877048163
5.751282051	1.084615385	1.84561558	2.359240505	1.278294641	6.348975492	5.950687023
5.751282051	1.092307692	1.866388836	2.388697444	1.279849835	6.420436144	6.024985944
5.751282051	1.1	1.887310882	2.418417336	1.281409098	6.492408639	6.099948109
5.751282051	1.107692308	1.908382542	2.448401452	1.282972044	6.564895812	6.175576724
5.751282051	1.115384615	1.929604647	2.478651073	1.2845383	6.637900519	6.251875019
5.751282051	1.123076923	1.950978035	2.50916749	1.286107503	6.711425643	6.328846249
5.751282051	1.130769231	1.972503551	2.539952001	1.287679305	6.785474092	6.406493692
5.751282051	1.138461538	1.994182046	2.571005917	1.289253367	6.860048797	6.484820652
5.751282051	1.146153846	2.016014381	2.602330557	1.290829362	6.935152714	6.563830454
5.751282051	1.153846154	2.038001421	2.633927247	1.292406973	7.010788822	6.643526448
5.751282051	1.161538462	2.060144041	2.665797328	1.293985894	7.086960127	6.723912009
5.751282051	1.169230769	2.082443119	2.697942145	1.295565828	7.163669656	6.804990537
5.751282051	1.176923077	2.104899545	2.730363055	1.29714649	7.240920464	6.886765452
5.751282051	1.184615385	2.127514212	2.763061426	1.2987276	7.318715628	6.969240202
5.751282051	1.192307692	2.150288022	2.796038633	1.300308891	7.39705825	7.052418257
5.751282051	1.2	2.173221885	2.829296061	1.301890102	7.475951457	7.136303111
5.925641026	0.9	1.450661086	1.802983367	1.242870154	4.990319643	4.547645609
5.925641026	0.9076923077	1.468985049	1.827659193	1.244164598	5.05335465	4.609885181
5.925641026	0.9153846154	1.487446235	1.852581698	1.245478092	5.116861708	4.672746949
5.925641026	0.9230769231	1.506045292	1.877751931	1.246809735	5.180843048	4.736233556
5.925641026	0.9307692308	1.524782875	1.903170946	1.248158657	5.245300922	4.800347665
5.925641026	0.9384615385	1.543659646	1.92883981	1.249524022	5.310237608	4.865091965
5.925641026	0.9461538462	1.562676275	1.954759598	1.25090502	5.375655408	4.930469169
5.925641026	0.9538461538	1.581833438	1.980931395	1.252300873	5.44155665	4.996482013
5.925641026	0.9615384615	1.601131818	2.007356296	1.253710827	5.507943683	5.063133258
5.925641026	0.9692307692	1.620572106	2.034035405	1.255134157	5.574818883	5.130425687
5.925641026	0.9769230769	1.640155	2.060969835	1.256570163	5.642184651	5.198362111
5.925641026	0.9846153846	1.659881203	2.088160709	1.258018167	5.710043409	5.266945361
5.925641026	0.9923076923	1.679751428	2.11560916	1.259477518	5.778397607	5.336178294
5.925641026	1	1.699766394	2.143316329	1.260947585	5.847249717	5.406063791
5.925641026	1.007692308	1.719926827	2.171283369	1.262427759	5.916602238	5.476604756
5.925641026	1.015384615	1.740233459	2.199511441	1.263917453	5.986457689	5.547804117
5.925641026	1.023076923	1.760687031	2.228001714	1.265416099	6.056818619	5.619664828
5.925641026	1.030769231	1.78128829	2.25675537	1.266923149	6.127687596	5.692189865
5.925641026	1.038461538	1.80203799	2.285773597	1.268438074	6.199067216	5.765382229
5.925641026	1.046153846	1.822936893	2.315057595	1.269960361	6.270960098	5.839244944
5.925641026	1.053846154	1.843985767	2.344608573	1.271489517	6.343368886	5.913781058
5.925641026	1.061538462	1.865185389	2.374427748	1.273025064	6.416296248	5.988993645
5.925641026	1.069230769	1.886536539	2.40451635	1.27456654	6.489744875	6.064885801
5.925641026	1.076923077	1.908040009	2.434875613	1.2761135	6.563717486	6.141460646
5.925641026	1.084615385	1.929696595	2.465506786	1.277665511	6.63821682	6.218721325
5.925641026	1.092307692	1.9515071	2.496411125	1.279222158	6.713245645	6.296671008
5.925641026	1.1	1.973472337	2.527589895	1.280783038	6.788806748	6.375312886
5.925641026	1.107692308	1.995593123	2.559044372	1.28234776	6.864902946	6.454650175
5.925641026	1.115384615	2.017870284	2.590775841	1.283915949	6.941537077	6.534686118
5.925641026	1.123076923	2.040304651	2.622785595	1.285487241	7.018712003	6.615423978
5.925641026	1.130769231	2.062897063	2.655074939	1.287061282	7.096430612	6.696867043
5.925641026	1.138461538	2.085648369	2.687645186	1.288637733	7.174695816	6.779018628
5.925641026	1.146153846	2.10855942	2.720497658	1.290216264	7.253510552	6.861882067
5.925641026	1.153846154	2.131631079	2.753633689	1.291796558	7.33287778	6.945460723
5.925641026	1.161538462	2.154864211	2.78705462	1.293378305	7.412800485	7.029757978
5.925641026	1.169230769	2.178259693	2.820761803	1.294961208	7.493281677	7.114777243
5.925641026	1.176923077	2.201818406	2.854756598	1.296544978	7.574324389	7.20052195
5.925641026	1.184615385	2.22554124	2.889040376	1.298129338	7.65593168	7.286995555
5.925641026	1.192307692	2.249429089	2.923614516	1.299714017	7.738106632	7.37420154
5.925641026	1.2	2.273482858	2.958480409	1.301298753	7.820852352	7.462143408
6.1	0.9	1.513023461	1.879657527	1.242318824	5.204848169	4.741040021
6.1	0.9076923077	1.532264062	1.905537619	1.243609158	5.271036439	4.8063171
6.1	0.9153846154	1.551648163	1.931676166	1.244918927	5.337718357	4.872246078
6.1	0.9230769231	1.571176408	1.958074219	1.246247213	5.404896133	4.938829604
6.1	0.9307692308	1.590849446	1.984732839	1.247593129	5.472572	5.006070354
6.1	0.9384615385	1.610667933	2.011653095	1.248955823	5.540748218	5.073971026
6.1	0.9461538462	1.630632533	2.038836066	1.250334471	5.609427067	5.142534344
6.1	0.9538461538	1.650743916	2.066282843	1.25172828	5.678610857	5.211763054
6.1	0.9615384615	1.671002761	2.093994522	1.253136483	5.748301918	5.281659926
6.1	0.9692307692	1.691409752	2.121972213	1.254558342	5.818502606	5.352227756
6.1	0.9769230769	1.71196558	2.150217033	1.255993145	5.889215301	5.423469362
6.1	0.9846153846	1.732670946	2.178730109	1.257440205	5.960442409	5.495387588
6.1	0.9923076923	1.753526555	2.207512577	1.258898858	6.032186357	5.567985299
6.1	1	1.77453312	2.236565584	1.260368465	6.104449601	5.641265386
6.1	1.007692308	1.795691362	2.265890285	1.261848407	6.177234617	5.715230765
6.1	1.015384615	1.817002008	2.295487845	1.263338089	6.250543907	5.789884374
6.1	1.023076923	1.838465792	2.32535944	1.264836936	6.324379999	5.865229175
6.1	1.030769231	1.860083457	2.355506252	1.266344391	6.398745443	5.941268157
6.1	1.038461538	1.88185575	2.385929476	1.267859917	6.473642815	6.018004329
6.1	1.046153846	1.903783428	2.416630315	1.269382998	6.549074715	6.095440726
6.1	1.053846154	1.925867253	2.447609982	1.270913131	6.625043766	6.173580407
6.1	1.061538462	1.948107996	2.478869698	1.272449835	6.701552618	6.252426455
6.1	1.069230769	1.970506432	2.510410696	1.273992642	6.778603943	6.331981976
6.1	1.076923077	1.993063347	2.542234217	1.275541101	6.856200438	6.412250102
6.1	1.084615385	2.015779532	2.574341512	1.277094777	6.934344825	6.493233987
6.1	1.092307692	2.038655784	2.606733841	1.278653248	7.013039851	6.57493681
6.1	1.1	2.06169291	2.639412473	1.280216108	7.092288286	6.657361773
6.1	1.107692308	2.084891721	2.672378688	1.281782963	7.172092925	6.740512105
6.1	1.115384615	2.108253038	2.705633775	1.283353434	7.252456587	6.824391055
6.1	1.123076923	2.131777686	2.739179033	1.284927153	7.333382115	6.909001897
6.1	1.130769231	2.1554665	2.773015768	1.286503765	7.414872378	6.994347932
6.1	1.138461538	2.179320321	2.807145299	1.288082928	7.496930268	7.080432482
6.1	1.146153846	2.203339995	2.841568952	1.289664309	7.579558703	7.167258894
6.1	1.153846154	2.227526379	2.876288064	1.291247588	7.662760623	7.254830538
6.1	1.161538462	2.251880335	2.911303981	1.292832455	7.746538993	7.343150809
6.1	1.169230769	2.276402731	2.946618058	1.29441861	7.830896804	7.432223126
6.1	1.176923077	2.301094443	2.98223166	1.296005763	7.915837071	7.522050933
6.1	1.184615385	2.325956356	3.018146162	1.297593634	8.001362832	7.612637695
6.1	1.192307692	2.35098936	3.054362947	1.299181952	8.08747715	7.703986904
6.1	1.2	2.376194352	3.090883409	1.300770455	8.174183112	7.796102074
