# VHH-NNLO SMEFT grid scan points
# process: ZHH
# energy_tev: 13.6
# scan_axes: phi,phiW
# windows: phi=[-15,5]; phiW=[-1,1]
# n_points_per_axis: 40
# n_points_total: 1600
# fixed_wcs: phi=0,phiB=0,phiBox=0,phiD=0,phiQ3rd=0,phiW=0,phiWB=0,phid=0,phiq1st=0,phiq3st=0,phiu=0,tphi=0
#
phi	phiW	sigma_lo	sigma_nnlo	k	sigma_smeft_over_sm_lo	sigma_smeft_over_sm_nnlo
-15	-1	0.9087250846	1.164995499	1.282010939	3.126011755	2.938882771
-15	-0.9487179487	0.9306622608	1.190962146	1.279693177	3.201475579	3.004387684
-15	-0.8974358974	0.9525994369	1.216928792	1.277482166	3.276939404	3.069892598
-15	-0.8461538462	0.9745366131	1.242895438	1.275370696	3.352403229	3.135397511
-15	-0.7948717949	0.9964737892	1.268862084	1.273352193	3.427867053	3.200902425
-15	-0.7435897436	1.018410965	1.294828731	1.271420649	3.503330878	3.266407338
-15	-0.6923076923	1.040348142	1.320795377	1.269570564	3.578794703	3.331912252
-15	-0.641025641	1.062285318	1.346762023	1.267796891	3.654258528	3.397417166
-15	-0.5897435897	1.084222494	1.37272867	1.266094992	3.729722352	3.462922079
-15	-0.5384615385	1.10615967	1.398695316	1.264460596	3.805186177	3.528426993
-15	-0.4871794872	1.128096846	1.424661962	1.262889766	3.880650002	3.593931906
-15	-0.4358974359	1.150034022	1.450628609	1.261378864	3.956113826	3.65943682
-15	-0.3846153846	1.171971198	1.476595255	1.259924525	4.031577651	3.724941733
-15	-0.3333333333	1.193908375	1.502561901	1.25852363	4.107041476	3.790446647
-15	-0.2820512821	1.215845551	1.528528548	1.257173287	4.182505301	3.85595156
-15	-0.2307692308	1.237782727	1.554495194	1.255870808	4.257969125	3.921456474
-15	-0.1794871795	1.259719903	1.58046184	1.254613693	4.33343295	3.986961387
-15	-0.1282051282	1.281657079	1.606428487	1.253399613	4.408896775	4.052466301
-15	-0.07692307692	1.303594255	1.632395133	1.252226393	4.484360599	4.117971214
-15	-0.02564102564	1.325531431	1.658361779	1.251092007	4.559824424	4.183476128
-15	0.02564102564	1.347468608	1.684328425	1.249994557	4.635288249	4.248981042
-15	0.07692307692	1.369405784	1.710295072	1.248932268	4.710752073	4.314485955
-15	0.1282051282	1.39134296	1.736261718	1.247903478	4.786215898	4.379990869
-15	0.1794871795	1.413280136	1.762228364	1.246906625	4.861679723	4.445495782
-15	0.2307692308	1.435217312	1.788195011	1.245940246	4.937143548	4.511000696
-15	0.2820512821	1.457154488	1.814161657	1.245002964	5.012607372	4.576505609
-15	0.3333333333	1.479091664	1.840128303	1.244093485	5.088071197	4.642010523
-15	0.3846153846	1.501028841	1.86609495	1.243210589	5.163535022	4.707515436
-15	0.4358974359	1.522966017	1.892061596	1.242353129	5.238998846	4.77302035
-15	0.4871794872	1.544903193	1.918028242	1.24152002	5.314462671	4.838525263
-15	0.5384615385	1.566840369	1.943994889	1.240710239	5.389926496	4.904030177
-15	0.5897435897	1.588777545	1.969961535	1.23992282	5.465390321	4.969535091
-15	0.641025641	1.610714721	1.995928181	1.239156851	5.540854145	5.035040004
-15	0.6923076923	1.632651897	2.021894827	1.238411465	5.61631797	5.100544918
-15	0.7435897436	1.654589074	2.047861474	1.237685844	5.691781795	5.166049831
-15	0.7948717949	1.67652625	2.07382812	1.236979212	5.767245619	5.231554745
-15	0.8461538462	1.698463426	2.099794766	1.236290835	5.842709444	5.297059658
-15	0.8974358974	1.720400602	2.125761413	1.235620012	5.918173269	5.362564572
-15	0.9487179487	1.742337778	2.151728059	1.234966082	5.993637093	5.428069485
-15	1	1.764274954	2.177694705	1.234328413	6.069100918	5.493574399
-14.48717949	-1	0.8729711664	1.121407893	1.284587551	3.003018376	2.828926238
-14.48717949	-0.9487179487	0.8949083425	1.147374539	1.282114027	3.0784822	2.894431151
-14.48717949	-0.8974358974	0.9168455187	1.173341185	1.27975887	3.153946025	2.959936065
-14.48717949	-0.8461538462	0.9387826948	1.199307832	1.277513783	3.22940985	3.025440979
-14.48717949	-0.7948717949	0.960719871	1.225274478	1.275371224	3.304873674	3.090945892
-14.48717949	-0.7435897436	0.9826570471	1.251241124	1.273324328	3.380337499	3.156450806
-14.48717949	-0.6923076923	1.004594223	1.277207771	1.271366828	3.455801324	3.221955719
-14.48717949	-0.641025641	1.026531399	1.303174417	1.269492991	3.531265149	3.287460633
-14.48717949	-0.5897435897	1.048468576	1.329141063	1.267697568	3.606728973	3.352965546
-14.48717949	-0.5384615385	1.070405752	1.355107709	1.265975736	3.682192798	3.41847046
-14.48717949	-0.4871794872	1.092342928	1.381074356	1.264323062	3.757656623	3.483975373
-14.48717949	-0.4358974359	1.114280104	1.407041002	1.262735462	3.833120447	3.549480287
-14.48717949	-0.3846153846	1.13621728	1.433007648	1.261209166	3.908584272	3.6149852
-14.48717949	-0.3333333333	1.158154456	1.458974295	1.259740691	3.984048097	3.680490114
-14.48717949	-0.2820512821	1.180091632	1.484940941	1.258326811	4.059511921	3.745995027
-14.48717949	-0.2307692308	1.202028809	1.510907587	1.256964539	4.134975746	3.811499941
-14.48717949	-0.1794871795	1.223965985	1.536874234	1.255651099	4.210439571	3.877004855
-14.48717949	-0.1282051282	1.245903161	1.56284088	1.254383911	4.285903396	3.942509768
-14.48717949	-0.07692307692	1.267840337	1.588807526	1.253160575	4.36136722	4.008014682
-14.48717949	-0.02564102564	1.289777513	1.614774173	1.251978854	4.436831045	4.073519595
-14.48717949	0.02564102564	1.311714689	1.640740819	1.250836659	4.51229487	4.139024509
-14.48717949	0.07692307692	1.333651865	1.666707465	1.249732039	4.587758694	4.204529422
-14.48717949	0.1282051282	1.355589042	1.692674112	1.248663171	4.663222519	4.270034336
-14.48717949	0.1794871795	1.377526218	1.718640758	1.247628347	4.738686344	4.335539249
-14.48717949	0.2307692308	1.399463394	1.744607404	1.246625965	4.814150169	4.401044163
-14.48717949	0.2820512821	1.42140057	1.77057405	1.245654524	4.889613993	4.466549076
-14.48717949	0.3333333333	1.443337746	1.796540697	1.244712613	4.965077818	4.53205399
-14.48717949	0.3846153846	1.465274922	1.822507343	1.243798904	5.040541643	4.597558904
-14.48717949	0.4358974359	1.487212098	1.848473989	1.242912152	5.116005467	4.663063817
-14.48717949	0.4871794872	1.509149275	1.874440636	1.242051179	5.191469292	4.728568731
-14.48717949	0.5384615385	1.531086451	1.900407282	1.241214878	5.266933117	4.794073644
-14.48717949	0.5897435897	1.553023627	1.926373928	1.240402203	5.342396942	4.859578558
-14.48717949	0.641025641	1.574960803	1.952340575	1.239612167	5.417860766	4.925083471
-14.48717949	0.6923076923	1.596897979	1.978307221	1.238843838	5.493324591	4.990588385
-14.48717949	0.7435897436	1.618835155	2.004273867	1.238096332	5.568788416	5.056093298
-14.48717949	0.7948717949	1.640772331	2.030240514	1.237368814	5.64425224	5.121598212
-14.48717949	0.8461538462	1.662709508	2.05620716	1.236660493	5.719716065	5.187103125
-14.48717949	0.8974358974	1.684646684	2.082173806	1.23597062	5.79517989	5.252608039
-14.48717949	0.9487179487	1.70658386	2.108140452	1.235298483	5.870643714	5.318112952
-14.48717949	1	1.728521036	2.134107099	1.234643406	5.946107539	5.383617866
-13.97435897	-1	0.8372172481	1.077820286	1.287384235	2.880024997	2.718969705
-13.97435897	-0.9487179487	0.8591544243	1.103786932	1.284736366	2.955488821	2.784474619
-13.97435897	-0.8974358974	0.8810916004	1.129753579	1.282220348	3.030952646	2.849979532
-13.97435897	-0.8461538462	0.9030287766	1.155720225	1.279826574	3.106416471	2.915484446
-13.97435897	-0.7948717949	0.9249659527	1.181686871	1.277546344	3.181880295	2.980989359
-13.97435897	-0.7435897436	0.9469031288	1.207653518	1.275371768	3.25734412	3.046494273
-13.97435897	-0.6923076923	0.968840305	1.233620164	1.273295669	3.332807945	3.111999186
-13.97435897	-0.641025641	0.9907774811	1.25958681	1.271311505	3.40827177	3.1775041
-13.97435897	-0.5897435897	1.012714657	1.285553457	1.269413302	3.483735594	3.243009013
-13.97435897	-0.5384615385	1.034651833	1.311520103	1.267595592	3.559199419	3.308513927
-13.97435897	-0.4871794872	1.05658901	1.337486749	1.265853361	3.634663244	3.374018841
-13.97435897	-0.4358974359	1.078526186	1.363453396	1.264182005	3.710127068	3.439523754
-13.97435897	-0.3846153846	1.100463362	1.389420042	1.262577283	3.785590893	3.505028668
-13.97435897	-0.3333333333	1.122400538	1.415386688	1.26103529	3.861054718	3.570533581
-13.97435897	-0.2820512821	1.144337714	1.441353335	1.259552418	3.936518542	3.636038495
-13.97435897	-0.2307692308	1.16627489	1.467319981	1.25812533	4.011982367	3.701543408
-13.97435897	-0.1794871795	1.188212066	1.493286627	1.256750936	4.087446192	3.767048322
-13.97435897	-0.1282051282	1.210149243	1.519253273	1.255426372	4.162910017	3.832553235
-13.97435897	-0.07692307692	1.232086419	1.54521992	1.254148975	4.238373841	3.898058149
-13.97435897	-0.02564102564	1.254023595	1.571186566	1.252916271	4.313837666	3.963563062
-13.97435897	0.02564102564	1.275960771	1.597153212	1.251725953	4.389301491	4.029067976
-13.97435897	0.07692307692	1.297897947	1.623119859	1.250575873	4.464765315	4.094572889
-13.97435897	0.1282051282	1.319835123	1.649086505	1.249464025	4.54022914	4.160077803
-13.97435897	0.1794871795	1.341772299	1.675053151	1.248388532	4.615692965	4.225582717
-13.97435897	0.2307692308	1.363709476	1.701019798	1.247347641	4.69115679	4.29108763
-13.97435897	0.2820512821	1.385646652	1.726986444	1.246339708	4.766620614	4.356592544
-13.97435897	0.3333333333	1.407583828	1.75295309	1.245363193	4.842084439	4.422097457
-13.97435897	0.3846153846	1.429521004	1.778919737	1.244416648	4.917548264	4.487602371
-13.97435897	0.4358974359	1.45145818	1.804886383	1.243498716	4.993012088	4.553107284
-13.97435897	0.4871794872	1.473395356	1.830853029	1.242608117	5.068475913	4.618612198
-13.97435897	0.5384615385	1.495332532	1.856819675	1.241743649	5.143939738	4.684117111
-13.97435897	0.5897435897	1.517269709	1.882786322	1.240904179	5.219403562	4.749622025
-13.97435897	0.641025641	1.539206885	1.908752968	1.240088637	5.294867387	4.815126938
-13.97435897	0.6923076923	1.561144061	1.934719614	1.239296016	5.370331212	4.880631852
-13.97435897	0.7435897436	1.583081237	1.960686261	1.238525361	5.445795037	4.946136766
-13.97435897	0.7948717949	1.605018413	1.986652907	1.237775773	5.521258861	5.011641679
-13.97435897	0.8461538462	1.626955589	2.012619553	1.237046399	5.596722686	5.077146593
-13.97435897	0.8974358974	1.648892766	2.0385862	1.236336433	5.672186511	5.142651506
-13.97435897	0.9487179487	1.670829942	2.064552846	1.235645109	5.747650335	5.20815642
-13.97435897	1	1.692767118	2.090519492	1.234971704	5.82311416	5.273661333
-13.46153846	-1	0.8014633299	1.03423268	1.290430443	2.757031618	2.609013172
-13.46153846	-0.9487179487	0.823400506	1.060199326	1.28758644	2.832495442	2.674518086
-13.46153846	-0.8974358974	0.8453376821	1.086165972	1.284890045	2.907959267	2.740022999
-13.46153846	-0.8461538462	0.8672748583	1.112132619	1.282330057	2.983423092	2.805527913
-13.46153846	-0.7948717949	0.8892120344	1.138099265	1.279896381	3.058886916	2.871032826
-13.46153846	-0.7435897436	0.9111492106	1.164065911	1.277579893	3.134350741	2.93653774
-13.46153846	-0.6923076923	0.9330863867	1.190032558	1.275372328	3.209814566	3.002042654
-13.46153846	-0.641025641	0.9550235629	1.215999204	1.27326618	3.28527839	3.067547567
-13.46153846	-0.5897435897	0.976960739	1.24196585	1.271254617	3.360742215	3.133052481
-13.46153846	-0.5384615385	0.9988979152	1.267932496	1.269331407	3.43620604	3.198557394
-13.46153846	-0.4871794872	1.020835091	1.293899143	1.267490855	3.511669865	3.264062308
-13.46153846	-0.4358974359	1.042772267	1.319865789	1.265727743	3.587133689	3.329567221
-13.46153846	-0.3846153846	1.064709444	1.345832435	1.264037286	3.662597514	3.395072135
-13.46153846	-0.3333333333	1.08664662	1.371799082	1.262415082	3.738061339	3.460577048
-13.46153846	-0.2820512821	1.108583796	1.397765728	1.26085708	3.813525163	3.526081962
-13.46153846	-0.2307692308	1.130520972	1.423732374	1.259359543	3.888988988	3.591586875
-13.46153846	-0.1794871795	1.152458148	1.449699021	1.257919017	3.964452813	3.657091789
-13.46153846	-0.1282051282	1.174395324	1.475665667	1.256532308	4.039916638	3.722596702
-13.46153846	-0.07692307692	1.1963325	1.501632313	1.255196455	4.115380462	3.788101616
-13.46153846	-0.02564102564	1.218269677	1.52759896	1.253908711	4.190844287	3.85360653
-13.46153846	0.02564102564	1.240206853	1.553565606	1.252666523	4.266308112	3.919111443
-13.46153846	0.07692307692	1.262144029	1.579532252	1.251467516	4.341771936	3.984616357
-13.46153846	0.1282051282	1.284081205	1.605498898	1.250309476	4.417235761	4.05012127
-13.46153846	0.1794871795	1.306018381	1.631465545	1.249190339	4.492699586	4.115626184
-13.46153846	0.2307692308	1.327955557	1.657432191	1.248108178	4.568163411	4.181131097
-13.46153846	0.2820512821	1.349892734	1.683398837	1.247061189	4.643627235	4.246636011
-13.46153846	0.3333333333	1.37182991	1.709365484	1.246047685	4.71909106	4.312140924
-13.46153846	0.3846153846	1.393767086	1.73533213	1.245066086	4.794554885	4.377645838
-13.46153846	0.4358974359	1.415704262	1.761298776	1.244114907	4.870018709	4.443150751
-13.46153846	0.4871794872	1.437641438	1.787265423	1.243192757	4.945482534	4.508655665
-13.46153846	0.5384615385	1.459578614	1.813232069	1.242298326	5.020946359	4.574160579
-13.46153846	0.5897435897	1.48151579	1.839198715	1.241430383	5.096410183	4.639665492
-13.46153846	0.641025641	1.503452967	1.865165362	1.240587769	5.171874008	4.705170406
-13.46153846	0.6923076923	1.525390143	1.891132008	1.239769391	5.247337833	4.770675319
-13.46153846	0.7435897436	1.547327319	1.917098654	1.238974218	5.322801658	4.836180233
-13.46153846	0.7948717949	1.569264495	1.9430653	1.238201276	5.398265482	4.901685146
-13.46153846	0.8461538462	1.591201671	1.969031947	1.237449647	5.473729307	4.96719006
-13.46153846	0.8974358974	1.613138847	1.994998593	1.236718461	5.549193132	5.032694973
-13.46153846	0.9487179487	1.635076023	2.020965239	1.236006895	5.624656956	5.098199887
-13.46153846	1	1.6570132	2.046931886	1.23531417	5.700120781	5.1637048
-12.94871795	-1	0.7657094116	0.9906450731	1.293761129	2.634038239	2.499056639
-12.94871795	-0.9487179487	0.7876465877	1.016611719	1.290695263	2.709502063	2.564561553
-12.94871795	-0.8974358974	0.8095837639	1.042578366	1.287795547	2.784965888	2.630066467
-12.94871795	-0.8461538462	0.83152094	1.068545012	1.285048831	2.860429713	2.69557138
-12.94871795	-0.7948717949	0.8534581162	1.094511658	1.282443318	2.935893537	2.761076294
-12.94871795	-0.7435897436	0.8753952923	1.120478305	1.279968392	3.011357362	2.826581207
-12.94871795	-0.6923076923	0.8973324685	1.146444951	1.277614475	3.086821187	2.892086121
-12.94871795	-0.641025641	0.9192696446	1.172411597	1.275372905	3.162285011	2.957591034
-12.94871795	-0.5897435897	0.9412068208	1.198378244	1.273235826	3.237748836	3.023095948
-12.94871795	-0.5384615385	0.9631439969	1.22434489	1.271196097	3.313212661	3.088600861
-12.94871795	-0.4871794872	0.9850811731	1.250311536	1.269247216	3.388676486	3.154105775
-12.94871795	-0.4358974359	1.007018349	1.276278183	1.267383244	3.46414031	3.219610688
-12.94871795	-0.3846153846	1.028955525	1.302244829	1.265598752	3.539604135	3.285115602
-12.94871795	-0.3333333333	1.050892701	1.328211475	1.263888762	3.61506796	3.350620516
-12.94871795	-0.2820512821	1.072829878	1.354178121	1.262248703	3.690531784	3.416125429
-12.94871795	-0.2307692308	1.094767054	1.380144768	1.260674372	3.765995609	3.481630343
-12.94871795	-0.1794871795	1.11670423	1.406111414	1.259161895	3.841459434	3.547135256
-12.94871795	-0.1282051282	1.138641406	1.43207806	1.257707697	3.916923259	3.61264017
-12.94871795	-0.07692307692	1.160578582	1.458044707	1.256308473	3.992387083	3.678145083
-12.94871795	-0.02564102564	1.182515758	1.484011353	1.254961164	4.067850908	3.743649997
-12.94871795	0.02564102564	1.204452935	1.509977999	1.253662934	4.143314733	3.80915491
-12.94871795	0.07692307692	1.226390111	1.535944646	1.252411147	4.218778557	3.874659824
-12.94871795	0.1282051282	1.248327287	1.561911292	1.251203357	4.294242382	3.940164737
-12.94871795	0.1794871795	1.270264463	1.587877938	1.250037283	4.369706207	4.005669651
-12.94871795	0.2307692308	1.292201639	1.613844585	1.248910801	4.445170031	4.071174564
-12.94871795	0.2820512821	1.314138815	1.639811231	1.247821929	4.520633856	4.136679478
-12.94871795	0.3333333333	1.336075991	1.665777877	1.246768812	4.596097681	4.202184392
-12.94871795	0.3846153846	1.358013168	1.691744523	1.24574972	4.671561506	4.267689305
-12.94871795	0.4358974359	1.379950344	1.71771117	1.244763029	4.74702533	4.333194219
-12.94871795	0.4871794872	1.40188752	1.743677816	1.243807218	4.822489155	4.398699132
-12.94871795	0.5384615385	1.423824696	1.769644462	1.24288086	4.89795298	4.464204046
-12.94871795	0.5897435897	1.445761872	1.795611109	1.241982614	4.973416804	4.529708959
-12.94871795	0.641025641	1.467699048	1.821577755	1.241111219	5.048880629	4.595213873
-12.94871795	0.6923076923	1.489636224	1.847544401	1.24026549	5.124344454	4.660718786
-12.94871795	0.7435897436	1.511573401	1.873511048	1.239444308	5.199808279	4.7262237
-12.94871795	0.7948717949	1.533510577	1.899477694	1.238646621	5.275272103	4.791728613
-12.94871795	0.8461538462	1.555447753	1.92544434	1.237871434	5.350735928	4.857233527
-12.94871795	0.8974358974	1.577384929	1.951410987	1.237117809	5.426199753	4.922738441
-12.94871795	0.9487179487	1.599322105	1.977377633	1.236384857	5.501663577	4.988243354
-12.94871795	1	1.621259281	2.003344279	1.235671741	5.577127402	5.053748268
-12.43589744	-1	0.7299554933	0.9470574666	1.297418096	2.511044859	2.389100107
-12.43589744	-0.9487179487	0.7518926695	0.9730241129	1.294099746	2.586508684	2.45460502
-12.43589744	-0.8974358974	0.7738298456	0.9989907592	1.290969539	2.661972509	2.520109934
-12.43589744	-0.8461538462	0.7957670218	1.024957406	1.288011915	2.737436334	2.585614847
-12.43589744	-0.7948717949	0.8177041979	1.050924052	1.285212984	2.812900158	2.651119761
-12.43589744	-0.7435897436	0.8396413741	1.076890698	1.282560307	2.888363983	2.716624674
-12.43589744	-0.6923076923	0.8615785502	1.102857344	1.280042713	2.963827808	2.782129588
-12.43589744	-0.641025641	0.8835157263	1.128823991	1.277650139	3.039291632	2.847634501
-12.43589744	-0.5897435897	0.9054529025	1.154790637	1.2753735	3.114755457	2.913139415
-12.43589744	-0.5384615385	0.9273900786	1.180757283	1.273204567	3.190219282	2.978644329
-12.43589744	-0.4871794872	0.9493272548	1.20672393	1.271135874	3.265683107	3.044149242
-12.43589744	-0.4358974359	0.9712644309	1.232690576	1.269160629	3.341146931	3.109654156
-12.43589744	-0.3846153846	0.9932016071	1.258657222	1.26727264	3.416610756	3.175159069
-12.43589744	-0.3333333333	1.015138783	1.284623869	1.265466249	3.492074581	3.240663983
-12.43589744	-0.2820512821	1.037075959	1.310590515	1.26373628	3.567538405	3.306168896
-12.43589744	-0.2307692308	1.059013136	1.336557161	1.262077982	3.64300223	3.37167381
-12.43589744	-0.1794871795	1.080950312	1.362523808	1.260486993	3.718466055	3.437178723
-12.43589744	-0.1282051282	1.102887488	1.388490454	1.258959295	3.79392988	3.502683637
-12.43589744	-0.07692307692	1.124824664	1.4144571	1.257491186	3.869393704	3.56818855
-12.43589744	-0.02564102564	1.14676184	1.440423746	1.256079245	3.944857529	3.633693464
-12.43589744	0.02564102564	1.168699016	1.466390393	1.254720311	4.020321354	3.699198377
-12.43589744	0.07692307692	1.190636192	1.492357039	1.253411452	4.095785178	3.764703291
-12.43589744	0.1282051282	1.212573369	1.518323685	1.252149952	4.171249003	3.830208205
-12.43589744	0.1794871795	1.234510545	1.544290332	1.250933286	4.246712828	3.895713118
-12.43589744	0.2307692308	1.256447721	1.570256978	1.249759104	4.322176652	3.961218032
-12.43589744	0.2820512821	1.278384897	1.596223624	1.248625221	4.397640477	4.026722945
-12.43589744	0.3333333333	1.300322073	1.622190271	1.247529596	4.473104302	4.092227859
-12.43589744	0.3846153846	1.322259249	1.648156917	1.246470326	4.548568127	4.157732772
-12.43589744	0.4358974359	1.344196425	1.674123563	1.24544563	4.624031951	4.223237686
-12.43589744	0.4871794872	1.366133602	1.70009021	1.244453842	4.699495776	4.288742599
-12.43589744	0.5384615385	1.388070778	1.726056856	1.243493404	4.774959601	4.354247513
-12.43589744	0.5897435897	1.410007954	1.752023502	1.24256285	4.850423425	4.419752426
-12.43589744	0.641025641	1.43194513	1.777990149	1.241660809	4.92588725	4.48525734
-12.43589744	0.6923076923	1.453882306	1.803956795	1.240785989	5.001351075	4.550762254
-12.43589744	0.7435897436	1.475819482	1.829923441	1.239937176	5.0768149	4.616267167
-12.43589744	0.7948717949	1.497756658	1.855890087	1.239113228	5.152278724	4.681772081
-12.43589744	0.8461538462	1.519693835	1.881856734	1.238313067	5.227742549	4.747276994
-12.43589744	0.8974358974	1.541631011	1.90782338	1.237535679	5.303206374	4.812781908
-12.43589744	0.9487179487	1.563568187	1.933790026	1.236780105	5.378670198	4.878286821
-12.43589744	1	1.585505363	1.959756673	1.236045439	5.454134023	4.943791735
-11.92307692	-1	0.6942015751	0.9034698601	1.301451758	2.38805148	2.279143574
-11.92307692	-0.9487179487	0.7161387512	0.9294365064	1.297844174	2.463515305	2.344648487
-11.92307692	-0.8974358974	0.7380759274	0.9554031527	1.294451041	2.53897913	2.410153401
-11.92307692	-0.8461538462	0.7600131035	0.981369799	1.291253788	2.614442955	2.475658314
-11.92307692	-0.7948717949	0.7819502796	1.007336445	1.288235929	2.689906779	2.541163228
-11.92307692	-0.7435897436	0.8038874558	1.033303092	1.285382779	2.765370604	2.606668142
-11.92307692	-0.6923076923	0.8258246319	1.059269738	1.28268121	2.840834429	2.672173055
-11.92307692	-0.641025641	0.8477618081	1.085236384	1.280119456	2.916298253	2.737677969
-11.92307692	-0.5897435897	0.8696989842	1.111203031	1.277686936	2.991762078	2.803182882
-11.92307692	-0.5384615385	0.8916361604	1.137169677	1.275374113	3.067225903	2.868687796
-11.92307692	-0.4871794872	0.9135733365	1.163136323	1.273172362	3.142689728	2.934192709
-11.92307692	-0.4358974359	0.9355105127	1.189102969	1.271073872	3.218153552	2.999697623
-11.92307692	-0.3846153846	0.9574476888	1.215069616	1.269071543	3.293617377	3.065202536
-11.92307692	-0.3333333333	0.979384865	1.241036262	1.267158914	3.369081202	3.13070745
-11.92307692	-0.2820512821	1.001322041	1.267002908	1.26533009	3.444545026	3.196212363
-11.92307692	-0.2307692308	1.023259217	1.292969555	1.26357968	3.520008851	3.261717277
-11.92307692	-0.1794871795	1.045196393	1.318936201	1.261902748	3.595472676	3.327222191
-11.92307692	-0.1282051282	1.06713357	1.344902847	1.260294761	3.6709365	3.392727104
-11.92307692	-0.07692307692	1.089070746	1.370869494	1.258751554	3.746400325	3.458232018
-11.92307692	-0.02564102564	1.111007922	1.39683614	1.257269289	3.82186415	3.523736931
-11.92307692	0.02564102564	1.132945098	1.422802786	1.255844426	3.897327975	3.589241845
-11.92307692	0.07692307692	1.154882274	1.448769433	1.254473694	3.972791799	3.654746758
-11.92307692	0.1282051282	1.17681945	1.474736079	1.253154066	4.048255624	3.720251672
-11.92307692	0.1794871795	1.198756626	1.500702725	1.251882736	4.123719449	3.785756585
-11.92307692	0.2307692308	1.220693803	1.526669372	1.2506571	4.199183273	3.851261499
-11.92307692	0.2820512821	1.242630979	1.552636018	1.249474739	4.274647098	3.916766412
-11.92307692	0.3333333333	1.264568155	1.578602664	1.2483334	4.350110923	3.982271326
-11.92307692	0.3846153846	1.286505331	1.60456931	1.247230984	4.425574748	4.047776239
-11.92307692	0.4358974359	1.308442507	1.630535957	1.246165535	4.501038572	4.113281153
-11.92307692	0.4871794872	1.330379683	1.656502603	1.245135223	4.576502397	4.178786067
-11.92307692	0.5384615385	1.352316859	1.682469249	1.244138338	4.651966222	4.24429098
-11.92307692	0.5897435897	1.374254036	1.708435896	1.243173279	4.727430046	4.309795894
-11.92307692	0.641025641	1.396191212	1.734402542	1.242238547	4.802893871	4.375300807
-11.92307692	0.6923076923	1.418128388	1.760369188	1.241332734	4.878357696	4.440805721
-11.92307692	0.7435897436	1.440065564	1.786335835	1.240454518	4.953821521	4.506310634
-11.92307692	0.7948717949	1.46200274	1.812302481	1.239602657	5.029285345	4.571815548
-11.92307692	0.8461538462	1.483939916	1.838269127	1.238775982	5.10474917	4.637320461
-11.92307692	0.8974358974	1.505877092	1.864235774	1.237973393	5.180212995	4.702825375
-11.92307692	0.9487179487	1.527814269	1.89020242	1.237193852	5.255676819	4.768330288
-11.92307692	1	1.549751445	1.916169066	1.23643638	5.331140644	4.833835202
-11.41025641	-1	0.6584476568	0.8598822535	1.305923477	2.265058101	2.169187041
-11.41025641	-0.9487179487	0.6803848329	0.8858488999	1.301982139	2.340521926	2.234691955
-11.41025641	-0.8974358974	0.7023220091	0.9118155462	1.298287017	2.415985751	2.300196868
-11.41025641	-0.8461538462	0.7242591852	0.9377821925	1.294815739	2.491449576	2.365701782
-11.41025641	-0.7948717949	0.7461963614	0.9637488388	1.291548564	2.5669134	2.431206695
-11.41025641	-0.7435897436	0.7681335375	0.9897154851	1.288468003	2.642377225	2.496711609
-11.41025641	-0.6923076923	0.7900707137	1.015682131	1.285558512	2.71784105	2.562216522
-11.41025641	-0.641025641	0.8120078898	1.041648778	1.282806227	2.793304874	2.627721436
-11.41025641	-0.5897435897	0.833945066	1.067615424	1.280198742	2.868768699	2.693226349
-11.41025641	-0.5384615385	0.8558822421	1.09358207	1.277724921	2.944232524	2.758731263
-11.41025641	-0.4871794872	0.8778194183	1.119548717	1.275374745	3.019696349	2.824236176
-11.41025641	-0.4358974359	0.8997565944	1.145515363	1.273139169	3.095160173	2.88974109
-11.41025641	-0.3846153846	0.9216937706	1.171482009	1.271010011	3.170623998	2.955246004
-11.41025641	-0.3333333333	0.9436309467	1.197448656	1.268979848	3.246087823	3.020750917
-11.41025641	-0.2820512821	0.9655681228	1.223415302	1.267041934	3.321551647	3.086255831
-11.41025641	-0.2307692308	0.987505299	1.249381948	1.26519012	3.397015472	3.151760744
-11.41025641	-0.1794871795	1.009442475	1.275348595	1.263418794	3.472479297	3.217265658
-11.41025641	-0.1282051282	1.031379651	1.301315241	1.261722819	3.547943121	3.282770571
-11.41025641	-0.07692307692	1.053316827	1.327281887	1.260097487	3.623406946	3.348275485
-11.41025641	-0.02564102564	1.075254004	1.353248533	1.258538475	3.698870771	3.413780398
-11.41025641	0.02564102564	1.09719118	1.37921518	1.257041804	3.774334596	3.479285312
-11.41025641	0.07692307692	1.119128356	1.405181826	1.255603809	3.84979842	3.544790225
-11.41025641	0.1282051282	1.141065532	1.431148472	1.254221105	3.925262245	3.610295139
-11.41025641	0.1794871795	1.163002708	1.457115119	1.252890564	4.00072607	3.675800052
-11.41025641	0.2307692308	1.184939884	1.483081765	1.251609288	4.076189894	3.741304966
-11.41025641	0.2820512821	1.20687706	1.509048411	1.250374591	4.151653719	3.80680988
-11.41025641	0.3333333333	1.228814237	1.535015058	1.249183979	4.227117544	3.872314793
-11.41025641	0.3846153846	1.250751413	1.560981704	1.248035132	4.302581369	3.937819707
-11.41025641	0.4358974359	1.272688589	1.58694835	1.246925889	4.378045193	4.00332462
-11.41025641	0.4871794872	1.294625765	1.612914997	1.245854238	4.453509018	4.068829534
-11.41025641	0.5384615385	1.316562941	1.638881643	1.2448183	4.528972843	4.134334447
-11.41025641	0.5897435897	1.338500117	1.664848289	1.243816319	4.604436667	4.199839361
-11.41025641	0.641025641	1.360437293	1.690814935	1.242846652	4.679900492	4.265344274
-11.41025641	0.6923076923	1.38237447	1.716781582	1.241907761	4.755364317	4.330849188
-11.41025641	0.7435897436	1.404311646	1.742748228	1.240998202	4.830828142	4.396354101
-11.41025641	0.7948717949	1.426248822	1.768714874	1.240116624	4.906291966	4.461859015
-11.41025641	0.8461538462	1.448185998	1.794681521	1.239261754	4.981755791	4.527363929
-11.41025641	0.8974358974	1.470123174	1.820648167	1.238432397	5.057219616	4.592868842
-11.41025641	0.9487179487	1.49206035	1.846614813	1.237627428	5.13268344	4.658373756
-11.41025641	1	1.513997526	1.87258146	1.236845785	5.208147265	4.723878669
-10.8974359	-1	0.6226937385	0.816294647	1.310908712	2.142064722	2.059230508
-10.8974359	-0.9487179487	0.6446309147	0.8422612933	1.30657912	2.217528547	2.124735422
-10.8974359	-0.8974358974	0.6665680908	0.8682279396	1.302534507	2.292992372	2.190240335
-10.8974359	-0.8461538462	0.688505267	0.8941945859	1.298747633	2.368456197	2.255745249
-10.8974359	-0.7948717949	0.7104424431	0.9201612323	1.295194623	2.443920021	2.321250162
-10.8974359	-0.7435897436	0.7323796193	0.9461278786	1.291854461	2.519383846	2.386755076
-10.8974359	-0.6923076923	0.7543167954	0.9720945249	1.288708578	2.594847671	2.452259989
-10.8974359	-0.641025641	0.7762539716	0.9980611712	1.285740502	2.670311495	2.517764903
-10.8974359	-0.5897435897	0.7981911477	1.024027817	1.282935573	2.74577532	2.583269817
-10.8974359	-0.5384615385	0.8201283239	1.049994464	1.280280699	2.821239145	2.64877473
-10.8974359	-0.4871794872	0.8420655	1.07596111	1.277764153	2.89670297	2.714279644
-10.8974359	-0.4358974359	0.8640026761	1.101927756	1.275375397	2.972166794	2.779784557
-10.8974359	-0.3846153846	0.8859398523	1.127894403	1.27310494	3.047630619	2.845289471
-10.8974359	-0.3333333333	0.9078770284	1.153861049	1.270944206	3.123094444	2.910794384
-10.8974359	-0.2820512821	0.9298142046	1.179827695	1.268885428	3.198558268	2.976299298
-10.8974359	-0.2307692308	0.9517513807	1.205794342	1.266921558	3.274022093	3.041804211
-10.8974359	-0.1794871795	0.9736885569	1.231760988	1.265046179	3.349485918	3.107309125
-10.8974359	-0.1282051282	0.995625733	1.257727634	1.263253442	3.424949742	3.172814038
-10.8974359	-0.07692307692	1.017562909	1.283694281	1.261538003	3.500413567	3.238318952
-10.8974359	-0.02564102564	1.039500085	1.309660927	1.259894968	3.575877392	3.303823866
-10.8974359	0.02564102564	1.061437261	1.335627573	1.258319848	3.651341217	3.369328779
-10.8974359	0.07692307692	1.083374438	1.36159422	1.256808516	3.726805041	3.434833693
-10.8974359	0.1282051282	1.105311614	1.387560866	1.255357176	3.802268866	3.500338606
-10.8974359	0.1794871795	1.12724879	1.413527512	1.253962324	3.877732691	3.56584352
-10.8974359	0.2307692308	1.149185966	1.439494158	1.252620725	3.953196515	3.631348433
-10.8974359	0.2820512821	1.171123142	1.465460805	1.251329388	4.02866034	3.696853347
-10.8974359	0.3333333333	1.193060318	1.491427451	1.250085539	4.104124165	3.76235826
-10.8974359	0.3846153846	1.214997494	1.517394097	1.248886606	4.17958799	3.827863174
-10.8974359	0.4358974359	1.236934671	1.543360744	1.2477302	4.255051814	3.893368087
-10.8974359	0.4871794872	1.258871847	1.56932739	1.246614097	4.330515639	3.958873001
-10.8974359	0.5384615385	1.280809023	1.595294036	1.245536226	4.405979464	4.024377914
-10.8974359	0.5897435897	1.302746199	1.621260683	1.244494656	4.481443288	4.089882828
-10.8974359	0.641025641	1.324683375	1.647227329	1.243487583	4.556907113	4.155387742
-10.8974359	0.6923076923	1.346620551	1.673193975	1.242513322	4.632370938	4.220892655
-10.8974359	0.7435897436	1.368557728	1.699160622	1.241570295	4.707834762	4.286397569
-10.8974359	0.7948717949	1.390494904	1.725127268	1.240657023	4.783298587	4.351902482
-10.8974359	0.8461538462	1.41243208	1.751093914	1.23977212	4.858762412	4.417407396
-10.8974359	0.8974358974	1.434369256	1.77706056	1.238914285	4.934226237	4.482912309
-10.8974359	0.9487179487	1.456306432	1.803027207	1.238082293	5.009690061	4.548417223
-10.8974359	1	1.478243608	1.828993853	1.237274995	5.085153886	4.613922136
-10.38461538	-1	0.5869398203	0.7727070405	1.316501307	2.019071343	1.949273975
-10.38461538	-0.9487179487	0.6088769964	0.7986736868	1.311715981	2.094535168	2.014778889
-10.38461538	-0.8974358974	0.6308141726	0.8246403331	1.307263484	2.169998993	2.080283802
-10.38461538	-0.8461538462	0.6527513487	0.8506069794	1.30311026	2.245462818	2.145788716
-10.38461538	-0.7948717949	0.6746885249	0.8765736257	1.299227115	2.320926642	2.21129363
-10.38461538	-0.7435897436	0.696625701	0.902540272	1.295588536	2.396390467	2.276798543
-10.38461538	-0.6923076923	0.7185628772	0.9285069184	1.292172123	2.471854292	2.342303457
-10.38461538	-0.641025641	0.7405000533	0.9544735647	1.288958131	2.547318116	2.40780837
-10.38461538	-0.5897435897	0.7624372294	0.980440211	1.285929088	2.622781941	2.473313284
-10.38461538	-0.5384615385	0.7843744056	1.006406857	1.283069476	2.698245766	2.538818197
-10.38461538	-0.4871794872	0.8063115817	1.032373504	1.280365465	2.77370959	2.604323111
-10.38461538	-0.4358974359	0.8282487579	1.05834015	1.277804693	2.849173415	2.669828024
-10.38461538	-0.3846153846	0.850185934	1.084306796	1.275376071	2.92463724	2.735332938
-10.38461538	-0.3333333333	0.8721231102	1.110273443	1.273069627	3.000101065	2.800837851
-10.38461538	-0.2820512821	0.8940602863	1.136240089	1.270876367	3.075564889	2.866342765
-10.38461538	-0.2307692308	0.9159974625	1.162206735	1.26878816	3.151028714	2.931847679
-10.38461538	-0.1794871795	0.9379346386	1.188173381	1.266797634	3.226492539	2.997352592
-10.38461538	-0.1282051282	0.9598718148	1.214140028	1.264898093	3.301956363	3.062857506
-10.38461538	-0.07692307692	0.9818089909	1.240106674	1.263083436	3.377420188	3.128362419
-10.38461538	-0.02564102564	1.003746167	1.26607332	1.2613481	3.452884013	3.193867333
-10.38461538	0.02564102564	1.025683343	1.292039967	1.259686993	3.528347838	3.259372246
-10.38461538	0.07692307692	1.047620519	1.318006613	1.258095454	3.603811662	3.32487716
-10.38461538	0.1282051282	1.069557695	1.343973259	1.256569201	3.679275487	3.390382073
-10.38461538	0.1794871795	1.091494872	1.369939906	1.255104299	3.754739312	3.455886987
-10.38461538	0.2307692308	1.113432048	1.395906552	1.25369712	3.830203136	3.5213919
-10.38461538	0.2820512821	1.135369224	1.421873198	1.25234432	3.905666961	3.586896814
-10.38461538	0.3333333333	1.1573064	1.447839845	1.251042805	3.981130786	3.652401727
-10.38461538	0.3846153846	1.179243576	1.473806491	1.249789713	4.056594611	3.717906641
-10.38461538	0.4358974359	1.201180752	1.499773137	1.248582392	4.132058435	3.783411555
-10.38461538	0.4871794872	1.223117929	1.525739783	1.247418379	4.20752226	3.848916468
-10.38461538	0.5384615385	1.245055105	1.55170643	1.246295384	4.282986085	3.914421382
-10.38461538	0.5897435897	1.266992281	1.577673076	1.245211277	4.358449909	3.979926295
-10.38461538	0.641025641	1.288929457	1.603639722	1.244164073	4.433913734	4.045431209
-10.38461538	0.6923076923	1.310866633	1.629606369	1.243151918	4.509377559	4.110936122
-10.38461538	0.7435897436	1.332803809	1.655573015	1.242173082	4.584841383	4.176441036
-10.38461538	0.7948717949	1.354740985	1.681539661	1.241225946	4.660305208	4.241945949
-10.38461538	0.8461538462	1.376678162	1.707506308	1.240308995	4.735769033	4.307450863
-10.38461538	0.8974358974	1.398615338	1.733472954	1.239420809	4.811232858	4.372955776
-10.38461538	0.9487179487	1.420552514	1.7594396	1.238560055	4.886696682	4.43846069
-10.38461538	1	1.44248969	1.785406247	1.237725482	4.962160507	4.503965604
-9.871794872	-1	0.551185902	0.729119434	1.322819454	1.896077964	1.839317443
-9.871794872	-0.9487179487	0.5731230782	0.7550860803	1.317493762	1.971541789	1.904822356
-9.871794872	-0.8974358974	0.5950602543	0.7810527266	1.312560738	2.047005614	1.97032727
-9.871794872	-0.8461538462	0.6169974305	0.8070193729	1.307978499	2.122469439	2.035832183
-9.871794872	-0.7948717949	0.6389346066	0.8329860192	1.303710913	2.197933263	2.101337097
-9.871794872	-0.7435897436	0.6608717827	0.8589526655	1.299726646	2.273397088	2.16684201
-9.871794872	-0.6923076923	0.6828089589	0.8849193118	1.295998391	2.348860913	2.232346924
-9.871794872	-0.641025641	0.704746135	0.9108859581	1.29250224	2.424324737	2.297851837
-9.871794872	-0.5897435897	0.7266833112	0.9368526044	1.289217173	2.499788562	2.363356751
-9.871794872	-0.5384615385	0.7486204873	0.9628192508	1.286124635	2.575252387	2.428861664
-9.871794872	-0.4871794872	0.7705576635	0.9887858971	1.28320818	2.650716211	2.494366578
-9.871794872	-0.4358974359	0.7924948396	1.014752543	1.280453187	2.726180036	2.559871492
-9.871794872	-0.3846153846	0.8144320158	1.04071919	1.277846609	2.801643861	2.625376405
-9.871794872	-0.3333333333	0.8363691919	1.066685836	1.275376767	2.877107686	2.690881319
-9.871794872	-0.2820512821	0.8583063681	1.092652482	1.273033177	2.95257151	2.756386232
-9.871794872	-0.2307692308	0.8802435442	1.118619129	1.270806399	3.028035335	2.821891146
-9.871794872	-0.1794871795	0.9021807203	1.144585775	1.268687913	3.10349916	2.887396059
-9.871794872	-0.1282051282	0.9241178965	1.170552421	1.266670006	3.178962984	2.952900973
-9.871794872	-0.07692307692	0.9460550726	1.196519068	1.264745681	3.254426809	3.018405886
-9.871794872	-0.02564102564	0.9679922488	1.222485714	1.262908577	3.329890634	3.0839108
-9.871794872	0.02564102564	0.9899294249	1.24845236	1.261152895	3.405354459	3.149415713
-9.871794872	0.07692307692	1.011866601	1.274419006	1.259473339	3.480818283	3.214920627
-9.871794872	0.1282051282	1.033803777	1.300385653	1.257865062	3.556282108	3.280425541
-9.871794872	0.1794871795	1.055740953	1.326352299	1.256323623	3.631745933	3.345930454
-9.871794872	0.2307692308	1.07767813	1.352318945	1.254844938	3.707209757	3.411435368
-9.871794872	0.2820512821	1.099615306	1.378285592	1.253425252	3.782673582	3.476940281
-9.871794872	0.3333333333	1.121552482	1.404252238	1.252061104	3.858137407	3.542445195
-9.871794872	0.3846153846	1.143489658	1.430218884	1.250749296	3.933601231	3.607950108
-9.871794872	0.4358974359	1.165426834	1.456185531	1.249486873	4.009065056	3.673455022
-9.871794872	0.4871794872	1.18736401	1.482152177	1.248271098	4.084528881	3.738959935
-9.871794872	0.5384615385	1.209301186	1.508118823	1.247099432	4.159992706	3.804464849
-9.871794872	0.5897435897	1.231238363	1.53408547	1.245969518	4.23545653	3.869969762
-9.871794872	0.641025641	1.253175539	1.560052116	1.244879163	4.310920355	3.935474676
-9.871794872	0.6923076923	1.275112715	1.586018762	1.243826325	4.38638418	4.000979589
-9.871794872	0.7435897436	1.297049891	1.611985408	1.242809101	4.461848004	4.066484503
-9.871794872	0.7948717949	1.318987067	1.637952055	1.241825713	4.537311829	4.131989417
-9.871794872	0.8461538462	1.340924243	1.663918701	1.240874501	4.612775654	4.19749433
-9.871794872	0.8974358974	1.362861419	1.689885347	1.239953911	4.688239479	4.262999244
-9.871794872	0.9487179487	1.384798596	1.715851994	1.239062488	4.763703303	4.328504157
-9.871794872	1	1.406735772	1.74181864	1.238198868	4.839167128	4.394009071
-9.358974359	-1	0.5154319838	0.6855318274	1.330014142	1.773084585	1.72936091
-9.358974359	-0.9487179487	0.5373691599	0.7114984737	1.324040393	1.84854841	1.794865823
-9.358974359	-0.8974358974	0.559306336	0.7374651201	1.318535251	1.924012235	1.860370737
-9.358974359	-0.8461538462	0.5812435122	0.7634317664	1.313445656	1.999476059	1.92587565
-9.358974359	-0.7948717949	0.6031806883	0.7893984127	1.30872627	2.074939884	1.991380564
-9.358974359	-0.7435897436	0.6251178645	0.815365059	1.304338118	2.150403709	2.056885477
-9.358974359	-0.6923076923	0.6470550406	0.8413317053	1.30024751	2.225867534	2.122390391
-9.358974359	-0.641025641	0.6689922168	0.8672983516	1.296425175	2.301331358	2.187895305
-9.358974359	-0.5897435897	0.6909293929	0.8932649979	1.29284556	2.376795183	2.253400218
-9.358974359	-0.5384615385	0.7128665691	0.9192316442	1.289486257	2.452259008	2.318905132
-9.358974359	-0.4871794872	0.7348037452	0.9451982905	1.286327535	2.527722832	2.384410045
-9.358974359	-0.4358974359	0.7567409214	0.9711649368	1.28335195	2.603186657	2.449914959
-9.358974359	-0.3846153846	0.7786780975	0.9971315832	1.280544022	2.678650482	2.515419872
-9.358974359	-0.3333333333	0.8006152736	1.023098229	1.277889972	2.754114307	2.580924786
-9.358974359	-0.2820512821	0.8225524498	1.049064876	1.275377486	2.829578131	2.646429699
-9.358974359	-0.2307692308	0.8444896259	1.075031522	1.272995534	2.905041956	2.711934613
-9.358974359	-0.1794871795	0.8664268021	1.100998168	1.270734199	2.980505781	2.777439526
-9.358974359	-0.1282051282	0.8883639782	1.126964815	1.268584547	3.055969605	2.84294444
-9.358974359	-0.07692307692	0.9103011544	1.152931461	1.266538503	3.13143343	2.908449354
-9.358974359	-0.02564102564	0.9322383305	1.178898107	1.264588752	3.206897255	2.973954267
-9.358974359	0.02564102564	0.9541755067	1.204864754	1.262728654	3.28236108	3.039459181
-9.358974359	0.07692307692	0.9761126828	1.2308314	1.260952164	3.357824904	3.104964094
-9.358974359	0.1282051282	0.998049859	1.256798046	1.259253769	3.433288729	3.170469008
-9.358974359	0.1794871795	1.019987035	1.282764693	1.257628429	3.508752554	3.235973921
-9.358974359	0.2307692308	1.041924211	1.308731339	1.256071531	3.584216378	3.301478835
-9.358974359	0.2820512821	1.063861387	1.334697985	1.25457884	3.659680203	3.366983748
-9.358974359	0.3333333333	1.085798564	1.360664631	1.253146465	3.735144028	3.432488662
-9.358974359	0.3846153846	1.10773574	1.386631278	1.251770822	3.810607852	3.497993575
-9.358974359	0.4358974359	1.129672916	1.412597924	1.250448607	3.886071677	3.563498489
-9.358974359	0.4871794872	1.151610092	1.43856457	1.249176766	3.961535502	3.629003402
-9.358974359	0.5384615385	1.173547268	1.464531217	1.247952474	4.036999327	3.694508316
-9.358974359	0.5897435897	1.195484444	1.490497863	1.246773114	4.112463151	3.76001323
-9.358974359	0.641025641	1.21742162	1.516464509	1.245636256	4.187926976	3.825518143
-9.358974359	0.6923076923	1.239358797	1.542431156	1.244539644	4.263390801	3.891023057
-9.358974359	0.7435897436	1.261295973	1.568397802	1.243481178	4.338854625	3.95652797
-9.358974359	0.7948717949	1.283233149	1.594364448	1.242458901	4.41431845	4.022032884
-9.358974359	0.8461538462	1.305170325	1.620331095	1.241470989	4.489782275	4.087537797
-9.358974359	0.8974358974	1.327107501	1.646297741	1.240515738	4.5652461	4.153042711
-9.358974359	0.9487179487	1.349044677	1.672264387	1.239591553	4.640709924	4.218547624
-9.358974359	1	1.370981853	1.698231034	1.238696945	4.716173749	4.284052538
-8.846153846	-1	0.4796780655	0.6419442209	1.338281375	1.650091206	1.619404377
-8.846153846	-0.9487179487	0.5016152416	0.6679108672	1.33152028	1.725555031	1.684909291
-8.846153846	-0.8974358974	0.5235524178	0.6938775135	1.325325774	1.801018856	1.750414204
-8.846153846	-0.8461538462	0.5454895939	0.7198441598	1.3196295	1.87648268	1.815919118
-8.846153846	-0.7948717949	0.5674267701	0.7458108062	1.31437367	1.951946505	1.881424031
-8.846153846	-0.7435897436	0.5893639462	0.7717774525	1.309509103	2.02741033	1.946928945
-8.846153846	-0.6923076923	0.6113011224	0.7977440988	1.304993676	2.102874155	2.012433858
-8.846153846	-0.641025641	0.6332382985	0.8237107451	1.300791103	2.178337979	2.077938772
-8.846153846	-0.5897435897	0.6551754747	0.8496773914	1.29686996	2.253801804	2.143443685
-8.846153846	-0.5384615385	0.6771126508	0.8756440377	1.293202891	2.329265629	2.208948599
-8.846153846	-0.4871794872	0.6990498269	0.901610684	1.289765978	2.404729453	2.274453512
-8.846153846	-0.4358974359	0.7209870031	0.9275773303	1.286538213	2.480193278	2.339958426
-8.846153846	-0.3846153846	0.7429241792	0.9535439766	1.283501067	2.555657103	2.405463339
-8.846153846	-0.3333333333	0.7648613554	0.9795106229	1.280638139	2.631120928	2.470968253
-8.846153846	-0.2820512821	0.7867985315	1.005477269	1.277934857	2.706584752	2.536473167
-8.846153846	-0.2307692308	0.8087357077	1.031443916	1.27537823	2.782048577	2.60197808
-8.846153846	-0.1794871795	0.8306728838	1.057410562	1.272956638	2.857512402	2.667482994
-8.846153846	-0.1282051282	0.85261006	1.083377208	1.270659659	2.932976226	2.732987907
-8.846153846	-0.07692307692	0.8745472361	1.109343854	1.268477915	3.008440051	2.798492821
-8.846153846	-0.02564102564	0.8964844123	1.135310501	1.266402946	3.083903876	2.863997734
-8.846153846	0.02564102564	0.9184215884	1.161277147	1.264427102	3.1593677	2.929502648
-8.846153846	0.07692307692	0.9403587646	1.187243793	1.262543444	3.234831525	2.995007561
-8.846153846	0.1282051282	0.9622959407	1.21321044	1.260745669	3.31029535	3.060512475
-8.846153846	0.1794871795	0.9842331168	1.239177086	1.259028034	3.385759175	3.126017388
-8.846153846	0.2307692308	1.006170293	1.265143732	1.257385297	3.461222999	3.191522302
-8.846153846	0.2820512821	1.028107469	1.291110379	1.255812663	3.536686824	3.257027216
-8.846153846	0.3333333333	1.050044645	1.317077025	1.254305739	3.612150649	3.322532129
-8.846153846	0.3846153846	1.071981821	1.343043671	1.252860491	3.687614473	3.388037043
-8.846153846	0.4358974359	1.093918998	1.369010318	1.251473208	3.763078298	3.453541956
-8.846153846	0.4871794872	1.115856174	1.394976964	1.250140472	3.838542123	3.51904687
-8.846153846	0.5384615385	1.13779335	1.42094361	1.248859128	3.914005948	3.584551783
-8.846153846	0.5897435897	1.159730526	1.446910257	1.247626258	3.989469772	3.650056697
-8.846153846	0.641025641	1.181667702	1.472876903	1.246439164	4.064933597	3.71556161
-8.846153846	0.6923076923	1.203604878	1.498843549	1.245295342	4.140397422	3.781066524
-8.846153846	0.7435897436	1.225542054	1.524810195	1.24419247	4.215861246	3.846571437
-8.846153846	0.7948717949	1.247479231	1.550776842	1.243128385	4.291325071	3.912076351
-8.846153846	0.8461538462	1.269416407	1.576743488	1.242101079	4.366788896	3.977581264
-8.846153846	0.8974358974	1.291353583	1.602710134	1.241108675	4.442252721	4.043086178
-8.846153846	0.9487179487	1.313290759	1.628676781	1.240149426	4.517716545	4.108591092
-8.846153846	1	1.335227935	1.654643427	1.239221696	4.59318037	4.174096005
-8.333333333	-1	0.4439241472	0.5983566144	1.347880304	1.527097827	1.509447844
-8.333333333	-0.9487179487	0.4658613234	0.6243232607	1.3401483	1.602561652	1.574952758
-8.333333333	-0.8974358974	0.4877984995	0.650289907	1.333111741	1.678025477	1.640457671
-8.333333333	-0.8461538462	0.5097356757	0.6762565533	1.326680838	1.753489301	1.705962585
-8.333333333	-0.7948717949	0.5316728518	0.7022231996	1.320780621	1.828953126	1.771467498
-8.333333333	-0.7435897436	0.553610028	0.7281898459	1.315348005	1.904416951	1.836972412
-8.333333333	-0.6923076923	0.5755472041	0.7541564922	1.310329521	1.979880776	1.902477325
-8.333333333	-0.641025641	0.5974843802	0.7801231386	1.305679553	2.0553446	1.967982239
-8.333333333	-0.5897435897	0.6194215564	0.8060897849	1.301358948	2.130808425	2.033487152
-8.333333333	-0.5384615385	0.6413587325	0.8320564312	1.297333908	2.20627225	2.098992066
-8.333333333	-0.4871794872	0.6632959087	0.8580230775	1.293575109	2.281736074	2.16449698
-8.333333333	-0.4358974359	0.6852330848	0.8839897238	1.29005698	2.357199899	2.230001893
-8.333333333	-0.3846153846	0.707170261	0.9099563701	1.286757122	2.432663724	2.295506807
-8.333333333	-0.3333333333	0.7291074371	0.9359230164	1.283655836	2.508127549	2.36101172
-8.333333333	-0.2820512821	0.7510446133	0.9618896627	1.280735719	2.583591373	2.426516634
-8.333333333	-0.2307692308	0.7729817894	0.987856309	1.277981348	2.659055198	2.492021547
-8.333333333	-0.1794871795	0.7949189656	1.013822955	1.275379	2.734519023	2.557526461
-8.333333333	-0.1282051282	0.8168561417	1.039789602	1.272916427	2.809982847	2.623031374
-8.333333333	-0.07692307692	0.8387933179	1.065756248	1.270582664	2.885446672	2.688536288
-8.333333333	-0.02564102564	0.860730494	1.091722894	1.268367859	2.960910497	2.754041201
-8.333333333	0.02564102564	0.8826676701	1.117689541	1.266263146	3.036374321	2.819546115
-8.333333333	0.07692307692	0.9046048463	1.143656187	1.264260513	3.111838146	2.885051029
-8.333333333	0.1282051282	0.9265420224	1.169622833	1.26235271	3.187301971	2.950555942
-8.333333333	0.1794871795	0.9484791986	1.19558948	1.260533158	3.262765796	3.016060856
-8.333333333	0.2307692308	0.9704163747	1.221556126	1.258795871	3.33822962	3.081565769
-8.333333333	0.2820512821	0.9923535509	1.247522772	1.257135394	3.413693445	3.147070683
-8.333333333	0.3333333333	1.014290727	1.273489418	1.255546743	3.48915727	3.212575596
-8.333333333	0.3846153846	1.036227903	1.299456065	1.254025356	3.564621094	3.27808051
-8.333333333	0.4358974359	1.058165079	1.325422711	1.252567049	3.640084919	3.343585423
-8.333333333	0.4871794872	1.080102255	1.351389357	1.25116798	3.715548744	3.409090337
-8.333333333	0.5384615385	1.102039432	1.377356004	1.249824611	3.791012569	3.47459525
-8.333333333	0.5897435897	1.123976608	1.40332265	1.24853368	3.866476393	3.540100164
-8.333333333	0.641025641	1.145913784	1.429289296	1.247292175	3.941940218	3.605605077
-8.333333333	0.6923076923	1.16785096	1.455255943	1.246097312	4.017404043	3.671109991
-8.333333333	0.7435897436	1.189788136	1.481222589	1.244946511	4.092867867	3.736614905
-8.333333333	0.7948717949	1.211725312	1.507189235	1.243837378	4.168331692	3.802119818
-8.333333333	0.8461538462	1.233662488	1.533155882	1.24276769	4.243795517	3.867624732
-8.333333333	0.8974358974	1.255599665	1.559122528	1.241735381	4.319259341	3.933129645
-8.333333333	0.9487179487	1.277536841	1.585089174	1.240738524	4.394723166	3.998634559
-8.333333333	1	1.299474017	1.61105582	1.239775324	4.470186991	4.064139472
-7.820512821	-1	0.408170229	0.5547690079	1.359160881	1.404104448	1.399491311
-7.820512821	-0.9487179487	0.4301074051	0.5807356542	1.350210778	1.479568273	1.464996225
-7.820512821	-0.8974358974	0.4520445813	0.6067023005	1.342129351	1.555032098	1.530501138
-7.820512821	-0.8461538462	0.4739817574	0.6326689468	1.334795985	1.630495922	1.596006052
-7.820512821	-0.7948717949	0.4959189335	0.6586355931	1.328111408	1.705959747	1.661510966
-7.820512821	-0.7435897436	0.5178561097	0.6846022394	1.321993169	1.781423572	1.727015879
-7.820512821	-0.6923076923	0.5397932858	0.7105688857	1.316372219	1.856887397	1.792520793
-7.820512821	-0.641025641	0.561730462	0.736535532	1.311190298	1.932351221	1.858025706
-7.820512821	-0.5897435897	0.5836676381	0.7625021783	1.306397903	2.007815046	1.92353062
-7.820512821	-0.5384615385	0.6056048143	0.7884688246	1.301952703	2.083278871	1.989035533
-7.820512821	-0.4871794872	0.6275419904	0.814435471	1.297818287	2.158742695	2.054540447
-7.820512821	-0.4358974359	0.6494791666	0.8404021173	1.293963164	2.23420652	2.12004536
-7.820512821	-0.3846153846	0.6714163427	0.8663687636	1.290359958	2.309670345	2.185550274
-7.820512821	-0.3333333333	0.6933535189	0.8923354099	1.286984757	2.385134169	2.251055187
-7.820512821	-0.2820512821	0.715290695	0.9183020562	1.283816583	2.460597994	2.316560101
-7.820512821	-0.2307692308	0.7372278712	0.9442687025	1.280836956	2.536061819	2.382065014
-7.820512821	-0.1794871795	0.7591650473	0.9702353488	1.27802953	2.611525644	2.447569928
-7.820512821	-0.1282051282	0.7811022234	0.9962019951	1.275379797	2.686989468	2.513074842
-7.820512821	-0.07692307692	0.8030393996	1.022168641	1.272874833	2.762453293	2.578579755
-7.820512821	-0.02564102564	0.8249765757	1.048135288	1.270503089	2.837917118	2.644084669
-7.820512821	0.02564102564	0.8469137519	1.074101934	1.268254213	2.913380942	2.709589582
-7.820512821	0.07692307692	0.868850928	1.10006858	1.266118899	2.988844767	2.775094496
-7.820512821	0.1282051282	0.8907881042	1.126035227	1.264088756	3.064308592	2.840599409
-7.820512821	0.1794871795	0.9127252803	1.152001873	1.262156202	3.139772417	2.906104323
-7.820512821	0.2307692308	0.9346624565	1.177968519	1.260314364	3.215236241	2.971609236
-7.820512821	0.2820512821	0.9565996326	1.203935166	1.258557002	3.290700066	3.03711415
-7.820512821	0.3333333333	0.9785368088	1.229901812	1.256878434	3.366163891	3.102619063
-7.820512821	0.3846153846	1.000473985	1.255868458	1.255273478	3.441627715	3.168123977
-7.820512821	0.4358974359	1.022411161	1.281835105	1.253737394	3.51709154	3.233628891
-7.820512821	0.4871794872	1.044348337	1.307801751	1.252265843	3.592555365	3.299133804
-7.820512821	0.5384615385	1.066285513	1.333768397	1.250854842	3.66801919	3.364638718
-7.820512821	0.5897435897	1.088222689	1.359735043	1.249500729	3.743483014	3.430143631
-7.820512821	0.641025641	1.110159866	1.38570169	1.248200131	3.818946839	3.495648545
-7.820512821	0.6923076923	1.132097042	1.411668336	1.246949938	3.894410664	3.561153458
-7.820512821	0.7435897436	1.154034218	1.437634982	1.245747275	3.969874488	3.626658372
-7.820512821	0.7948717949	1.175971394	1.463601629	1.244589482	4.045338313	3.692163285
-7.820512821	0.8461538462	1.19790857	1.489568275	1.243474095	4.120802138	3.757668199
-7.820512821	0.8974358974	1.219845746	1.515534921	1.242398824	4.196265962	3.823173112
-7.820512821	0.9487179487	1.241782923	1.541501568	1.241361545	4.271729787	3.888678026
-7.820512821	1	1.263720099	1.567468214	1.240360279	4.347193612	3.954182939
-7.307692308	-1	0.3724163107	0.5111814013	1.372607447	1.281111069	1.289534779
-7.307692308	-0.9487179487	0.3943534868	0.5371480476	1.362097878	1.356574894	1.355039692
-7.307692308	-0.8974358974	0.416290663	0.563114694	1.35269595	1.432038719	1.420544606
-7.307692308	-0.8461538462	0.4382278391	0.5890813403	1.344235322	1.507502543	1.486049519
-7.307692308	-0.7948717949	0.4601650153	0.6150479866	1.33658137	1.582966368	1.551554433
-7.307692308	-0.7435897436	0.4821021914	0.6410146329	1.329623977	1.658430193	1.617059346
-7.307692308	-0.6923076923	0.5040393676	0.6669812792	1.323272193	1.733894018	1.68256426
-7.307692308	-0.641025641	0.5259765437	0.6929479255	1.317450243	1.809357842	1.748069173
-7.307692308	-0.5897435897	0.5479137199	0.7189145718	1.312094488	1.884821667	1.813574087
-7.307692308	-0.5384615385	0.569850896	0.7448812181	1.307151087	1.960285492	1.879079
-7.307692308	-0.4871794872	0.5917880722	0.7708478644	1.302574183	2.035749316	1.944583914
-7.307692308	-0.4358974359	0.6137252483	0.7968145107	1.298324475	2.111213141	2.010088827
-7.307692308	-0.3846153846	0.6356624245	0.8227811571	1.294368088	2.186676966	2.075593741
-7.307692308	-0.3333333333	0.6575996006	0.8487478034	1.290675667	2.26214079	2.141098655
-7.307692308	-0.2820512821	0.6795367767	0.8747144497	1.287221648	2.337604615	2.206603568
-7.307692308	-0.2307692308	0.7014739529	0.900681096	1.283983664	2.41306844	2.272108482
-7.307692308	-0.1794871795	0.723411129	0.9266477423	1.280942061	2.488532265	2.337613395
-7.307692308	-0.1282051282	0.7453483052	0.9526143886	1.278079499	2.563996089	2.403118309
-7.307692308	-0.07692307692	0.7672854813	0.9785810349	1.275380623	2.639459914	2.468623222
-7.307692308	-0.02564102564	0.7892226575	1.004547681	1.272831782	2.714923739	2.534128136
-7.307692308	0.02564102564	0.8111598336	1.030514328	1.270420803	2.790387563	2.599633049
-7.307692308	0.07692307692	0.8330970098	1.056480974	1.268136797	2.865851388	2.665137963
-7.307692308	0.1282051282	0.8550341859	1.08244762	1.26596999	2.941315213	2.730642876
-7.307692308	0.1794871795	0.8769713621	1.108414266	1.263911588	3.016779038	2.79614779
-7.307692308	0.2307692308	0.8989085382	1.134380913	1.261953652	3.092242862	2.861652704
-7.307692308	0.2820512821	0.9208457143	1.160347559	1.260089004	3.167706687	2.927157617
-7.307692308	0.3333333333	0.9427828905	1.186314205	1.258311131	3.243170512	2.992662531
-7.307692308	0.3846153846	0.9647200666	1.212280852	1.256614114	3.318634336	3.058167444
-7.307692308	0.4358974359	0.9866572428	1.238247498	1.254992559	3.394098161	3.123672358
-7.307692308	0.4871794872	1.008594419	1.264214144	1.253441543	3.469561986	3.189177271
-7.307692308	0.5384615385	1.030531595	1.290180791	1.25195656	3.54502581	3.254682185
-7.307692308	0.5897435897	1.052468771	1.316147437	1.250533482	3.620489635	3.320187098
-7.307692308	0.641025641	1.074405947	1.342114083	1.249168516	3.69595346	3.385692012
-7.307692308	0.6923076923	1.096343124	1.36808073	1.247858175	3.771417285	3.451196925
-7.307692308	0.7435897436	1.1182803	1.394047376	1.246599244	3.846881109	3.516701839
-7.307692308	0.7948717949	1.140217476	1.420014022	1.245388755	3.922344934	3.582206752
-7.307692308	0.8461538462	1.162154652	1.445980668	1.244223965	3.997808759	3.647711666
-7.307692308	0.8974358974	1.184091828	1.471947315	1.243102334	4.073272583	3.71321658
-7.307692308	0.9487179487	1.206029004	1.497913961	1.242021507	4.148736408	3.778721493
-7.307692308	1	1.22796618	1.523880607	1.240979297	4.224200233	3.844226407
-6.794871795	-1	0.3366623924	0.4675937948	1.388910093	1.15811769	1.179578246
-6.794871795	-0.9487179487	0.3585995686	0.4935604411	1.376355368	1.233581515	1.245083159
-6.794871795	-0.8974358974	0.3805367447	0.5195270874	1.365248152	1.30904534	1.310588073
-6.794871795	-0.8461538462	0.4024739209	0.5454937337	1.355351752	1.384509164	1.376092986
-6.794871795	-0.7948717949	0.424411097	0.57146038	1.346478412	1.459972989	1.4415979
-6.794871795	-0.7435897436	0.4463482732	0.5974270264	1.338477288	1.535436814	1.507102813
-6.794871795	-0.6923076923	0.4682854493	0.6233936727	1.331225802	1.610900638	1.572607727
-6.794871795	-0.641025641	0.4902226255	0.649360319	1.324623314	1.686364463	1.638112641
-6.794871795	-0.5897435897	0.5121598016	0.6753269653	1.318586432	1.761828288	1.703617554
-6.794871795	-0.5384615385	0.5340969778	0.7012936116	1.31304546	1.837292113	1.769122468
-6.794871795	-0.4871794872	0.5560341539	0.7272602579	1.307941703	1.912755937	1.834627381
-6.794871795	-0.4358974359	0.57797133	0.7532269042	1.303225377	1.988219762	1.900132295
-6.794871795	-0.3846153846	0.5999085062	0.7791935505	1.298853979	2.063683587	1.965637208
-6.794871795	-0.3333333333	0.6218456823	0.8051601968	1.294791006	2.139147411	2.031142122
-6.794871795	-0.2820512821	0.6437828585	0.8311268431	1.291004928	2.214611236	2.096647035
-6.794871795	-0.2307692308	0.6657200346	0.8570934895	1.287468372	2.290075061	2.162151949
-6.794871795	-0.1794871795	0.6876572108	0.8830601358	1.284157458	2.365538886	2.227656862
-6.794871795	-0.1282051282	0.7095943869	0.9090267821	1.281051258	2.44100271	2.293161776
-6.794871795	-0.07692307692	0.7315315631	0.9349934284	1.278131356	2.516466535	2.358666689
-6.794871795	-0.02564102564	0.7534687392	0.9609600747	1.275381479	2.59193036	2.424171603
-6.794871795	0.02564102564	0.7754059154	0.986926721	1.272787196	2.667394184	2.489676517
-6.794871795	0.07692307692	0.7973430915	1.012893367	1.270335666	2.742858009	2.55518143
-6.794871795	0.1282051282	0.8192802676	1.038860014	1.268015421	2.818321834	2.620686344
-6.794871795	0.1794871795	0.8412174438	1.06482666	1.26581619	2.893785659	2.686191257
-6.794871795	0.2307692308	0.8631546199	1.090793306	1.263728747	2.969249483	2.751696171
-6.794871795	0.2820512821	0.8850917961	1.116759953	1.261744779	3.044713308	2.817201084
-6.794871795	0.3333333333	0.9070289722	1.142726599	1.259856778	3.120177133	2.882705998
-6.794871795	0.3846153846	0.9289661484	1.168693245	1.258057947	3.195640957	2.948210911
-6.794871795	0.4358974359	0.9509033245	1.194659891	1.256342112	3.271104782	3.013715825
-6.794871795	0.4871794872	0.9728405007	1.220626538	1.254703661	3.346568607	3.079220738
-6.794871795	0.5384615385	0.9947776768	1.246593184	1.253137473	3.422032431	3.144725652
-6.794871795	0.5897435897	1.016714853	1.27255983	1.251638871	3.497496256	3.210230565
-6.794871795	0.641025641	1.038652029	1.298526477	1.250203572	3.572960081	3.275735479
-6.794871795	0.6923076923	1.060589205	1.324493123	1.248827648	3.648423906	3.341240393
-6.794871795	0.7435897436	1.082526381	1.350459769	1.24750749	3.72388773	3.406745306
-6.794871795	0.7948717949	1.104463558	1.376426416	1.246239775	3.799351555	3.47225022
-6.794871795	0.8461538462	1.126400734	1.402393062	1.245021439	3.87481538	3.537755133
-6.794871795	0.8974358974	1.14833791	1.428359708	1.243849651	3.950279204	3.603260047
-6.794871795	0.9487179487	1.170275086	1.454326355	1.242721794	4.025743029	3.66876496
-6.794871795	1	1.192212262	1.480293001	1.241635444	4.101206854	3.734269874
-6.282051282	-1	0.3009084742	0.4240061883	1.409086897	1.035124311	1.069621713
-6.282051282	-0.9487179487	0.3228456503	0.4499728346	1.393770782	1.110588136	1.135126626
-6.282051282	-0.8974358974	0.3447828265	0.4759394809	1.380403675	1.186051961	1.20063154
-6.282051282	-0.8461538462	0.3667200026	0.5019061272	1.368635808	1.261515785	1.266136454
-6.282051282	-0.7948717949	0.3886571788	0.5278727735	1.358196381	1.33697961	1.331641367
-6.282051282	-0.7435897436	0.4105943549	0.5538394198	1.348872466	1.412443435	1.397146281
-6.282051282	-0.6923076923	0.4325315311	0.5798060661	1.340494333	1.487907259	1.462651194
-6.282051282	-0.641025641	0.4544687072	0.6057727124	1.332925024	1.563371084	1.528156108
-6.282051282	-0.5897435897	0.4764058833	0.6317393588	1.326052807	1.638834909	1.593661021
-6.282051282	-0.5384615385	0.4983430595	0.6577060051	1.319785623	1.714298734	1.659165935
-6.282051282	-0.4871794872	0.5202802356	0.6836726514	1.31404694	1.789762558	1.724670848
-6.282051282	-0.4358974359	0.5422174118	0.7096392977	1.308772611	1.865226383	1.790175762
-6.282051282	-0.3846153846	0.5641545879	0.735605944	1.303908467	1.940690208	1.855680675
-6.282051282	-0.3333333333	0.5860917641	0.7615725903	1.299408449	2.016154032	1.921185589
-6.282051282	-0.2820512821	0.6080289402	0.7875392366	1.295233145	2.091617857	1.986690502
-6.282051282	-0.2307692308	0.6299661164	0.8135058829	1.291348633	2.167081682	2.052195416
-6.282051282	-0.1794871795	0.6519032925	0.8394725292	1.287725555	2.242545507	2.11770033
-6.282051282	-0.1282051282	0.6738404687	0.8654391755	1.284338379	2.318009331	2.183205243
-6.282051282	-0.07692307692	0.6957776448	0.8914058219	1.281164792	2.393473156	2.248710157
-6.282051282	-0.02564102564	0.7177148209	0.9173724682	1.278185209	2.468936981	2.31421507
-6.282051282	0.02564102564	0.7396519971	0.9433391145	1.275382367	2.544400805	2.379719984
-6.282051282	0.07692307692	0.7615891732	0.9693057608	1.272740993	2.61986463	2.445224897
-6.282051282	0.1282051282	0.7835263494	0.9952724071	1.270247526	2.695328455	2.510729811
-6.282051282	0.1794871795	0.8054635255	1.021239053	1.267889881	2.77079228	2.576234724
-6.282051282	0.2307692308	0.8274007017	1.0472057	1.265657254	2.846256104	2.641739638
-6.282051282	0.2820512821	0.8493378778	1.073172346	1.263539957	2.921719929	2.707244551
-6.282051282	0.3333333333	0.871275054	1.099138992	1.261529281	2.997183754	2.772749465
-6.282051282	0.3846153846	0.8932122301	1.125105639	1.259617368	3.072647578	2.838254379
-6.282051282	0.4358974359	0.9151494063	1.151072285	1.257797117	3.148111403	2.903759292
-6.282051282	0.4871794872	0.9370865824	1.177038931	1.25606209	3.223575228	2.969264206
-6.282051282	0.5384615385	0.9590237586	1.203005578	1.254406439	3.299039052	3.034769119
-6.282051282	0.5897435897	0.9809609347	1.228972224	1.252824838	3.374502877	3.100274033
-6.282051282	0.641025641	1.002898111	1.25493887	1.251312428	3.449966702	3.165778946
-6.282051282	0.6923076923	1.024835287	1.280905517	1.249864766	3.525430527	3.23128386
-6.282051282	0.7435897436	1.046772463	1.306872163	1.248477782	3.600894351	3.296788773
-6.282051282	0.7948717949	1.068709639	1.332838809	1.247147738	3.676358176	3.362293687
-6.282051282	0.8461538462	1.090646815	1.358805455	1.245871199	3.751822001	3.4277986
-6.282051282	0.8974358974	1.112583992	1.384772102	1.244645	3.827285825	3.493303514
-6.282051282	0.9487179487	1.134521168	1.410738748	1.24346622	3.90274965	3.558808427
-6.282051282	1	1.156458344	1.436705394	1.242332162	3.978213475	3.624313341
-5.769230769	-1	0.2651545559	0.3804185818	1.434705055	0.9121309322	0.9596651801
-5.769230769	-0.9487179487	0.2870917321	0.4063852281	1.415523969	0.9875947569	1.025170094
-5.769230769	-0.8974358974	0.3090289082	0.4323518744	1.399066116	1.063058582	1.090675007
-5.769230769	-0.8461538462	0.3309660844	0.4583185207	1.38478999	1.138522406	1.156179921
-5.769230769	-0.7948717949	0.3529032605	0.484285167	1.37228873	1.213986231	1.221684834
-5.769230769	-0.7435897436	0.3748404366	0.5102518133	1.361250717	1.289450056	1.287189748
-5.769230769	-0.6923076923	0.3967776128	0.5362184596	1.351433252	1.36491388	1.352694661
-5.769230769	-0.641025641	0.4187147889	0.5621851059	1.342644494	1.440377705	1.418199575
-5.769230769	-0.5897435897	0.4406519651	0.5881517522	1.334730805	1.51584153	1.483704488
-5.769230769	-0.5384615385	0.4625891412	0.6141183985	1.327567692	1.591305355	1.549209402
-5.769230769	-0.4871794872	0.4845263174	0.6400850449	1.321053206	1.666769179	1.614714316
-5.769230769	-0.4358974359	0.5064634935	0.6660516912	1.315103062	1.742233004	1.680219229
-5.769230769	-0.3846153846	0.5284006697	0.6920183375	1.309646973	1.817696829	1.745724143
-5.769230769	-0.3333333333	0.5503378458	0.7179849838	1.304625857	1.893160653	1.811229056
-5.769230769	-0.2820512821	0.572275022	0.7439516301	1.299989693	1.968624478	1.87673397
-5.769230769	-0.2307692308	0.5942121981	0.7699182764	1.295695845	2.044088303	1.942238883
-5.769230769	-0.1794871795	0.6161493742	0.7958849227	1.291707751	2.119552128	2.007743797
-5.769230769	-0.1282051282	0.6380865504	0.821851569	1.287993876	2.195015952	2.07324871
-5.769230769	-0.07692307692	0.6600237265	0.8478182153	1.284526876	2.270479777	2.138753624
-5.769230769	-0.02564102564	0.6819609027	0.8737848616	1.281282927	2.345943602	2.204258537
-5.769230769	0.02564102564	0.7038980788	0.8997515079	1.278241176	2.421407426	2.269763451
-5.769230769	0.07692307692	0.725835255	0.9257181543	1.275383288	2.496871251	2.335268364
-5.769230769	0.1282051282	0.7477724311	0.9516848006	1.272693083	2.572335076	2.400773278
-5.769230769	0.1794871795	0.7697096073	0.9776514469	1.270156222	2.6477989	2.466278192
-5.769230769	0.2307692308	0.7916467834	1.003618093	1.267759958	2.723262725	2.531783105
-5.769230769	0.2820512821	0.8135839596	1.029584739	1.265492919	2.79872655	2.597288019
-5.769230769	0.3333333333	0.8355211357	1.055551386	1.263344924	2.874190375	2.662792932
-5.769230769	0.3846153846	0.8574583119	1.081518032	1.261306838	2.949654199	2.728297846
-5.769230769	0.4358974359	0.879395488	1.107484678	1.259370435	3.025118024	2.793802759
-5.769230769	0.4871794872	0.9013326641	1.133451325	1.257528291	3.100581849	2.859307673
-5.769230769	0.5384615385	0.9232698403	1.159417971	1.255773687	3.176045673	2.924812586
-5.769230769	0.5897435897	0.9452070164	1.185384617	1.254100527	3.251509498	2.9903175
-5.769230769	0.641025641	0.9671441926	1.211351264	1.25250327	3.326973323	3.055822413
-5.769230769	0.6923076923	0.9890813687	1.23731791	1.250976865	3.402437148	3.121327327
-5.769230769	0.7435897436	1.011018545	1.263284556	1.2495167	3.477900972	3.18683224
-5.769230769	0.7948717949	1.032955721	1.289251203	1.248118556	3.553364797	3.252337154
-5.769230769	0.8461538462	1.054892897	1.315217849	1.246778562	3.628828622	3.317842068
-5.769230769	0.8974358974	1.076830073	1.341184495	1.245493164	3.704292446	3.383346981
-5.769230769	0.9487179487	1.098767249	1.367151142	1.244259093	3.779756271	3.448851895
-5.769230769	1	1.120704426	1.393117788	1.243073335	3.855220096	3.514356808
-5.256410256	-1	0.2294006376	0.3368309752	1.468308801	0.7891375532	0.8497086473
-5.256410256	-0.9487179487	0.2513378138	0.3627976215	1.443466131	0.8646013779	0.9152135608
-5.256410256	-0.8974358974	0.2732749899	0.3887642678	1.422611956	0.9400652026	0.9807184744
-5.256410256	-0.8461538462	0.2952121661	0.4147309142	1.404857122	1.015529027	1.046223388
-5.256410256	-0.7948717949	0.3171493422	0.4406975605	1.389558488	1.090992852	1.111728301
-5.256410256	-0.7435897436	0.3390865184	0.4666642068	1.376239342	1.166456677	1.177233215
-5.256410256	-0.6923076923	0.3610236945	0.4926308531	1.364538839	1.241920501	1.242738129
-5.256410256	-0.641025641	0.3829608707	0.5185974994	1.354178819	1.317384326	1.308243042
-5.256410256	-0.5897435897	0.4048980468	0.5445641457	1.344941399	1.392848151	1.373747956
-5.256410256	-0.5384615385	0.426835223	0.570530792	1.336653494	1.468311976	1.439252869
-5.256410256	-0.4871794872	0.4487723991	0.5964974383	1.329175857	1.5437758	1.504757783
-5.256410256	-0.4358974359	0.4707095753	0.6224640846	1.322395204	1.619239625	1.570262696
-5.256410256	-0.3846153846	0.4926467514	0.6484307309	1.316218424	1.69470345	1.63576761
-5.256410256	-0.3333333333	0.5145839275	0.6743973773	1.310568289	1.770167274	1.701272523
-5.256410256	-0.2820512821	0.5365211037	0.7003640236	1.305380196	1.845631099	1.766777437
-5.256410256	-0.2307692308	0.5584582798	0.7263306699	1.300599698	1.921094924	1.83228235
-5.256410256	-0.1794871795	0.580395456	0.7522973162	1.296180576	1.996558749	1.897787264
-5.256410256	-0.1282051282	0.6023326321	0.7782639625	1.292083346	2.072022573	1.963292177
-5.256410256	-0.07692307692	0.6242698083	0.8042306088	1.288274073	2.147486398	2.028797091
-5.256410256	-0.02564102564	0.6462069844	0.8301972551	1.284723432	2.222950223	2.094302005
-5.256410256	0.02564102564	0.6681441606	0.8561639014	1.281405948	2.298414047	2.159806918
-5.256410256	0.07692307692	0.6900813367	0.8821305477	1.278299384	2.373877872	2.225311832
-5.256410256	0.1282051282	0.7120185129	0.908097194	1.275384246	2.449341697	2.290816745
-5.256410256	0.1794871795	0.733955689	0.9340638404	1.272643368	2.524805521	2.356321659
-5.256410256	0.2307692308	0.7558928652	0.9600304867	1.27006158	2.600269346	2.421826572
-5.256410256	0.2820512821	0.7778300413	0.985997133	1.26762542	2.675733171	2.487331486
-5.256410256	0.3333333333	0.7997672174	1.011963779	1.265322905	2.751196996	2.552836399
-5.256410256	0.3846153846	0.8217043936	1.037930426	1.263143332	2.82666082	2.618341313
-5.256410256	0.4358974359	0.8436415697	1.063897072	1.261077109	2.902124645	2.683846226
-5.256410256	0.4871794872	0.8655787459	1.089863718	1.259115619	2.97758847	2.74935114
-5.256410256	0.5384615385	0.887515922	1.115830365	1.257251095	3.053052294	2.814856054
-5.256410256	0.5897435897	0.9094530982	1.141797011	1.25547652	3.128516119	2.880360967
-5.256410256	0.641025641	0.9313902743	1.167763657	1.253785539	3.203979944	2.945865881
-5.256410256	0.6923076923	0.9533274505	1.193730303	1.252172381	3.279443769	3.011370794
-5.256410256	0.7435897436	0.9752646266	1.21969695	1.250631794	3.354907593	3.076875708
-5.256410256	0.7948717949	0.9972018028	1.245663596	1.249158989	3.430371418	3.142380621
-5.256410256	0.8461538462	1.019138979	1.271630242	1.247749589	3.505835243	3.207885535
-5.256410256	0.8974358974	1.041076155	1.297596889	1.246399586	3.581299067	3.273390448
-5.256410256	0.9487179487	1.063013331	1.323563535	1.245105302	3.656762892	3.338895362
-5.256410256	1	1.084950507	1.349530181	1.243863358	3.732226717	3.404400275
-4.743589744	-1	0.1936467194	0.2932433687	1.514321387	0.6661441742	0.7397521145
-4.743589744	-0.9487179487	0.2155838955	0.319210015	1.480676533	0.7416079989	0.805257028
-4.743589744	-0.8974358974	0.2375210717	0.3451766613	1.45324648	0.8170718236	0.8707619415
-4.743589744	-0.8461538462	0.2594582478	0.3711433076	1.430454845	0.8925356483	0.9362668551
-4.743589744	-0.7948717949	0.281395424	0.3971099539	1.411216815	0.967999473	1.001771769
-4.743589744	-0.7435897436	0.3033326001	0.4230766002	1.394761394	1.043463298	1.067276682
-4.743589744	-0.6923076923	0.3252697763	0.4490432466	1.38052558	1.118927122	1.132781596
-4.743589744	-0.641025641	0.3472069524	0.4750098929	1.368088656	1.194390947	1.198286509
-4.743589744	-0.5897435897	0.3691441286	0.5009765392	1.357129913	1.269854772	1.263791423
-4.743589744	-0.5384615385	0.3910813047	0.5269431855	1.347400602	1.345318597	1.329296336
-4.743589744	-0.4871794872	0.4130184808	0.5529098318	1.338704822	1.420782421	1.39480125
-4.743589744	-0.4358974359	0.434955657	0.5788764781	1.330886192	1.496246246	1.460306163
-4.743589744	-0.3846153846	0.4568928331	0.6048431244	1.323818367	1.571710071	1.525811077
-4.743589744	-0.3333333333	0.4788300093	0.6308097707	1.317398155	1.647173895	1.591315991
-4.743589744	-0.2820512821	0.5007671854	0.656776417	1.311540445	1.72263772	1.656820904
-4.743589744	-0.2307692308	0.5227043616	0.6827430633	1.306174414	1.798101545	1.722325818
-4.743589744	-0.1794871795	0.5446415377	0.7087097097	1.301240652	1.873565369	1.787830731
-4.743589744	-0.1282051282	0.5665787139	0.734676356	1.296688947	1.949029194	1.853335645
-4.743589744	-0.07692307692	0.58851589	0.7606430023	1.292476576	2.024493019	1.918840558
-4.743589744	-0.02564102564	0.6104530662	0.7866096486	1.288566955	2.099956844	1.984345472
-4.743589744	0.02564102564	0.6323902423	0.8125762949	1.284928578	2.175420668	2.049850385
-4.743589744	0.07692307692	0.6543274185	0.8385429412	1.281534164	2.250884493	2.115355299
-4.743589744	0.1282051282	0.6762645946	0.8645095875	1.278359971	2.326348318	2.180860212
-4.743589744	0.1794871795	0.6982017707	0.8904762338	1.275385241	2.401812142	2.246365126
-4.743589744	0.2307692308	0.7201389469	0.9164428801	1.272591746	2.477275967	2.311870039
-4.743589744	0.2820512821	0.742076123	0.9424095264	1.269963414	2.552739792	2.377374953
-4.743589744	0.3333333333	0.7640132992	0.9683761728	1.267486016	2.628203617	2.442879867
-4.743589744	0.3846153846	0.7859504753	0.9943428191	1.265146915	2.703667441	2.50838478
-4.743589744	0.4358974359	0.8078876515	1.020309465	1.262934844	2.779131266	2.573889694
-4.743589744	0.4871794872	0.8298248276	1.046276112	1.26083973	2.854595091	2.639394607
-4.743589744	0.5384615385	0.8517620038	1.072242758	1.258852535	2.930058915	2.704899521
-4.743589744	0.5897435897	0.8736991799	1.098209404	1.256965131	3.00552274	2.770404434
-4.743589744	0.641025641	0.8956363561	1.124176051	1.255170185	3.080986565	2.835909348
-4.743589744	0.6923076923	0.9175735322	1.150142697	1.253461065	3.15645039	2.901414261
-4.743589744	0.7435897436	0.9395107083	1.176109343	1.25183176	3.231914214	2.966919175
-4.743589744	0.7948717949	0.9614478845	1.20207599	1.250276805	3.307378039	3.032424088
-4.743589744	0.8461538462	0.9833850606	1.228042636	1.248791226	3.382841864	3.097929002
-4.743589744	0.8974358974	1.005322237	1.254009282	1.247370481	3.458305688	3.163433915
-4.743589744	0.9487179487	1.027259413	1.279975928	1.246010416	3.533769513	3.228938829
-4.743589744	1	1.049196589	1.305942575	1.244707225	3.609233338	3.294443743
-4.230769231	-1	0.1578928011	0.2496557622	1.581172545	0.5431507951	0.6297955817
-4.230769231	-0.9487179487	0.1798299773	0.2756224085	1.53268333	0.6186146198	0.6953004952
-4.230769231	-0.8974358974	0.2017671534	0.3015890548	1.494738116	0.6940784445	0.7608054087
-4.230769231	-0.8461538462	0.2237043296	0.3275557011	1.464234965	0.7695422693	0.8263103223
-4.230769231	-0.7948717949	0.2456415057	0.3535223474	1.439180021	0.845006094	0.8918152358
-4.230769231	-0.7435897436	0.2675786819	0.3794889937	1.418233288	0.9204699187	0.9573201494
-4.230769231	-0.6923076923	0.289515858	0.40545564	1.400460903	0.9959337434	1.022825063
-4.230769231	-0.641025641	0.3114530341	0.4314222863	1.385192113	1.071397568	1.088329976
-4.230769231	-0.5897435897	0.3333902103	0.4573889327	1.371932704	1.146861393	1.15383489
-4.230769231	-0.5384615385	0.3553273864	0.483355579	1.360310512	1.222325218	1.219339804
-4.230769231	-0.4871794872	0.3772645626	0.5093222253	1.350039934	1.297789042	1.284844717
-4.230769231	-0.4358974359	0.3992017387	0.5352888716	1.340898147	1.373252867	1.350349631
-4.230769231	-0.3846153846	0.4211389149	0.5612555179	1.332708753	1.448716692	1.415854544
-4.230769231	-0.3333333333	0.443076091	0.5872221642	1.32533029	1.524180516	1.481359458
-4.230769231	-0.2820512821	0.4650132672	0.6131888105	1.318647991	1.599644341	1.546864371
-4.230769231	-0.2307692308	0.4869504433	0.6391554568	1.312567769	1.675108166	1.612369285
-4.230769231	-0.1794871795	0.5088876195	0.6651221031	1.30701176	1.75057199	1.677874198
-4.230769231	-0.1282051282	0.5308247956	0.6910887494	1.301914973	1.826035815	1.743379112
-4.230769231	-0.07692307692	0.5527619718	0.7170553957	1.297222733	1.90149964	1.808884025
-4.230769231	-0.02564102564	0.5746991479	0.7430220421	1.292888714	1.976963465	1.874388939
-4.230769231	0.02564102564	0.596636324	0.7689886884	1.288873401	2.052427289	1.939893852
-4.230769231	0.07692307692	0.6185735002	0.7949553347	1.285142888	2.127891114	2.005398766
-4.230769231	0.1282051282	0.6405106763	0.820921981	1.281667912	2.203354939	2.07090368
-4.230769231	0.1794871795	0.6624478525	0.8468886273	1.278423085	2.278818763	2.136408593
-4.230769231	0.2307692308	0.6843850286	0.8728552736	1.275386277	2.354282588	2.201913507
-4.230769231	0.2820512821	0.7063222048	0.8988219199	1.272538105	2.429746413	2.26741842
-4.230769231	0.3333333333	0.7282593809	0.9247885662	1.269861522	2.505210238	2.332923334
-4.230769231	0.3846153846	0.7501965571	0.9507552125	1.267341477	2.580674062	2.398428247
-4.230769231	0.4358974359	0.7721337332	0.9767218588	1.264964626	2.656137887	2.463933161
-4.230769231	0.4871794872	0.7940709094	1.002688505	1.262719101	2.731601712	2.529438074
-4.230769231	0.5384615385	0.8160080855	1.028655151	1.260594312	2.807065536	2.594942988
-4.230769231	0.5897435897	0.8379452616	1.054621798	1.258580776	2.882529361	2.660447901
-4.230769231	0.641025641	0.8598824378	1.080588444	1.256669978	2.957993186	2.725952815
-4.230769231	0.6923076923	0.8818196139	1.10655509	1.25485425	3.03345701	2.791457729
-4.230769231	0.7435897436	0.9037567901	1.132521737	1.25312667	3.108920835	2.856962642
-4.230769231	0.7948717949	0.9256939662	1.158488383	1.25148097	3.18438466	2.922467556
-4.230769231	0.8461538462	0.9476311424	1.184455029	1.249911465	3.259848485	2.987972469
-4.230769231	0.8974358974	0.9695683185	1.210421676	1.248412982	3.335312309	3.053477383
-4.230769231	0.9487179487	0.9915054947	1.236388322	1.246980807	3.410776134	3.118982296
-4.230769231	1	1.013442671	1.262354968	1.245610635	3.486239959	3.18448721
-3.717948718	-1	0.1221388829	0.2060681556	1.687162604	0.4201574161	0.5198390488
-3.717948718	-0.9487179487	0.144076059	0.232034802	1.610502144	0.4956212408	0.5853439624
-3.717948718	-0.8974358974	0.1660132352	0.2580014483	1.554101684	0.5710850655	0.6508488759
-3.717948718	-0.8461538462	0.1879504113	0.2839680946	1.510867109	0.6465488902	0.7163537895
-3.717948718	-0.7948717949	0.2098875874	0.3099347409	1.476670177	0.7220127149	0.781858703
-3.717948718	-0.7435897436	0.2318247636	0.3359013872	1.448945238	0.7974765397	0.8473636165
-3.717948718	-0.6923076923	0.2537619397	0.3618680335	1.426013822	0.8729403644	0.9128685301
-3.717948718	-0.641025641	0.2756991159	0.3878346798	1.406731678	0.9484041891	0.9783734436
-3.717948718	-0.5897435897	0.297636292	0.4138013261	1.390291901	1.023868014	1.043878357
-3.717948718	-0.5384615385	0.3195734682	0.4397679724	1.376109146	1.099331838	1.109383271
-3.717948718	-0.4871794872	0.3415106443	0.4657346187	1.36374847	1.174795663	1.174888184
-3.717948718	-0.4358974359	0.3634478205	0.4917012651	1.352879939	1.250259488	1.240393098
-3.717948718	-0.3846153846	0.3853849966	0.5176679114	1.343248741	1.325723313	1.305898011
-3.717948718	-0.3333333333	0.4073221728	0.5436345577	1.334654959	1.401187137	1.371402925
-3.717948718	-0.2820512821	0.4292593489	0.569601204	1.326939542	1.476650962	1.436907838
-3.717948718	-0.2307692308	0.4511965251	0.5955678503	1.319974373	1.552114787	1.502412752
-3.717948718	-0.1794871795	0.4731337012	0.6215344966	1.313655094	1.627578611	1.567917665
-3.717948718	-0.1282051282	0.4950708773	0.6475011429	1.307895844	1.703042436	1.633422579
-3.717948718	-0.07692307692	0.5170080535	0.6734677892	1.302625336	1.778506261	1.698927493
-3.717948718	-0.02564102564	0.5389452296	0.6994344355	1.297783888	1.853970086	1.764432406
-3.717948718	0.02564102564	0.5608824058	0.7254010818	1.293321157	1.92943391	1.82993732
-3.717948718	0.07692307692	0.5828195819	0.7513677282	1.289194378	2.004897735	1.895442233
-3.717948718	0.1282051282	0.6047567581	0.7773343745	1.285366991	2.08036156	1.960947147
-3.717948718	0.1794871795	0.6266939342	0.8033010208	1.281807557	2.155825384	2.02645206
-3.717948718	0.2307692308	0.6486311104	0.8292676671	1.278488888	2.231289209	2.091956974
-3.717948718	0.2820512821	0.6705682865	0.8552343134	1.275387355	2.306753034	2.157461887
-3.717948718	0.3333333333	0.6925054627	0.8812009597	1.272482323	2.382216859	2.222966801
-3.717948718	0.3846153846	0.7144426388	0.907167606	1.26975569	2.457680683	2.288471714
-3.717948718	0.4358974359	0.7363798149	0.9331342523	1.267191514	2.533144508	2.353976628
-3.717948718	0.4871794872	0.7583169911	0.9591008986	1.264775694	2.608608333	2.419481542
-3.717948718	0.5384615385	0.7802541672	0.9850675449	1.262495718	2.684072157	2.484986455
-3.717948718	0.5897435897	0.8021913434	1.011034191	1.260340441	2.759535982	2.550491369
-3.717948718	0.641025641	0.8241285195	1.037000838	1.258299905	2.834999807	2.615996282
-3.717948718	0.6923076923	0.8460656957	1.062967484	1.256365185	2.910463631	2.681501196
-3.717948718	0.7435897436	0.8680028718	1.08893413	1.254528257	2.985927456	2.747006109
-3.717948718	0.7948717949	0.889940048	1.114900776	1.252781891	3.061391281	2.812511023
-3.717948718	0.8461538462	0.9118772241	1.140867423	1.251119551	3.136855106	2.878015936
-3.717948718	0.8974358974	0.9338144003	1.166834069	1.249535313	3.21231893	2.94352085
-3.717948718	0.9487179487	0.9557515764	1.192800715	1.248023801	3.287782755	3.009025763
-3.717948718	1	0.9776887526	1.218767362	1.246580119	3.36324658	3.074530677
-3.205128205	-1	0.0863849646	0.1624805491	1.880889225	0.2971640371	0.409882516
-3.205128205	-0.9487179487	0.1083221407	0.1884471954	1.739692312	0.3726278618	0.4753874296
-3.205128205	-0.8974358974	0.1302593169	0.2144138417	1.646053786	0.4480916865	0.5408923431
-3.205128205	-0.8461538462	0.152196493	0.240380488	1.57940885	0.5235555112	0.6063972566
-3.205128205	-0.7948717949	0.1741336692	0.2663471344	1.529555632	0.5990193359	0.6719021702
-3.205128205	-0.7435897436	0.1960708453	0.2923137807	1.490857961	0.6744831606	0.7374070837
-3.205128205	-0.6923076923	0.2180080215	0.318280427	1.459948239	0.7499469853	0.8029119973
-3.205128205	-0.641025641	0.2399451976	0.3442470733	1.434690407	0.82541081	0.8684169108
-3.205128205	-0.5897435897	0.2618823738	0.3702137196	1.413664136	0.9008746348	0.9339218244
-3.205128205	-0.5384615385	0.2838195499	0.3961803659	1.395888219	0.9763384595	0.9994267379
-3.205128205	-0.4871794872	0.3057567261	0.4221470122	1.380663044	1.051802284	1.064931651
-3.205128205	-0.4358974359	0.3276939022	0.4481136585	1.367476342	1.127266109	1.130436565
-3.205128205	-0.3846153846	0.3496310783	0.4740803048	1.355944406	1.202729934	1.195941479
-3.205128205	-0.3333333333	0.3715682545	0.5000469511	1.345774148	1.278193758	1.261446392
-3.205128205	-0.2820512821	0.3935054306	0.5260135975	1.336737835	1.353657583	1.326951306
-3.205128205	-0.2307692308	0.4154426068	0.5519802438	1.328655835	1.429121408	1.392456219
-3.205128205	-0.1794871795	0.4373797829	0.5779468901	1.321384556	1.504585232	1.457961133
-3.205128205	-0.1282051282	0.4593169591	0.6039135364	1.314807835	1.580049057	1.523466046
-3.205128205	-0.07692307692	0.4812541352	0.6298801827	1.308830692	1.655512882	1.58897096
-3.205128205	-0.02564102564	0.5031913114	0.655846829	1.303374709	1.730976707	1.654475873
-3.205128205	0.02564102564	0.5251284875	0.6818134753	1.298374572	1.806440531	1.719980787
-3.205128205	0.07692307692	0.5470656637	0.7077801216	1.293775443	1.881904356	1.7854857
-3.205128205	0.1282051282	0.5690028398	0.7337467679	1.289530942	1.957368181	1.850990614
-3.205128205	0.1794871795	0.590940016	0.7597134142	1.285601573	2.032832005	1.916495527
-3.205128205	0.2307692308	0.6128771921	0.7856800606	1.281953498	2.10829583	1.982000441
-3.205128205	0.2820512821	0.6348143682	0.8116467069	1.278557556	2.183759655	2.047505355
-3.205128205	0.3333333333	0.6567515444	0.8376133532	1.275388479	2.259223479	2.113010268
-3.205128205	0.3846153846	0.6786887205	0.8635799995	1.27242427	2.334687304	2.178515182
-3.205128205	0.4358974359	0.7006258967	0.8895466458	1.269645684	2.410151129	2.244020095
-3.205128205	0.4871794872	0.7225630728	0.9155132921	1.267035815	2.485614954	2.309525009
-3.205128205	0.5384615385	0.744500249	0.9414799384	1.26457975	2.561078778	2.375029922
-3.205128205	0.5897435897	0.7664374251	0.9674465847	1.26226428	2.636542603	2.440534836
-3.205128205	0.641025641	0.7883746013	0.993413231	1.26007767	2.712006428	2.506039749
-3.205128205	0.6923076923	0.8103117774	1.019379877	1.258009455	2.787470252	2.571544663
-3.205128205	0.7435897436	0.8322489536	1.045346524	1.256050271	2.862934077	2.637049576
-3.205128205	0.7948717949	0.8541861297	1.07131317	1.254191719	2.938397902	2.70255449
-3.205128205	0.8461538462	0.8761233059	1.097279816	1.252426238	3.013861727	2.768059404
-3.205128205	0.8974358974	0.898060482	1.123246463	1.25074701	3.089325551	2.833564317
-3.205128205	0.9487179487	0.9199976581	1.149213109	1.249147863	3.164789376	2.899069231
-3.205128205	1	0.9419348343	1.175179755	1.247623203	3.240253201	2.964574144
-2.692307692	-1	0.05063104634	0.1188929426	2.348222113	0.1741706581	0.2999259832
-2.692307692	-0.9487179487	0.07256822248	0.1448595889	1.996184886	0.2496344828	0.3654308968
-2.692307692	-0.8974358974	0.09450539863	0.1708262352	1.807581765	0.3250983075	0.4309358103
-2.692307692	-0.8461538462	0.1164425748	0.1967928815	1.69004234	0.4005621322	0.4964407238
-2.692307692	-0.7948717949	0.1383797509	0.2227595278	1.609769683	0.4760259569	0.5619456374
-2.692307692	-0.7435897436	0.1603169271	0.2487261741	1.551465455	0.5514897816	0.6274505509
-2.692307692	-0.6923076923	0.1822541032	0.2746928205	1.507196906	0.6269536063	0.6929554645
-2.692307692	-0.641025641	0.2041912794	0.3006594668	1.472440291	0.702417431	0.758460378
-2.692307692	-0.5897435897	0.2261284555	0.3266261131	1.444427294	0.7778812557	0.8239652915
-2.692307692	-0.5384615385	0.2480656316	0.3525927594	1.421368841	0.8533450804	0.8894702051
-2.692307692	-0.4871794872	0.2700028078	0.3785594057	1.402057293	0.9288089051	0.9549751186
-2.692307692	-0.4358974359	0.2919399839	0.404526052	1.38564799	1.00427273	1.020480032
-2.692307692	-0.3846153846	0.3138771601	0.4304926983	1.371532412	1.079736555	1.085984946
-2.692307692	-0.3333333333	0.3358143362	0.4564593446	1.359261042	1.155200379	1.151489859
-2.692307692	-0.2820512821	0.3577515124	0.4824259909	1.348494623	1.230664204	1.216994773
-2.692307692	-0.2307692308	0.3796886885	0.5083926372	1.338972302	1.306128029	1.282499686
-2.692307692	-0.1794871795	0.4016258647	0.5343592835	1.330490216	1.381591853	1.3480046
-2.692307692	-0.1282051282	0.4235630408	0.5603259299	1.322886739	1.457055678	1.413509513
-2.692307692	-0.07692307692	0.445500217	0.5862925762	1.316032078	1.532519503	1.479014427
-2.692307692	-0.02564102564	0.4674373931	0.6122592225	1.309820805	1.607983328	1.54451934
-2.692307692	0.02564102564	0.4893745693	0.6382258688	1.304166397	1.683447152	1.610024254
-2.692307692	0.07692307692	0.5113117454	0.6641925151	1.298997179	1.758910977	1.675529168
-2.692307692	0.1282051282	0.5332489215	0.6901591614	1.294253272	1.834374802	1.741034081
-2.692307692	0.1794871795	0.5551860977	0.7161258077	1.289884258	1.909838626	1.806538995
-2.692307692	0.2307692308	0.5771232738	0.742092454	1.285847388	1.985302451	1.872043908
-2.692307692	0.2820512821	0.59906045	0.7680591003	1.282106172	2.060766276	1.937548822
-2.692307692	0.3333333333	0.6209976261	0.7940257466	1.278629278	2.1362301	2.003053735
-2.692307692	0.3846153846	0.6429348023	0.819992393	1.275389651	2.211693925	2.068558649
-2.692307692	0.4358974359	0.6648719784	0.8459590393	1.272363803	2.28715775	2.134063562
-2.692307692	0.4871794872	0.6868091546	0.8719256856	1.269531252	2.362621575	2.199568476
-2.692307692	0.5384615385	0.7087463307	0.8978923319	1.266874046	2.438085399	2.265073389
-2.692307692	0.5897435897	0.7306835069	0.9238589782	1.264376395	2.513549224	2.330578303
-2.692307692	0.641025641	0.752620683	0.9498256245	1.262024345	2.589013049	2.396083217
-2.692307692	0.6923076923	0.7745578592	0.9757922708	1.259805526	2.664476873	2.46158813
-2.692307692	0.7435897436	0.7964950353	1.001758917	1.257708928	2.739940698	2.527093044
-2.692307692	0.7948717949	0.8184322114	1.027725563	1.255724725	2.815404523	2.592597957
-2.692307692	0.8461538462	0.8403693876	1.05369221	1.253844113	2.890868348	2.658102871
-2.692307692	0.8974358974	0.8623065637	1.079658856	1.252059188	2.966332172	2.723607784
-2.692307692	0.9487179487	0.8842437399	1.105625502	1.250362827	3.041795997	2.789112698
-2.692307692	1	0.906180916	1.131592149	1.248748598	3.117259822	2.854617611
-2.179487179	-1	0.01487712807	0.07530533607	5.061819438	0.05117727904	0.1899694504
-2.179487179	-0.9487179487	0.03681430422	0.1012719824	2.750886769	0.1266411038	0.2554743639
-2.179487179	-0.8974358974	0.05875148037	0.1272386287	2.165709322	0.2021049285	0.3209792775
-2.179487179	-0.8461538462	0.08068865651	0.153205275	1.898721352	0.2775687532	0.386484191
-2.179487179	-0.7948717949	0.1026258327	0.1791719213	1.745875445	0.3530325779	0.4519891046
-2.179487179	-0.7435897436	0.1245630088	0.2051385676	1.646865868	0.4284964026	0.5174940181
-2.179487179	-0.6923076923	0.1465001849	0.2311052139	1.577508001	0.5039602273	0.5829989316
-2.179487179	-0.641025641	0.1684373611	0.2570718602	1.526216384	0.579424052	0.6485038452
-2.179487179	-0.5897435897	0.1903745372	0.2830385065	1.486745605	0.6548878767	0.7140087587
-2.179487179	-0.5384615385	0.2123117134	0.3090051529	1.455431488	0.7303517014	0.7795136723
-2.179487179	-0.4871794872	0.2342488895	0.3349717992	1.429982442	0.8058155261	0.8450185858
-2.179487179	-0.4358974359	0.2561860657	0.3609384455	1.408891793	0.8812793508	0.9105234994
-2.179487179	-0.3846153846	0.2781232418	0.3869050918	1.391128225	0.9567431755	0.9760284129
-2.179487179	-0.3333333333	0.300060418	0.4128717381	1.375962018	1.032207	1.041533326
-2.179487179	-0.2820512821	0.3219975941	0.4388383844	1.362862308	1.107670825	1.10703824
-2.179487179	-0.2307692308	0.3439347703	0.4648050307	1.351433676	1.18313465	1.172543154
-2.179487179	-0.1794871795	0.3658719464	0.490771677	1.341375533	1.258598474	1.238048067
-2.179487179	-0.1282051282	0.3878091226	0.5167383233	1.332455307	1.334062299	1.303552981
-2.179487179	-0.07692307692	0.4097462987	0.5427049696	1.324490231	1.409526124	1.369057894
-2.179487179	-0.02564102564	0.4316834748	0.568671616	1.317334689	1.484989948	1.434562808
-2.179487179	0.02564102564	0.453620651	0.5946382623	1.310871233	1.560453773	1.500067721
-2.179487179	0.07692307692	0.4755578271	0.6206049086	1.305004088	1.635917598	1.565572635
-2.179487179	0.1282051282	0.4974950033	0.6465715549	1.29965437	1.711381423	1.631077548
-2.179487179	0.1794871795	0.5194321794	0.6725382012	1.29475652	1.786845247	1.696582462
-2.179487179	0.2307692308	0.5413693556	0.6985048475	1.290255609	1.862309072	1.762087375
-2.179487179	0.2820512821	0.5633065317	0.7244714938	1.286105261	1.937772897	1.827592289
-2.179487179	0.3333333333	0.5852437079	0.7504381401	1.282266054	2.013236721	1.893097202
-2.179487179	0.3846153846	0.607180884	0.7764047864	1.278704266	2.088700546	1.958602116
-2.179487179	0.4358974359	0.6291180602	0.8023714327	1.275390874	2.164164371	2.02410703
-2.179487179	0.4871794872	0.6510552363	0.828338079	1.272300771	2.239628196	2.089611943
-2.179487179	0.5384615385	0.6729924125	0.8543047254	1.26941212	2.31509202	2.155116857
-2.179487179	0.5897435897	0.6949295886	0.8802713717	1.266705845	2.390555845	2.22062177
-2.179487179	0.641025641	0.7168667647	0.906238018	1.264165201	2.46601967	2.286126684
-2.179487179	0.6923076923	0.7388039409	0.9322046643	1.261775436	2.541483494	2.351631597
-2.179487179	0.7435897436	0.760741117	0.9581713106	1.259523495	2.616947319	2.417136511
-2.179487179	0.7948717949	0.7826782932	0.9841379569	1.257397791	2.692411144	2.482641424
-2.179487179	0.8461538462	0.8046154693	1.010104603	1.255387998	2.767874969	2.548146338
-2.179487179	0.8974358974	0.8265526455	1.03607125	1.253484887	2.843338793	2.613651251
-2.179487179	0.9487179487	0.8484898216	1.062037896	1.251680184	2.918802618	2.679156165
-2.179487179	1	0.8704269978	1.088004542	1.249966447	2.994266443	2.744661079
-1.666666667	-1	-0.02087679019	0.03171772954	-1.519281904	-0.07181609998	0.08001291759
-1.666666667	-0.9487179487	0.001060385956	0.05768437585	54.39941514	0.00364772473	0.1455178311
-1.666666667	-0.8974358974	0.0229975621	0.08365102216	3.63738651	0.07911154944	0.2110227447
-1.666666667	-0.8461538462	0.04493473825	0.1096176685	2.43948608	0.1545753741	0.2765276582
-1.666666667	-0.7948717949	0.06687191439	0.1355843148	2.027522556	0.2300391989	0.3420325718
-1.666666667	-0.7435897436	0.08880909054	0.1615509611	1.819081359	0.3055030236	0.4075374853
-1.666666667	-0.6923076923	0.1107462667	0.1875176074	1.693218318	0.3809668483	0.4730423988
-1.666666667	-0.641025641	0.1326834428	0.2134842537	1.608974331	0.456430673	0.5385473124
-1.666666667	-0.5897435897	0.154620619	0.2394509	1.548634985	0.5318944977	0.6040522259
-1.666666667	-0.5384615385	0.1765577951	0.2654175463	1.503289878	0.6073583224	0.6695571395
-1.666666667	-0.4871794872	0.1984949713	0.2913841926	1.46796763	0.6828221471	0.735062053
-1.666666667	-0.4358974359	0.2204321474	0.3173508389	1.439675849	0.7582859718	0.8005669665
-1.666666667	-0.3846153846	0.2423693236	0.3433174853	1.416505522	0.8337497965	0.8660718801
-1.666666667	-0.3333333333	0.2643064997	0.3692841316	1.397181424	0.9092136212	0.9315767936
-1.666666667	-0.2820512821	0.2862436759	0.3952507779	1.38081925	0.9846774459	0.9970817072
-1.666666667	-0.2307692308	0.308180852	0.4212174242	1.366786487	1.060141271	1.062586621
-1.666666667	-0.1794871795	0.3301180281	0.4471840705	1.35461875	1.135605095	1.128091534
-1.666666667	-0.1282051282	0.3520552043	0.4731507168	1.343967398	1.21106892	1.193596448
-1.666666667	-0.07692307692	0.3739923804	0.4991173631	1.334565593	1.286532745	1.259101361
-1.666666667	-0.02564102564	0.3959295566	0.5250840094	1.326205636	1.361996569	1.324606275
-1.666666667	0.02564102564	0.4178667327	0.5510506557	1.318723441	1.437460394	1.390111188
-1.666666667	0.07692307692	0.4398039089	0.577017302	1.311987662	1.512924219	1.455616102
-1.666666667	0.1282051282	0.461741085	0.6029839484	1.305891912	1.588388044	1.521121015
-1.666666667	0.1794871795	0.4836782612	0.6289505947	1.300349106	1.663851868	1.586625929
-1.666666667	0.2307692308	0.5056154373	0.654917241	1.295287273	1.739315693	1.652130843
-1.666666667	0.2820512821	0.5275526135	0.6808838873	1.290646411	1.814779518	1.717635756
-1.666666667	0.3333333333	0.5494897896	0.7068505336	1.286376102	1.890243342	1.78314067
-1.666666667	0.3846153846	0.5714269658	0.7328171799	1.282433668	1.965707167	1.848645583
-1.666666667	0.4358974359	0.5933641419	0.7587838262	1.278782745	2.041170992	1.914150497
-1.666666667	0.4871794872	0.615301318	0.7847504725	1.275392153	2.116634817	1.97965541
-1.666666667	0.5384615385	0.6372384942	0.8107171188	1.272235005	2.192098641	2.045160324
-1.666666667	0.5897435897	0.6591756703	0.8366837651	1.269287995	2.267562466	2.110665237
-1.666666667	0.641025641	0.6811128465	0.8626504115	1.266530819	2.343026291	2.176170151
-1.666666667	0.6923076923	0.7030500226	0.8886170578	1.263945707	2.418490115	2.241675064
-1.666666667	0.7435897436	0.7249871988	0.9145837041	1.261517039	2.49395394	2.307179978
-1.666666667	0.7948717949	0.7469243749	0.9405503504	1.259231031	2.569417765	2.372684892
-1.666666667	0.8461538462	0.7688615511	0.9665169967	1.257075471	2.644881589	2.438189805
-1.666666667	0.8974358974	0.7907987272	0.992483643	1.255039505	2.720345414	2.503694719
-1.666666667	0.9487179487	0.8127359034	1.018450289	1.253113447	2.795809239	2.569199632
-1.666666667	1	0.8346730795	1.044416936	1.251288632	2.871273064	2.634704546
-1.153846154	-1	-0.05663070845	-0.01186987699	0.2096014214	-0.194809479	-0.02994361523
-1.153846154	-0.9487179487	-0.03469353231	0.01409676932	-0.4063226886	-0.1193456543	0.03556129832
-1.153846154	-0.8974358974	-0.01275635616	0.04006341563	-3.140662986	-0.04388182958	0.1010662119
-1.153846154	-0.8461538462	0.009180819985	0.06603006194	7.192174778	0.03158199512	0.1665711254
-1.153846154	-0.7948717949	0.03111799613	0.09199670825	2.956382791	0.1070458198	0.2320760389
-1.153846154	-0.7435897436	0.05305517228	0.1179633546	2.223409132	0.1825096445	0.2975809525
-1.153846154	-0.6923076923	0.07499234842	0.1439300009	1.919262483	0.2579734692	0.363085866
-1.153846154	-0.641025641	0.09692952457	0.1698966472	1.752785314	0.333437294	0.4285907796
-1.153846154	-0.5897435897	0.1188667007	0.1958632935	1.647755783	0.4089011187	0.4940956931
-1.153846154	-0.5384615385	0.1408038769	0.2218299398	1.575453352	0.4843649434	0.5596006066
-1.153846154	-0.4871794872	0.162741053	0.2477965861	1.522643374	0.5598287681	0.6251055202
-1.153846154	-0.4358974359	0.1846782292	0.2737632324	1.482379562	0.6352925928	0.6906104337
-1.153846154	-0.3846153846	0.2066154053	0.2997298787	1.450665686	0.7107564175	0.7561153473
-1.153846154	-0.3333333333	0.2285525814	0.325696525	1.4250398	0.7862202422	0.8216202608
-1.153846154	-0.2820512821	0.2504897576	0.3516631713	1.403902398	0.8616840669	0.8871251744
-1.153846154	-0.2307692308	0.2724269337	0.3776298177	1.386169174	0.9371478916	0.9526300879
-1.153846154	-0.1794871795	0.2943641099	0.403596464	1.371079049	1.012611716	1.018135001
-1.153846154	-0.1282051282	0.316301286	0.4295631103	1.358082086	1.088075541	1.083639915
-1.153846154	-0.07692307692	0.3382384622	0.4555297566	1.346771014	1.163539366	1.149144829
-1.153846154	-0.02564102564	0.3601756383	0.4814964029	1.336837786	1.23900319	1.214649742
-1.153846154	0.02564102564	0.3821128145	0.5074630492	1.328045096	1.314467015	1.280154656
-1.153846154	0.07692307692	0.4040499906	0.5334296955	1.320207172	1.38993084	1.345659569
-1.153846154	0.1282051282	0.4259871668	0.5593963418	1.313176512	1.465394665	1.411164483
-1.153846154	0.1794871795	0.4479243429	0.5853629881	1.306834508	1.540858489	1.476669396
-1.153846154	0.2307692308	0.469861519	0.6113296344	1.301084702	1.616322314	1.54217431
-1.153846154	0.2820512821	0.4917986952	0.6372962808	1.295847848	1.691786139	1.607679223
-1.153846154	0.3333333333	0.5137358713	0.6632629271	1.291058235	1.767249963	1.673184137
-1.153846154	0.3846153846	0.5356730475	0.6892295734	1.286660915	1.842713788	1.73868905
-1.153846154	0.4358974359	0.5576102236	0.7151962197	1.282609589	1.918177613	1.804193964
-1.153846154	0.4871794872	0.5795473998	0.741162866	1.278864966	1.993641438	1.869698877
-1.153846154	0.5384615385	0.6014845759	0.7671295123	1.27539349	2.069105262	1.935203791
-1.153846154	0.5897435897	0.6234217521	0.7930961586	1.272166324	2.144569087	2.000708705
-1.153846154	0.641025641	0.6453589282	0.8190628049	1.269158555	2.220032912	2.066213618
-1.153846154	0.6923076923	0.6672961044	0.8450294512	1.266348546	2.295496736	2.131718532
-1.153846154	0.7435897436	0.6892332805	0.8709960975	1.263717412	2.370960561	2.197223445
-1.153846154	0.7948717949	0.7111704567	0.8969627439	1.261248601	2.446424386	2.262728359
-1.153846154	0.8461538462	0.7331076328	0.9229293902	1.258927542	2.52188821	2.328233272
-1.153846154	0.8974358974	0.7550448089	0.9488960365	1.256741355	2.597352035	2.393738186
-1.153846154	0.9487179487	0.7769819851	0.9748626828	1.254678617	2.67281586	2.459243099
-1.153846154	1	0.7989191612	1.000829329	1.252729159	2.748279685	2.524748013
-0.641025641	-1	-0.09238462671	-0.05545748351	0.6002890901	-0.317802858	-0.139900148
-0.641025641	-0.9487179487	-0.07044745057	-0.0294908372	0.4186217807	-0.2423390333	-0.0743952345
-0.641025641	-0.8974358974	-0.04851027442	-0.003524190895	0.07264833969	-0.1668752086	-0.008890320957
-0.641025641	-0.8461538462	-0.02657309828	0.02244245542	-0.8445554666	-0.0914113839	0.05661459258
-0.641025641	-0.7948717949	-0.004635922131	0.04840910172	-10.44217318	-0.01594755919	0.1221195061
-0.641025641	-0.7435897436	0.01730125401	0.07437574803	4.298864578	0.05951626552	0.1876244197
-0.641025641	-0.6923076923	0.03923843016	0.1003423943	2.557247931	0.1349800902	0.2531293332
-0.641025641	-0.641025641	0.06117560631	0.1263090407	2.06469618	0.2104439149	0.3186342467
-0.641025641	-0.5897435897	0.08311278245	0.152275687	1.83215725	0.2859077396	0.3841391603
-0.641025641	-0.5384615385	0.1050499586	0.1782423333	1.696738729	0.3613715643	0.4496440738
-0.641025641	-0.4871794872	0.1269871347	0.2042089796	1.608107624	0.4368353891	0.5151489874
-0.641025641	-0.4358974359	0.1489243109	0.2301756259	1.545587987	0.5122992138	0.5806539009
-0.641025641	-0.3846153846	0.170861487	0.2561422722	1.49912234	0.5877630385	0.6461588145
-0.641025641	-0.3333333333	0.1927986632	0.2821089185	1.463230677	0.6632268632	0.711663728
-0.641025641	-0.2820512821	0.2147358393	0.3080755648	1.43467232	0.7386906879	0.7771686415
-0.641025641	-0.2307692308	0.2366730155	0.3340422111	1.4114081	0.8141545126	0.8426735551
-0.641025641	-0.1794871795	0.2586101916	0.3600088574	1.392090757	0.8896183373	0.9081784686
-0.641025641	-0.1282051282	0.2805473678	0.3859755038	1.375794422	0.965082162	0.9736833822
-0.641025641	-0.07692307692	0.3024845439	0.4119421501	1.361861815	1.040545987	1.039188296
-0.641025641	-0.02564102564	0.3244217201	0.4379087964	1.349813435	1.116009811	1.104693209
-0.641025641	0.02564102564	0.3463588962	0.4638754427	1.33929126	1.191473636	1.170198123
-0.641025641	0.07692307692	0.3682960723	0.489842089	1.330022571	1.266937461	1.235703036
-0.641025641	0.1282051282	0.3902332485	0.5158087353	1.32179597	1.342401286	1.30120795
-0.641025641	0.1794871795	0.4121704246	0.5417753816	1.314445067	1.41786511	1.366712863
-0.641025641	0.2307692308	0.4341076008	0.5677420279	1.307837105	1.493328935	1.432217777
-0.641025641	0.2820512821	0.4560447769	0.5937086742	1.30186487	1.56879276	1.49772269
-0.641025641	0.3333333333	0.4779819531	0.6196753205	1.296440831	1.644256584	1.563227604
-0.641025641	0.3846153846	0.4999191292	0.6456419668	1.291492822	1.719720409	1.628732518
-0.641025641	0.4358974359	0.5218563054	0.6716086132	1.286960809	1.795184234	1.694237431
-0.641025641	0.4871794872	0.5437934815	0.6975752595	1.282794449	1.870648059	1.759742345
-0.641025641	0.5384615385	0.5657306577	0.7235419058	1.278951204	1.946111883	1.825247258
-0.641025641	0.5897435897	0.5876678338	0.7495085521	1.27539489	2.021575708	1.890752172
-0.641025641	0.641025641	0.60960501	0.7754751984	1.27209453	2.097039533	1.956257085
-0.641025641	0.6923076923	0.6315421861	0.8014418447	1.269023451	2.172503357	2.021761999
-0.641025641	0.7435897436	0.6534793622	0.827408491	1.266158564	2.247967182	2.087266912
-0.641025641	0.7948717949	0.6754165384	0.8533751373	1.263479777	2.323431007	2.152771826
-0.641025641	0.8461538462	0.6973537145	0.8793417836	1.260969527	2.398894831	2.218276739
-0.641025641	0.8974358974	0.7192908907	0.9053084299	1.258612394	2.474358656	2.283781653
-0.641025641	0.9487179487	0.7412280668	0.9312750763	1.256394783	2.549822481	2.349286567
-0.641025641	1	0.763165243	0.9572417226	1.254304663	2.625286306	2.41479148
-0.1282051282	-1	-0.128138545	-0.09904509004	0.7729531349	-0.440796237	-0.2498566809
-0.1282051282	-0.9487179487	-0.1062013688	-0.07307844373	0.6881120699	-0.3653324123	-0.1843517673
-0.1282051282	-0.8974358974	-0.08426419269	-0.04711179742	0.5590962889	-0.2898685876	-0.1188468538
-0.1282051282	-0.8461538462	-0.06232701654	-0.02114515111	0.3392614036	-0.2144047629	-0.05334194023
-0.1282051282	-0.7948717949	-0.04038984039	0.004821495198	-0.1193739602	-0.1389409382	0.01216297331
-0.1282051282	-0.7435897436	-0.01845266425	0.03078814151	-1.668493021	-0.06347711351	0.07766788685
-0.1282051282	-0.6923076923	0.003484511898	0.05675478782	16.28772967	0.0119867112	0.1431728004
-0.1282051282	-0.641025641	0.02542168804	0.08272143413	3.25397094	0.08745053591	0.2086777139
-0.1282051282	-0.5897435897	0.04735886419	0.1086880804	2.29498917	0.1629143606	0.2741826275
-0.1282051282	-0.5384615385	0.06929604034	0.1346547267	1.94318068	0.2383781853	0.339687541
-0.1282051282	-0.4871794872	0.09123321648	0.1606213731	1.760558043	0.31384201	0.4051924546
-0.1282051282	-0.4358974359	0.1131703926	0.1865880194	1.648735283	0.3893058347	0.4706973681
-0.1282051282	-0.3846153846	0.1351075688	0.2125546657	1.57322545	0.4647696594	0.5362022816
-0.1282051282	-0.3333333333	0.1570447449	0.238521312	1.518811165	0.5402334842	0.6017071952
-0.1282051282	-0.2820512821	0.1789819211	0.2644879583	1.47773561	0.6156973089	0.6672121087
-0.1282051282	-0.2307692308	0.2009190972	0.2904546046	1.445629652	0.6911611336	0.7327170223
-0.1282051282	-0.1794871795	0.2228562734	0.3164212509	1.419844486	0.7666249583	0.7982219358
-0.1282051282	-0.1282051282	0.2447934495	0.3423878972	1.398680798	0.842088783	0.8637268493
-0.1282051282	-0.07692307692	0.2667306256	0.3683545435	1.380998311	0.9175526077	0.9292317629
-0.1282051282	-0.02564102564	0.2886678018	0.3943211898	1.366003369	0.9930164324	0.9947366764
-0.1282051282	0.02564102564	0.3106049779	0.4202878362	1.35312653	1.068480257	1.06024159
-0.1282051282	0.07692307692	0.3325421541	0.4462544825	1.341948613	1.143944082	1.125746504
-0.1282051282	0.1282051282	0.3544793302	0.4722211288	1.332154201	1.219407907	1.191251417
-0.1282051282	0.1794871795	0.3764165064	0.4981877751	1.323501405	1.294871731	1.256756331
-0.1282051282	0.2307692308	0.3983536825	0.5241544214	1.315801621	1.370335556	1.322261244
-0.1282051282	0.2820512821	0.4202908587	0.5501210677	1.308905622	1.445799381	1.387766158
-0.1282051282	0.3333333333	0.4422280348	0.576087714	1.302693788	1.521263205	1.453271071
-0.1282051282	0.3846153846	0.464165211	0.6020543603	1.297069117	1.59672703	1.518775985
-0.1282051282	0.4358974359	0.4861023871	0.6280210066	1.291952114	1.672190855	1.584280898
-0.1282051282	0.4871794872	0.5080395633	0.6539876529	1.287277016	1.747654679	1.649785812
-0.1282051282	0.5384615385	0.5299767394	0.6799542993	1.282988948	1.823118504	1.715290725
-0.1282051282	0.5897435897	0.5519139155	0.7059209456	1.279041759	1.898582329	1.780795639
-0.1282051282	0.641025641	0.5738510917	0.7318875919	1.275396357	1.974046154	1.846300552
-0.1282051282	0.6923076923	0.5957882678	0.7578542382	1.272019405	2.049509978	1.911805466
-0.1282051282	0.7435897436	0.617725444	0.7838208845	1.268882304	2.124973803	1.97731038
-0.1282051282	0.7948717949	0.6396626201	0.8097875308	1.265960376	2.200437628	2.042815293
-0.1282051282	0.8461538462	0.6615997963	0.8357541771	1.263232217	2.275901452	2.108320207
-0.1282051282	0.8974358974	0.6835369724	0.8617208234	1.260679171	2.351365277	2.17382512
-0.1282051282	0.9487179487	0.7054741486	0.8876874697	1.258284902	2.426829102	2.239330034
-0.1282051282	1	0.7274113247	0.913654116	1.256035045	2.502292927	2.304834947
0.3846153846	-1	-0.1638924632	-0.1426326966	0.8702822189	-0.5637896161	-0.3598132137
0.3846153846	-0.9487179487	-0.1419552871	-0.1166660503	0.8218506873	-0.4883257914	-0.2943083001
0.3846153846	-0.8974358974	-0.1200181109	-0.09069940395	0.7557143104	-0.4128619667	-0.2288033866
0.3846153846	-0.8461538462	-0.0980809348	-0.06473275764	0.6599932777	-0.3373981419	-0.163298473
0.3846153846	-0.7948717949	-0.07614375866	-0.03876611133	0.5091173855	-0.2619343172	-0.0977935595
0.3846153846	-0.7435897436	-0.05420658251	-0.01279946502	0.2361238142	-0.1864704925	-0.03228864596
0.3846153846	-0.6923076923	-0.03226940637	0.01316718129	-0.4080391545	-0.1110066678	0.03321626758
0.3846153846	-0.641025641	-0.01033223022	0.0391338276	-3.787548939	-0.03554284311	0.09872118112
0.3846153846	-0.5897435897	0.01160494593	0.06510047391	5.609717988	0.03992098159	0.1642260947
0.3846153846	-0.5384615385	0.03354212207	0.09106712022	2.715007715	0.1153848063	0.2297310082
0.3846153846	-0.4871794872	0.05547929822	0.1170337665	2.10950337	0.190848631	0.2952359217
0.3846153846	-0.4358974359	0.07741647436	0.1430004128	1.847157391	0.2663124557	0.3607408353
0.3846153846	-0.3846153846	0.09935365051	0.1689670591	1.700662817	0.3417762804	0.4262457488
0.3846153846	-0.3333333333	0.1212908267	0.1949337055	1.607159509	0.4172401051	0.4917506624
0.3846153846	-0.2820512821	0.1432280028	0.2209003518	1.542298625	0.4927039298	0.5572555759
0.3846153846	-0.2307692308	0.1651651789	0.2468669981	1.494667336	0.5681677545	0.6227604895
0.3846153846	-0.1794871795	0.1871023551	0.2728336444	1.458205292	0.6436315793	0.688265403
0.3846153846	-0.1282051282	0.2090395312	0.2988002907	1.4293961	0.719095404	0.7537703165
0.3846153846	-0.07692307692	0.2309767074	0.324766937	1.406059255	0.7945592287	0.8192752301
0.3846153846	-0.02564102564	0.2529138835	0.3507335833	1.386770779	0.8700230534	0.8847801436
0.3846153846	0.02564102564	0.2748510597	0.3767002296	1.370561314	0.9454868781	0.9502850572
0.3846153846	0.07692307692	0.2967882358	0.4026668759	1.356748103	1.020950703	1.015789971
0.3846153846	0.1282051282	0.318725412	0.4286335222	1.344836358	1.096414528	1.081294884
0.3846153846	0.1794871795	0.3406625881	0.4546001686	1.334458741	1.171878352	1.146799798
0.3846153846	0.2307692308	0.3625997643	0.4805668149	1.32533681	1.247342177	1.212304711
0.3846153846	0.2820512821	0.3845369404	0.5065334612	1.31725566	1.322806002	1.277809625
0.3846153846	0.3333333333	0.4064741166	0.5325001075	1.31004678	1.398269826	1.343314538
0.3846153846	0.3846153846	0.4284112927	0.5584667538	1.303576174	1.473733651	1.408819452
0.3846153846	0.4358974359	0.4503484688	0.5844334001	1.297735955	1.549197476	1.474324365
0.3846153846	0.4871794872	0.472285645	0.6104000464	1.292438279	1.6246613	1.539829279
0.3846153846	0.5384615385	0.4942228211	0.6363666927	1.287610902	1.700125125	1.605334193
0.3846153846	0.5897435897	0.5161599973	0.662333339	1.28319386	1.77558895	1.670839106
0.3846153846	0.641025641	0.5380971734	0.6882999853	1.279136965	1.851052775	1.73634402
0.3846153846	0.6923076923	0.5600343496	0.7142666317	1.275397897	1.926516599	1.801848933
0.3846153846	0.7435897436	0.5819715257	0.740233278	1.271940714	2.001980424	1.867353847
0.3846153846	0.7948717949	0.6039087019	0.7661999243	1.268734698	2.077444249	1.93285876
0.3846153846	0.8461538462	0.625845878	0.7921665706	1.265753436	2.152908073	1.998363674
0.3846153846	0.8974358974	0.6477830542	0.8181332169	1.262974095	2.228371898	2.063868587
0.3846153846	0.9487179487	0.6697202303	0.8440998632	1.260376834	2.303835723	2.129373501
0.3846153846	1	0.6916574065	0.8700665095	1.257944325	2.379299548	2.194878414
0.8974358974	-1	-0.1996463815	-0.1862203031	0.932750705	-0.6867829951	-0.4697697465
0.8974358974	-0.9487179487	-0.1777092054	-0.1602536568	0.9017746518	-0.6113191704	-0.4042648329
0.8974358974	-0.8974358974	-0.1557720292	-0.1342870105	0.8620739625	-0.5358553457	-0.3387599194
0.8974358974	-0.8461538462	-0.1338348531	-0.1083203642	0.8093584121	-0.460391521	-0.2732550059
0.8974358974	-0.7948717949	-0.1118976769	-0.08235371786	0.7359734368	-0.3849276963	-0.2077500923
0.8974358974	-0.7435897436	-0.08996050077	-0.05638707155	0.6267981065	-0.3094638716	-0.1422451788
0.8974358974	-0.6923076923	-0.06802332463	-0.03042042524	0.4472057989	-0.2340000468	-0.07674026523
0.8974358974	-0.641025641	-0.04608614848	-0.004453778926	0.09664029373	-0.1585362221	-0.01123535169
0.8974358974	-0.5897435897	-0.02414897234	0.02151286738	-0.8908398703	-0.08307239743	0.05426956185
0.8974358974	-0.5384615385	-0.00221179619	0.04747951369	-21.46649583	-0.00760857272	0.1197744754
0.8974358974	-0.4871794872	0.01972537996	0.07344616	3.723434487	0.06785525199	0.1852793889
0.8974358974	-0.4358974359	0.0416625561	0.09941280631	2.386142753	0.1433190767	0.2507843025
0.8974358974	-0.3846153846	0.06359973225	0.1253794526	1.971383341	0.2187829014	0.316289216
0.8974358974	-0.3333333333	0.08553690839	0.1513460989	1.769366017	0.2942467261	0.3817941296
0.8974358974	-0.2820512821	0.1074740845	0.1773127452	1.649818614	0.3697105508	0.4472990431
0.8974358974	-0.2307692308	0.1294112607	0.2032793916	1.570801416	0.4451743755	0.5128039566
0.8974358974	-0.1794871795	0.1513484368	0.2292460379	1.514690489	0.5206382002	0.5783088702
0.8974358974	-0.1282051282	0.173285613	0.2552126842	1.472786343	0.5961020249	0.6438137837
0.8974358974	-0.07692307692	0.1952227891	0.2811793305	1.44029973	0.6715658496	0.7093186973
0.8974358974	-0.02564102564	0.2171599653	0.3071459768	1.414376616	0.7470296744	0.7748236108
0.8974358974	0.02564102564	0.2390971414	0.3331126231	1.393210396	0.8224934991	0.8403285243
0.8974358974	0.07692307692	0.2610343176	0.3590792694	1.375601771	0.8979573238	0.9058334379
0.8974358974	0.1282051282	0.2829714937	0.3850459157	1.360723339	0.9734211485	0.9713383514
0.8974358974	0.1794871795	0.3049086699	0.411012562	1.347985816	1.048884973	1.036843265
0.8974358974	0.2307692308	0.326845846	0.4369792083	1.336958122	1.124348798	1.102348179
0.8974358974	0.2820512821	0.3487830221	0.4629458547	1.327317631	1.199812623	1.167853092
0.8974358974	0.3333333333	0.3707201983	0.488912501	1.318818082	1.275276447	1.233358006
0.8974358974	0.3846153846	0.3926573744	0.5148791473	1.311268248	1.350740272	1.298862919
0.8974358974	0.4358974359	0.4145945506	0.5408457936	1.304517372	1.426204097	1.364367833
0.8974358974	0.4871794872	0.4365317267	0.5668124399	1.298445005	1.501667921	1.429872746
0.8974358974	0.5384615385	0.4584689029	0.5927790862	1.292953748	1.577131746	1.49537766
0.8974358974	0.5897435897	0.480406079	0.6187457325	1.287963994	1.652595571	1.560882573
0.8974358974	0.641025641	0.5023432552	0.6447123788	1.283410043	1.728059396	1.626387487
0.8974358974	0.6923076923	0.5242804313	0.6706790251	1.279237189	1.80352322	1.6918924
0.8974358974	0.7435897436	0.5462176075	0.6966456714	1.275399515	1.878987045	1.757397314
0.8974358974	0.7948717949	0.5681547836	0.7226123177	1.271858195	1.95445087	1.822902227
0.8974358974	0.8461538462	0.5900919597	0.7485789641	1.268580179	2.029914694	1.888407141
0.8974358974	0.8974358974	0.6120291359	0.7745456104	1.265537153	2.105378519	1.953912055
0.8974358974	0.9487179487	0.633966312	0.8005122567	1.262704723	2.180842344	2.019416968
0.8974358974	1	0.6559034882	0.826478903	1.260061759	2.256306169	2.084921882
1.41025641	-1	-0.2354002998	-0.2298079096	0.9762430628	-0.8097763741	-0.5797262793
1.41025641	-0.9487179487	-0.2134631236	-0.2038412633	0.9549249531	-0.7343125494	-0.5142213658
1.41025641	-0.8974358974	-0.1915259475	-0.177874617	0.9287233367	-0.6588487247	-0.4487164522
1.41025641	-0.8461538462	-0.1695887713	-0.1519079707	0.8957430937	-0.5833849	-0.3832115387
1.41025641	-0.7948717949	-0.1476515952	-0.1259413244	0.8529628429	-0.5079210753	-0.3177066251
1.41025641	-0.7435897436	-0.125714419	-0.09997467807	0.7952522777	-0.4324572506	-0.2522017116
1.41025641	-0.6923076923	-0.1037772429	-0.07400803176	0.713143168	-0.3569934259	-0.186696798
1.41025641	-0.641025641	-0.08184006674	-0.04804138545	0.5870154725	-0.2815296012	-0.1211918845
1.41025641	-0.5897435897	-0.0599028906	-0.02207473914	0.3685087468	-0.2060657764	-0.05568697096
1.41025641	-0.5384615385	-0.03796571445	0.003891907167	-0.1025111004	-0.1306019517	0.00981794258
1.41025641	-0.4871794872	-0.01602853831	0.02985855348	-1.862836954	-0.05513812703	0.07532285612
1.41025641	-0.4358974359	0.005908637839	0.05582519979	9.448065918	0.02032569767	0.1408277697
1.41025641	-0.3846153846	0.02784581398	0.0817918461	2.937312091	0.09578952238	0.2063326832
1.41025641	-0.3333333333	0.04978299013	0.1077584924	2.164564485	0.1712533471	0.2718375967
1.41025641	-0.2820512821	0.07172016628	0.1337251387	1.864540277	0.2467171718	0.3373425103
1.41025641	-0.2307692308	0.09365734242	0.159691785	1.705064236	0.3221809965	0.4028474238
1.41025641	-0.1794871795	0.1155945186	0.1856584313	1.606117951	0.3976448212	0.4683523374
1.41025641	-0.1282051282	0.1375316947	0.2116250776	1.538736784	0.4731086459	0.5338572509
1.41025641	-0.07692307692	0.1594688709	0.237591724	1.489894063	0.5485724706	0.5993621645
1.41025641	-0.02564102564	0.181406047	0.2635583703	1.452864304	0.6240362953	0.664867078
1.41025641	0.02564102564	0.2033432232	0.2895250166	1.423824272	0.69950012	0.7303719915
1.41025641	0.07692307692	0.2252803993	0.3154916629	1.400439913	0.7749639448	0.7958769051
1.41025641	0.1282051282	0.2472175754	0.3414583092	1.381205639	0.8504277695	0.8613818186
1.41025641	0.1794871795	0.2691547516	0.3674249555	1.365106703	0.9258915942	0.9268867322
1.41025641	0.2307692308	0.2910919277	0.3933916018	1.351434253	1.001355419	0.9923916457
1.41025641	0.2820512821	0.3130291039	0.4193582481	1.339678141	1.076819244	1.057896559
1.41025641	0.3333333333	0.33496628	0.4453248944	1.329461862	1.152283068	1.123401473
1.41025641	0.3846153846	0.3569034562	0.4712915407	1.320501476	1.227746893	1.188906386
1.41025641	0.4358974359	0.3788406323	0.4972581871	1.312578812	1.303210718	1.2544113
1.41025641	0.4871794872	0.4007778085	0.5232248334	1.305523465	1.378674542	1.319916213
1.41025641	0.5384615385	0.4227149846	0.5491914797	1.299200406	1.454138367	1.385421127
1.41025641	0.5897435897	0.4446521608	0.575158126	1.293501251	1.529602192	1.45092604
1.41025641	0.641025641	0.4665893369	0.6011247723	1.288337998	1.605066017	1.516430954
1.41025641	0.6923076923	0.488526513	0.6270914186	1.283638455	1.680529841	1.581935868
1.41025641	0.7435897436	0.5104636892	0.6530580649	1.279342838	1.755993666	1.647440781
1.41025641	0.7948717949	0.5324008653	0.6790247112	1.275401216	1.831457491	1.712945695
1.41025641	0.8461538462	0.5543380415	0.7049913575	1.271771563	1.906921315	1.778450608
1.41025641	0.8974358974	0.5762752176	0.7309580038	1.268418251	1.98238514	1.843955522
1.41025641	0.9487179487	0.5982123938	0.7569246502	1.26531088	2.057848965	1.909460435
1.41025641	1	0.6201495699	0.7828912965	1.262423348	2.133312789	1.974965349
1.923076923	-1	-0.271154218	-0.2733955161	1.008265769	-0.9327697531	-0.6896828121
1.923076923	-0.9487179487	-0.2492170419	-0.2474288698	0.9928248404	-0.8573059284	-0.6241778986
1.923076923	-0.8974358974	-0.2272798657	-0.2214622235	0.9744031783	-0.7818421037	-0.558672985
1.923076923	-0.8461538462	-0.2053426896	-0.1954955772	0.952045469	-0.706378279	-0.4931680715
1.923076923	-0.7948717949	-0.1834055134	-0.1695289309	0.9243393381	-0.6309144543	-0.4276631579
1.923076923	-0.7435897436	-0.1614683373	-0.1435622846	0.8891048672	-0.5554506296	-0.3621582444
1.923076923	-0.6923076923	-0.1395311612	-0.1175956383	0.8427912254	-0.4799868049	-0.2966533309
1.923076923	-0.641025641	-0.117593985	-0.09162899198	0.7791979494	-0.4045229802	-0.2311484173
1.923076923	-0.5897435897	-0.09565680886	-0.06566234567	0.6864367153	-0.3290591555	-0.1656435038
1.923076923	-0.5384615385	-0.07371963272	-0.03969569936	0.5384684907	-0.2535953308	-0.1001385902
1.923076923	-0.4871794872	-0.05178245657	-0.01372905305	0.2651294272	-0.1781315061	-0.03463367669
1.923076923	-0.4358974359	-0.02984528042	0.01223759326	-0.4100344539	-0.1026676813	0.03087123685
1.923076923	-0.3846153846	-0.007908104278	0.03820423957	-4.831023748	-0.02720385664	0.09637615039
1.923076923	-0.3333333333	0.01402907187	0.06417088588	4.574136228	0.04825996807	0.1618810639
1.923076923	-0.2820512821	0.03596624801	0.09013753219	2.506170011	0.1237237928	0.2273859775
1.923076923	-0.2307692308	0.05790342416	0.1161041785	2.005134933	0.1991876175	0.292890891
1.923076923	-0.1794871795	0.07984060031	0.1420708248	1.779430819	0.2746514422	0.3583958046
1.923076923	-0.1282051282	0.1017777765	0.1680374711	1.651023209	0.3501152669	0.4239007181
1.923076923	-0.07692307692	0.1237149526	0.1940041174	1.568154159	0.4255790916	0.4894056316
1.923076923	-0.02564102564	0.1456521287	0.2199707637	1.510247503	0.5010429163	0.5549105452
1.923076923	0.02564102564	0.1675893049	0.24593741	1.467500627	0.576506741	0.6204154587
1.923076923	0.07692307692	0.189526481	0.2719040564	1.434649421	0.6519705657	0.6859203723
1.923076923	0.1282051282	0.2114636572	0.2978707027	1.408614164	0.7274343904	0.7514252858
1.923076923	0.1794871795	0.2334008333	0.323837349	1.387472977	0.8028982151	0.8169301993
1.923076923	0.2307692308	0.2553380095	0.3498039953	1.369964448	0.8783620399	0.8824351129
1.923076923	0.2820512821	0.2772751856	0.3757706416	1.355226364	0.9538258646	0.9479400264
1.923076923	0.3333333333	0.2992123618	0.4017372879	1.342649366	1.029289689	1.01344494
1.923076923	0.3846153846	0.3211495379	0.4277039342	1.331790595	1.104753514	1.078949854
1.923076923	0.4358974359	0.3430867141	0.4536705805	1.322320457	1.180217339	1.144454767
1.923076923	0.4871794872	0.3650238902	0.4796372268	1.31398859	1.255681163	1.209959681
1.923076923	0.5384615385	0.3869610663	0.5056038731	1.306601405	1.331144988	1.275464594
1.923076923	0.5897435897	0.4088982425	0.5315705195	1.300006858	1.406608813	1.340969508
1.923076923	0.641025641	0.4308354186	0.5575371658	1.29408387	1.482072638	1.406474421
1.923076923	0.6923076923	0.4527725948	0.5835038121	1.288734828	1.557536462	1.471979335
1.923076923	0.7435897436	0.4747097709	0.6094704584	1.283880164	1.633000287	1.537484248
1.923076923	0.7948717949	0.4966469471	0.6354371047	1.279454366	1.708464112	1.602989162
1.923076923	0.8461538462	0.5185841232	0.661403751	1.275403009	1.783927936	1.668494075
1.923076923	0.8974358974	0.5405212994	0.6873703973	1.271680502	1.859391761	1.733998989
1.923076923	0.9487179487	0.5624584755	0.7133370436	1.268248368	1.934855586	1.799503902
1.923076923	1	0.5843956517	0.7393036899	1.265073906	2.01031941	1.865008816
2.435897436	-1	-0.3069081363	-0.3169831227	1.032827368	-1.055763132	-0.7996393449
2.435897436	-0.9487179487	-0.2849709601	-0.2910164764	1.021214499	-0.9802993074	-0.7341344314
2.435897436	-0.8974358974	-0.263033784	-0.2650498301	1.00766459	-0.9048354827	-0.6686295178
2.435897436	-0.8461538462	-0.2410966079	-0.2390831837	0.9916488908	-0.829371658	-0.6031246043
2.435897436	-0.7948717949	-0.2191594317	-0.2131165374	0.9724269486	-0.7539078333	-0.5376196908
2.435897436	-0.7435897436	-0.1972222556	-0.1871498911	0.948928865	-0.6784440086	-0.4721147772
2.435897436	-0.6923076923	-0.1752850794	-0.1611832448	0.9195491445	-0.6029801839	-0.4066098637
2.435897436	-0.641025641	-0.1533479033	-0.1352165985	0.8817635952	-0.5275163592	-0.3411049501
2.435897436	-0.5897435897	-0.1314107271	-0.1092499522	0.8313625119	-0.4520525345	-0.2756000366
2.435897436	-0.5384615385	-0.109473551	-0.08328330589	0.7607618931	-0.3765887098	-0.210095123
2.435897436	-0.4871794872	-0.08753637483	-0.05731665958	0.6547753398	-0.3011248851	-0.1445902095
2.435897436	-0.4358974359	-0.06559919869	-0.03135001327	0.4779023814	-0.2256610604	-0.07908529596
2.435897436	-0.3846153846	-0.04366202254	-0.005383366957	0.1232963258	-0.1501972357	-0.01358038242
2.435897436	-0.3333333333	-0.02172484639	0.02058327935	-0.9474533895	-0.07473341096	0.05192453112
2.435897436	-0.2820512821	0.0002123297513	0.04654992566	219.2341176	0.0007304137518	0.1174294447
2.435897436	-0.2307692308	0.0221495059	0.07251657197	3.2739589	0.07619423846	0.1829343582
2.435897436	-0.1794871795	0.04408668204	0.09848321828	2.233854165	0.1516580632	0.2484392717
2.435897436	-0.1282051282	0.06602385819	0.1244498646	1.884922633	0.2271218879	0.3139441853
2.435897436	-0.07692307692	0.08796103433	0.1504165109	1.710035723	0.3025857126	0.3794490988
2.435897436	-0.02564102564	0.1098982105	0.1763831572	1.60496842	0.3780495373	0.4449540124
2.435897436	0.02564102564	0.1318353866	0.2023498035	1.534867145	0.453513362	0.5104589259
2.435897436	0.07692307692	0.1537725628	0.2283164498	1.48476715	0.5289771867	0.5759638395
2.435897436	0.1282051282	0.1757097389	0.2542830961	1.447177019	0.6044410114	0.641468753
2.435897436	0.1794871795	0.1976469151	0.2802497425	1.417931276	0.6799048361	0.7069736665
2.435897436	0.2307692308	0.2195840912	0.3062163888	1.394529026	0.7553686608	0.7724785801
2.435897436	0.2820512821	0.2415212674	0.3321830351	1.375377989	0.8308324855	0.8379834936
2.435897436	0.3333333333	0.2634584435	0.3581496814	1.35941622	0.9062963102	0.9034884072
2.435897436	0.3846153846	0.2853956196	0.3841163277	1.34590828	0.981760135	0.9689933207
2.435897436	0.4358974359	0.3073327958	0.410082974	1.334328713	1.05722396	1.034498234
2.435897436	0.4871794872	0.3292699719	0.4360496203	1.324292093	1.132687784	1.100003148
2.435897436	0.5384615385	0.3512071481	0.4620162666	1.315509292	1.208151609	1.165508061
2.435897436	0.5897435897	0.3731443242	0.4879829129	1.307759173	1.283615434	1.231012975
2.435897436	0.641025641	0.3950815004	0.5139495592	1.300869716	1.359079258	1.296517888
2.435897436	0.6923076923	0.4170186765	0.5399162055	1.294705096	1.434543083	1.362022802
2.435897436	0.7435897436	0.4389558527	0.5658828519	1.289156639	1.510006908	1.427527715
2.435897436	0.7948717949	0.4608930288	0.5918494982	1.284136364	1.585470733	1.493032629
2.435897436	0.8461538462	0.482830205	0.6178161445	1.279572276	1.660934557	1.558537543
2.435897436	0.8974358974	0.5047673811	0.6437827908	1.275404899	1.736398382	1.624042456
2.435897436	0.9487179487	0.5267045573	0.6697494371	1.271584663	1.811862207	1.68954737
2.435897436	1	0.5486417334	0.6957160834	1.268069928	1.887326031	1.755052283
2.948717949	-1	-0.3426620546	-0.3605707292	1.052263373	-1.178756511	-0.9095958777
2.948717949	-0.9487179487	-0.3207248784	-0.3346040829	1.043274487	-1.103292686	-0.8440909642
2.948717949	-0.8974358974	-0.2987877023	-0.3086374366	1.032965662	-1.027828862	-0.7785860506
2.948717949	-0.8461538462	-0.2768505261	-0.2826707903	1.021023128	-0.9523650371	-0.7130811371
2.948717949	-0.7948717949	-0.25491335	-0.256704144	1.007025109	-0.8769012123	-0.6475762236
2.948717949	-0.7435897436	-0.2329761738	-0.2307374977	0.9903909652	-0.8014373876	-0.58207131
2.948717949	-0.6923076923	-0.2110389977	-0.2047708513	0.9702986348	-0.7259735629	-0.5165663965
2.948717949	-0.641025641	-0.1891018215	-0.178804205	0.9455445938	-0.6505097382	-0.4510614829
2.948717949	-0.5897435897	-0.1671646454	-0.1528375587	0.9142935599	-0.5750459135	-0.3855565694
2.948717949	-0.5384615385	-0.1452274692	-0.1268709124	0.8736013447	-0.4995820888	-0.3200516559
2.948717949	-0.4871794872	-0.1232902931	-0.1009042661	0.8184283091	-0.4241182641	-0.2545467423
2.948717949	-0.4358974359	-0.1013531169	-0.07493761979	0.739371635	-0.3486544394	-0.1890418288
2.948717949	-0.3846153846	-0.0794159408	-0.04897097348	0.6166390902	-0.2731906147	-0.1235369152
2.948717949	-0.3333333333	-0.05747876466	-0.02300432717	0.4002230617	-0.19772679	-0.05803200169
2.948717949	-0.2820512821	-0.03554158851	0.002962319136	-0.08334796669	-0.1222629653	0.007472911848
2.948717949	-0.2307692308	-0.01360441237	0.02892896545	-2.126439913	-0.04679914056	0.07297782539
2.948717949	-0.1794871795	0.00833276378	0.05489561176	6.587923671	0.02866468414	0.1384827389
2.948717949	-0.1282051282	0.03026993993	0.08086225806	2.671371607	0.1041285089	0.2039876525
2.948717949	-0.07692307692	0.05220711607	0.1068289044	2.046251784	0.1795923336	0.269492566
2.948717949	-0.02564102564	0.07414429222	0.1327955507	1.791042125	0.2550561583	0.3349974796
2.948717949	0.02564102564	0.09608146836	0.158762197	1.652370636	0.330519983	0.4005023931
2.948717949	0.07692307692	0.1180186445	0.1847288433	1.565251356	0.4059838077	0.4660073066
2.948717949	0.1282051282	0.1399558207	0.2106954896	1.505442851	0.4814476324	0.5315122202
2.948717949	0.1794871795	0.1618929968	0.2366621359	1.461842949	0.5569114571	0.5970171337
2.948717949	0.2307692308	0.1838301729	0.2626287822	1.428648943	0.6323752818	0.6625220473
2.948717949	0.2820512821	0.2057673491	0.2885954285	1.402532665	0.7078391065	0.7280269608
2.948717949	0.3333333333	0.2277045252	0.3145620749	1.3814485	0.7833029312	0.7935318743
2.948717949	0.3846153846	0.2496417014	0.3405287212	1.364069862	0.8587667559	0.8590367879
2.948717949	0.4358974359	0.2715788775	0.3664953675	1.349498793	0.9342305806	0.9245417014
2.948717949	0.4871794872	0.2935160537	0.3924620138	1.337105786	1.009694405	0.990046615
2.948717949	0.5384615385	0.3154532298	0.4184286601	1.326436443	1.08515823	1.055551529
2.948717949	0.5897435897	0.337390406	0.4443953064	1.317154544	1.160622055	1.121056442
2.948717949	0.641025641	0.3593275821	0.4703619527	1.309005977	1.236085879	1.186561356
2.948717949	0.6923076923	0.3812647583	0.496328599	1.301795113	1.311549704	1.252066269
2.948717949	0.7435897436	0.4032019344	0.5222952453	1.295368898	1.387013529	1.317571183
2.948717949	0.7948717949	0.4251391106	0.5482618916	1.289605868	1.462477354	1.383076096
2.948717949	0.8461538462	0.4470762867	0.574228538	1.2844084	1.537941178	1.44858101
2.948717949	0.8974358974	0.4690134628	0.6001951843	1.279697134	1.613405003	1.514085923
2.948717949	0.9487179487	0.490950639	0.6261618306	1.275406896	1.688868828	1.579590837
2.948717949	1	0.5128878151	0.6521284769	1.271483661	1.764332652	1.64509575
3.461538462	-1	-0.3784159728	-0.4041583357	1.068026629	-1.30174989	-1.019552411
3.461538462	-0.9487179487	-0.3564787967	-0.3781916894	1.060909353	-1.226286065	-0.954047497
3.461538462	-0.8974358974	-0.3345416205	-0.3522250431	1.052858662	-1.150822241	-0.8885425835
3.461538462	-0.8461538462	-0.3126044444	-0.3262583968	1.04367805	-1.075358416	-0.8230376699
3.461538462	-0.7948717949	-0.2906672682	-0.3002917505	1.033111682	-0.9998945914	-0.7575327564
3.461538462	-0.7435897436	-0.2687300921	-0.2743251042	1.020820192	-0.9244307667	-0.6920278428
3.461538462	-0.6923076923	-0.2467929159	-0.2483584579	1.006343545	-0.848966942	-0.6265229293
3.461538462	-0.641025641	-0.2248557398	-0.2223918116	0.9890421822	-0.7735031172	-0.5610180158
3.461538462	-0.5897435897	-0.2029185636	-0.1964251652	0.9679999785	-0.6980392925	-0.4955131022
3.461538462	-0.5384615385	-0.1809813875	-0.1704585189	0.9418566257	-0.6225754678	-0.4300081887
3.461538462	-0.4871794872	-0.1590442114	-0.1444918726	0.9085012991	-0.5471116431	-0.3645032751
3.461538462	-0.4358974359	-0.1371070352	-0.1185252263	0.8644722434	-0.4716478184	-0.2989983616
3.461538462	-0.3846153846	-0.1151698591	-0.09255858001	0.8036701682	-0.3961839937	-0.233493448
3.461538462	-0.3333333333	-0.09323268292	-0.0665919337	0.7142552549	-0.320720169	-0.1679885345
3.461538462	-0.2820512821	-0.07129550677	-0.04062528739	0.5698155358	-0.2452563443	-0.102483621
3.461538462	-0.2307692308	-0.04935833063	-0.01465864108	0.2969841341	-0.1697925196	-0.03697870742
3.461538462	-0.1794871795	-0.02742115448	0.01130800523	-0.4123825361	-0.09432869488	0.02852620612
3.461538462	-0.1282051282	-0.005483978336	0.03727465154	-6.797009261	-0.01886487017	0.09403111966
3.461538462	-0.07692307692	0.01645319781	0.06324129785	3.843708596	0.05659895454	0.1595360332
3.461538462	-0.02564102564	0.03839037396	0.08920794416	2.323706048	0.1320627792	0.2250409467
3.461538462	0.02564102564	0.0603275501	0.1151745905	1.909154114	0.207526604	0.2905458603
3.461538462	0.07692307692	0.08226472625	0.1411412368	1.715695696	0.2829904287	0.3560507738
3.461538462	0.1282051282	0.1042019024	0.1671078831	1.603693208	0.3584542534	0.4215556874
3.461538462	0.1794871795	0.1261390785	0.1930745294	1.530648009	0.4339180781	0.4870606009
3.461538462	0.2307692308	0.1480762547	0.2190411757	1.479245786	0.5093819028	0.5525655144
3.461538462	0.2820512821	0.1700134308	0.245007822	1.441108628	0.5848457275	0.618070428
3.461538462	0.3333333333	0.191950607	0.2709744683	1.41168852	0.6603095522	0.6835753415
3.461538462	0.3846153846	0.2138877831	0.2969411146	1.388303298	0.7357733769	0.7490802551
3.461538462	0.4358974359	0.2358249593	0.3229077609	1.369268808	0.8112372016	0.8145851686
3.461538462	0.4871794872	0.2577621354	0.3488744073	1.353474228	0.8867010263	0.8800900822
3.461538462	0.5384615385	0.2796993116	0.3748410536	1.340157226	0.962164851	0.9455949957
3.461538462	0.5897435897	0.3016364877	0.4008076999	1.328777241	1.037628676	1.011099909
3.461538462	0.641025641	0.3235736639	0.4267743462	1.318940303	1.1130925	1.076604823
3.461538462	0.6923076923	0.34551084	0.4527409925	1.310352499	1.188556325	1.142109736
3.461538462	0.7435897436	0.3674480161	0.4787076388	1.302790103	1.26402015	1.20761465
3.461538462	0.7948717949	0.3893851923	0.5046742851	1.296079808	1.339483975	1.273119563
3.461538462	0.8461538462	0.4113223684	0.5306409314	1.290085277	1.414947799	1.338624477
3.461538462	0.8974358974	0.4332595446	0.5566075777	1.284697786	1.490411624	1.40412939
3.461538462	0.9487179487	0.4551967207	0.582574224	1.279829572	1.565875449	1.469634304
3.461538462	1	0.4771338969	0.6085408704	1.275409009	1.641339273	1.535139218
3.974358974	-1	-0.4141698911	-0.4477459423	1.081068305	-1.424743269	-1.129508943
3.974358974	-0.9487179487	-0.3922327149	-0.4217792959	1.075329211	-1.349279445	-1.06400403
3.974358974	-0.8974358974	-0.3702955388	-0.3958126496	1.068910122	-1.27381562	-0.9984991163
3.974358974	-0.8461538462	-0.3483583626	-0.3698460033	1.061682575	-1.198351795	-0.9329942027
3.974358974	-0.7948717949	-0.3264211865	-0.343879357	1.05348357	-1.12288797	-0.8674892892
3.974358974	-0.7435897436	-0.3044840104	-0.3179127107	1.044103138	-1.047424146	-0.8019843757
3.974358974	-0.6923076923	-0.2825468342	-0.2919460644	1.033266096	-0.971960321	-0.7364794621
3.974358974	-0.641025641	-0.2606096581	-0.2659794181	1.020604609	-0.8964964963	-0.6709745486
3.974358974	-0.5897435897	-0.2386724819	-0.2400127718	1.005615603	-0.8210326716	-0.605469635
3.974358974	-0.5384615385	-0.2167353058	-0.2140461255	0.9875923293	-0.7455688469	-0.5399647215
3.974358974	-0.4871794872	-0.1947981296	-0.1880794792	0.9655096767	-0.6701050221	-0.4744598079
3.974358974	-0.4358974359	-0.1728609535	-0.1621128328	0.9378221605	-0.5946411974	-0.4089548944
3.974358974	-0.3846153846	-0.1509237773	-0.1361461865	0.9020857346	-0.5191773727	-0.3434499809
3.974358974	-0.3333333333	-0.1289866012	-0.1101795402	0.8541936854	-0.443713548	-0.2779450673
3.974358974	-0.2820512821	-0.107049425	-0.08421289392	0.7866730147	-0.3682497233	-0.2124401538
3.974358974	-0.2307692308	-0.08511224889	-0.05824624761	0.6843462412	-0.2927858986	-0.1469352402
3.974358974	-0.1794871795	-0.06317507275	-0.0322796013	0.5109547151	-0.2173220739	-0.0814303267
3.974358974	-0.1282051282	-0.0412378966	-0.006312954989	0.153086251	-0.1418582492	-0.01592541315
3.974358974	-0.07692307692	-0.01930072045	0.01965369132	-1.018287963	-0.06639442448	0.04957950039
3.974358974	-0.02564102564	0.002636455693	0.04562033763	17.30366179	0.009069400223	0.1150844139
3.974358974	0.02564102564	0.02457363184	0.07158698394	2.913162548	0.08453322493	0.1805893275
3.974358974	0.07692307692	0.04651080798	0.09755363025	2.097440025	0.1599970496	0.246094241
3.974358974	0.1282051282	0.06844798413	0.1235202766	1.804586039	0.2354608743	0.3115991546
3.974358974	0.1794871795	0.09038516028	0.1494869229	1.653887899	0.3109246991	0.3771040681
3.974358974	0.2307692308	0.1123223364	0.1754535692	1.562054127	0.3863885238	0.4426089816
3.974358974	0.2820512821	0.1342595126	0.2014202155	1.500230499	0.4618523485	0.5081138952
3.974358974	0.3333333333	0.1561966887	0.2273868618	1.455772614	0.5373161732	0.5736188087
3.974358974	0.3846153846	0.1781338649	0.2533535081	1.422264701	0.6127799979	0.6391237223
3.974358974	0.4358974359	0.200071041	0.2793201544	1.396104869	0.6882438226	0.7046286358
3.974358974	0.4871794872	0.2220082172	0.3052868007	1.37511487	0.7637076473	0.7701335493
3.974358974	0.5384615385	0.2439453933	0.331253447	1.35789999	0.839171472	0.8356384629
3.974358974	0.5897435897	0.2658825694	0.3572200933	1.343525806	0.9146352967	0.9011433764
3.974358974	0.641025641	0.2878197456	0.3831867397	1.331342778	0.9900991214	0.96664829
3.974358974	0.6923076923	0.3097569217	0.409153386	1.320885369	1.065562946	1.032153204
3.974358974	0.7435897436	0.3316940979	0.4351200323	1.311811199	1.141026771	1.097658117
3.974358974	0.7948717949	0.353631274	0.4610866786	1.303862844	1.216490596	1.163163031
3.974358974	0.8461538462	0.3755684502	0.4870533249	1.296843025	1.29195442	1.228667944
3.974358974	0.8974358974	0.3975056263	0.5130199712	1.290598012	1.367418245	1.294172858
3.974358974	0.9487179487	0.4194428025	0.5389866175	1.285006238	1.44288207	1.359677771
3.974358974	1	0.4413799786	0.5649532638	1.2799703	1.518345894	1.425182685
4.487179487	-1	-0.4499238093	-0.4913335488	1.092037226	-1.547736648	-1.239465476
4.487179487	-0.9487179487	-0.4279866332	-0.4653669025	1.087339805	-1.472272824	-1.173960563
4.487179487	-0.8974358974	-0.4060494571	-0.4394002562	1.08213482	-1.396808999	-1.108455649
4.487179487	-0.8461538462	-0.3841122809	-0.4134336099	1.076335307	-1.321345174	-1.042950736
4.487179487	-0.7948717949	-0.3621751048	-0.3874669635	1.069833234	-1.245881349	-0.977445822
4.487179487	-0.7435897436	-0.3402379286	-0.3615003172	1.062492705	-1.170417525	-0.9119409085
4.487179487	-0.6923076923	-0.3183007525	-0.3355336709	1.054140364	-1.0949537	-0.8464359949
4.487179487	-0.641025641	-0.2963635763	-0.3095670246	1.044551522	-1.019489875	-0.7809310814
4.487179487	-0.5897435897	-0.2744264002	-0.2836003783	1.033429649	-0.9440260506	-0.7154261678
4.487179487	-0.5384615385	-0.252489224	-0.257633732	1.020375159	-0.8685622259	-0.6499212543
4.487179487	-0.4871794872	-0.2305520479	-0.2316670857	1.004836382	-0.7930984012	-0.5844163408
4.487179487	-0.4358974359	-0.2086148717	-0.2057004394	0.986029604	-0.7176345765	-0.5189114272
4.487179487	-0.3846153846	-0.1866776956	-0.1797337931	0.9628027199	-0.6421707518	-0.4534065137
4.487179487	-0.3333333333	-0.1647405194	-0.1537671468	0.9333899594	-0.566706927	-0.3879016001
4.487179487	-0.2820512821	-0.1428033433	-0.1278005004	0.8949405349	-0.4912431023	-0.3223966866
4.487179487	-0.2307692308	-0.1208661672	-0.1018338541	0.8425339906	-0.4157792776	-0.2568917731
4.487179487	-0.1794871795	-0.09892899101	-0.07586720783	0.7668854908	-0.3403154529	-0.1913868595
4.487179487	-0.1282051282	-0.07699181486	-0.04990056152	0.6481281368	-0.2648516282	-0.125881946
4.487179487	-0.07692307692	-0.05505463872	-0.02393391521	0.4347302201	-0.1893878035	-0.06037703243
4.487179487	-0.02564102564	-0.03311746257	0.002032731104	-0.06137943388	-0.1139239788	0.005127881115
4.487179487	0.02564102564	-0.01118028642	0.02799937741	-2.504352425	-0.03846015409	0.07063279466
4.487179487	0.07692307692	0.01075688972	0.05396602372	5.01687989	0.03700367062	0.1361377082
4.487179487	0.1282051282	0.03269406587	0.07993267003	2.444867835	0.1124674953	0.2016426217
4.487179487	0.1794871795	0.05463124201	0.1058993163	1.938438748	0.18793132	0.2671475353
4.487179487	0.2307692308	0.07656841816	0.1318659627	1.722197818	0.2633951447	0.3326524488
4.487179487	0.2820512821	0.09850559431	0.157832609	1.602270511	0.3388589694	0.3981573624
4.487179487	0.3333333333	0.1204427705	0.1837992553	1.526029786	0.4143227942	0.4636622759
4.487179487	0.3846153846	0.1423799466	0.2097659016	1.473282626	0.4897866189	0.5291671894
4.487179487	0.4358974359	0.1643171227	0.2357325479	1.434619496	0.5652504436	0.594672103
4.487179487	0.4871794872	0.1862542989	0.2616991942	1.405063914	0.6407142683	0.6601770165
4.487179487	0.5384615385	0.208191475	0.2876658405	1.381736887	0.716178093	0.7256819301
4.487179487	0.5897435897	0.2301286512	0.3136324868	1.36285719	0.7916419177	0.7911868436
4.487179487	0.641025641	0.2520658273	0.3395991331	1.347263676	0.8671057424	0.8566917572
4.487179487	0.6923076923	0.2740030035	0.3655657794	1.334167052	0.9425695671	0.9221966707
4.487179487	0.7435897436	0.2959401796	0.3915324258	1.323012057	1.018033392	0.9877015842
4.487179487	0.7948717949	0.3178773558	0.4174990721	1.313396706	1.093497217	1.053206498
4.487179487	0.8461538462	0.3398145319	0.4434657184	1.305022819	1.168961041	1.118711411
4.487179487	0.8974358974	0.3617517081	0.4694323647	1.297664542	1.244424866	1.184216325
4.487179487	0.9487179487	0.3836888842	0.495399011	1.291147676	1.319888691	1.249721238
4.487179487	1	0.4056260603	0.5213656573	1.285335703	1.395352515	1.315226152
5	-1	-0.4856777276	-0.5349211553	1.101391159	-1.670730027	-1.349422009
5	-0.9487179487	-0.4637405515	-0.508954509	1.097498391	-1.595266203	-1.283917095
5	-0.8974358974	-0.4418033753	-0.4829878627	1.093219042	-1.519802378	-1.218412182
5	-0.8461538462	-0.4198661992	-0.4570212164	1.088492518	-1.444338553	-1.152907268
5	-0.7948717949	-0.397929023	-0.4310545701	1.083244863	-1.368874728	-1.087402355
5	-0.7435897436	-0.3759918469	-0.4050879238	1.077384861	-1.293410904	-1.021897441
5	-0.6923076923	-0.3540546707	-0.3791212774	1.07079869	-1.217947079	-0.9563925277
5	-0.641025641	-0.3321174946	-0.3531546311	1.063342452	-1.142483254	-0.8908876142
5	-0.5897435897	-0.3101803184	-0.3271879848	1.054831546	-1.06701943	-0.8253827007
5	-0.5384615385	-0.2882431423	-0.3012213385	1.045025169	-0.9915556049	-0.7598777871
5	-0.4871794872	-0.2663059661	-0.2752546922	1.033603175	-0.9160917802	-0.6943728736
5	-0.4358974359	-0.24436879	-0.2492880459	1.020130459	-0.8406279555	-0.62886796
5	-0.3846153846	-0.2224316139	-0.2233213996	1.004000267	-0.7651641308	-0.5633630465
5	-0.3333333333	-0.2004944377	-0.1973547533	0.9843402916	-0.6897003061	-0.4978581329
5	-0.2820512821	-0.1785572616	-0.171388107	0.9598495489	-0.6142364814	-0.4323532194
5	-0.2307692308	-0.1566200854	-0.1454214607	0.928498157	-0.5387726567	-0.3668483059
5	-0.1794871795	-0.1346829093	-0.1194548144	0.8869337245	-0.4633088319	-0.3013433923
5	-0.1282051282	-0.1127457331	-0.09348816804	0.8291947327	-0.3878450072	-0.2358384788
5	-0.07692307692	-0.09080855698	-0.06752152173	0.7435590211	-0.3123811825	-0.1703335652
5	-0.02564102564	-0.06887138083	-0.04155487542	0.6033692794	-0.2369173578	-0.1048286517
5	0.02564102564	-0.04693420469	-0.01558822911	0.3321293972	-0.1614535331	-0.03932373816
5	0.07692307692	-0.02499702854	0.0103784172	-0.4151860362	-0.08598970841	0.02618117538
5	0.1282051282	-0.003059852395	0.03634506351	-11.87804469	-0.0105258837	0.09168608893
5	0.1794871795	0.01887732375	0.06231170982	3.30087626	0.06493794101	0.1571910025
5	0.2307692308	0.0408144999	0.08827835613	2.162916521	0.1404017657	0.222695916
5	0.2820512821	0.06275167604	0.1142450024	1.820588861	0.2158655904	0.2882008296
5	0.3333333333	0.08468885219	0.1402116487	1.65560927	0.2913294151	0.3537057431
5	0.3846153846	0.1066260283	0.1661782951	1.558515286	0.3667932398	0.4192106566
5	0.4358974359	0.1285632045	0.1921449414	1.494556255	0.4422570645	0.4847155702
5	0.4871794872	0.1505003806	0.2181115877	1.449242764	0.5177208893	0.5502204837
5	0.5384615385	0.1724375568	0.244078234	1.415458665	0.593184714	0.6157253973
5	0.5897435897	0.1943747329	0.2700448803	1.389300328	0.6686485387	0.6812303108
5	0.641025641	0.2163119091	0.2960115266	1.368447664	0.7441123634	0.7467352243
5	0.6923076923	0.2382490852	0.3219781729	1.351435086	0.8195761881	0.8122401379
5	0.7435897436	0.2601862614	0.3479448192	1.337291283	0.8950400128	0.8777450514
5	0.7948717949	0.2821234375	0.3739114655	1.32534705	0.9705038375	0.943249965
5	0.8461538462	0.3040606136	0.3998781118	1.315126307	1.045967662	1.008754879
5	0.8974358974	0.3259977898	0.4258447582	1.306281121	1.121431487	1.074259792
5	0.9487179487	0.3479349659	0.4518114045	1.298551306	1.196895312	1.139764706
5	1	0.3698721421	0.4777780508	1.291738405	1.272359136	1.205269619
