# VHH-NNLO SMEFT grid scan points
# process: ZHH
# energy_tev: 14.0
# scan_axes: phi,phiW
# windows: phi=[-15,5]; phiW=[-1,1]
# n_points_per_axis: 40
# n_points_total: 1600
# fixed_wcs: phi=0,phiB=0,phiBox=0,phiD=0,phiQ3rd=0,phiW=0,phiWB=0,phid=0,phiq1st=0,phiq3st=0,phiu=0,tphi=0
#
phi	phiW	sigma_lo	sigma_nnlo	k	sigma_smeft_over_sm_lo	sigma_smeft_over_sm_nnlo
-15	-1	0.7641290355	0.9988652902	1.307194523	2.501166579	2.393769377
-15	-0.9487179487	0.796891516	1.037603811	1.302064071	2.608405563	2.486605805
-15	-0.8974358974	0.8296539966	1.076342332	1.297338814	2.715644547	2.579442232
-15	-0.8461538462	0.8624164771	1.115080853	1.292972575	2.82288353	2.67227866
-15	-0.7948717949	0.8951789577	1.153819374	1.288925934	2.930122514	2.765115088
-15	-0.7435897436	0.9279414382	1.192557895	1.28516504	3.037361498	2.857951516
-15	-0.6923076923	0.9607039187	1.231296416	1.281660658	3.144600482	2.950787943
-15	-0.641025641	0.9934663993	1.270034937	1.27838741	3.251839466	3.043624371
-15	-0.5897435897	1.02622888	1.308773458	1.275323161	3.35907845	3.136460799
-15	-0.5384615385	1.05899136	1.34751198	1.272448511	3.466317434	3.229297227
-15	-0.4871794872	1.091753841	1.386250501	1.269746392	3.573556418	3.322133654
-15	-0.4358974359	1.124516321	1.424989022	1.267201724	3.680795402	3.414970082
-15	-0.3846153846	1.157278802	1.463727543	1.264801135	3.788034386	3.50780651
-15	-0.3333333333	1.190041283	1.502466064	1.262532725	3.89527337	3.600642938
-15	-0.2820512821	1.222803763	1.541204585	1.26038587	4.002512354	3.693479366
-15	-0.2307692308	1.255566244	1.579943106	1.258351054	4.109751338	3.786315793
-15	-0.1794871795	1.288328724	1.618681627	1.256419729	4.216990322	3.879152221
-15	-0.1282051282	1.321091205	1.657420148	1.254584197	4.324229306	3.971988649
-15	-0.07692307692	1.353853685	1.696158669	1.252837502	4.431468289	4.064825077
-15	-0.02564102564	1.386616166	1.73489719	1.251173348	4.538707273	4.157661504
-15	0.02564102564	1.419378646	1.773635711	1.249586018	4.645946257	4.250497932
-15	0.07692307692	1.452141127	1.812374232	1.248070314	4.753185241	4.34333436
-15	0.1282051282	1.484903607	1.851112753	1.246621494	4.860424225	4.436170788
-15	0.1794871795	1.517666088	1.889851274	1.245235226	4.967663209	4.529007215
-15	0.2307692308	1.550428568	1.928589795	1.243907545	5.074902193	4.621843643
-15	0.2820512821	1.583191049	1.967328316	1.242634815	5.182141177	4.714680071
-15	0.3333333333	1.61595353	2.006066837	1.241413692	5.289380161	4.807516499
-15	0.3846153846	1.64871601	2.044805358	1.2402411	5.396619145	4.900352926
-15	0.4358974359	1.681478491	2.083543879	1.239114203	5.503858129	4.993189354
-15	0.4871794872	1.714240971	2.1222824	1.23803038	5.611097113	5.086025782
-15	0.5384615385	1.747003452	2.161020921	1.236987207	5.718336097	5.17886221
-15	0.5897435897	1.779765932	2.199759442	1.235982441	5.825575081	5.271698637
-15	0.641025641	1.812528413	2.238497963	1.235013999	5.932814065	5.364535065
-15	0.6923076923	1.845290893	2.277236484	1.234079945	6.040053049	5.457371493
-15	0.7435897436	1.878053374	2.315975005	1.23317848	6.147292032	5.550207921
-15	0.7948717949	1.910815854	2.354713526	1.232307928	6.254531016	5.643044348
-15	0.8461538462	1.943578335	2.393452047	1.231466725	6.36177	5.735880776
-15	0.8974358974	1.976340816	2.432190568	1.230653412	6.469008984	5.828717204
-15	0.9487179487	2.009103296	2.470929089	1.229866625	6.576247968	5.921553632
-15	1	2.041865777	2.50966761	1.229105086	6.683486952	6.014390059
-14.48717949	-1	0.7266080662	0.9531562547	1.311788706	2.378351988	2.28422819
-14.48717949	-0.9487179487	0.7593705467	0.9918947757	1.306206542	2.485590972	2.377064618
-14.48717949	-0.8974358974	0.7921330273	1.030633297	1.301086132	2.592829956	2.469901045
-14.48717949	-0.8461538462	0.8248955078	1.069371818	1.296372459	2.70006894	2.562737473
-14.48717949	-0.7948717949	0.8576579884	1.108110339	1.292018909	2.807307924	2.655573901
-14.48717949	-0.7435897436	0.8904204689	1.14684886	1.287985733	2.914546908	2.748410329
-14.48717949	-0.6923076923	0.9231829494	1.185587381	1.284238819	3.021785892	2.841246757
-14.48717949	-0.641025641	0.95594543	1.224325902	1.280748737	3.129024876	2.934083184
-14.48717949	-0.5897435897	0.9887079105	1.263064423	1.277489954	3.23626386	3.026919612
-14.48717949	-0.5384615385	1.021470391	1.301802944	1.274440214	3.343502844	3.11975604
-14.48717949	-0.4871794872	1.054232872	1.340541465	1.271580029	3.450741828	3.212592468
-14.48717949	-0.4358974359	1.086995352	1.379279986	1.268892257	3.557980812	3.305428895
-14.48717949	-0.3846153846	1.119757833	1.418018507	1.266361767	3.665219796	3.398265323
-14.48717949	-0.3333333333	1.152520313	1.456757028	1.263975143	3.77245878	3.491101751
-14.48717949	-0.2820512821	1.185282794	1.495495549	1.261720458	3.879697763	3.583938179
-14.48717949	-0.2307692308	1.218045274	1.53423407	1.259587063	3.986936747	3.676774606
-14.48717949	-0.1794871795	1.250807755	1.572972591	1.257565429	4.094175731	3.769611034
-14.48717949	-0.1282051282	1.283570235	1.611711112	1.255646998	4.201414715	3.862447462
-14.48717949	-0.07692307692	1.316332716	1.650449633	1.253824062	4.308653699	3.95528389
-14.48717949	-0.02564102564	1.349095196	1.689188154	1.252089666	4.415892683	4.048120317
-14.48717949	0.02564102564	1.381857677	1.727926675	1.250437512	4.523131667	4.140956745
-14.48717949	0.07692307692	1.414620158	1.766665196	1.248861885	4.630370651	4.233793173
-14.48717949	0.1282051282	1.447382638	1.805403717	1.247357589	4.737609635	4.326629601
-14.48717949	0.1794871795	1.480145119	1.844142238	1.245919887	4.844848619	4.419466028
-14.48717949	0.2307692308	1.512907599	1.882880759	1.244544452	4.952087603	4.512302456
-14.48717949	0.2820512821	1.54567008	1.921619281	1.243227326	5.059326587	4.605138884
-14.48717949	0.3333333333	1.57843256	1.960357802	1.241964878	5.166565571	4.697975312
-14.48717949	0.3846153846	1.611195041	1.999096323	1.240753771	5.273804555	4.790811739
-14.48717949	0.4358974359	1.643957521	2.037834844	1.239590937	5.381043539	4.883648167
-14.48717949	0.4871794872	1.676720002	2.076573365	1.238473545	5.488282523	4.976484595
-14.48717949	0.5384615385	1.709482482	2.115311886	1.237398983	5.595521506	5.069321023
-14.48717949	0.5897435897	1.742244963	2.154050407	1.236364835	5.70276049	5.16215745
-14.48717949	0.641025641	1.775007444	2.192788928	1.235368863	5.809999474	5.254993878
-14.48717949	0.6923076923	1.807769924	2.231527449	1.234408991	5.917238458	5.347830306
-14.48717949	0.7435897436	1.840532405	2.27026597	1.233483292	6.024477442	5.440666734
-14.48717949	0.7948717949	1.873294885	2.309004491	1.232589972	6.131716426	5.533503161
-14.48717949	0.8461538462	1.906057366	2.347743012	1.231727363	6.23895541	5.626339589
-14.48717949	0.8974358974	1.938819846	2.386481533	1.230893906	6.346194394	5.719176017
-14.48717949	0.9487179487	1.971582327	2.425220054	1.230088149	6.453433378	5.812012445
-14.48717949	1	2.004344807	2.463958575	1.229308733	6.560672362	5.904848872
-13.97435897	-1	0.6890870969	0.9074472192	1.316883197	2.255537398	2.174687003
-13.97435897	-0.9487179487	0.7218495774	0.9461857402	1.310779655	2.362776382	2.267523431
-13.97435897	-0.8974358974	0.754612058	0.9849242612	1.3052061	2.470015366	2.360359859
-13.97435897	-0.8461538462	0.7873745385	1.023662782	1.300096374	2.57725435	2.453196286
-13.97435897	-0.7948717949	0.8201370191	1.062401303	1.29539489	2.684493334	2.546032714
-13.97435897	-0.7435897436	0.8528994996	1.101139824	1.291054602	2.791732318	2.638869142
-13.97435897	-0.6923076923	0.8856619801	1.139878345	1.287035428	2.898971302	2.73170557
-13.97435897	-0.641025641	0.9184244607	1.178616866	1.283303001	3.006210286	2.824541997
-13.97435897	-0.5897435897	0.9511869412	1.217355387	1.279827692	3.11344927	2.917378425
-13.97435897	-0.5384615385	0.9839494218	1.256093908	1.276583817	3.220688254	3.010214853
-13.97435897	-0.4871794872	1.016711902	1.29483243	1.273549003	3.327927237	3.103051281
-13.97435897	-0.4358974359	1.049474383	1.333570951	1.270703671	3.435166221	3.195887708
-13.97435897	-0.3846153846	1.082236863	1.372309472	1.268030611	3.542405205	3.288724136
-13.97435897	-0.3333333333	1.114999344	1.411047993	1.265514639	3.649644189	3.381560564
-13.97435897	-0.2820512821	1.147761824	1.449786514	1.263142302	3.756883173	3.474396992
-13.97435897	-0.2307692308	1.180524305	1.488525035	1.260901642	3.864122157	3.567233419
-13.97435897	-0.1794871795	1.213286786	1.527263556	1.258781991	3.971361141	3.660069847
-13.97435897	-0.1282051282	1.246049266	1.566002077	1.256773804	4.078600125	3.752906275
-13.97435897	-0.07692307692	1.278811747	1.604740598	1.254868515	4.185839109	3.845742703
-13.97435897	-0.02564102564	1.311574227	1.643479119	1.253058412	4.293078093	3.93857913
-13.97435897	0.02564102564	1.344336708	1.68221764	1.251336537	4.400317077	4.031415558
-13.97435897	0.07692307692	1.377099188	1.720956161	1.249696591	4.507556061	4.124251986
-13.97435897	0.1282051282	1.409861669	1.759694682	1.248132864	4.614795045	4.217088414
-13.97435897	0.1794871795	1.442624149	1.798433203	1.246640162	4.722034029	4.309924841
-13.97435897	0.2307692308	1.47538663	1.837171724	1.245213754	4.829273013	4.402761269
-13.97435897	0.2820512821	1.50814911	1.875910245	1.24384932	4.936511997	4.495597697
-13.97435897	0.3333333333	1.540911591	1.914648766	1.242542906	5.04375098	4.588434125
-13.97435897	0.3846153846	1.573674072	1.953387287	1.241290889	5.150989964	4.681270552
-13.97435897	0.4358974359	1.606436552	1.992125808	1.24008994	5.258228948	4.77410698
-13.97435897	0.4871794872	1.639199033	2.030864329	1.238936998	5.365467932	4.866943408
-13.97435897	0.5384615385	1.671961513	2.06960285	1.237829241	5.472706916	4.959779836
-13.97435897	0.5897435897	1.704723994	2.108341371	1.236764062	5.5799459	5.052616263
-13.97435897	0.641025641	1.737486474	2.147079892	1.235739054	5.687184884	5.145452691
-13.97435897	0.6923076923	1.770248955	2.185818413	1.234751986	5.794423868	5.238289119
-13.97435897	0.7435897436	1.803011435	2.224556934	1.233800791	5.901662852	5.331125547
-13.97435897	0.7948717949	1.835773916	2.263295455	1.232883546	6.008901836	5.423961974
-13.97435897	0.8461538462	1.868536396	2.302033976	1.231998467	6.11614082	5.516798402
-13.97435897	0.8974358974	1.901298877	2.340772497	1.231143891	6.223379804	5.60963483
-13.97435897	0.9487179487	1.934061357	2.379511018	1.230318267	6.330618788	5.702471258
-13.97435897	1	1.966823838	2.418249539	1.22952015	6.437857772	5.795307685
-13.46153846	-1	0.6515661276	0.8617381837	1.322564429	2.132722808	2.065145816
-13.46153846	-0.9487179487	0.6843286081	0.9004767047	1.315854246	2.239961792	2.157982244
-13.46153846	-0.8974358974	0.7170910887	0.9392152257	1.309757213	2.347200776	2.250818672
-13.46153846	-0.8461538462	0.7498535692	0.9779537468	1.304192961	2.45443976	2.343655099
-13.46153846	-0.7948717949	0.7826160498	1.016692268	1.299094579	2.561678744	2.436491527
-13.46153846	-0.7435897436	0.8153785303	1.055430789	1.29440591	2.668917728	2.529327955
-13.46153846	-0.6923076923	0.8481410108	1.09416931	1.290079475	2.776156711	2.622164383
-13.46153846	-0.641025641	0.8809034914	1.132907831	1.286074856	2.883395695	2.71500081
-13.46153846	-0.5897435897	0.9136659719	1.171646352	1.282357435	2.990634679	2.807837238
-13.46153846	-0.5384615385	0.9464284525	1.210384873	1.278897385	3.097873663	2.900673666
-13.46153846	-0.4871794872	0.979190933	1.249123394	1.275668873	3.205112647	2.993510094
-13.46153846	-0.4358974359	1.011953414	1.287861915	1.27264941	3.312351631	3.086346521
-13.46153846	-0.3846153846	1.044715894	1.326600436	1.269819329	3.419590615	3.179182949
-13.46153846	-0.3333333333	1.077478375	1.365338957	1.267161355	3.526829599	3.272019377
-13.46153846	-0.2820512821	1.110240855	1.404077478	1.264660251	3.634068583	3.364855805
-13.46153846	-0.2307692308	1.143003336	1.442815999	1.262302527	3.741307567	3.457692232
-13.46153846	-0.1794871795	1.175765816	1.48155452	1.260076199	3.848546551	3.55052866
-13.46153846	-0.1282051282	1.208528297	1.520293041	1.257970579	3.955785535	3.643365088
-13.46153846	-0.07692307692	1.241290777	1.559031562	1.25597611	4.063024519	3.736201516
-13.46153846	-0.02564102564	1.274053258	1.597770083	1.254084218	4.170263503	3.829037943
-13.46153846	0.02564102564	1.306815738	1.636508604	1.252287186	4.277502487	3.921874371
-13.46153846	0.07692307692	1.339578219	1.675247125	1.250578056	4.38474147	4.014710799
-13.46153846	0.1282051282	1.372340699	1.713985646	1.248950532	4.491980454	4.107547227
-13.46153846	0.1794871795	1.40510318	1.752724167	1.247398904	4.599219438	4.200383654
-13.46153846	0.2307692308	1.437865661	1.791462688	1.245917986	4.706458422	4.293220082
-13.46153846	0.2820512821	1.470628141	1.830201209	1.244503052	4.813697406	4.38605651
-13.46153846	0.3333333333	1.503390622	1.86893973	1.243149787	4.92093639	4.478892938
-13.46153846	0.3846153846	1.536153102	1.907678252	1.241854245	5.028175374	4.571729365
-13.46153846	0.4358974359	1.568915583	1.946416773	1.240612812	5.135414358	4.664565793
-13.46153846	0.4871794872	1.601678063	1.985155294	1.239422165	5.242653342	4.757402221
-13.46153846	0.5384615385	1.634440544	2.023893815	1.238279252	5.349892326	4.850238649
-13.46153846	0.5897435897	1.667203024	2.062632336	1.237181258	5.45713131	4.943075077
-13.46153846	0.641025641	1.699965505	2.101370857	1.236125586	5.564370294	5.035911504
-13.46153846	0.6923076923	1.732727985	2.140109378	1.235109836	5.671609278	5.128747932
-13.46153846	0.7435897436	1.765490466	2.178847899	1.234131784	5.778848262	5.22158436
-13.46153846	0.7948717949	1.798252947	2.21758642	1.233189371	5.886087246	5.314420788
-13.46153846	0.8461538462	1.831015427	2.256324941	1.232280683	5.99332623	5.407257215
-13.46153846	0.8974358974	1.863777908	2.295063462	1.231403942	6.100565213	5.500093643
-13.46153846	0.9487179487	1.896540388	2.333801983	1.230557492	6.207804197	5.592930071
-13.46153846	1	1.929302869	2.372540504	1.22973979	6.315043181	5.685766499
-12.94871795	-1	0.6140451583	0.8160291481	1.32893996	2.009908218	1.955604629
-12.94871795	-0.9487179487	0.6468076388	0.8547676692	1.321517586	2.117147201	2.048441057
-12.94871795	-0.8974358974	0.6795701194	0.8935061902	1.314810885	2.224386185	2.141277485
-12.94871795	-0.8461538462	0.7123325999	0.9322447112	1.308721111	2.331625169	2.234113912
-12.94871795	-0.7948717949	0.7450950805	0.9709832323	1.303166881	2.438864153	2.32695034
-12.94871795	-0.7435897436	0.777857561	1.009721753	1.298080528	2.546103137	2.419786768
-12.94871795	-0.6923076923	0.8106200415	1.048460274	1.29340532	2.653342121	2.512623196
-12.94871795	-0.641025641	0.8433825221	1.087198795	1.289093344	2.760581105	2.605459623
-12.94871795	-0.5897435897	0.8761450026	1.125937316	1.28510385	2.867820089	2.698296051
-12.94871795	-0.5384615385	0.9089074832	1.164675837	1.281401968	2.975059073	2.791132479
-12.94871795	-0.4871794872	0.9416699637	1.203414358	1.277957676	3.082298057	2.883968907
-12.94871795	-0.4358974359	0.9744324442	1.242152879	1.274744993	3.189537041	2.976805334
-12.94871795	-0.3846153846	1.007194925	1.280891401	1.271741317	3.296776025	3.069641762
-12.94871795	-0.3333333333	1.039957405	1.319629922	1.268926895	3.404015009	3.16247819
-12.94871795	-0.2820512821	1.072719886	1.358368443	1.266284387	3.511253993	3.255314618
-12.94871795	-0.2307692308	1.105482366	1.397106964	1.263798506	3.618492977	3.348151045
-12.94871795	-0.1794871795	1.138244847	1.435845485	1.26145573	3.725731961	3.440987473
-12.94871795	-0.1282051282	1.171007327	1.474584006	1.259244047	3.832970944	3.533823901
-12.94871795	-0.07692307692	1.203769808	1.513322527	1.257152752	3.940209928	3.626660329
-12.94871795	-0.02564102564	1.236532289	1.552061048	1.255172277	4.047448912	3.719496756
-12.94871795	0.02564102564	1.269294769	1.590799569	1.25329404	4.154687896	3.812333184
-12.94871795	0.07692307692	1.30205725	1.62953809	1.251510324	4.26192688	3.905169612
-12.94871795	0.1282051282	1.33481973	1.668276611	1.249814168	4.369165864	3.99800604
-12.94871795	0.1794871795	1.367582211	1.707015132	1.248199281	4.476404848	4.090842468
-12.94871795	0.2307692308	1.400344691	1.745753653	1.246659957	4.583643832	4.183678895
-12.94871795	0.2820512821	1.433107172	1.784492174	1.245191015	4.690882816	4.276515323
-12.94871795	0.3333333333	1.465869652	1.823230695	1.243787735	4.7981218	4.369351751
-12.94871795	0.3846153846	1.498632133	1.861969216	1.242445811	4.905360784	4.462188179
-12.94871795	0.4358974359	1.531394613	1.900707737	1.241161305	5.012599768	4.555024606
-12.94871795	0.4871794872	1.564157094	1.939446258	1.239930609	5.119838752	4.647861034
-12.94871795	0.5384615385	1.596919575	1.978184779	1.238750411	5.227077736	4.740697462
-12.94871795	0.5897435897	1.629682055	2.0169233	1.237617665	5.33431672	4.83353389
-12.94871795	0.641025641	1.662444536	2.055661821	1.236529567	5.441555704	4.926370317
-12.94871795	0.6923076923	1.695207016	2.094400342	1.235483526	5.548794687	5.019206745
-12.94871795	0.7435897436	1.727969497	2.133138863	1.234477152	5.656033671	5.112043173
-12.94871795	0.7948717949	1.760731977	2.171877384	1.23350823	5.763272655	5.204879601
-12.94871795	0.8461538462	1.793494458	2.210615905	1.232574707	5.870511639	5.297716028
-12.94871795	0.8974358974	1.826256938	2.249354426	1.231674678	5.977750623	5.390552456
-12.94871795	0.9487179487	1.859019419	2.288092947	1.230806373	6.084989607	5.483388884
-12.94871795	1	1.891781899	2.326831468	1.229968142	6.192228591	5.576225312
-12.43589744	-1	0.576524189	0.7703201126	1.336145347	1.887093627	1.846063442
-12.43589744	-0.9487179487	0.6092866695	0.8090586336	1.327878442	1.994332611	1.93889987
-12.43589744	-0.8974358974	0.6420491501	0.8477971547	1.320455225	2.101571595	2.031736298
-12.43589744	-0.8461538462	0.6748116306	0.8865356757	1.31375281	2.208810579	2.124572725
-12.43589744	-0.7948717949	0.7075741112	0.9252741967	1.307671072	2.316049563	2.217409153
-12.43589744	-0.7435897436	0.7403365917	0.9640127178	1.302127611	2.423288547	2.310245581
-12.43589744	-0.6923076923	0.7730990722	1.002751239	1.297053993	2.530527531	2.403082009
-12.43589744	-0.641025641	0.8058615528	1.04148976	1.292392913	2.637766515	2.495918436
-12.43589744	-0.5897435897	0.8386240333	1.080228281	1.288096022	2.745005499	2.588754864
-12.43589744	-0.5384615385	0.8713865139	1.118966802	1.28412224	2.852244483	2.681591292
-12.43589744	-0.4871794872	0.9041489944	1.157705323	1.280436444	2.959483467	2.77442772
-12.43589744	-0.4358974359	0.9369114749	1.196443844	1.277008422	3.066722451	2.867264148
-12.43589744	-0.3846153846	0.9696739555	1.235182365	1.273812046	3.173961435	2.960100575
-12.43589744	-0.3333333333	1.002436436	1.273920886	1.270824603	3.281200418	3.052937003
-12.43589744	-0.2820512821	1.035198917	1.312659407	1.268026257	3.388439402	3.145773431
-12.43589744	-0.2307692308	1.067961397	1.351397928	1.265399603	3.495678386	3.238609859
-12.43589744	-0.1794871795	1.100723878	1.390136449	1.262929312	3.60291737	3.331446286
-12.43589744	-0.1282051282	1.133486358	1.42887497	1.260601824	3.710156354	3.424282714
-12.43589744	-0.07692307692	1.166248839	1.467613491	1.258405104	3.817395338	3.517119142
-12.43589744	-0.02564102564	1.199011319	1.506352012	1.256328433	3.924634322	3.60995557
-12.43589744	0.02564102564	1.2317738	1.545090533	1.254362232	4.031873306	3.702791997
-12.43589744	0.07692307692	1.26453628	1.583829054	1.252497915	4.13911229	3.795628425
-12.43589744	0.1282051282	1.297298761	1.622567575	1.250727762	4.246351274	3.888464853
-12.43589744	0.1794871795	1.330061241	1.661306096	1.249044814	4.353590258	3.981301281
-12.43589744	0.2307692308	1.362823722	1.700044617	1.247442784	4.460829242	4.074137708
-12.43589744	0.2820512821	1.395586203	1.738783138	1.245915971	4.568068226	4.166974136
-12.43589744	0.3333333333	1.428348683	1.777521659	1.2444592	4.67530721	4.259810564
-12.43589744	0.3846153846	1.461111164	1.81626018	1.243067759	4.782546194	4.352646992
-12.43589744	0.4358974359	1.493873644	1.854998702	1.241737351	4.889785178	4.445483419
-12.43589744	0.4871794872	1.526636125	1.893737223	1.240464045	4.997024161	4.538319847
-12.43589744	0.5384615385	1.559398605	1.932475744	1.239244243	5.104263145	4.631156275
-12.43589744	0.5897435897	1.592161086	1.971214265	1.238074641	5.211502129	4.723992703
-12.43589744	0.641025641	1.624923566	2.009952786	1.236952203	5.318741113	4.81682913
-12.43589744	0.6923076923	1.657686047	2.048691307	1.235874133	5.425980097	4.909665558
-12.43589744	0.7435897436	1.690448527	2.087429828	1.234837852	5.533219081	5.002501986
-12.43589744	0.7948717949	1.723211008	2.126168349	1.233840974	5.640458065	5.095338414
-12.43589744	0.8461538462	1.755973488	2.16490687	1.232881296	5.747697049	5.188174841
-12.43589744	0.8974358974	1.788735969	2.203645391	1.231956772	5.854936033	5.281011269
-12.43589744	0.9487179487	1.82149845	2.242383912	1.231065507	5.962175017	5.373847697
-12.43589744	1	1.85426093	2.281122433	1.230205736	6.069414001	5.466684125
-11.92307692	-1	0.5390032197	0.7246110771	1.344353894	1.764279037	1.736522255
-11.92307692	-0.9487179487	0.5717657002	0.7633495981	1.335074136	1.871518021	1.829358683
-11.92307692	-0.8974358974	0.6045281808	0.8020881191	1.326800213	1.978757005	1.922195111
-11.92307692	-0.8461538462	0.6372906613	0.8408266402	1.319376999	2.085995989	2.015031539
-11.92307692	-0.7948717949	0.6700531419	0.8795651612	1.312679706	2.193234973	2.107867966
-11.92307692	-0.7435897436	0.7028156224	0.9183036822	1.306606815	2.300473957	2.200704394
-11.92307692	-0.6923076923	0.7355781029	0.9570422033	1.301074895	2.407712941	2.293540822
-11.92307692	-0.641025641	0.7683405835	0.9957807243	1.296014744	2.514951925	2.38637725
-11.92307692	-0.5897435897	0.801103064	1.034519245	1.291368479	2.622190909	2.479213677
-11.92307692	-0.5384615385	0.8338655446	1.073257766	1.287087317	2.729429892	2.572050105
-11.92307692	-0.4871794872	0.8666280251	1.111996287	1.283129849	2.836668876	2.664886533
-11.92307692	-0.4358974359	0.8993905057	1.150734808	1.279460703	2.94390786	2.757722961
-11.92307692	-0.3846153846	0.9321529862	1.189473329	1.276049476	3.051146844	2.850559388
-11.92307692	-0.3333333333	0.9649154667	1.22821185	1.272869897	3.158385828	2.943395816
-11.92307692	-0.2820512821	0.9976779473	1.266950372	1.269899144	3.265624812	3.036232244
-11.92307692	-0.2307692308	1.030440428	1.305688893	1.2671173	3.372863796	3.129068672
-11.92307692	-0.1794871795	1.063202908	1.344427414	1.2645069	3.48010278	3.221905099
-11.92307692	-0.1282051282	1.095965389	1.383165935	1.262052569	3.587341764	3.314741527
-11.92307692	-0.07692307692	1.128727869	1.421904456	1.259740717	3.694580748	3.407577955
-11.92307692	-0.02564102564	1.16149035	1.460642977	1.257559287	3.801819732	3.500414383
-11.92307692	0.02564102564	1.194252831	1.499381498	1.255497546	3.909058716	3.59325081
-11.92307692	0.07692307692	1.227015311	1.538120019	1.253545905	4.0162977	3.686087238
-11.92307692	0.1282051282	1.259777792	1.57685854	1.251695775	4.123536684	3.778923666
-11.92307692	0.1794871795	1.292540272	1.615597061	1.249939438	4.230775668	3.871760094
-11.92307692	0.2307692308	1.325302753	1.654335582	1.248269936	4.338014651	3.964596521
-11.92307692	0.2820512821	1.358065233	1.693074103	1.246680985	4.445253635	4.057432949
-11.92307692	0.3333333333	1.390827714	1.731812624	1.245166894	4.552492619	4.150269377
-11.92307692	0.3846153846	1.423590194	1.770551145	1.243722493	4.659731603	4.243105805
-11.92307692	0.4358974359	1.456352675	1.809289666	1.242343079	4.766970587	4.335942232
-11.92307692	0.4871794872	1.489115155	1.848028187	1.241024363	4.874209571	4.42877866
-11.92307692	0.5384615385	1.521877636	1.886766708	1.239762425	4.981448555	4.521615088
-11.92307692	0.5897435897	1.554640116	1.925505229	1.238553675	5.088687539	4.614451516
-11.92307692	0.641025641	1.587402597	1.96424375	1.23739482	5.195926523	4.707287943
-11.92307692	0.6923076923	1.620165078	2.002982271	1.236282832	5.303165507	4.800124371
-11.92307692	0.7435897436	1.652927558	2.041720792	1.235214926	5.410404491	4.892960799
-11.92307692	0.7948717949	1.685690039	2.080459313	1.234188531	5.517643475	4.985797227
-11.92307692	0.8461538462	1.718452519	2.119197834	1.233201273	5.624882459	5.078633654
-11.92307692	0.8974358974	1.751215	2.157936355	1.232250955	5.732121443	5.171470082
-11.92307692	0.9487179487	1.78397748	2.196674876	1.231335541	5.839360427	5.26430651
-11.92307692	1	1.816739961	2.235413397	1.230453144	5.946599411	5.357142938
-11.41025641	-1	0.5014822504	0.6789020416	1.353790769	1.641464447	1.626981068
-11.41025641	-0.9487179487	0.5342447309	0.7176405626	1.343280562	1.748703431	1.719817496
-11.41025641	-0.8974358974	0.5670072115	0.7563790836	1.333984945	1.855942415	1.812653924
-11.41025641	-0.8461538462	0.599769692	0.7951176046	1.325704875	1.963181399	1.905490352
-11.41025641	-0.7948717949	0.6325321726	0.8338561257	1.31828255	2.070420382	1.998326779
-11.41025641	-0.7435897436	0.6652946531	0.8725946467	1.311591252	2.177659366	2.091163207
-11.41025641	-0.6923076923	0.6980571336	0.9113331677	1.305528049	2.28489835	2.183999635
-11.41025641	-0.641025641	0.7308196142	0.9500716888	1.30000847	2.392137334	2.276836063
-11.41025641	-0.5897435897	0.7635820947	0.9888102098	1.294962541	2.499376318	2.36967249
-11.41025641	-0.5384615385	0.7963445753	1.027548731	1.290331802	2.606615302	2.462508918
-11.41025641	-0.4871794872	0.8291070558	1.066287252	1.286067034	2.713854286	2.555345346
-11.41025641	-0.4358974359	0.8618695364	1.105025773	1.282126501	2.82109327	2.648181774
-11.41025641	-0.3846153846	0.8946320169	1.143764294	1.278474582	2.928332254	2.741018201
-11.41025641	-0.3333333333	0.9273944974	1.182502815	1.275080689	3.035571238	2.833854629
-11.41025641	-0.2820512821	0.960156978	1.221241336	1.271918409	3.142810222	2.926691057
-11.41025641	-0.2307692308	0.9929194585	1.259979857	1.268964815	3.250049206	3.019527485
-11.41025641	-0.1794871795	1.025681939	1.298718378	1.266199909	3.35728819	3.112363912
-11.41025641	-0.1282051282	1.05844442	1.337456899	1.26360617	3.464527174	3.20520034
-11.41025641	-0.07692307692	1.0912069	1.37619542	1.26116818	3.571766158	3.298036768
-11.41025641	-0.02564102564	1.123969381	1.414933941	1.258872319	3.679005142	3.390873196
-11.41025641	0.02564102564	1.156731861	1.453672462	1.256706512	3.786244125	3.483709623
-11.41025641	0.07692307692	1.189494342	1.492410983	1.25466001	3.893483109	3.576546051
-11.41025641	0.1282051282	1.222256822	1.531149504	1.252723222	4.000722093	3.669382479
-11.41025641	0.1794871795	1.255019303	1.569888025	1.250887553	4.107961077	3.762218907
-11.41025641	0.2307692308	1.287781783	1.608626546	1.249145288	4.215200061	3.855055334
-11.41025641	0.2820512821	1.320544264	1.647365067	1.247489473	4.322439045	3.947891762
-11.41025641	0.3333333333	1.353306744	1.686103588	1.245913829	4.429678029	4.04072819
-11.41025641	0.3846153846	1.386069225	1.724842109	1.244412673	4.536917013	4.133564618
-11.41025641	0.4358974359	1.418831706	1.76358063	1.242980844	4.644155997	4.226401045
-11.41025641	0.4871794872	1.451594186	1.802319151	1.241613647	4.751394981	4.319237473
-11.41025641	0.5384615385	1.484356667	1.841057673	1.240306804	4.858633965	4.412073901
-11.41025641	0.5897435897	1.517119147	1.879796194	1.239056403	4.965872949	4.504910329
-11.41025641	0.641025641	1.549881628	1.918534715	1.237858866	5.073111933	4.597746756
-11.41025641	0.6923076923	1.582644108	1.957273236	1.23671091	5.180350917	4.690583184
-11.41025641	0.7435897436	1.615406589	1.996011757	1.235609518	5.287589901	4.783419612
-11.41025641	0.7948717949	1.648169069	2.034750278	1.234551913	5.394828885	4.87625604
-11.41025641	0.8461538462	1.68093155	2.073488799	1.233535535	5.502067868	4.969092468
-11.41025641	0.8974358974	1.71369403	2.11222732	1.232558019	5.609306852	5.061928895
-11.41025641	0.9487179487	1.746456511	2.150965841	1.231617179	5.716545836	5.154765323
-11.41025641	1	1.779218992	2.189704362	1.230710987	5.82378482	5.247601751
-10.8974359	-1	0.4639612811	0.633193006	1.364753982	1.518649856	1.517439881
-10.8974359	-0.9487179487	0.4967237616	0.6719315271	1.352726765	1.62588884	1.610276309
-10.8974359	-0.8974358974	0.5294862422	0.7106700481	1.342187939	1.733127824	1.703112737
-10.8974359	-0.8461538462	0.5622487227	0.7494085691	1.332877317	1.840366808	1.795949165
-10.8974359	-0.7948717949	0.5950112033	0.7881470902	1.324592017	1.947605792	1.888785592
-10.8974359	-0.7435897436	0.6277736838	0.8268856112	1.31717151	2.054844776	1.98162202
-10.8974359	-0.6923076923	0.6605361643	0.8656241322	1.310487115	2.16208376	2.074458448
-10.8974359	-0.641025641	0.6932986449	0.9043626533	1.304434474	2.269322744	2.167294876
-10.8974359	-0.5897435897	0.7260611254	0.9431011743	1.298928067	2.376561728	2.260131303
-10.8974359	-0.5384615385	0.758823606	0.9818396953	1.293897142	2.483800712	2.352967731
-10.8974359	-0.4871794872	0.7915860865	1.020578216	1.289282661	2.591039696	2.445804159
-10.8974359	-0.4358974359	0.8243485671	1.059316737	1.285034972	2.69827868	2.538640587
-10.8974359	-0.3846153846	0.8571110476	1.098055258	1.281112012	2.805517664	2.631477014
-10.8974359	-0.3333333333	0.8898735281	1.136793779	1.277477915	2.912756648	2.724313442
-10.8974359	-0.2820512821	0.9226360087	1.1755323	1.27410191	3.019995632	2.81714987
-10.8974359	-0.2307692308	0.9553984892	1.214270822	1.270957444	3.127234616	2.909986298
-10.8974359	-0.1794871795	0.9881609698	1.253009343	1.268021487	3.234473599	3.002822725
-10.8974359	-0.1282051282	1.02092345	1.291747864	1.265273967	3.341712583	3.095659153
-10.8974359	-0.07692307692	1.053685931	1.330486385	1.262697304	3.448951567	3.188495581
-10.8974359	-0.02564102564	1.086448411	1.369224906	1.260276044	3.556190551	3.281332009
-10.8974359	0.02564102564	1.119210892	1.407963427	1.257996537	3.663429535	3.374168436
-10.8974359	0.07692307692	1.151973372	1.446701948	1.255846691	3.770668519	3.467004864
-10.8974359	0.1282051282	1.184735853	1.485440469	1.253815747	3.877907503	3.559841292
-10.8974359	0.1794871795	1.217498334	1.52417899	1.251894108	3.985146487	3.65267772
-10.8974359	0.2307692308	1.250260814	1.562917511	1.250073179	4.092385471	3.745514147
-10.8974359	0.2820512821	1.283023295	1.601656032	1.248345247	4.199624455	3.838350575
-10.8974359	0.3333333333	1.315785775	1.640394553	1.246703364	4.306863439	3.931187003
-10.8974359	0.3846153846	1.348548256	1.679133074	1.24514126	4.414102423	4.024023431
-10.8974359	0.4358974359	1.381310736	1.717871595	1.243653256	4.521341407	4.116859859
-10.8974359	0.4871794872	1.414073217	1.756610116	1.242234203	4.628580391	4.209696286
-10.8974359	0.5384615385	1.446835697	1.795348637	1.240879417	4.735819375	4.302532714
-10.8974359	0.5897435897	1.479598178	1.834087158	1.239584629	4.843058359	4.395369142
-10.8974359	0.641025641	1.512360658	1.872825679	1.238345939	4.950297342	4.48820557
-10.8974359	0.6923076923	1.545123139	1.9115642	1.237159778	5.057536326	4.581041997
-10.8974359	0.7435897436	1.57788562	1.950302721	1.236022876	5.16477531	4.673878425
-10.8974359	0.7948717949	1.6106481	1.989041242	1.234932225	5.272014294	4.766714853
-10.8974359	0.8461538462	1.643410581	2.027779763	1.23388506	5.379253278	4.859551281
-10.8974359	0.8974358974	1.676173061	2.066518284	1.232878831	5.486492262	4.952387708
-10.8974359	0.9487179487	1.708935542	2.105256805	1.231911183	5.593731246	5.045224136
-10.8974359	1	1.741698022	2.143995326	1.23097994	5.70097023	5.138060564
-10.38461538	-1	0.4264403118	0.5874839705	1.377646424	1.395835266	1.407898694
-10.38461538	-0.9487179487	0.4592027923	0.6262224915	1.363716645	1.50307425	1.500735122
-10.38461538	-0.8974358974	0.4919652729	0.6649610126	1.351642177	1.610313234	1.59357155
-10.38461538	-0.8461538462	0.5247277534	0.7036995336	1.341075499	1.717552218	1.686407978
-10.38461538	-0.7948717949	0.557490234	0.7424380546	1.331750781	1.824791202	1.779244405
-10.38461538	-0.7435897436	0.5902527145	0.7811765757	1.323461217	1.932030186	1.872080833
-10.38461538	-0.6923076923	0.623015195	0.8199150967	1.316043498	2.03926917	1.964917261
-10.38461538	-0.641025641	0.6557776756	0.8586536177	1.309366954	2.146508154	2.057753689
-10.38461538	-0.5897435897	0.6885401561	0.8973921388	1.303325784	2.253747138	2.150590116
-10.38461538	-0.5384615385	0.7213026367	0.9361306598	1.297833409	2.360986122	2.243426544
-10.38461538	-0.4871794872	0.7540651172	0.9748691808	1.292818297	2.468225106	2.336262972
-10.38461538	-0.4358974359	0.7868275978	1.013607702	1.288220831	2.57546409	2.4290994
-10.38461538	-0.3846153846	0.8195900783	1.052346223	1.283990925	2.682703073	2.521935827
-10.38461538	-0.3333333333	0.8523525588	1.091084744	1.280086195	2.789942057	2.614772255
-10.38461538	-0.2820512821	0.8851150394	1.129823265	1.276470532	2.897181041	2.707608683
-10.38461538	-0.2307692308	0.9178775199	1.168561786	1.273112981	3.004420025	2.800445111
-10.38461538	-0.1794871795	0.9506400005	1.207300307	1.269986858	3.111659009	2.893281539
-10.38461538	-0.1282051282	0.983402481	1.246038828	1.26706903	3.218897993	2.986117966
-10.38461538	-0.07692307692	1.016164962	1.284777349	1.264339352	3.326136977	3.078954394
-10.38461538	-0.02564102564	1.048927442	1.32351587	1.261780193	3.433375961	3.171790822
-10.38461538	0.02564102564	1.081689923	1.362254391	1.259376058	3.540614945	3.26462725
-10.38461538	0.07692307692	1.114452403	1.400992912	1.257113277	3.647853929	3.357463677
-10.38461538	0.1282051282	1.147214884	1.439731433	1.254979737	3.755092913	3.450300105
-10.38461538	0.1794871795	1.179977364	1.478469954	1.252964675	3.862331897	3.543136533
-10.38461538	0.2307692308	1.212739845	1.517208475	1.251058487	3.969570881	3.635972961
-10.38461538	0.2820512821	1.245502325	1.555946996	1.249252582	4.076809865	3.728809388
-10.38461538	0.3333333333	1.278264806	1.594685517	1.24753925	4.184048849	3.821645816
-10.38461538	0.3846153846	1.311027286	1.633424038	1.24591155	4.291287833	3.914482244
-10.38461538	0.4358974359	1.343789767	1.672162559	1.244363219	4.398526816	4.007318672
-10.38461538	0.4871794872	1.376552247	1.71090108	1.242888589	4.5057658	4.100155099
-10.38461538	0.5384615385	1.409314728	1.749639601	1.241482521	4.613004784	4.192991527
-10.38461538	0.5897435897	1.442077209	1.788378123	1.240140342	4.720243768	4.285827955
-10.38461538	0.641025641	1.474839689	1.827116644	1.238857794	4.827482752	4.378664383
-10.38461538	0.6923076923	1.50760217	1.865855165	1.237630989	4.934721736	4.47150081
-10.38461538	0.7435897436	1.54036465	1.904593686	1.236456371	5.04196072	4.564337238
-10.38461538	0.7948717949	1.573127131	1.943332207	1.235330679	5.149199704	4.657173666
-10.38461538	0.8461538462	1.605889611	1.982070728	1.234250918	5.256438688	4.750010094
-10.38461538	0.8974358974	1.638652092	2.020809249	1.233214334	5.363677672	4.842846521
-10.38461538	0.9487179487	1.671414572	2.05954777	1.232218388	5.470916656	4.935682949
-10.38461538	1	1.704177053	2.098286291	1.231260735	5.57815564	5.028519377
-9.871794872	-1	0.3889193425	0.541774935	1.39302646	1.273020676	1.298357507
-9.871794872	-0.9487179487	0.421681823	0.580513456	1.376662271	1.38025966	1.391193935
-9.871794872	-0.8974358974	0.4544443036	0.619251977	1.362657585	1.487498644	1.484030363
-9.871794872	-0.8461538462	0.4872067841	0.6579904981	1.350536404	1.594737628	1.576866791
-9.871794872	-0.7948717949	0.5199692647	0.6967290191	1.339942697	1.701976612	1.669703218
-9.871794872	-0.7435897436	0.5527317452	0.7354675401	1.330604849	1.809215596	1.762539646
-9.871794872	-0.6923076923	0.5854942258	0.7742060612	1.322312035	1.91645458	1.855376074
-9.871794872	-0.641025641	0.6182567063	0.8129445822	1.314898122	2.023693563	1.948212502
-9.871794872	-0.5897435897	0.6510191868	0.8516831032	1.308230418	2.130932547	2.04104893
-9.871794872	-0.5384615385	0.6837816674	0.8904216243	1.302201663	2.238171531	2.133885357
-9.871794872	-0.4871794872	0.7165441479	0.9291601453	1.296724212	2.345410515	2.226721785
-9.871794872	-0.4358974359	0.7493066285	0.9678986663	1.29172575	2.452649499	2.319558213
-9.871794872	-0.3846153846	0.782069109	1.006637187	1.287146079	2.559888483	2.412394641
-9.871794872	-0.3333333333	0.8148315895	1.045375708	1.282934685	2.667127467	2.505231068
-9.871794872	-0.2820512821	0.8475940701	1.084114229	1.27904886	2.774366451	2.598067496
-9.871794872	-0.2307692308	0.8803565506	1.12285275	1.275452258	2.881605435	2.690903924
-9.871794872	-0.1794871795	0.9131190312	1.161591271	1.272113746	2.988844419	2.783740352
-9.871794872	-0.1282051282	0.9458815117	1.200329793	1.269006506	3.096083403	2.876576779
-9.871794872	-0.07692307692	0.9786439922	1.239068314	1.266107311	3.203322387	2.969413207
-9.871794872	-0.02564102564	1.011406473	1.277806835	1.263395943	3.310561371	3.062249635
-9.871794872	0.02564102564	1.044168953	1.316545356	1.260854722	3.417800355	3.155086063
-9.871794872	0.07692307692	1.076931434	1.355283877	1.25846812	3.525039339	3.24792249
-9.871794872	0.1282051282	1.109693914	1.394022398	1.256222441	3.632278323	3.340758918
-9.871794872	0.1794871795	1.142456395	1.432760919	1.254105562	3.739517306	3.433595346
-9.871794872	0.2307692308	1.175218875	1.47149944	1.25210671	3.84675629	3.526431774
-9.871794872	0.2820512821	1.207981356	1.510237961	1.250216283	3.953995274	3.619268201
-9.871794872	0.3333333333	1.240743837	1.548976482	1.248425691	4.061234258	3.712104629
-9.871794872	0.3846153846	1.273506317	1.587715003	1.24672723	4.168473242	3.804941057
-9.871794872	0.4358974359	1.306268798	1.626453524	1.245113966	4.275712226	3.897777485
-9.871794872	0.4871794872	1.339031278	1.665192045	1.243579647	4.38295121	3.990613912
-9.871794872	0.5384615385	1.371793759	1.703930566	1.242118617	4.490190194	4.08345034
-9.871794872	0.5897435897	1.404556239	1.742669087	1.240725745	4.597429178	4.176286768
-9.871794872	0.641025641	1.43731872	1.781407608	1.239396373	4.704668162	4.269123196
-9.871794872	0.6923076923	1.4700812	1.820146129	1.238126254	4.811907146	4.361959623
-9.871794872	0.7435897436	1.502843681	1.85888465	1.236911512	4.91914613	4.454796051
-9.871794872	0.7948717949	1.535606161	1.897623171	1.235748605	5.026385114	4.547632479
-9.871794872	0.8461538462	1.568368642	1.936361692	1.234634282	5.133624098	4.640468907
-9.871794872	0.8974358974	1.601131123	1.975100213	1.233565562	5.240863082	4.733305334
-9.871794872	0.9487179487	1.633893603	2.013838734	1.232539702	5.348102066	4.826141762
-9.871794872	1	1.666656084	2.052577255	1.231554173	5.455341049	4.91897819
-9.358974359	-1	0.3513983732	0.4960658994	1.411690939	1.150206086	1.188816321
-9.358974359	-0.9487179487	0.3841608537	0.5348044205	1.392136693	1.25744507	1.281652748
-9.358974359	-0.8974358974	0.4169233343	0.5735429415	1.375655653	1.364684054	1.374489176
-9.358974359	-0.8461538462	0.4496858148	0.6122814625	1.36157611	1.471923037	1.467325604
-9.358974359	-0.7948717949	0.4824482954	0.6510199836	1.349408817	1.579162021	1.560162032
-9.358974359	-0.7435897436	0.5152107759	0.6897585046	1.338788971	1.686401005	1.652998459
-9.358974359	-0.6923076923	0.5479732565	0.7284970256	1.329439014	1.793639989	1.745834887
-9.358974359	-0.641025641	0.580735737	0.7672355467	1.321144021	1.900878973	1.838671315
-9.358974359	-0.5897435897	0.6134982175	0.8059740677	1.313734979	2.008117957	1.931507743
-9.358974359	-0.5384615385	0.6462606981	0.8447125887	1.307077146	2.115356941	2.02434417
-9.358974359	-0.4871794872	0.6790231786	0.8834511098	1.301061786	2.222595925	2.117180598
-9.358974359	-0.4358974359	0.7117856592	0.9221896308	1.295600184	2.329834909	2.210017026
-9.358974359	-0.3846153846	0.7445481397	0.9609281518	1.290619237	2.437073893	2.302853454
-9.358974359	-0.3333333333	0.7773106202	0.9996666729	1.286058169	2.544312877	2.395689881
-9.358974359	-0.2820512821	0.8100731008	1.038405194	1.281866035	2.651551861	2.488526309
-9.358974359	-0.2307692308	0.8428355813	1.077143715	1.277999813	2.758790845	2.581362737
-9.358974359	-0.1794871795	0.8755980619	1.115882236	1.274422917	2.866029829	2.674199165
-9.358974359	-0.1282051282	0.9083605424	1.154620757	1.271104042	2.973268813	2.767035592
-9.358974359	-0.07692307692	0.9411230229	1.193359278	1.268016241	3.080507797	2.85987202
-9.358974359	-0.02564102564	0.9738855035	1.232097799	1.265136194	3.18774678	2.952708448
-9.358974359	0.02564102564	1.006647984	1.27083632	1.262443615	3.294985764	3.045544876
-9.358974359	0.07692307692	1.039410465	1.309574841	1.259920778	3.402224748	3.138381303
-9.358974359	0.1282051282	1.072172945	1.348313362	1.257552122	3.509463732	3.231217731
-9.358974359	0.1794871795	1.104935426	1.387051883	1.255323932	3.616702716	3.324054159
-9.358974359	0.2307692308	1.137697906	1.425790404	1.253224073	3.7239417	3.416890587
-9.358974359	0.2820512821	1.170460387	1.464528925	1.251241769	3.831180684	3.509727014
-9.358974359	0.3333333333	1.203222867	1.503267446	1.249367417	3.938419668	3.602563442
-9.358974359	0.3846153846	1.235985348	1.542005967	1.247592433	4.045658652	3.69539987
-9.358974359	0.4358974359	1.268747828	1.580744488	1.245909118	4.152897636	3.788236298
-9.358974359	0.4871794872	1.301510309	1.619483009	1.244310551	4.26013662	3.881072725
-9.358974359	0.5384615385	1.334272789	1.65822153	1.242790487	4.367375604	3.973909153
-9.358974359	0.5897435897	1.36703527	1.696960051	1.241343284	4.474614588	4.066745581
-9.358974359	0.641025641	1.399797751	1.735698572	1.239963825	4.581853572	4.159582009
-9.358974359	0.6923076923	1.432560231	1.774437094	1.238647461	4.689092556	4.252418436
-9.358974359	0.7435897436	1.465322712	1.813175615	1.237389962	4.79633154	4.345254864
-9.358974359	0.7948717949	1.498085192	1.851914136	1.236187465	4.903570523	4.438091292
-9.358974359	0.8461538462	1.530847673	1.890652657	1.235036438	5.010809507	4.53092772
-9.358974359	0.8974358974	1.563610153	1.929391178	1.233933646	5.118048491	4.623764147
-9.358974359	0.9487179487	1.596372634	1.968129699	1.23287612	5.225287475	4.716600575
-9.358974359	1	1.629135114	2.00686822	1.231861128	5.332526459	4.809437003
-8.846153846	-1	0.3138774039	0.4503568639	1.434817729	1.027391495	1.079275134
-8.846153846	-0.9487179487	0.3466398844	0.489095385	1.410961078	1.134630479	1.172111561
-8.846153846	-0.8974358974	0.379402365	0.527833906	1.391224607	1.241869463	1.264947989
-8.846153846	-0.8461538462	0.4121648455	0.566572427	1.374625792	1.349108447	1.357784417
-8.846153846	-0.7948717949	0.4449273261	0.6053109481	1.360471503	1.456347431	1.450620845
-8.846153846	-0.7435897436	0.4776898066	0.6440494691	1.348258766	1.563586415	1.543457272
-8.846153846	-0.6923076923	0.5104522872	0.6827879901	1.337613735	1.670825399	1.6362937
-8.846153846	-0.641025641	0.5432147677	0.7215265111	1.328252754	1.778064383	1.729130128
-8.846153846	-0.5897435897	0.5759772482	0.7602650322	1.319956708	1.885303367	1.821966556
-8.846153846	-0.5384615385	0.6087397288	0.7990035532	1.312553651	1.992542351	1.914802983
-8.846153846	-0.4871794872	0.6415022093	0.8377420742	1.305906764	2.099781335	2.007639411
-8.846153846	-0.4358974359	0.6742646899	0.8764805953	1.299905821	2.207020319	2.100475839
-8.846153846	-0.3846153846	0.7070271704	0.9152191163	1.294461026	2.314259303	2.193312267
-8.846153846	-0.3333333333	0.7397896509	0.9539576373	1.289498489	2.421498287	2.286148694
-8.846153846	-0.2820512821	0.7725521315	0.9926961584	1.284956857	2.528737271	2.378985122
-8.846153846	-0.2307692308	0.805314612	1.031434679	1.280784757	2.635976254	2.47182155
-8.846153846	-0.1794871795	0.8380770926	1.0701732	1.276938852	2.743215238	2.564657978
-8.846153846	-0.1282051282	0.8708395731	1.108911721	1.273382326	2.850454222	2.657494405
-8.846153846	-0.07692307692	0.9036020536	1.147650243	1.270083703	2.957693206	2.750330833
-8.846153846	-0.02564102564	0.9363645342	1.186388764	1.267015911	3.06493219	2.843167261
-8.846153846	0.02564102564	0.9691270147	1.225127285	1.26415554	3.172171174	2.936003689
-8.846153846	0.07692307692	1.001889495	1.263865806	1.261482241	3.279410158	3.028840116
-8.846153846	0.1282051282	1.034651976	1.302604327	1.258978243	3.386649142	3.121676544
-8.846153846	0.1794871795	1.067414456	1.341342848	1.256627957	3.493888126	3.214512972
-8.846153846	0.2307692308	1.100176937	1.380081369	1.254417651	3.60112711	3.3073494
-8.846153846	0.2820512821	1.132939417	1.41881989	1.25233518	3.708366094	3.400185827
-8.846153846	0.3333333333	1.165701898	1.457558411	1.250369767	3.815605078	3.493022255
-8.846153846	0.3846153846	1.198464379	1.496296932	1.248511811	3.922844062	3.585858683
-8.846153846	0.4358974359	1.231226859	1.535035453	1.246752734	4.030083046	3.678695111
-8.846153846	0.4871794872	1.26398934	1.573773974	1.245084847	4.13732203	3.771531538
-8.846153846	0.5384615385	1.29675182	1.612512495	1.243501239	4.244561014	3.864367966
-8.846153846	0.5897435897	1.329514301	1.651251016	1.241995678	4.351799997	3.957204394
-8.846153846	0.641025641	1.362276781	1.689989537	1.240562535	4.459038981	4.050040822
-8.846153846	0.6923076923	1.395039262	1.728728058	1.239196706	4.566277965	4.14287725
-8.846153846	0.7435897436	1.427801742	1.767466579	1.237893558	4.673516949	4.235713677
-8.846153846	0.7948717949	1.460564223	1.8062051	1.236648873	4.780755933	4.328550105
-8.846153846	0.8461538462	1.493326703	1.844943621	1.235458803	4.887994917	4.421386533
-8.846153846	0.8974358974	1.526089184	1.883682142	1.23431983	4.995233901	4.514222961
-8.846153846	0.9487179487	1.558851664	1.922420663	1.233228733	5.102472885	4.607059388
-8.846153846	1	1.591614145	1.961159184	1.232182555	5.209711869	4.699895816
-8.333333333	-1	0.2763564346	0.4046478284	1.464224377	0.9045769051	0.9697339466
-8.333333333	-0.9487179487	0.3091189152	0.4433863494	1.434355284	1.011815889	1.062570374
-8.333333333	-0.8974358974	0.3418813957	0.4821248705	1.410210899	1.119054873	1.155406802
-8.333333333	-0.8461538462	0.3746438762	0.5208633915	1.390289351	1.226293857	1.24824323
-8.333333333	-0.7948717949	0.4074063568	0.5596019125	1.373571873	1.333532841	1.341079658
-8.333333333	-0.7435897436	0.4401688373	0.5983404336	1.359343013	1.440771825	1.433916085
-8.333333333	-0.6923076923	0.4729313179	0.6370789546	1.347085571	1.548010809	1.526752513
-8.333333333	-0.641025641	0.5056937984	0.6758174756	1.33641638	1.655249793	1.619588941
-8.333333333	-0.5897435897	0.5384562789	0.7145559967	1.327045527	1.762488777	1.712425369
-8.333333333	-0.5384615385	0.5712187595	0.7532945177	1.318749612	1.869727761	1.805261796
-8.333333333	-0.4871794872	0.60398124	0.7920330387	1.311353708	1.976966744	1.898098224
-8.333333333	-0.4358974359	0.6367437206	0.8307715598	1.304718889	2.084205728	1.990934652
-8.333333333	-0.3846153846	0.6695062011	0.8695100808	1.298733424	2.191444712	2.08377108
-8.333333333	-0.3333333333	0.7022686816	0.9082486018	1.29330643	2.298683696	2.176607507
-8.333333333	-0.2820512821	0.7350311622	0.9469871228	1.288363231	2.40592268	2.269443935
-8.333333333	-0.2307692308	0.7677936427	0.9857256439	1.283841893	2.513161664	2.362280363
-8.333333333	-0.1794871795	0.8005561233	1.024464165	1.279690624	2.620400648	2.455116791
-8.333333333	-0.1282051282	0.8333186038	1.063202686	1.275865775	2.727639632	2.547953218
-8.333333333	-0.07692307692	0.8660810843	1.101941207	1.272330301	2.834878616	2.640789646
-8.333333333	-0.02564102564	0.8988435649	1.140679728	1.269052561	2.9421176	2.733626074
-8.333333333	0.02564102564	0.9316060454	1.179418249	1.266005362	3.049356584	2.826462502
-8.333333333	0.07692307692	0.964368526	1.21815677	1.263165208	3.156595568	2.919298929
-8.333333333	0.1282051282	0.9971310065	1.256895291	1.260511691	3.263834552	3.012135357
-8.333333333	0.1794871795	1.029893487	1.295633812	1.258026998	3.371073536	3.104971785
-8.333333333	0.2307692308	1.062655968	1.334372333	1.255695516	3.47831252	3.197808213
-8.333333333	0.2820512821	1.095418448	1.373110854	1.253503496	3.585551504	3.290644641
-8.333333333	0.3333333333	1.128180929	1.411849375	1.251438789	3.692790487	3.383481068
-8.333333333	0.3846153846	1.160943409	1.450587896	1.249490617	3.800029471	3.476317496
-8.333333333	0.4358974359	1.19370589	1.489326417	1.247649383	3.907268455	3.569153924
-8.333333333	0.4871794872	1.22646837	1.528064938	1.245906519	4.014507439	3.661990352
-8.333333333	0.5384615385	1.259230851	1.566803459	1.244254346	4.121746423	3.754826779
-8.333333333	0.5897435897	1.291993331	1.60554198	1.242685965	4.228985407	3.847663207
-8.333333333	0.641025641	1.324755812	1.644280501	1.24119516	4.336224391	3.940499635
-8.333333333	0.6923076923	1.357518292	1.683019022	1.239776312	4.443463375	4.033336063
-8.333333333	0.7435897436	1.390280773	1.721757543	1.238424336	4.550702359	4.12617249
-8.333333333	0.7948717949	1.423043254	1.760496065	1.237134613	4.657941343	4.219008918
-8.333333333	0.8461538462	1.455805734	1.799234586	1.235902939	4.765180327	4.311845346
-8.333333333	0.8974358974	1.488568215	1.837973107	1.234725482	4.872419311	4.404681774
-8.333333333	0.9487179487	1.521330695	1.876711628	1.233598739	4.979658295	4.497518201
-8.333333333	1	1.554093176	1.915450149	1.232519503	5.086897279	4.590354629
-7.820512821	-1	0.2388354653	0.3589387929	1.502870574	0.7817623148	0.8601927597
-7.820512821	-0.9487179487	0.2715979459	0.3976773139	1.464213261	0.8890012988	0.9530291874
-7.820512821	-0.8974358974	0.3043604264	0.4364158349	1.433878379	0.9962402827	1.045865615
-7.820512821	-0.8461538462	0.3371229069	0.475154356	1.409439543	1.103479267	1.138702043
-7.820512821	-0.7948717949	0.3698853875	0.513892877	1.389330031	1.210718251	1.231538471
-7.820512821	-0.7435897436	0.402647868	0.552631398	1.372493044	1.317957235	1.324374898
-7.820512821	-0.6923076923	0.4354103486	0.5913699191	1.358189857	1.425196218	1.417211326
-7.820512821	-0.641025641	0.4681728291	0.6301084401	1.345888529	1.532435202	1.510047754
-7.820512821	-0.5897435897	0.5009353096	0.6688469611	1.335196278	1.639674186	1.602884182
-7.820512821	-0.5384615385	0.5336977902	0.7075854822	1.325816773	1.74691317	1.695720609
-7.820512821	-0.4871794872	0.5664602707	0.7463240032	1.317522237	1.854152154	1.788557037
-7.820512821	-0.4358974359	0.5992227513	0.7850625242	1.310134708	1.961391138	1.881393465
-7.820512821	-0.3846153846	0.6319852318	0.8238010453	1.303513126	2.068630122	1.974229893
-7.820512821	-0.3333333333	0.6647477123	0.8625395663	1.297544242	2.175869106	2.067066321
-7.820512821	-0.2820512821	0.6975101929	0.9012780873	1.292136081	2.28310809	2.159902748
-7.820512821	-0.2307692308	0.7302726734	0.9400166084	1.287213177	2.390347074	2.252739176
-7.820512821	-0.1794871795	0.763035154	0.9787551294	1.282713024	2.497586058	2.345575604
-7.820512821	-0.1282051282	0.7957976345	1.01749365	1.278583407	2.604825042	2.438412032
-7.820512821	-0.07692307692	0.8285601151	1.056232171	1.274780372	2.712064026	2.531248459
-7.820512821	-0.02564102564	0.8613225956	1.094970692	1.271266652	2.81930301	2.624084887
-7.820512821	0.02564102564	0.8940850761	1.133709214	1.268010443	2.926541994	2.716921315
-7.820512821	0.07692307692	0.9268475567	1.172447735	1.264984437	3.033780978	2.809757743
-7.820512821	0.1282051282	0.9596100372	1.211186256	1.262165055	3.141019961	2.90259417
-7.820512821	0.1794871795	0.9923725178	1.249924777	1.259531833	3.248258945	2.995430598
-7.820512821	0.2307692308	1.025134998	1.288663298	1.257066923	3.355497929	3.088267026
-7.820512821	0.2820512821	1.057897479	1.327401819	1.254754686	3.462736913	3.181103454
-7.820512821	0.3333333333	1.090659959	1.36614034	1.252581364	3.569975897	3.273939881
-7.820512821	0.3846153846	1.12342244	1.404878861	1.250534804	3.677214881	3.366776309
-7.820512821	0.4358974359	1.15618492	1.443617382	1.24860423	3.784453865	3.459612737
-7.820512821	0.4871794872	1.188947401	1.482355903	1.246780052	3.891692849	3.552449165
-7.820512821	0.5384615385	1.221709882	1.521094424	1.245053713	3.998931833	3.645285592
-7.820512821	0.5897435897	1.254472362	1.559832945	1.243417545	4.106170817	3.73812202
-7.820512821	0.641025641	1.287234843	1.598571466	1.241864664	4.213409801	3.830958448
-7.820512821	0.6923076923	1.319997323	1.637309987	1.240388869	4.320648785	3.923794876
-7.820512821	0.7435897436	1.352759804	1.676048508	1.238984558	4.427887769	4.016631303
-7.820512821	0.7948717949	1.385522284	1.714787029	1.237646661	4.535126753	4.109467731
-7.820512821	0.8461538462	1.418284765	1.75352555	1.236370575	4.642365737	4.202304159
-7.820512821	0.8974358974	1.451047245	1.792264071	1.235152113	4.749604721	4.295140587
-7.820512821	0.9487179487	1.483809726	1.831002592	1.233987458	4.856843704	4.387977014
-7.820512821	1	1.516572206	1.869741113	1.232873123	4.964082688	4.480813442
-7.307692308	-1	0.201314496	0.3132297573	1.555922517	0.6589477246	0.7506515727
-7.307692308	-0.9487179487	0.2340769766	0.3519682784	1.503643304	0.7661867085	0.8434880005
-7.307692308	-0.8974358974	0.2668394571	0.3907067994	1.464201748	0.8734256925	0.9363244283
-7.307692308	-0.8461538462	0.2996019376	0.4294453204	1.433386325	0.9806646764	1.029160856
-7.307692308	-0.7948717949	0.3323644182	0.4681838415	1.4086461	1.08790366	1.121997284
-7.307692308	-0.7435897436	0.3651268987	0.5069223625	1.388345707	1.195142644	1.214833712
-7.307692308	-0.6923076923	0.3978893793	0.5456608835	1.371388411	1.302381628	1.307670139
-7.307692308	-0.641025641	0.4306518598	0.5843994046	1.357011217	1.409620612	1.400506567
-7.307692308	-0.5897435897	0.4634143403	0.6231379256	1.344666903	1.516859596	1.493342995
-7.307692308	-0.5384615385	0.4961768209	0.6618764466	1.333952774	1.62409858	1.586179423
-7.307692308	-0.4871794872	0.5289393014	0.7006149677	1.324565911	1.731337564	1.67901585
-7.307692308	-0.4358974359	0.561701782	0.7393534887	1.316274066	1.838576548	1.771852278
-7.307692308	-0.3846153846	0.5944642625	0.7780920097	1.308896192	1.945815532	1.864688706
-7.307692308	-0.3333333333	0.627226743	0.8168305308	1.302289068	2.053054516	1.957525134
-7.307692308	-0.2820512821	0.6599892236	0.8555690518	1.296337912	2.1602935	2.050361561
-7.307692308	-0.2307692308	0.6927517041	0.8943075728	1.290949654	2.267532484	2.143197989
-7.307692308	-0.1794871795	0.7255141847	0.9330460939	1.286048038	2.374771468	2.236034417
-7.307692308	-0.1282051282	0.7582766652	0.9717846149	1.281569986	2.482010452	2.328870845
-7.307692308	-0.07692307692	0.7910391458	1.010523136	1.277462868	2.589249435	2.421707272
-7.307692308	-0.02564102564	0.8238016263	1.049261657	1.27368243	2.696488419	2.5145437
-7.307692308	0.02564102564	0.8565641068	1.088000178	1.270191185	2.803727403	2.607380128
-7.307692308	0.07692307692	0.8893265874	1.126738699	1.266957173	2.910966387	2.700216556
-7.307692308	0.1282051282	0.9220890679	1.16547722	1.263952974	3.018205371	2.793052983
-7.307692308	0.1794871795	0.9548515485	1.204215741	1.261154933	3.125444355	2.885889411
-7.307692308	0.2307692308	0.987614029	1.242954262	1.258542533	3.232683339	2.978725839
-7.307692308	0.2820512821	1.02037651	1.281692783	1.256097892	3.339922323	3.071562267
-7.307692308	0.3333333333	1.05313899	1.320431304	1.253805354	3.447161307	3.164398694
-7.307692308	0.3846153846	1.085901471	1.359169825	1.251651151	3.554400291	3.257235122
-7.307692308	0.4358974359	1.118663951	1.397908346	1.249623128	3.661639275	3.35007155
-7.307692308	0.4871794872	1.151426432	1.436646867	1.247710516	3.768878259	3.442907978
-7.307692308	0.5384615385	1.184188912	1.475385388	1.245903735	3.876117243	3.535744405
-7.307692308	0.5897435897	1.216951393	1.514123909	1.244194237	3.983356227	3.628580833
-7.307692308	0.641025641	1.249713873	1.55286243	1.242574371	4.090595211	3.721417261
-7.307692308	0.6923076923	1.282476354	1.591600951	1.241037269	4.197834195	3.814253689
-7.307692308	0.7435897436	1.315238834	1.630339472	1.239576744	4.305073178	3.907090116
-7.307692308	0.7948717949	1.348001315	1.669077993	1.238187215	4.412312162	3.999926544
-7.307692308	0.8461538462	1.380763795	1.707816515	1.236863626	4.519551146	4.092762972
-7.307692308	0.8974358974	1.413526276	1.746555036	1.235601393	4.62679013	4.1855994
-7.307692308	0.9487179487	1.446288757	1.785293557	1.234396346	4.734029114	4.278435827
-7.307692308	1	1.479051237	1.824032078	1.233244685	4.841268098	4.371272255
-6.794871795	-1	0.1637935267	0.2675207218	1.633280186	0.5361331343	0.6411103858
-6.794871795	-0.9487179487	0.1965560073	0.3062592429	1.558127107	0.6433721182	0.7339468136
-6.794871795	-0.8974358974	0.2293184878	0.3449977639	1.504448103	0.7506111022	0.8267832413
-6.794871795	-0.8461538462	0.2620809683	0.3837362849	1.464189816	0.8578500861	0.9196196691
-6.794871795	-0.7948717949	0.2948434489	0.4224748059	1.432878389	0.9650890701	1.012456097
-6.794871795	-0.7435897436	0.3276059294	0.461213327	1.407829607	1.072328054	1.105292525
-6.794871795	-0.6923076923	0.36036841	0.499951848	1.387335388	1.179567038	1.198128952
-6.794871795	-0.641025641	0.3931308905	0.538690369	1.370257037	1.286806022	1.29096538
-6.794871795	-0.5897435897	0.425893371	0.5774288901	1.35580624	1.394045006	1.383801808
-6.794871795	-0.5384615385	0.4586558516	0.6161674111	1.343419928	1.50128399	1.476638236
-6.794871795	-0.4871794872	0.4914183321	0.6549059321	1.332685188	1.608522974	1.569474663
-6.794871795	-0.4358974359	0.5241808127	0.6936444532	1.323292338	1.715761958	1.662311091
-6.794871795	-0.3846153846	0.5569432932	0.7323829742	1.315004567	1.823000942	1.755147519
-6.794871795	-0.3333333333	0.5897057737	0.7711214952	1.307637689	1.930239925	1.847983947
-6.794871795	-0.2820512821	0.6224682543	0.8098600163	1.301046295	2.037478909	1.940820374
-6.794871795	-0.2307692308	0.6552307348	0.8485985373	1.29511406	2.144717893	2.033656802
-6.794871795	-0.1794871795	0.6879932154	0.8873370583	1.289746815	2.251956877	2.12649323
-6.794871795	-0.1282051282	0.7207556959	0.9260755794	1.284867514	2.359195861	2.219329658
-6.794871795	-0.07692307692	0.7535181765	0.9648141004	1.280412511	2.466434845	2.312166085
-6.794871795	-0.02564102564	0.786280657	1.003552621	1.276328767	2.573673829	2.405002513
-6.794871795	0.02564102564	0.8190431375	1.042291142	1.27257173	2.680912813	2.497838941
-6.794871795	0.07692307692	0.8518056181	1.081029663	1.269103702	2.788151797	2.590675369
-6.794871795	0.1282051282	0.8845680986	1.119768185	1.265892571	2.895390781	2.683511796
-6.794871795	0.1794871795	0.9173305792	1.158506706	1.262910811	3.002629765	2.776348224
-6.794871795	0.2307692308	0.9500930597	1.197245227	1.260134694	3.109868749	2.869184652
-6.794871795	0.2820512821	0.9828555402	1.235983748	1.257543654	3.217107733	2.96202108
-6.794871795	0.3333333333	1.015618021	1.274722269	1.255119782	3.324346717	3.054857507
-6.794871795	0.3846153846	1.048380501	1.31346079	1.252847404	3.431585701	3.147693935
-6.794871795	0.4358974359	1.081142982	1.352199311	1.250712749	3.538824685	3.240530363
-6.794871795	0.4871794872	1.113905462	1.390937832	1.248703664	3.646063668	3.333366791
-6.794871795	0.5384615385	1.146667943	1.429676353	1.246809385	3.753302652	3.426203218
-6.794871795	0.5897435897	1.179430423	1.468414874	1.245020346	3.860541636	3.519039646
-6.794871795	0.641025641	1.212192904	1.507153395	1.243328013	3.96778062	3.611876074
-6.794871795	0.6923076923	1.244955385	1.545891916	1.241724752	4.075019604	3.704712502
-6.794871795	0.7435897436	1.277717865	1.584630437	1.24020371	4.182258588	3.797548929
-6.794871795	0.7948717949	1.310480346	1.623368958	1.238758722	4.289497572	3.890385357
-6.794871795	0.8461538462	1.343242826	1.662107479	1.237384222	4.396736556	3.983221785
-6.794871795	0.8974358974	1.376005307	1.700846	1.236075175	4.50397554	4.076058213
-6.794871795	0.9487179487	1.408767787	1.739584521	1.234827015	4.611214524	4.168894641
-6.794871795	1	1.441530268	1.778323042	1.23363559	4.718453508	4.261731068
-6.282051282	-1	0.1262725574	0.2218116863	1.75661039	0.413318544	0.5315691988
-6.282051282	-0.9487179487	0.159035038	0.2605502073	1.638319522	0.520557528	0.6244056266
-6.282051282	-0.8974358974	0.1917975185	0.2992887284	1.560441088	0.6277965119	0.7172420544
-6.282051282	-0.8461538462	0.224559999	0.3380272494	1.505287009	0.7350354958	0.8100784821
-6.282051282	-0.7948717949	0.2573224796	0.3767657704	1.464177444	0.8422744798	0.9029149099
-6.282051282	-0.7435897436	0.2900849601	0.4155042915	1.432353788	0.9495134637	0.9957513376
-6.282051282	-0.6923076923	0.3228474407	0.4542428125	1.406989046	1.056752448	1.088587765
-6.282051282	-0.641025641	0.3556099212	0.4929813335	1.386298031	1.163991432	1.181424193
-6.282051282	-0.5897435897	0.3883724017	0.5317198546	1.369097938	1.271230416	1.274260621
-6.282051282	-0.5384615385	0.4211348823	0.5704583756	1.354574032	1.378469399	1.367097049
-6.282051282	-0.4871794872	0.4538973628	0.6091968966	1.342146808	1.485708383	1.459933476
-6.282051282	-0.4358974359	0.4866598434	0.6479354176	1.331392813	1.592947367	1.552769904
-6.282051282	-0.3846153846	0.5194223239	0.6866739387	1.32199543	1.700186351	1.645606332
-6.282051282	-0.3333333333	0.5521848045	0.7254124597	1.313713188	1.807425335	1.73844276
-6.282051282	-0.2820512821	0.584947285	0.7641509807	1.30635871	1.914664319	1.831279187
-6.282051282	-0.2307692308	0.6177097655	0.8028895018	1.299784375	2.021903303	1.924115615
-6.282051282	-0.1794871795	0.6504722461	0.8416280228	1.293872303	2.129142287	2.016952043
-6.282051282	-0.1282051282	0.6832347266	0.8803665438	1.288527221	2.236381271	2.109788471
-6.282051282	-0.07692307692	0.7159972072	0.9191050649	1.283671299	2.343620255	2.202624898
-6.282051282	-0.02564102564	0.7487596877	0.9578435859	1.279240325	2.450859239	2.295461326
-6.282051282	0.02564102564	0.7815221682	0.9965821069	1.275180855	2.558098223	2.388297754
-6.282051282	0.07692307692	0.8142846488	1.035320628	1.271448049	2.665337207	2.481134182
-6.282051282	0.1282051282	0.8470471293	1.074059149	1.268004001	2.772576191	2.573970609
-6.282051282	0.1794871795	0.8798096099	1.11279767	1.264816453	2.879815175	2.666807037
-6.282051282	0.2307692308	0.9125720904	1.151536191	1.261857779	2.987054159	2.759643465
-6.282051282	0.2820512821	0.9453345709	1.190274712	1.259104182	3.094293142	2.852479893
-6.282051282	0.3333333333	0.9780970515	1.229013233	1.256535056	3.201532126	2.94531632
-6.282051282	0.3846153846	1.010859532	1.267751754	1.254132463	3.30877111	3.038152748
-6.282051282	0.4358974359	1.043622013	1.306490275	1.251880719	3.416010094	3.130989176
-6.282051282	0.4871794872	1.076384493	1.345228796	1.24976605	3.523249078	3.223825604
-6.282051282	0.5384615385	1.109146974	1.383967317	1.247776309	3.630488062	3.316662032
-6.282051282	0.5897435897	1.141909454	1.422705838	1.245900744	3.737727046	3.409498459
-6.282051282	0.641025641	1.174671935	1.461444359	1.2441298	3.84496603	3.502334887
-6.282051282	0.6923076923	1.207434415	1.50018288	1.242454962	3.952205014	3.595171315
-6.282051282	0.7435897436	1.240196896	1.538921401	1.240868613	4.059443998	3.688007743
-6.282051282	0.7948717949	1.272959376	1.577659922	1.23936392	4.166682982	3.78084417
-6.282051282	0.8461538462	1.305721857	1.616398443	1.237934737	4.273921966	3.873680598
-6.282051282	0.8974358974	1.338484337	1.655136964	1.236575519	4.38116095	3.966517026
-6.282051282	0.9487179487	1.371246818	1.693875486	1.235281252	4.488399934	4.059353454
-6.282051282	1	1.404009299	1.732614007	1.234047387	4.595638918	4.152189881
-5.769230769	-1	0.08875158812	0.1761026508	1.984219714	0.2905039538	0.4220280119
-5.769230769	-0.9487179487	0.1215140687	0.2148411718	1.768035374	0.3977429377	0.5148644397
-5.769230769	-0.8974358974	0.1542765492	0.2535796928	1.643669723	0.5049819216	0.6077008674
-5.769230769	-0.8461538462	0.1870390297	0.2923182139	1.562872809	0.6122209056	0.7005372952
-5.769230769	-0.7948717949	0.2198015103	0.3310567349	1.506162239	0.7194598895	0.7933737229
-5.769230769	-0.7435897436	0.2525639908	0.3697952559	1.464164605	0.8266988735	0.8862101507
-5.769230769	-0.6923076923	0.2853264714	0.408533777	1.431811689	0.9339378574	0.9790465784
-5.769230769	-0.641025641	0.3180889519	0.447272298	1.406123335	1.041176841	1.071883006
-5.769230769	-0.5897435897	0.3508514324	0.486010819	1.385232535	1.148415825	1.164719434
-5.769230769	-0.5384615385	0.383613913	0.5247493401	1.367910084	1.255654809	1.257555862
-5.769230769	-0.4871794872	0.4163763935	0.5634878611	1.35331366	1.362893793	1.350392289
-5.769230769	-0.4358974359	0.4491388741	0.6022263821	1.340846711	1.470132777	1.443228717
-5.769230769	-0.3846153846	0.4819013546	0.6409649032	1.330074915	1.577371761	1.536065145
-5.769230769	-0.3333333333	0.5146638352	0.6797034242	1.320674541	1.684610745	1.628901573
-5.769230769	-0.2820512821	0.5474263157	0.7184419452	1.312399358	1.791849729	1.721738
-5.769230769	-0.2307692308	0.5801887962	0.7571804663	1.305058752	1.899088713	1.814574428
-5.769230769	-0.1794871795	0.6129512768	0.7959189873	1.298502862	2.006327697	1.907410856
-5.769230769	-0.1282051282	0.6457137573	0.8346575083	1.292612243	2.113566681	2.000247284
-5.769230769	-0.07692307692	0.6784762379	0.8733960293	1.28729052	2.220805665	2.093083712
-5.769230769	-0.02564102564	0.7112387184	0.9121345504	1.282459077	2.328044649	2.185920139
-5.769230769	0.02564102564	0.7440011989	0.9508730714	1.278053144	2.435283633	2.278756567
-5.769230769	0.07692307692	0.7767636795	0.9896115924	1.274018879	2.542522616	2.371592995
-5.769230769	0.1282051282	0.80952616	1.028350113	1.270311158	2.6497616	2.464429423
-5.769230769	0.1794871795	0.8422886406	1.067088635	1.266891874	2.757000584	2.55726585
-5.769230769	0.2307692308	0.8750511211	1.105827156	1.263728631	2.864239568	2.650102278
-5.769230769	0.2820512821	0.9078136016	1.144565677	1.260793708	2.971478552	2.742938706
-5.769230769	0.3333333333	0.9405760822	1.183304198	1.258063244	3.078717536	2.835775134
-5.769230769	0.3846153846	0.9733385627	1.222042719	1.255516596	3.18595652	2.928611561
-5.769230769	0.4358974359	1.006101043	1.26078124	1.253135804	3.293195504	3.021447989
-5.769230769	0.4871794872	1.038863524	1.299519761	1.250905178	3.400434488	3.114284417
-5.769230769	0.5384615385	1.071626004	1.338258282	1.248810944	3.507673472	3.207120845
-5.769230769	0.5897435897	1.104388485	1.376996803	1.246840964	3.614912456	3.299957272
-5.769230769	0.641025641	1.137150965	1.415735324	1.244984498	3.72215144	3.3927937
-5.769230769	0.6923076923	1.169913446	1.454473845	1.24323201	3.829390424	3.485630128
-5.769230769	0.7435897436	1.202675927	1.493212366	1.241575002	3.936629408	3.578466556
-5.769230769	0.7948717949	1.235438407	1.531950887	1.240005878	4.043868392	3.671302983
-5.769230769	0.8461538462	1.268200888	1.570689408	1.238517827	4.151107376	3.764139411
-5.769230769	0.8974358974	1.300963368	1.609427929	1.237104724	4.258346359	3.856975839
-5.769230769	0.9487179487	1.333725849	1.64816645	1.235761046	4.365585343	3.949812267
-5.769230769	1	1.366488329	1.686904971	1.234481799	4.472824327	4.042648694
-5.256410256	-1	0.05123061882	0.1303936152	2.545228191	0.1676893635	0.312486825
-5.256410256	-0.9487179487	0.08399309936	0.1691321363	2.013643235	0.2749283474	0.4053232527
-5.256410256	-0.8974358974	0.1167555799	0.2078706573	1.780391631	0.3821673314	0.4981596805
-5.256410256	-0.8461538462	0.1495180604	0.2466091783	1.649360469	0.4894063153	0.5909961082
-5.256410256	-0.7948717949	0.182280541	0.2853476994	1.565431493	0.5966452992	0.683832536
-5.256410256	-0.7435897436	0.2150430215	0.3240862204	1.507076203	0.7038842832	0.7766689637
-5.256410256	-0.6923076923	0.2478055021	0.3628247414	1.464151274	0.8111232671	0.8695053915
-5.256410256	-0.641025641	0.2805679826	0.4015632625	1.431251202	0.9183622511	0.9623418192
-5.256410256	-0.5897435897	0.3133304631	0.4403017835	1.40523133	1.025601235	1.055178247
-5.256410256	-0.5384615385	0.3460929437	0.4790403045	1.384137739	1.132840219	1.148014675
-5.256410256	-0.4871794872	0.3788554242	0.5177788256	1.366692391	1.240079203	1.240851103
-5.256410256	-0.4358974359	0.4116179048	0.5565173466	1.352024147	1.347318187	1.33368753
-5.256410256	-0.3846153846	0.4443803853	0.5952558676	1.339518771	1.454557171	1.426523958
-5.256410256	-0.3333333333	0.4771428659	0.6339943887	1.32873073	1.561796155	1.519360386
-5.256410256	-0.2820512821	0.5099053464	0.6727329097	1.319328998	1.669035139	1.612196814
-5.256410256	-0.2307692308	0.5426678269	0.7114714307	1.311062487	1.776274123	1.705033241
-5.256410256	-0.1794871795	0.5754303075	0.7502099518	1.303737294	1.883513106	1.797869669
-5.256410256	-0.1282051282	0.608192788	0.7889484728	1.297201296	1.99075209	1.890706097
-5.256410256	-0.07692307692	0.6409552686	0.8276869938	1.291333474	2.097991074	1.983542525
-5.256410256	-0.02564102564	0.6737177491	0.8664255149	1.28603635	2.205230058	2.076378952
-5.256410256	0.02564102564	0.7064802296	0.9051640359	1.281230526	2.312469042	2.16921538
-5.256410256	0.07692307692	0.7392427102	0.9439025569	1.27685068	2.419708026	2.262051808
-5.256410256	0.1282051282	0.7720051907	0.982641078	1.272842579	2.52694701	2.354888236
-5.256410256	0.1794871795	0.8047676713	1.021379599	1.269160822	2.634185994	2.447724663
-5.256410256	0.2307692308	0.8375301518	1.06011812	1.26576711	2.741424978	2.540561091
-5.256410256	0.2820512821	0.8702926323	1.098856641	1.262628914	2.848663962	2.633397519
-5.256410256	0.3333333333	0.9030551129	1.137595162	1.259718422	2.955902946	2.726233947
-5.256410256	0.3846153846	0.9358175934	1.176333683	1.25701172	3.06314193	2.819070374
-5.256410256	0.4358974359	0.968580074	1.215072204	1.254488128	3.170380914	2.911906802
-5.256410256	0.4871794872	1.001342555	1.253810725	1.252129673	3.277619898	3.00474323
-5.256410256	0.5384615385	1.034105035	1.292549246	1.249920658	3.384858882	3.097579658
-5.256410256	0.5897435897	1.066867516	1.331287767	1.247847317	3.492097866	3.190416085
-5.256410256	0.641025641	1.099629996	1.370026288	1.245897523	3.599336849	3.283252513
-5.256410256	0.6923076923	1.132392477	1.408764809	1.244060552	3.706575833	3.376088941
-5.256410256	0.7435897436	1.165154957	1.44750333	1.242326887	3.813814817	3.468925369
-5.256410256	0.7948717949	1.197917438	1.486241851	1.240688051	3.921053801	3.561761796
-5.256410256	0.8461538462	1.230679918	1.524980372	1.239136472	4.028292785	3.654598224
-5.256410256	0.8974358974	1.263442399	1.563718893	1.237665362	4.135531769	3.747434652
-5.256410256	0.9487179487	1.296204879	1.602457414	1.236268618	4.242770753	3.84027108
-5.256410256	1	1.32896736	1.641195935	1.23494074	4.350009737	3.933107507
-4.743589744	-1	0.01370964952	0.08468457971	6.177005444	0.04487477323	0.202945638
-4.743589744	-0.9487179487	0.04647213006	0.1234231007	2.655852025	0.1521137572	0.2957820658
-4.743589744	-0.8974358974	0.0792346106	0.1621616218	2.046600855	0.2593527411	0.3886184935
-4.743589744	-0.8461538462	0.1119970911	0.2009001428	1.793797863	0.366591725	0.4814549213
-4.743589744	-0.7948717949	0.1447595717	0.2396386638	1.655425345	0.473830709	0.574291349
-4.743589744	-0.7435897436	0.1775220522	0.2783771849	1.568127347	0.5810696929	0.6671277768
-4.743589744	-0.6923076923	0.2102845328	0.3171157059	1.508031531	0.6883086768	0.7599642045
-4.743589744	-0.641025641	0.2430470133	0.3558542269	1.46413742	0.7955476608	0.8528006323
-4.743589744	-0.5897435897	0.2758094938	0.394592748	1.430671376	0.9027866447	0.9456370601
-4.743589744	-0.5384615385	0.3085719744	0.433331269	1.404311814	1.010025629	1.038473488
-4.743589744	-0.4871794872	0.3413344549	0.47206979	1.383012419	1.117264613	1.131309916
-4.743589744	-0.4358974359	0.3740969355	0.5108083111	1.36544372	1.224503597	1.224146343
-4.743589744	-0.3846153846	0.406859416	0.5495468321	1.350704471	1.33174258	1.316982771
-4.743589744	-0.3333333333	0.4396218966	0.5882853531	1.338162084	1.438981564	1.409819199
-4.743589744	-0.2820512821	0.4723843771	0.6270238742	1.327359465	1.546220548	1.502655627
-4.743589744	-0.2307692308	0.5051468576	0.6657623952	1.317958105	1.653459532	1.595492054
-4.743589744	-0.1794871795	0.5379093382	0.7045009162	1.309701963	1.760698516	1.688328482
-4.743589744	-0.1282051282	0.5706718187	0.7432394373	1.302393798	1.8679375	1.78116491
-4.743589744	-0.07692307692	0.6034342993	0.7819779583	1.295879202	1.975176484	1.874001338
-4.743589744	-0.02564102564	0.6361967798	0.8207164793	1.290035576	2.082415468	1.966837765
-4.743589744	0.02564102564	0.6689592603	0.8594550004	1.284764337	2.189654452	2.059674193
-4.743589744	0.07692307692	0.7017217409	0.8981935214	1.279985312	2.296893436	2.152510621
-4.743589744	0.1282051282	0.7344842214	0.9369320424	1.275632635	2.40413242	2.245347049
-4.743589744	0.1794871795	0.767246702	0.9756705635	1.271651688	2.511371404	2.338183476
-4.743589744	0.2307692308	0.8000091825	1.014409084	1.267996801	2.618610388	2.431019904
-4.743589744	0.2820512821	0.832771663	1.053147606	1.264629492	2.725849372	2.523856332
-4.743589744	0.3333333333	0.8655341436	1.091886127	1.261517104	2.833088356	2.61669276
-4.743589744	0.3846153846	0.8982966241	1.130624648	1.258631745	2.94032734	2.709529187
-4.743589744	0.4358974359	0.9310591047	1.169363169	1.255949448	3.047566323	2.802365615
-4.743589744	0.4871794872	0.9638215852	1.20810169	1.253449506	3.154805307	2.895202043
-4.743589744	0.5384615385	0.9965840658	1.246840211	1.251113934	3.262044291	2.988038471
-4.743589744	0.5897435897	1.029346546	1.285578732	1.248927037	3.369283275	3.080874898
-4.743589744	0.641025641	1.062109027	1.324317253	1.246875056	3.476522259	3.173711326
-4.743589744	0.6923076923	1.094871507	1.363055774	1.244945881	3.583761243	3.266547754
-4.743589744	0.7435897436	1.127633988	1.401794295	1.243128808	3.691000227	3.359384182
-4.743589744	0.7948717949	1.160396468	1.440532816	1.24141434	3.798239211	3.452220609
-4.743589744	0.8461538462	1.193158949	1.479271337	1.239794026	3.905478195	3.545057037
-4.743589744	0.8974358974	1.22592143	1.518009858	1.238260317	4.012717179	3.637893465
-4.743589744	0.9487179487	1.25868391	1.556748379	1.23680645	4.119956163	3.730729893
-4.743589744	1	1.291446391	1.5954869	1.23542635	4.227195147	3.82356632
-4.230769231	-1	-0.02381131978	0.03897554419	-1.636849387	-0.07793981704	0.09340445107
-4.230769231	-0.9487179487	0.008951160763	0.07771406522	8.682009773	0.02929916689	0.1862408788
-4.230769231	-0.8974358974	0.0417136413	0.1164525863	2.791714715	0.1365381508	0.2790773066
-4.230769231	-0.8461538462	0.07447612184	0.1551911073	2.083769985	0.2437771348	0.3719137343
-4.230769231	-0.7948717949	0.1072386024	0.1939296283	1.808393843	0.3510161187	0.4647501621
-4.230769231	-0.7435897436	0.1400010829	0.2326681493	1.661902497	0.4582551026	0.5575865898
-4.230769231	-0.6923076923	0.1727635635	0.2714066704	1.570971708	0.5654940866	0.6504230176
-4.230769231	-0.641025641	0.205526044	0.3101451914	1.509031096	0.6727330705	0.7432594454
-4.230769231	-0.5897435897	0.2382885246	0.3488837124	1.464123013	0.7799720545	0.8360958731
-4.230769231	-0.5384615385	0.2710510051	0.3876222335	1.43007119	0.8872110384	0.9289323009
-4.230769231	-0.4871794872	0.3038134856	0.4263607545	1.403363493	0.9944500223	1.021768729
-4.230769231	-0.4358974359	0.3365759662	0.4650992755	1.381855279	1.101689006	1.114605156
-4.230769231	-0.3846153846	0.3693384467	0.5038377966	1.364162873	1.20892799	1.207441584
-4.230769231	-0.3333333333	0.4021009273	0.5425763176	1.34935356	1.316166974	1.300278012
-4.230769231	-0.2820512821	0.4348634078	0.5813148386	1.336775705	1.423405958	1.39311444
-4.230769231	-0.2307692308	0.4676258883	0.6200533597	1.325960292	1.530644942	1.485950867
-4.230769231	-0.1794871795	0.5003883689	0.6587918807	1.316561139	1.637883926	1.578787295
-4.230769231	-0.1282051282	0.5331508494	0.6975304017	1.308317154	1.74512291	1.671623723
-4.230769231	-0.07692307692	0.56591333	0.7362689228	1.301027708	1.852361894	1.764460151
-4.230769231	-0.02564102564	0.5986758105	0.7750074438	1.294536091	1.959600878	1.857296578
-4.230769231	0.02564102564	0.631438291	0.8137459648	1.288718116	2.066839862	1.950133006
-4.230769231	0.07692307692	0.6642007716	0.8524844859	1.283474097	2.174078846	2.042969434
-4.230769231	0.1282051282	0.6969632521	0.8912230069	1.278723095	2.28131783	2.135805862
-4.230769231	0.1794871795	0.7297257327	0.9299615279	1.274398704	2.388556814	2.228642289
-4.230769231	0.2307692308	0.7624882132	0.968700049	1.270445932	2.495795797	2.321478717
-4.230769231	0.2820512821	0.7952506938	1.00743857	1.266818851	2.603034781	2.414315145
-4.230769231	0.3333333333	0.8280131743	1.046177091	1.263478799	2.710273765	2.507151573
-4.230769231	0.3846153846	0.8607756548	1.084915612	1.260393002	2.817512749	2.599988
-4.230769231	0.4358974359	0.8935381354	1.123654133	1.257533494	2.924751733	2.692824428
-4.230769231	0.4871794872	0.9263006159	1.162392654	1.254876262	3.031990717	2.785660856
-4.230769231	0.5384615385	0.9590630965	1.201131175	1.252400577	3.139229701	2.878497284
-4.230769231	0.5897435897	0.991825577	1.239869696	1.250088448	3.246468685	2.971333711
-4.230769231	0.641025641	1.024588058	1.278608217	1.247924186	3.353707669	3.064170139
-4.230769231	0.6923076923	1.057350538	1.317346738	1.245894044	3.460946653	3.157006567
-4.230769231	0.7435897436	1.090113019	1.356085259	1.243985932	3.568185637	3.249842995
-4.230769231	0.7948717949	1.122875499	1.39482378	1.242189166	3.675424621	3.342679423
-4.230769231	0.8461538462	1.15563798	1.433562301	1.240494278	3.782663605	3.43551585
-4.230769231	0.8974358974	1.18840046	1.472300822	1.238892841	3.889902589	3.528352278
-4.230769231	0.9487179487	1.221162941	1.511039343	1.237377333	3.997141573	3.621188706
-4.230769231	1	1.253925421	1.549777864	1.23594102	4.104380557	3.714025134
-3.717948718	-1	-0.06133228908	-0.006733491339	0.1097870541	-0.2007544073	-0.01613673588
-3.717948718	-0.9487179487	-0.02856980854	0.03200502969	-1.120239558	-0.09351542338	0.07669969188
-3.717948718	-0.8974358974	0.004192672005	0.07074355073	16.87314215	0.01372356056	0.1695361196
-3.717948718	-0.8461538462	0.03695515255	0.1094820718	2.962565819	0.1209625445	0.2623725474
-3.717948718	-0.7948717949	0.06971763309	0.1482205928	2.126012979	0.2282015284	0.3552089751
-3.717948718	-0.7435897436	0.1024801136	0.1869591138	1.824345302	0.3354405124	0.4480454029
-3.717948718	-0.6923076923	0.1352425942	0.2256976349	1.668835445	0.4426794963	0.5408818307
-3.717948718	-0.641025641	0.1680050747	0.2644361559	1.573977193	0.5499184802	0.6337182584
-3.717948718	-0.5897435897	0.2007675553	0.3031746769	1.510078043	0.6571574642	0.7265546862
-3.717948718	-0.5384615385	0.2335300358	0.341913198	1.464108018	0.7643964481	0.8193911139
-3.717948718	-0.4871794872	0.2662925163	0.380651719	1.429449555	0.8716354321	0.9122275417
-3.717948718	-0.4358974359	0.2990549969	0.41939024	1.402384994	0.978874416	1.005063969
-3.717948718	-0.3846153846	0.3318174774	0.458128761	1.380664951	1.0861134	1.097900397
-3.717948718	-0.3333333333	0.364579958	0.4968672821	1.362848591	1.193352384	1.190736825
-3.717948718	-0.2820512821	0.3973424385	0.5356058031	1.347970293	1.300591368	1.283573253
-3.717948718	-0.2307692308	0.430104919	0.5743443241	1.33535865	1.407830352	1.37640968
-3.717948718	-0.1794871795	0.4628673996	0.6130828452	1.324532351	1.515069336	1.469246108
-3.717948718	-0.1282051282	0.4956298801	0.6518213662	1.315137348	1.62230832	1.562082536
-3.717948718	-0.07692307692	0.5283923607	0.6905598872	1.306907402	1.729547304	1.654918964
-3.717948718	-0.02564102564	0.5611548412	0.7292984083	1.29963845	1.836786287	1.747755391
-3.717948718	0.02564102564	0.5939173217	0.7680369293	1.293171459	1.944025271	1.840591819
-3.717948718	0.07692307692	0.6266798023	0.8067754503	1.287380649	2.051264255	1.933428247
-3.717948718	0.1282051282	0.6594422828	0.8455139714	1.282165238	2.158503239	2.026264675
-3.717948718	0.1794871795	0.6922047634	0.8842524924	1.277443524	2.265742223	2.119101102
-3.717948718	0.2307692308	0.7249672439	0.9229910134	1.273148575	2.372981207	2.21193753
-3.717948718	0.2820512821	0.7577297245	0.9617295345	1.269225033	2.480220191	2.304773958
-3.717948718	0.3333333333	0.790492205	1.000468056	1.265626719	2.587459175	2.397610386
-3.717948718	0.3846153846	0.8232546855	1.039206577	1.262314803	2.694698159	2.490446814
-3.717948718	0.4358974359	0.8560171661	1.077945098	1.259256403	2.801937143	2.583283241
-3.717948718	0.4871794872	0.8887796466	1.116683619	1.256423482	2.909176127	2.676119669
-3.717948718	0.5384615385	0.9215421272	1.15542214	1.253791992	3.016415111	2.768956097
-3.717948718	0.5897435897	0.9543046077	1.194160661	1.251341187	3.123654095	2.861792525
-3.717948718	0.641025641	0.9870670882	1.232899182	1.249053075	3.230893079	2.954628952
-3.717948718	0.6923076923	1.019829569	1.271637703	1.246911976	3.338132063	3.04746538
-3.717948718	0.7435897436	1.052592049	1.310376224	1.244904163	3.445371047	3.140301808
-3.717948718	0.7948717949	1.08535453	1.349114745	1.243017565	3.55261003	3.233138236
-3.717948718	0.8461538462	1.11811701	1.387853266	1.241241527	3.659849014	3.325974663
-3.717948718	0.8974358974	1.150879491	1.426591787	1.239566608	3.767087998	3.418811091
-3.717948718	0.9487179487	1.183641971	1.465330308	1.23798441	3.874326982	3.511647519
-3.717948718	1	1.216404452	1.504068829	1.236487442	3.981565966	3.604483947
-3.205128205	-1	-0.09885325838	-0.05244252686	0.5305088343	-0.3235689976	-0.1256779228
-3.205128205	-0.9487179487	-0.06609077783	-0.01370400583	0.2073512566	-0.2163300136	-0.03284149507
-3.205128205	-0.8974358974	-0.03332829729	0.0250345152	-0.7511489405	-0.1090910297	0.05999493269
-3.205128205	-0.8461538462	-0.000565816752	0.06377303623	-112.7096997	-0.001852045772	0.1528313604
-3.205128205	-0.7948717949	0.03219666379	0.1025115573	3.183918618	0.1053869382	0.2456677882
-3.205128205	-0.7435897436	0.06495914433	0.1412500783	2.174444872	0.2126259221	0.338504216
-3.205128205	-0.6923076923	0.09772162487	0.1799885993	1.841850251	0.319864906	0.4313406437
-3.205128205	-0.641025641	0.1304841054	0.2187271204	1.676274054	0.42710389	0.5241770715
-3.205128205	-0.5897435897	0.163246586	0.2574656414	1.577157892	0.5343428739	0.6170134992
-3.205128205	-0.5384615385	0.1960090665	0.2962041624	1.511175823	0.6415818578	0.709849927
-3.205128205	-0.4871794872	0.228771547	0.3349426835	1.4640924	0.7488208418	0.8026863547
-3.205128205	-0.4358974359	0.2615340276	0.3736812045	1.428805299	0.8560598257	0.8955227825
-3.205128205	-0.3846153846	0.2942965081	0.4124197255	1.401374852	0.9632988097	0.9883592102
-3.205128205	-0.3333333333	0.3270589887	0.4511582466	1.379439985	1.070537794	1.081195638
-3.205128205	-0.2820512821	0.3598214692	0.4898967676	1.361499548	1.177776778	1.174032066
-3.205128205	-0.2307692308	0.3925839497	0.5286352886	1.346553492	1.285015761	1.266868494
-3.205128205	-0.1794871795	0.4253464303	0.5673738097	1.333909889	1.392254745	1.359704921
-3.205128205	-0.1282051282	0.4581089108	0.6061123307	1.323074746	1.499493729	1.452541349
-3.205128205	-0.07692307692	0.4908713914	0.6448508517	1.313685953	1.606732713	1.545377777
-3.205128205	-0.02564102564	0.5236338719	0.6835893727	1.305472028	1.713971697	1.638214205
-3.205128205	0.02564102564	0.5563963524	0.7223278938	1.29822543	1.821210681	1.731050632
-3.205128205	0.07692307692	0.589158833	0.7610664148	1.291784782	1.928449665	1.82388706
-3.205128205	0.1282051282	0.6219213135	0.7998049358	1.286022715	2.035688649	1.916723488
-3.205128205	0.1794871795	0.6546837941	0.8385434569	1.280837352	2.142927633	2.009559916
-3.205128205	0.2307692308	0.6874462746	0.8772819779	1.276146239	2.250166617	2.102396343
-3.205128205	0.2820512821	0.7202087552	0.9160204989	1.271881926	2.357405601	2.195232771
-3.205128205	0.3333333333	0.7529712357	0.95475902	1.267988702	2.464644585	2.288069199
-3.205128205	0.3846153846	0.7857337162	0.993497541	1.264420147	2.571883569	2.380905627
-3.205128205	0.4358974359	0.8184961968	1.032236062	1.261137274	2.679122553	2.473742054
-3.205128205	0.4871794872	0.8512586773	1.070974583	1.258107097	2.786361537	2.566578482
-3.205128205	0.5384615385	0.8840211579	1.109713104	1.255301521	2.893600521	2.65941491
-3.205128205	0.5897435897	0.9167836384	1.148451625	1.252696467	3.000839504	2.752251338
-3.205128205	0.641025641	0.9495461189	1.187190146	1.25027118	3.108078488	2.845087765
-3.205128205	0.6923076923	0.9823085995	1.225928667	1.248007671	3.215317472	2.937924193
-3.205128205	0.7435897436	1.01507108	1.264667188	1.245890276	3.322556456	3.030760621
-3.205128205	0.7948717949	1.047833561	1.303405709	1.24390529	3.42979544	3.123597049
-3.205128205	0.8461538462	1.080596041	1.34214423	1.242040669	3.537034424	3.216433476
-3.205128205	0.8974358974	1.113358522	1.380882751	1.240285788	3.644273408	3.309269904
-3.205128205	0.9487179487	1.146121002	1.419621272	1.238631235	3.751512392	3.402106332
-3.205128205	1	1.178883483	1.458359793	1.237068646	3.858751376	3.49494276
-2.692307692	-1	-0.1363742277	-0.09815156239	0.7197222237	-0.4463835879	-0.2352191098
-2.692307692	-0.9487179487	-0.1036117471	-0.05941304136	0.5734199355	-0.3391446039	-0.142382682
-2.692307692	-0.8974358974	-0.07084926659	-0.02067452033	0.2918099413	-0.23190562	-0.04954625426
-2.692307692	-0.8461538462	-0.03808678605	0.01806400071	-0.4742852464	-0.124666636	0.0432901735
-2.692307692	-0.7948717949	-0.005324305509	0.05680252174	-10.66853163	-0.01742765211	0.1361266013
-2.692307692	-0.7435897436	0.02743817503	0.09554104277	3.48204801	0.08981133183	0.228963029
-2.692307692	-0.6923076923	0.06020065557	0.1342795638	2.230533248	0.1970503158	0.3217994568
-2.692307692	-0.641025641	0.09296313611	0.1730180848	1.861147247	0.3042892997	0.4146358845
-2.692307692	-0.5897435897	0.1257256167	0.2117566059	1.684275739	0.4115282836	0.5074723123
-2.692307692	-0.5384615385	0.1584880972	0.2504951269	1.580529588	0.5187672676	0.60030874
-2.692307692	-0.4871794872	0.1912505777	0.2892336479	1.512328231	0.6260062515	0.6931451678
-2.692307692	-0.4358974359	0.2240130583	0.327972169	1.464076119	0.7332452355	0.7859815955
-2.692307692	-0.3846153846	0.2567755388	0.36671069	1.428137165	0.8404842194	0.8788180233
-2.692307692	-0.3333333333	0.2895380194	0.405449211	1.400331507	0.9477232033	0.9716544511
-2.692307692	-0.2820512821	0.3223004999	0.4441877321	1.378178849	1.054962187	1.064490879
-2.692307692	-0.2307692308	0.3550629804	0.4829262531	1.360114345	1.162201171	1.157327307
-2.692307692	-0.1794871795	0.387825461	0.5216647741	1.345101925	1.269440155	1.250163734
-2.692307692	-0.1282051282	0.4205879415	0.5604032952	1.332428346	1.376679139	1.343000162
-2.692307692	-0.07692307692	0.4533504221	0.5991418162	1.321586541	1.483918123	1.43583659
-2.692307692	-0.02564102564	0.4861129026	0.6378803372	1.312206143	1.591157107	1.528673018
-2.692307692	0.02564102564	0.5188753831	0.6766188583	1.304010327	1.698396091	1.621509445
-2.692307692	0.07692307692	0.5516378637	0.7153573793	1.296788031	1.805635075	1.714345873
-2.692307692	0.1282051282	0.5844003442	0.7540959003	1.290375524	1.912874059	1.807182301
-2.692307692	0.1794871795	0.6171628248	0.7928344214	1.28464384	2.020113043	1.900018729
-2.692307692	0.2307692308	0.6499253053	0.8315729424	1.279490021	2.127352027	1.992855156
-2.692307692	0.2820512821	0.6826877859	0.8703114634	1.274830869	2.234591011	2.085691584
-2.692307692	0.3333333333	0.7154502664	0.9090499844	1.270598429	2.341829995	2.178528012
-2.692307692	0.3846153846	0.7482127469	0.9477885055	1.266736646	2.449068978	2.27136444
-2.692307692	0.4358974359	0.7809752275	0.9865270265	1.263198872	2.556307962	2.364200867
-2.692307692	0.4871794872	0.813737708	1.025265548	1.259945972	2.663546946	2.457037295
-2.692307692	0.5384615385	0.8465001886	1.064004069	1.256944869	2.77078593	2.549873723
-2.692307692	0.5897435897	0.8792626691	1.10274259	1.254167416	2.878024914	2.642710151
-2.692307692	0.641025641	0.9120251496	1.141481111	1.251589511	2.985263898	2.735546578
-2.692307692	0.6923076923	0.9447876302	1.180219632	1.249190394	3.092502882	2.828383006
-2.692307692	0.7435897436	0.9775501107	1.218958153	1.246952089	3.199741866	2.921219434
-2.692307692	0.7948717949	1.010312591	1.257696674	1.244858952	3.30698085	3.014055862
-2.692307692	0.8461538462	1.043075072	1.296435195	1.242897304	3.414219834	3.106892289
-2.692307692	0.8974358974	1.075837552	1.335173716	1.241055132	3.521458818	3.199728717
-2.692307692	0.9487179487	1.108600033	1.373912237	1.239321844	3.628697802	3.292565145
-2.692307692	1	1.141362513	1.412650758	1.237688063	3.735936786	3.385401573
-2.179487179	-1	-0.173895197	-0.1438605979	0.8272833317	-0.5691981781	-0.3447602967
-2.179487179	-0.9487179487	-0.1411327164	-0.1051220769	0.7448455577	-0.4619591942	-0.251923869
-2.179487179	-0.8974358974	-0.1083702359	-0.06638355585	0.6125626221	-0.3547202102	-0.1590874412
-2.179487179	-0.8461538462	-0.07560775535	-0.02764503482	0.3656375552	-0.2474812263	-0.06625101345
-2.179487179	-0.7948717949	-0.04284527481	0.01109348621	-0.258919712	-0.1402422424	0.02658541431
-2.179487179	-0.7435897436	-0.01008279427	0.04983200724	-4.942281468	-0.03300325844	0.1194218421
-2.179487179	-0.6923076923	0.02267968627	0.08857052828	3.905280135	0.0742357255	0.2122582698
-2.179487179	-0.641025641	0.05544216682	0.1273090493	2.296249527	0.1814747094	0.3050946976
-2.179487179	-0.5897435897	0.08820464736	0.1660475703	1.882526322	0.2887136934	0.3979311253
-2.179487179	-0.5384615385	0.1209671279	0.2047860914	1.692906949	0.3959526773	0.4907675531
-2.179487179	-0.4871794872	0.1537296084	0.2435246124	1.584110015	0.5031916612	0.5836039808
-2.179487179	-0.4358974359	0.186492089	0.2822631334	1.513539448	0.6104306452	0.6764404086
-2.179487179	-0.3846153846	0.2192545695	0.3210016545	1.464059131	0.7176696291	0.7692768364
-2.179487179	-0.3333333333	0.2520170501	0.3597401755	1.4274438	0.8249086131	0.8621132641
-2.179487179	-0.2820512821	0.2847795306	0.3984786965	1.399253295	0.932147597	0.9549496919
-2.179487179	-0.2307692308	0.3175420111	0.4372172176	1.376879916	1.039386581	1.04778612
-2.179487179	-0.1794871795	0.3503044917	0.4759557386	1.35869151	1.146625565	1.140622547
-2.179487179	-0.1282051282	0.3830669722	0.5146942596	1.343614294	1.253864549	1.233458975
-2.179487179	-0.07692307692	0.4158294528	0.5534327807	1.330912895	1.361103533	1.326295403
-2.179487179	-0.02564102564	0.4485919333	0.5921713017	1.320066764	1.468342517	1.419131831
-2.179487179	0.02564102564	0.4813544139	0.6309098227	1.310697076	1.575581501	1.511968258
-2.179487179	0.07692307692	0.5141168944	0.6696483438	1.302521569	1.682820485	1.604804686
-2.179487179	0.1282051282	0.5468793749	0.7083868648	1.295325619	1.790059468	1.697641114
-2.179487179	0.1794871795	0.5796418555	0.7471253858	1.288943127	1.897298452	1.790477542
-2.179487179	0.2307692308	0.612404336	0.7858639069	1.283243538	2.004537436	1.883313969
-2.179487179	0.2820512821	0.6451668166	0.8246024279	1.278122815	2.11177642	1.976150397
-2.179487179	0.3333333333	0.6779292971	0.8633409489	1.273497034	2.219015404	2.068986825
-2.179487179	0.3846153846	0.7106917776	0.90207947	1.269297744	2.326254388	2.161823253
-2.179487179	0.4358974359	0.7434542582	0.940817991	1.265468562	2.433493372	2.25465968
-2.179487179	0.4871794872	0.7762167387	0.979556512	1.261962624	2.540732356	2.347496108
-2.179487179	0.5384615385	0.8089792193	1.018295033	1.258740656	2.64797134	2.440332536
-2.179487179	0.5897435897	0.8417416998	1.057033554	1.255769501	2.755210324	2.533168964
-2.179487179	0.641025641	0.8745041803	1.095772075	1.253020969	2.862449308	2.626005391
-2.179487179	0.6923076923	0.9072666609	1.134510596	1.250470942	2.969688292	2.718841819
-2.179487179	0.7435897436	0.9400291414	1.173249117	1.248098666	3.076927276	2.811678247
-2.179487179	0.7948717949	0.972791622	1.211987638	1.24588618	3.18416626	2.904514675
-2.179487179	0.8461538462	1.005554103	1.250726159	1.243817867	3.291405244	2.997351102
-2.179487179	0.8974358974	1.038316583	1.28946468	1.241880079	3.398644228	3.09018753
-2.179487179	0.9487179487	1.071079064	1.328203201	1.240060838	3.505883211	3.183023958
-2.179487179	1	1.103841544	1.366941722	1.238349589	3.613122195	3.275860386
-1.666666667	-1	-0.2114161663	-0.1895696334	0.8966657413	-0.6920127684	-0.4543014837
-1.666666667	-0.9487179487	-0.1786536857	-0.1508311124	0.844265327	-0.5847737845	-0.3614650559
-1.666666667	-0.8974358974	-0.1458912052	-0.1120925914	0.7683300116	-0.4775348005	-0.2686286281
-1.666666667	-0.8461538462	-0.1131287246	-0.07335407035	0.648412422	-0.3702958166	-0.1757922004
-1.666666667	-0.7948717949	-0.08036624411	-0.03461554931	0.4307224967	-0.2630568326	-0.08295577264
-1.666666667	-0.7435897436	-0.04760376357	0.004122971719	-0.08661020495	-0.1558178487	0.009880655118
-1.666666667	-0.6923076923	-0.01484128302	0.04286149275	-2.887991064	-0.04857886477	0.1027170829
-1.666666667	-0.641025641	0.01792119752	0.08160001378	4.553267922	0.05866011917	0.1955535106
-1.666666667	-0.5897435897	0.05068367806	0.1203385348	2.374305485	0.1658991031	0.2883899384
-1.666666667	-0.5384615385	0.0834461586	0.1590770558	1.906343665	0.273138087	0.3812263661
-1.666666667	-0.4871794872	0.1162086391	0.1978155769	1.702245017	0.380377071	0.4740627939
-1.666666667	-0.4358974359	0.1489711197	0.2365540979	1.587919178	0.4876160549	0.5668992217
-1.666666667	-0.3846153846	0.1817336002	0.2752926189	1.514814094	0.5948550389	0.6597356494
-1.666666667	-0.3333333333	0.2144960808	0.31403114	1.464041389	0.7020940228	0.7525720772
-1.666666667	-0.2820512821	0.2472585613	0.352769661	1.426723747	0.8093330067	0.8454085049
-1.666666667	-0.2307692308	0.2800210418	0.391508182	1.398138438	0.9165719907	0.9382449327
-1.666666667	-0.1794871795	0.3127835224	0.4302467031	1.37554146	1.023810975	1.03108136
-1.666666667	-0.1282051282	0.3455460029	0.4689852241	1.357229486	1.131049959	1.123917788
-1.666666667	-0.07692307692	0.3783084835	0.5077237451	1.34208924	1.238288942	1.216754216
-1.666666667	-0.02564102564	0.411070964	0.5464622662	1.329362358	1.345527926	1.309590644
-1.666666667	0.02564102564	0.4438334446	0.5852007872	1.318514399	1.45276691	1.402427071
-1.666666667	0.07692307692	0.4765959251	0.6239393082	1.309157874	1.560005894	1.495263499
-1.666666667	0.1282051282	0.5093584056	0.6626778293	1.301004994	1.667244878	1.588099927
-1.666666667	0.1794871795	0.5421208862	0.7014163503	1.293837534	1.774483862	1.680936355
-1.666666667	0.2307692308	0.5748833667	0.7401548713	1.287487018	1.881722846	1.773772782
-1.666666667	0.2820512821	0.6076458473	0.7788933924	1.281821304	1.98896183	1.86660921
-1.666666667	0.3333333333	0.6404083278	0.8176319134	1.276735292	2.096200814	1.959445638
-1.666666667	0.3846153846	0.6731708083	0.8563704344	1.272144341	2.203439798	2.052282066
-1.666666667	0.4358974359	0.7059332889	0.8951089555	1.267979524	2.310678782	2.145118493
-1.666666667	0.4871794872	0.7386957694	0.9338474765	1.264184141	2.417917766	2.237954921
-1.666666667	0.5384615385	0.77145825	0.9725859975	1.260711124	2.52515675	2.330791349
-1.666666667	0.5897435897	0.8042207305	1.011324519	1.257521076	2.632395734	2.423627777
-1.666666667	0.641025641	0.836983211	1.05006304	1.254580768	2.739634718	2.516464205
-1.666666667	0.6923076923	0.8697456916	1.088801561	1.251861977	2.846873702	2.609300632
-1.666666667	0.7435897436	0.9025081721	1.127540082	1.249340578	2.954112685	2.70213706
-1.666666667	0.7948717949	0.9352706527	1.166278603	1.246995829	3.061351669	2.794973488
-1.666666667	0.8461538462	0.9680331332	1.205017124	1.244809793	3.168590653	2.887809916
-1.666666667	0.8974358974	1.000795614	1.243755645	1.242766882	3.275829637	2.980646343
-1.666666667	0.9487179487	1.033558094	1.282494166	1.240853487	3.383068621	3.073482771
-1.666666667	1	1.066320575	1.321232687	1.23905767	3.490307605	3.166319199
-1.153846154	-1	-0.2489371356	-0.235278669	0.9451328683	-0.8148273587	-0.5638426706
-1.153846154	-0.9487179487	-0.216174655	-0.1965401479	0.9091729459	-0.7075883747	-0.4710062428
-1.153846154	-0.8974358974	-0.1834121745	-0.1578016269	0.8603661526	-0.6003493908	-0.3781698151
-1.153846154	-0.8461538462	-0.1506496939	-0.1190631059	0.7903308845	-0.4931104069	-0.2853333873
-1.153846154	-0.7948717949	-0.1178872134	-0.08032458484	0.681368085	-0.3858714229	-0.1924969596
-1.153846154	-0.7435897436	-0.08512473286	-0.04158606381	0.488530917	-0.278632439	-0.09966053183
-1.153846154	-0.6923076923	-0.05236225232	-0.002847542775	0.05438159454	-0.171393455	-0.006824104072
-1.153846154	-0.641025641	-0.01959977178	0.03589097826	-1.831193682	-0.06415447111	0.08601232368
-1.153846154	-0.5897435897	0.01316270876	0.07462949929	5.669767572	0.04308451283	0.1788487514
-1.153846154	-0.5384615385	0.0459251893	0.1133680203	2.468536811	0.1503234968	0.2716851792
-1.153846154	-0.4871794872	0.07868766984	0.1521065414	1.933041627	0.2575624807	0.3645216069
-1.153846154	-0.4358974359	0.1114501504	0.1908450624	1.712380483	0.3648014646	0.4573580347
-1.153846154	-0.3846153846	0.1442126309	0.2295835834	1.591979717	0.4720404486	0.5501944625
-1.153846154	-0.3333333333	0.1769751115	0.2683221045	1.516157285	0.5792794325	0.6430308902
-1.153846154	-0.2820512821	0.209737592	0.3070606255	1.464022842	0.6865184165	0.735867318
-1.153846154	-0.2307692308	0.2425000725	0.3457991465	1.425975435	0.7937574004	0.8287037457
-1.153846154	-0.1794871795	0.2752625531	0.3845376675	1.396985036	0.9009963843	0.9215401735
-1.153846154	-0.1282051282	0.3080250336	0.4232761886	1.37416165	1.008235368	1.014376601
-1.153846154	-0.07692307692	0.3407875142	0.4620147096	1.355726634	1.115474352	1.107213029
-1.153846154	-0.02564102564	0.3735499947	0.5007532306	1.340525332	1.222713336	1.200049457
-1.153846154	0.02564102564	0.4063124753	0.5394917517	1.327775504	1.32995232	1.292885885
-1.153846154	0.07692307692	0.4390749558	0.5782302727	1.316928386	1.437191304	1.385722312
-1.153846154	0.1282051282	0.4718374363	0.6169687937	1.307587627	1.544430288	1.47855874
-1.153846154	0.1794871795	0.5045999169	0.6557073148	1.299459815	1.651669272	1.571395168
-1.153846154	0.2307692308	0.5373623974	0.6944458358	1.292323094	1.758908256	1.664231596
-1.153846154	0.2820512821	0.570124878	0.7331843568	1.286006602	1.86614724	1.757068023
-1.153846154	0.3333333333	0.6028873585	0.7719228779	1.280376619	1.973386224	1.849904451
-1.153846154	0.3846153846	0.635649839	0.8106613989	1.275326995	2.080625208	1.942740879
-1.153846154	0.4358974359	0.6684123196	0.8493999199	1.270772389	2.187864192	2.035577307
-1.153846154	0.4871794872	0.7011748001	0.888138441	1.266643412	2.295103176	2.128413734
-1.153846154	0.5384615385	0.7339372807	0.926876962	1.262883064	2.402342159	2.221250162
-1.153846154	0.5897435897	0.7666997612	0.965615483	1.25944409	2.509581143	2.31408659
-1.153846154	0.641025641	0.7994622417	1.004354004	1.256286978	2.616820127	2.406923018
-1.153846154	0.6923076923	0.8322247223	1.043092525	1.253378441	2.724059111	2.499759445
-1.153846154	0.7435897436	0.8649872028	1.081831046	1.250690233	2.831298095	2.592595873
-1.153846154	0.7948717949	0.8977496834	1.120569567	1.248198232	2.938537079	2.685432301
-1.153846154	0.8461538462	0.9305121639	1.159308088	1.245881712	3.045776063	2.778268729
-1.153846154	0.8974358974	0.9632746445	1.198046609	1.24372277	3.153015047	2.871105156
-1.153846154	0.9487179487	0.996037125	1.23678513	1.241705855	3.260254031	2.963941584
-1.153846154	1	1.028799606	1.275523651	1.239817399	3.367493015	3.056778012
-0.641025641	-1	-0.2864581049	-0.2809877045	0.9809033144	-0.9376419489	-0.6733838576
-0.641025641	-0.9487179487	-0.2536956243	-0.2422491835	0.954881205	-0.830402965	-0.5805474298
-0.641025641	-0.8974358974	-0.2209331438	-0.2035106624	0.9211413867	-0.7231639811	-0.487711002
-0.641025641	-0.8461538462	-0.1881706632	-0.1647721414	0.8756526578	-0.6159249971	-0.3948745743
-0.641025641	-0.7948717949	-0.1554081827	-0.1260336204	0.8109844551	-0.5086860132	-0.3020381465
-0.641025641	-0.7435897436	-0.1226457022	-0.08729509933	0.7117664769	-0.4014470292	-0.2092017188
-0.641025641	-0.6923076923	-0.08988322162	-0.0485565783	0.5402184905	-0.2942080453	-0.116365291
-0.641025641	-0.641025641	-0.05712074108	-0.009818057269	0.1718825261	-0.1869690614	-0.02352886326
-0.641025641	-0.5897435897	-0.02435826054	0.02892046376	-1.187295937	-0.07973007744	0.06930756449
-0.641025641	-0.5384615385	0.008404220003	0.0676589848	8.050596578	0.0275089065	0.1621439922
-0.641025641	-0.4871794872	0.04116670054	0.1063975058	2.584552671	0.1347478904	0.25498042
-0.641025641	-0.4358974359	0.07392918108	0.1451360269	1.963176444	0.2419868744	0.3478168478
-0.641025641	-0.3846153846	0.1066916616	0.1838745479	1.723420041	0.3492258583	0.4406532755
-0.641025641	-0.3333333333	0.1394541422	0.2226130689	1.596317366	0.4564648422	0.5334897033
-0.641025641	-0.2820512821	0.1722166227	0.26135159	1.517574702	0.5637038262	0.626326131
-0.641025641	-0.2307692308	0.2049791032	0.300090111	1.464003434	0.6709428101	0.7191625588
-0.641025641	-0.1794871795	0.2377415838	0.338828632	1.425197168	0.7781817941	0.8119989865
-0.641025641	-0.1282051282	0.2705040643	0.3775671531	1.395791054	0.885420778	0.9048354143
-0.641025641	-0.07692307692	0.3032665449	0.4163056741	1.37273854	0.9926597619	0.997671842
-0.641025641	-0.02564102564	0.3360290254	0.4550441951	1.354181219	1.099898746	1.09050827
-0.641025641	0.02564102564	0.368791506	0.4937827162	1.338921066	1.20713773	1.183344698
-0.641025641	0.07692307692	0.4015539865	0.5325212372	1.326151041	1.314376714	1.276181125
-0.641025641	0.1282051282	0.434316467	0.5712597582	1.315307619	1.421615698	1.369017553
-0.641025641	0.1794871795	0.4670789476	0.6099982792	1.305985385	1.528854682	1.461853981
-0.641025641	0.2307692308	0.4998414281	0.6487368003	1.297885217	1.636093666	1.554690409
-0.641025641	0.2820512821	0.5326039087	0.6874753213	1.290781592	1.743332649	1.647526836
-0.641025641	0.3333333333	0.5653663892	0.7262138423	1.284501265	1.850571633	1.740363264
-0.641025641	0.3846153846	0.5981288697	0.7649523634	1.278908948	1.957810617	1.833199692
-0.641025641	0.4358974359	0.6308913503	0.8036908844	1.273897453	2.065049601	1.92603612
-0.641025641	0.4871794872	0.6636538308	0.8424294054	1.269380762	2.172288585	2.018872547
-0.641025641	0.5384615385	0.6964163114	0.8811679265	1.265289041	2.279527569	2.111708975
-0.641025641	0.5897435897	0.7291787919	0.9199064475	1.261565007	2.386766553	2.204545403
-0.641025641	0.641025641	0.7619412724	0.9586449685	1.25816123	2.494005537	2.297381831
-0.641025641	0.6923076923	0.794703753	0.9973834896	1.255038102	2.601244521	2.390218258
-0.641025641	0.7435897436	0.8274662335	1.036122011	1.252162286	2.708483505	2.483054686
-0.641025641	0.7948717949	0.8602287141	1.074860532	1.249505526	2.815722489	2.575891114
-0.641025641	0.8461538462	0.8929911946	1.113599053	1.24704371	2.922961473	2.668727542
-0.641025641	0.8974358974	0.9257536752	1.152337574	1.244756143	3.030200457	2.761563969
-0.641025641	0.9487179487	0.9585161557	1.191076095	1.242624955	3.137439441	2.854400397
-0.641025641	1	0.9912786362	1.229814616	1.240634642	3.244678425	2.947236825
-0.1282051282	-1	-0.3239790742	-0.32669674	1.008388399	-1.060456539	-0.7829250445
-0.1282051282	-0.9487179487	-0.2912165936	-0.287958219	0.9888111642	-0.9532175553	-0.6900886167
-0.1282051282	-0.8974358974	-0.2584541131	-0.249219698	0.9642705817	-0.8459785713	-0.597252189
-0.1282051282	-0.8461538462	-0.2256916325	-0.2104811769	0.9326051416	-0.7387395874	-0.5044157612
-0.1282051282	-0.7948717949	-0.192929152	-0.1717426559	0.890185097	-0.6315006035	-0.4115793335
-0.1282051282	-0.7435897436	-0.1601666715	-0.1330041349	0.8304108067	-0.5242616195	-0.3187429057
-0.1282051282	-0.6923076923	-0.1274041909	-0.09426561383	0.7398941365	-0.4170226356	-0.225906478
-0.1282051282	-0.641025641	-0.09464171038	-0.0555270928	0.5867084668	-0.3097836516	-0.1330700502
-0.1282051282	-0.5897435897	-0.06187922984	-0.01678857176	0.2713119056	-0.2025446677	-0.04023362245
-0.1282051282	-0.5384615385	-0.0291167493	0.02194994927	-0.7538598848	-0.09530568377	0.0526028053
-0.1282051282	-0.4871794872	0.003645731245	0.0606884703	16.64644655	0.01193330017	0.1454392331
-0.1282051282	-0.4358974359	0.03640821179	0.09942699133	2.730894665	0.1191722841	0.2382756608
-0.1282051282	-0.3846153846	0.06917069233	0.1381655124	1.997457416	0.226411268	0.3311120886
-0.1282051282	-0.3333333333	0.1019331729	0.1769040334	1.735490306	0.333650252	0.4239485163
-0.1282051282	-0.2820512821	0.1346956534	0.2156425544	1.600961493	0.4408892359	0.5167849441
-0.1282051282	-0.2307692308	0.167458134	0.2543810755	1.519072675	0.5481282199	0.6096213718
-0.1282051282	-0.1794871795	0.2002206145	0.2931195965	1.463983103	0.6553672038	0.7024577996
-0.1282051282	-0.1282051282	0.232983095	0.3318581175	1.42438711	0.7626061877	0.7952942273
-0.1282051282	-0.07692307692	0.2657455756	0.3705966386	1.394554313	0.8698451717	0.8881306551
-0.1282051282	-0.02564102564	0.2985080561	0.4093351596	1.371270059	0.9770841556	0.9809670829
-0.1282051282	0.02564102564	0.3312705367	0.4480736806	1.352591405	1.08432314	1.073803511
-0.1282051282	0.07692307692	0.3640330172	0.4868122017	1.337274859	1.191562123	1.166639938
-0.1282051282	0.1282051282	0.3967954977	0.5255507227	1.324487616	1.298801107	1.259476366
-0.1282051282	0.1794871795	0.4295579783	0.5642892437	1.313650944	1.406040091	1.352312794
-0.1282051282	0.2307692308	0.4623204588	0.6030277648	1.304350161	1.513279075	1.445149222
-0.1282051282	0.2820512821	0.4950829394	0.6417662858	1.29628035	1.620518059	1.537985649
-0.1282051282	0.3333333333	0.5278454199	0.6805048068	1.289212298	1.727757043	1.630822077
-0.1282051282	0.3846153846	0.5606079004	0.7192433279	1.282970374	1.834996027	1.723658505
-0.1282051282	0.4358974359	0.593370381	0.7579818489	1.277417736	1.942235011	1.816494933
-0.1282051282	0.4871794872	0.6261328615	0.7967203699	1.272446183	2.049473995	1.90933136
-0.1282051282	0.5384615385	0.6588953421	0.8354588909	1.267969035	2.156712979	2.002167788
-0.1282051282	0.5897435897	0.6916578226	0.874197412	1.263916034	2.263951963	2.095004216
-0.1282051282	0.641025641	0.7244203032	0.912935933	1.260229633	2.371190947	2.187840644
-0.1282051282	0.6923076923	0.7571827837	0.951674454	1.256862246	2.478429931	2.280677071
-0.1282051282	0.7435897436	0.7899452642	0.9904129751	1.253774179	2.585668915	2.373513499
-0.1282051282	0.7948717949	0.8227077448	1.029151496	1.250932063	2.692907899	2.466349927
-0.1282051282	0.8461538462	0.8554702253	1.067890017	1.248307639	2.800146883	2.559186355
-0.1282051282	0.8974358974	0.8882327059	1.106628538	1.245876819	2.907385866	2.652022782
-0.1282051282	0.9487179487	0.9209951864	1.145367059	1.243618942	3.01462485	2.74485921
-0.1282051282	1	0.9537576669	1.18410558	1.241516185	3.121863834	2.837695638
0.3846153846	-1	-0.3615000435	-0.3724057755	1.030167997	-1.183271129	-0.8924662314
0.3846153846	-0.9487179487	-0.3287375629	-0.3336672545	1.014995827	-1.076032146	-0.7996298037
0.3846153846	-0.8974358974	-0.2959750824	-0.2949287335	0.9964647399	-0.9687931616	-0.7067933759
0.3846153846	-0.8461538462	-0.2632126018	-0.2561902125	0.9733204666	-0.8615541777	-0.6139569482
0.3846153846	-0.7948717949	-0.2304501213	-0.2174516914	0.9435954739	-0.7543151937	-0.5211205204
0.3846153846	-0.7435897436	-0.1976876408	-0.1787131704	0.9040179229	-0.6470762098	-0.4282840927
0.3846153846	-0.6923076923	-0.1649251602	-0.1399746494	0.8487161642	-0.5398372259	-0.3354476649
0.3846153846	-0.641025641	-0.1321626797	-0.1012361283	0.7659963355	-0.4325982419	-0.2426112372
0.3846153846	-0.5897435897	-0.09940019914	-0.06249760729	0.6287473047	-0.325359258	-0.1497748094
0.3846153846	-0.5384615385	-0.06663771859	-0.02375908626	0.3565411115	-0.218120274	-0.05693838164
0.3846153846	-0.4871794872	-0.03387523805	0.01497943478	-0.4421942291	-0.1108812901	0.03589804611
0.3846153846	-0.4358974359	-0.001112757512	0.05371795581	-48.27462878	-0.003642306168	0.1287344739
0.3846153846	-0.3846153846	0.03164972303	0.09245647684	2.921241262	0.1035966778	0.2215709016
0.3846153846	-0.3333333333	0.06441220357	0.1311949979	2.036803441	0.2108356617	0.3144073294
0.3846153846	-0.2820512821	0.09717468411	0.1699335189	1.748742694	0.3180746456	0.4072437571
0.3846153846	-0.2307692308	0.1299371647	0.2086720399	1.60594577	0.4253136296	0.5000801849
0.3846153846	-0.1794871795	0.1626996452	0.247410561	1.52065827	0.5325526135	0.5929166126
0.3846153846	-0.1282051282	0.1954621257	0.286149082	1.463961782	0.6397915975	0.6857530404
0.3846153846	-0.07692307692	0.2282246063	0.324887603	1.423543273	0.7470305814	0.7785894682
0.3846153846	-0.02564102564	0.2609870868	0.3636261241	1.393272474	0.8542695653	0.8714258959
0.3846153846	0.02564102564	0.2937495674	0.4023646451	1.369754001	0.9615085493	0.9642623237
0.3846153846	0.07692307692	0.3265120479	0.4411031661	1.350955253	1.068747533	1.057098751
0.3846153846	0.1282051282	0.3592745284	0.4798416872	1.335585045	1.175986517	1.149935179
0.3846153846	0.1794871795	0.392037009	0.5185802082	1.322783809	1.283225501	1.242771607
0.3846153846	0.2307692308	0.4247994895	0.5573187292	1.311957154	1.390464485	1.335608035
0.3846153846	0.2820512821	0.4575619701	0.5960572503	1.302680925	1.497703469	1.428444462
0.3846153846	0.3333333333	0.4903244506	0.6347957713	1.294644333	1.604942453	1.52128089
0.3846153846	0.3846153846	0.5230869311	0.6735342923	1.287614452	1.712181437	1.614117318
0.3846153846	0.4358974359	0.5558494117	0.7122728134	1.281413272	1.819420421	1.706953746
0.3846153846	0.4871794872	0.5886118922	0.7510113344	1.275902414	1.926659405	1.799790173
0.3846153846	0.5384615385	0.6213743728	0.7897498554	1.270972686	2.033898389	1.892626601
0.3846153846	0.5897435897	0.6541368533	0.8284883765	1.266536769	2.141137373	1.985463029
0.3846153846	0.641025641	0.6868993339	0.8672268975	1.262524004	2.248376357	2.078299457
0.3846153846	0.6923076923	0.7196618144	0.9059654185	1.258876601	2.35561534	2.171135884
0.3846153846	0.7435897436	0.7524242949	0.9447039396	1.255546832	2.462854324	2.263972312
0.3846153846	0.7948717949	0.7851867755	0.9834424606	1.252494937	2.570093308	2.35680874
0.3846153846	0.8461538462	0.817949256	1.022180982	1.249687525	2.677332292	2.449645168
0.3846153846	0.8974358974	0.8507117366	1.060919503	1.247096351	2.784571276	2.542481596
0.3846153846	0.9487179487	0.8834742171	1.099658024	1.244697358	2.89181026	2.635318023
0.3846153846	1	0.9162366976	1.138396545	1.242469929	2.999049244	2.728154451
0.8974358974	-1	-0.3990210128	-0.4181148111	1.047851611	-1.30608572	-1.002007418
0.8974358974	-0.9487179487	-0.3662585322	-0.37937629	1.035815569	-1.198846736	-0.9091709906
0.8974358974	-0.8974358974	-0.3334960517	-0.340637769	1.021414698	-1.091607752	-0.8163345629
0.8974358974	-0.8461538462	-0.3007335711	-0.301899248	1.003876111	-0.9843687679	-0.7234981351
0.8974358974	-0.7948717949	-0.2679710906	-0.2631607269	0.9820489455	-0.877129784	-0.6306617074
0.8974358974	-0.7435897436	-0.2352086101	-0.2244222059	0.9541411169	-0.7698908001	-0.5378252796
0.8974358974	-0.6923076923	-0.2024461295	-0.1856836849	0.9172004687	-0.6626518161	-0.4449888519
0.8974358974	-0.641025641	-0.169683649	-0.1469451638	0.8659948365	-0.5554128322	-0.3521524241
0.8974358974	-0.5897435897	-0.1369211684	-0.1082066428	0.7902842493	-0.4481738482	-0.2593159963
0.8974358974	-0.5384615385	-0.1041586879	-0.06946812178	0.6669450546	-0.3409348643	-0.1664795686
0.8974358974	-0.4871794872	-0.07139620735	-0.03072960075	0.4304094278	-0.2336958804	-0.07364314083
0.8974358974	-0.4358974359	-0.03863372681	0.008008920282	-0.2073038493	-0.1264568964	0.01919328692
0.8974358974	-0.3846153846	-0.005871246269	0.04674744131	-7.962098534	-0.0192179125	0.1120297147
0.8974358974	-0.3333333333	0.02689123427	0.08548596235	3.178952721	0.08802107144	0.2048661424
0.8974358974	-0.2820512821	0.05965371481	0.1242244834	2.082426614	0.1952600554	0.2977025702
0.8974358974	-0.2307692308	0.09241619535	0.1629630044	1.763359807	0.3024990393	0.3905389979
0.8974358974	-0.1794871795	0.1251786759	0.2017015254	1.611308987	0.4097380232	0.4833754257
0.8974358974	-0.1282051282	0.1579411564	0.2404400465	1.522339407	0.5169770072	0.5762118535
0.8974358974	-0.07692307692	0.190703637	0.2791785675	1.463939398	0.6242159911	0.6690482812
0.8974358974	-0.02564102564	0.2234661175	0.3179170885	1.422663498	0.7314549751	0.761884709
0.8974358974	0.02564102564	0.2562285981	0.3566556096	1.391943024	0.838693959	0.8547211367
0.8974358974	0.07692307692	0.2889910786	0.3953941306	1.368188016	0.9459329429	0.9475575645
0.8974358974	0.1282051282	0.3217535591	0.4341326516	1.349270705	1.053171927	1.040393992
0.8974358974	0.1794871795	0.3545160397	0.4728711727	1.333849868	1.160410911	1.13323042
0.8974358974	0.2307692308	0.3872785202	0.5116096937	1.321038134	1.267649895	1.226066848
0.8974358974	0.2820512821	0.4200410008	0.5503482147	1.310224987	1.374888879	1.318903276
0.8974358974	0.3333333333	0.4528034813	0.5890867358	1.300976605	1.482127863	1.411739703
0.8974358974	0.3846153846	0.4855659618	0.6278252568	1.292976251	1.589366847	1.504576131
0.8974358974	0.4358974359	0.5183284424	0.6665637778	1.285987269	1.69660583	1.597412559
0.8974358974	0.4871794872	0.5510909229	0.7053022989	1.27982928	1.803844814	1.690248987
0.8974358974	0.5384615385	0.5838534035	0.7440408199	1.274362392	1.911083798	1.783085414
0.8974358974	0.5897435897	0.616615884	0.7827793409	1.269476446	2.018322782	1.875921842
0.8974358974	0.641025641	0.6493783646	0.821517862	1.265083512	2.125561766	1.96875827
0.8974358974	0.6923076923	0.6821408451	0.860256383	1.261112553	2.23280075	2.061594698
0.8974358974	0.7435897436	0.7149033256	0.898994904	1.257505556	2.340039734	2.154431125
0.8974358974	0.7948717949	0.7476658062	0.9377334251	1.254214674	2.447278718	2.247267553
0.8974358974	0.8461538462	0.7804282867	0.9764719461	1.251200094	2.554517702	2.340103981
0.8974358974	0.8974358974	0.8131907673	1.015210467	1.248428423	2.661756686	2.432940409
0.8974358974	0.9487179487	0.8459532478	1.053948988	1.245871437	2.76899567	2.525776836
0.8974358974	1	0.8787157283	1.092687509	1.243505122	2.876234654	2.618613264
1.41025641	-1	-0.4365419821	-0.4638238466	1.062495397	-1.42890031	-1.111548605
1.41025641	-0.9487179487	-0.4037795015	-0.4250853256	1.052765987	-1.321661326	-1.018712178
1.41025641	-0.8974358974	-0.371017021	-0.3863468045	1.041318276	-1.214422342	-0.9258757498
1.41025641	-0.8461538462	-0.3382545404	-0.3476082835	1.027652971	-1.107183358	-0.8330393221
1.41025641	-0.7948717949	-0.3054920599	-0.3088697625	1.011056597	-0.9999443743	-0.7402028943
1.41025641	-0.7435897436	-0.2727295794	-0.2701312414	0.9904728415	-0.8927053903	-0.6473664666
1.41025641	-0.6923076923	-0.2399670988	-0.2313927204	0.9642685249	-0.7854664064	-0.5545300388
1.41025641	-0.641025641	-0.2072046183	-0.1926541994	0.9297775357	-0.6782274225	-0.461693611
1.41025641	-0.5897435897	-0.1744421377	-0.1539156783	0.8823308424	-0.5709884385	-0.3688571833
1.41025641	-0.5384615385	-0.1416796572	-0.1151771573	0.8129406832	-0.4637494546	-0.2760207555
1.41025641	-0.4871794872	-0.1089171766	-0.07643863628	0.7018051572	-0.3565104706	-0.1831843278
1.41025641	-0.4358974359	-0.07615469611	-0.03770011524	0.4950464931	-0.2492714867	-0.09034790002
1.41025641	-0.3846153846	-0.04339221557	0.001038405788	-0.02393069298	-0.1420325028	0.002488527733
1.41025641	-0.3333333333	-0.01062973503	0.03977692682	-3.74204312	-0.03479351883	0.09532495549
1.41025641	-0.2820512821	0.02213274551	0.07851544785	3.547478906	0.0724454651	0.1881613832
1.41025641	-0.2307692308	0.05489522606	0.1172539689	2.135959305	0.179684449	0.280997811
1.41025641	-0.1794871795	0.0876577066	0.1559924899	1.779563897	0.286923433	0.3738342388
1.41025641	-0.1282051282	0.1204201871	0.1947310109	1.617096067	0.3941624169	0.4666706665
1.41025641	-0.07692307692	0.1531826677	0.233469532	1.524124991	0.5014014009	0.5595070943
1.41025641	-0.02564102564	0.1859451482	0.272208053	1.463915868	0.6086403848	0.652343522
1.41025641	0.02564102564	0.2187076288	0.310946574	1.421745441	0.7158793687	0.7451799498
1.41025641	0.07692307692	0.2514701093	0.3496850951	1.39056326	0.8231183527	0.8380163775
1.41025641	0.1282051282	0.2842325898	0.3884236161	1.366569598	0.9303573366	0.9308528053
1.41025641	0.1794871795	0.3169950704	0.4271621371	1.347535584	1.037596321	1.023689233
1.41025641	0.2307692308	0.3497575509	0.4659006582	1.332067476	1.144835304	1.116525661
1.41025641	0.2820512821	0.3825200315	0.5046391792	1.319249027	1.252074288	1.209362089
1.41025641	0.3333333333	0.415282512	0.5433777002	1.308453124	1.359313272	1.302198516
1.41025641	0.3846153846	0.4480449925	0.5821162213	1.299236083	1.466552256	1.395034944
1.41025641	0.4358974359	0.4808074731	0.6208547423	1.291275151	1.57379124	1.487871372
1.41025641	0.4871794872	0.5135699536	0.6595932633	1.284329931	1.681030224	1.5807078
1.41025641	0.5384615385	0.5463324342	0.6983317844	1.278217694	1.788269208	1.673544227
1.41025641	0.5897435897	0.5790949147	0.7370703054	1.272797061	1.895508192	1.766380655
1.41025641	0.641025641	0.6118573953	0.7758088264	1.267956933	2.002747176	1.859217083
1.41025641	0.6923076923	0.6446198758	0.8145473475	1.2636088	2.10998616	1.952053511
1.41025641	0.7435897436	0.6773823563	0.8532858685	1.259681272	2.217225144	2.044889938
1.41025641	0.7948717949	0.7101448369	0.8920243895	1.256116137	2.324464128	2.137726366
1.41025641	0.8461538462	0.7429073174	0.9307629106	1.25286545	2.431703112	2.230562794
1.41025641	0.8974358974	0.775669798	0.9695014316	1.249889365	2.538942096	2.323399222
1.41025641	0.9487179487	0.8084322785	1.008239953	1.247154498	2.64618108	2.416235649
1.41025641	1	0.841194759	1.046978474	1.244632664	2.753420064	2.509072077
1.923076923	-1	-0.4740629514	-0.5095328821	1.074821141	-1.5517149	-1.221089792
1.923076923	-0.9487179487	-0.4413004708	-0.4707943611	1.066834033	-1.444475916	-1.128253365
1.923076923	-0.8974358974	-0.4085379903	-0.4320558401	1.057565882	-1.337236932	-1.035416937
1.923076923	-0.8461538462	-0.3757755097	-0.393317319	1.046681619	-1.229997948	-0.942580509
1.923076923	-0.7948717949	-0.3430130292	-0.354578798	1.033718162	-1.122758965	-0.8497440813
1.923076923	-0.7435897436	-0.3102505487	-0.315840277	1.01801682	-1.015519981	-0.7569076535
1.923076923	-0.6923076923	-0.2774880681	-0.2771017559	0.9986078242	-0.9082809967	-0.6640712257
1.923076923	-0.641025641	-0.2447255876	-0.2383632349	0.9740020946	-0.8010420127	-0.571234798
1.923076923	-0.5897435897	-0.211963107	-0.1996247139	0.9417899023	-0.6938030288	-0.4783983702
1.923076923	-0.5384615385	-0.1792006265	-0.1608861928	0.8977992766	-0.5865640449	-0.3855619425
1.923076923	-0.4871794872	-0.1464381459	-0.1221476718	0.8341246812	-0.4793250609	-0.2927255147
1.923076923	-0.4358974359	-0.1136756654	-0.08340915077	0.7337467564	-0.372086077	-0.199889087
1.923076923	-0.3846153846	-0.08091318487	-0.04467062974	0.5520809719	-0.264847093	-0.1070526592
1.923076923	-0.3333333333	-0.04815070432	-0.005932108706	0.1231987941	-0.1576081091	-0.01421623146
1.923076923	-0.2820512821	-0.01538822378	0.03280641233	-2.131916769	-0.05036912517	0.0786201963
1.923076923	-0.2307692308	0.01737425676	0.07154493336	4.117870155	0.05686985877	0.1714566241
1.923076923	-0.1794871795	0.0501367373	0.1102834544	2.199653594	0.1641088427	0.2642930518
1.923076923	-0.1282051282	0.08289921784	0.1490219754	1.797628244	0.2713478266	0.3571294796
1.923076923	-0.07692307692	0.1156616984	0.1877604965	1.623359324	0.3785868106	0.4499659073
1.923076923	-0.02564102564	0.1484241789	0.2264990175	1.526025066	0.4858257945	0.5428023351
1.923076923	0.02564102564	0.1811866595	0.2652375385	1.463891102	0.5930647785	0.6356387628
1.923076923	0.07692307692	0.21394914	0.3039760596	1.420786546	0.7003037624	0.7284751906
1.923076923	0.1282051282	0.2467116205	0.3427145806	1.389130272	0.8075427463	0.8213116183
1.923076923	0.1794871795	0.2794741011	0.3814531016	1.364896068	0.9147817303	0.9141480461
1.923076923	0.2307692308	0.3122365816	0.4201916226	1.345747575	1.022020714	1.006984474
1.923076923	0.2820512821	0.3449990622	0.4589301437	1.330235917	1.129259698	1.099820902
1.923076923	0.3333333333	0.3777615427	0.4976686647	1.317414846	1.236498682	1.192657329
1.923076923	0.3846153846	0.4105240233	0.5364071857	1.306640185	1.343737666	1.285493757
1.923076923	0.4358974359	0.4432865038	0.5751457068	1.297458194	1.45097665	1.378330185
1.923076923	0.4871794872	0.4760489843	0.6138842278	1.289540043	1.558215634	1.471166613
1.923076923	0.5384615385	0.5088114649	0.6526227488	1.282641595	1.665454618	1.56400304
1.923076923	0.5897435897	0.5415739454	0.6913612699	1.276577789	1.772693602	1.656839468
1.923076923	0.641025641	0.574336426	0.7300997909	1.271205791	1.879932586	1.749675896
1.923076923	0.6923076923	0.6070989065	0.7688383119	1.2664136	1.98717157	1.842512324
1.923076923	0.7435897436	0.639861387	0.807576833	1.262112153	2.094410554	1.935348751
1.923076923	0.7948717949	0.6726238676	0.846315354	1.25822974	2.201649538	2.028185179
1.923076923	0.8461538462	0.7053863481	0.885053875	1.254707973	2.308888521	2.121021607
1.923076923	0.8974358974	0.7381488287	0.9237923961	1.251498831	2.416127505	2.213858035
1.923076923	0.9487179487	0.7709113092	0.9625309171	1.248562455	2.523366489	2.306694462
1.923076923	1	0.8036737897	1.001269438	1.245865488	2.630605473	2.39953089
2.435897436	-1	-0.5115839207	-0.5552419177	1.085338876	-1.674529491	-1.330630979
2.435897436	-0.9487179487	-0.4788214401	-0.5165033966	1.078697304	-1.567290507	-1.237794551
2.435897436	-0.8974358974	-0.4460589596	-0.4777648756	1.071080101	-1.460051523	-1.144958124
2.435897436	-0.8461538462	-0.413296479	-0.4390263546	1.06225525	-1.352812539	-1.052121696
2.435897436	-0.7948717949	-0.3805339985	-0.4002878335	1.051910828	-1.245573555	-0.9592852682
2.435897436	-0.7435897436	-0.347771518	-0.3615493125	1.039617375	-1.138334571	-0.8664488404
2.435897436	-0.6923076923	-0.3150090374	-0.3228107915	1.024766763	-1.031095587	-0.7736124127
2.435897436	-0.641025641	-0.2822465569	-0.2840722704	1.006468506	-0.923856603	-0.6807759849
2.435897436	-0.5897435897	-0.2494840763	-0.2453337494	0.9833643614	-0.8166176191	-0.5879395572
2.435897436	-0.5384615385	-0.2167215958	-0.2065952284	0.9532747653	-0.7093786351	-0.4951031294
2.435897436	-0.4871794872	-0.1839591152	-0.1678567073	0.9124674638	-0.6021396512	-0.4022667017
2.435897436	-0.4358974359	-0.1511966347	-0.1291181863	0.8539752657	-0.4949006672	-0.3094302739
2.435897436	-0.3846153846	-0.1184341542	-0.09037966526	0.7631216341	-0.3876616833	-0.2165938462
2.435897436	-0.3333333333	-0.08567167362	-0.05164114423	0.6027796826	-0.2804226994	-0.1237574184
2.435897436	-0.2820512821	-0.05290919308	-0.0129026232	0.2438635414	-0.1731837154	-0.03092099065
2.435897436	-0.2307692308	-0.02014671254	0.02583589783	-1.282387773	-0.0659447315	0.06191543711
2.435897436	-0.1794871795	0.012615768	0.06457441887	5.11854838	0.04129425244	0.1547518649
2.435897436	-0.1282051282	0.04537824854	0.1033129399	2.276706202	0.1485332364	0.2475882926
2.435897436	-0.07692307692	0.07814072908	0.1420514609	1.817892699	0.2557722203	0.3404247204
2.435897436	-0.02564102564	0.1109032096	0.180789982	1.630160052	0.3630112042	0.4332611481
2.435897436	0.02564102564	0.1436656902	0.219528503	1.52805101	0.4702501882	0.5260975759
2.435897436	0.07692307692	0.1764281707	0.258267024	1.463865	0.5774891721	0.6189340036
2.435897436	0.1282051282	0.2091906512	0.2970055451	1.419784026	0.6847281561	0.7117704314
2.435897436	0.1794871795	0.2419531318	0.3357440661	1.387640919	0.79196714	0.8046068592
2.435897436	0.2307692308	0.2747156123	0.3744825871	1.363164561	0.8992061239	0.8974432869
2.435897436	0.2820512821	0.3074780929	0.4132211082	1.343904225	1.006445108	0.9902797147
2.435897436	0.3333333333	0.3402405734	0.4519596292	1.328353126	1.113684092	1.083116142
2.435897436	0.3846153846	0.373003054	0.4906981502	1.315533868	1.220923076	1.17595257
2.435897436	0.4358974359	0.4057655345	0.5294366713	1.304784725	1.32816206	1.268788998
2.435897436	0.4871794872	0.438528015	0.5681751923	1.295641721	1.435401044	1.361625426
2.435897436	0.5384615385	0.4712904956	0.6069137133	1.287769898	1.542640028	1.454461853
2.435897436	0.5897435897	0.5040529761	0.6456522343	1.280921381	1.649879011	1.547298281
2.435897436	0.641025641	0.5368154567	0.6843907554	1.274908811	1.757117995	1.640134709
2.435897436	0.6923076923	0.5695779372	0.7231292764	1.269587934	1.864356979	1.732971137
2.435897436	0.7435897436	0.6023404177	0.7618677974	1.264845883	1.971595963	1.825807564
2.435897436	0.7948717949	0.6351028983	0.8006063185	1.26059308	2.078834947	1.918643992
2.435897436	0.8461538462	0.6678653788	0.8393448395	1.256757523	2.186073931	2.01148042
2.435897436	0.8974358974	0.7006278594	0.8780833605	1.253280681	2.293312915	2.104316848
2.435897436	0.9487179487	0.7333903399	0.9168218816	1.250114478	2.400551899	2.197153275
2.435897436	1	0.7661528204	0.9555604026	1.247219063	2.507790883	2.289989703
2.948717949	-1	-0.54910489	-0.6009509532	1.094419234	-1.797344081	-1.440172166
2.948717949	-0.9487179487	-0.5163424094	-0.5622124321	1.088836442	-1.690105097	-1.347335738
2.948717949	-0.8974358974	-0.4835799289	-0.5234739111	1.082497184	-1.582866113	-1.254499311
2.948717949	-0.8461538462	-0.4508174483	-0.4847353901	1.075236533	-1.475627129	-1.161662883
2.948717949	-0.7948717949	-0.4180549678	-0.445996869	1.066837864	-1.368388145	-1.068826455
2.948717949	-0.7435897436	-0.3852924873	-0.407258348	1.057010872	-1.261149161	-0.9759900274
2.948717949	-0.6923076923	-0.3525300067	-0.368519827	1.045357331	-1.153910177	-0.8831535996
2.948717949	-0.641025641	-0.3197675262	-0.329781306	1.031315812	-1.046671193	-0.7903171719
2.948717949	-0.5897435897	-0.2870050456	-0.2910427849	1.014068531	-0.9394322093	-0.6974807441
2.948717949	-0.5384615385	-0.2542425651	-0.2523042639	0.9923761735	-0.8321932254	-0.6046443164
2.948717949	-0.4871794872	-0.2214800845	-0.2135657429	0.9642661248	-0.7249542415	-0.5118078886
2.948717949	-0.4358974359	-0.188717604	-0.1748272218	0.9263959382	-0.6177152575	-0.4189714609
2.948717949	-0.3846153846	-0.1559551235	-0.1360887008	0.8726144917	-0.5104762736	-0.3261350331
2.948717949	-0.3333333333	-0.1231926429	-0.09735017976	0.7902272201	-0.4032372896	-0.2332986053
2.948717949	-0.2820512821	-0.09043016238	-0.05861165873	0.6481428008	-0.2959983057	-0.1404621776
2.948717949	-0.2307692308	-0.05766768184	-0.01987313769	0.3446148182	-0.1887593218	-0.04762574984
2.948717949	-0.1794871795	-0.0249052013	0.01886538334	-0.7574876875	-0.08152033783	0.04521067792
2.948717949	-0.1282051282	0.007857279243	0.05760390437	7.331278753	0.0257186461	0.1380471057
2.948717949	-0.07692307692	0.04061975978	0.0963424254	2.371811796	0.13295763	0.2308835334
2.948717949	-0.02564102564	0.07338224033	0.1350809464	1.840785261	0.240196614	0.3237199612
2.948717949	0.02564102564	0.1061447209	0.1738194675	1.637570536	0.3474355979	0.4165563889
2.948717949	0.07692307692	0.1389072014	0.2125579885	1.530215758	0.4546745819	0.5093928167
2.948717949	0.1282051282	0.1716696819	0.2512965095	1.46383745	0.5619135658	0.6022292445
2.948717949	0.1794871795	0.2044321625	0.2900350306	1.418734836	0.6691525497	0.6950656722
2.948717949	0.2307692308	0.237194643	0.3287735516	1.386091808	0.7763915337	0.7879021
2.948717949	0.2820512821	0.2699571236	0.3675120726	1.361372013	0.8836305176	0.8807385277
2.948717949	0.3333333333	0.3027196041	0.4062505937	1.342002923	0.9908695015	0.9735749555
2.948717949	0.3846153846	0.3354820847	0.4449891147	1.326416924	1.098108485	1.066411383
2.948717949	0.4358974359	0.3682445652	0.4837276357	1.313604277	1.205347469	1.159247811
2.948717949	0.4871794872	0.4010070457	0.5224661568	1.302885229	1.312586453	1.252084239
2.948717949	0.5384615385	0.4337695263	0.5612046778	1.293785395	1.419825437	1.344920666
2.948717949	0.5897435897	0.4665320068	0.5999431988	1.285963642	1.527064421	1.437757094
2.948717949	0.641025641	0.4992944874	0.6386817199	1.279168379	1.634303405	1.530593522
2.948717949	0.6923076923	0.5320569679	0.6774202409	1.273209979	1.741542389	1.62342995
2.948717949	0.7435897436	0.5648194484	0.7161587619	1.267942816	1.848781373	1.716266378
2.948717949	0.7948717949	0.597581929	0.754897283	1.263253198	1.956020357	1.809102805
2.948717949	0.8461538462	0.6303444095	0.793635804	1.259051071	2.063259341	1.901939233
2.948717949	0.8974358974	0.6631068901	0.832374325	1.255264178	2.170498325	1.994775661
2.948717949	0.9487179487	0.6958693706	0.871112846	1.251833868	2.277737309	2.087612089
2.948717949	1	0.7286318511	0.9098513671	1.248712043	2.384976293	2.180448516
3.461538462	-1	-0.5866258593	-0.6466599887	1.102338021	-1.920158671	-1.549713353
3.461538462	-0.9487179487	-0.5538633787	-0.6079214677	1.097601847	-1.812919687	-1.456876925
3.461538462	-0.8974358974	-0.5211008982	-0.5691829466	1.092270132	-1.705680703	-1.364040498
3.461538462	-0.8461538462	-0.4883384176	-0.5304444256	1.086223009	-1.598441719	-1.27120407
3.461538462	-0.7948717949	-0.4555759371	-0.4917059046	1.079306137	-1.491202735	-1.178367642
3.461538462	-0.7435897436	-0.4228134565	-0.4529673835	1.07131733	-1.383963751	-1.085531214
3.461538462	-0.6923076923	-0.390050976	-0.4142288625	1.061986479	-1.276724767	-0.9926947866
3.461538462	-0.641025641	-0.3572884955	-0.3754903415	1.050944394	-1.169485784	-0.8998583588
3.461538462	-0.5897435897	-0.3245260149	-0.3367518204	1.037672806	-1.0622468	-0.8070219311
3.461538462	-0.5384615385	-0.2917635344	-0.2980132994	1.021420652	-0.9550078157	-0.7141855033
3.461538462	-0.4871794872	-0.2590010538	-0.2592747784	1.001056847	-0.8477688317	-0.6213490756
3.461538462	-0.4358974359	-0.2262385733	-0.2205362573	0.9747951206	-0.7405298478	-0.5285126478
3.461538462	-0.3846153846	-0.1934760928	-0.1817977363	0.9396392791	-0.6332908639	-0.43567622
3.461538462	-0.3333333333	-0.1607136122	-0.1430592153	0.8901499587	-0.5260518799	-0.3428397923
3.461538462	-0.2820512821	-0.1279511317	-0.1043206943	0.8153166985	-0.418812896	-0.2500033645
3.461538462	-0.2307692308	-0.09518865114	-0.06558217322	0.6889705068	-0.311573912	-0.1571669368
3.461538462	-0.1794871795	-0.0624261706	-0.02684365219	0.4300063888	-0.2043349281	-0.06433050903
3.461538462	-0.1282051282	-0.02966369006	0.01189486885	-0.4009908687	-0.09709594417	0.02850591873
3.461538462	-0.07692307692	0.003098790486	0.05063338988	16.33972678	0.01014303977	0.1213423465
3.461538462	-0.02564102564	0.03586127103	0.08937191091	2.492156813	0.1173820237	0.2141787742
3.461538462	0.02564102564	0.06862375157	0.1281104319	1.866852642	0.2246210076	0.307015202
3.461538462	0.07692307692	0.1013862321	0.166848953	1.645676632	0.3318599916	0.3998516298
3.461538462	0.1282051282	0.1341487127	0.205587474	1.532534081	0.4390989755	0.4926880575
3.461538462	0.1794871795	0.1669111932	0.244325995	1.46380833	0.5463379595	0.5855244853
3.461538462	0.2307692308	0.1996736737	0.2830645161	1.417635639	0.6535769434	0.678360913
3.461538462	0.2820512821	0.2324361543	0.3218030371	1.38447927	0.7608159273	0.7711973408
3.461538462	0.3333333333	0.2651986348	0.3605415581	1.359515136	0.8680549113	0.8640337685
3.461538462	0.3846153846	0.2979611154	0.3992800792	1.340040893	0.9752938952	0.9568701963
3.461538462	0.4358974359	0.3307235959	0.4380186002	1.324425005	1.082532879	1.049706624
3.461538462	0.4871794872	0.3634860764	0.4767571212	1.311624164	1.189771863	1.142543052
3.461538462	0.5384615385	0.396248557	0.5154956423	1.300940112	1.297010847	1.23537948
3.461538462	0.5897435897	0.4290110375	0.5542341633	1.291887888	1.404249831	1.328215907
3.461538462	0.641025641	0.4617735181	0.5929726843	1.284120161	1.511488815	1.421052335
3.461538462	0.6923076923	0.4945359986	0.6317112054	1.277381641	1.618727799	1.513888763
3.461538462	0.7435897436	0.5272984791	0.6704497264	1.271480486	1.725966783	1.606725191
3.461538462	0.7948717949	0.5600609597	0.7091882474	1.266269743	1.833205767	1.699561618
3.461538462	0.8461538462	0.5928234402	0.7479267685	1.261634945	1.940444751	1.792398046
3.461538462	0.8974358974	0.6255859208	0.7866652895	1.257485604	2.047683735	1.885234474
3.461538462	0.9487179487	0.6583484013	0.8254038105	1.253749244	2.154922719	1.978070902
3.461538462	1	0.6911108818	0.8641423316	1.250367132	2.262161702	2.070907329
3.974358974	-1	-0.6241468286	-0.6923690242	1.109304722	-2.042973261	-1.65925454
3.974358974	-0.9487179487	-0.591384348	-0.6536305032	1.105254993	-1.935734277	-1.566418112
3.974358974	-0.8974358974	-0.5586218675	-0.6148919822	1.10073024	-1.828495293	-1.473581685
3.974358974	-0.8461538462	-0.5258593869	-0.5761534611	1.095641678	-1.72125631	-1.380745257
3.974358974	-0.7948717949	-0.4930969064	-0.5374149401	1.089876925	-1.614017326	-1.287908829
3.974358974	-0.7435897436	-0.4603344258	-0.4986764191	1.083291605	-1.506778342	-1.195072401
3.974358974	-0.6923076923	-0.4275719453	-0.459937898	1.075697092	-1.399539358	-1.102235974
3.974358974	-0.641025641	-0.3948094648	-0.421199377	1.066842147	-1.292300374	-1.009399546
3.974358974	-0.5897435897	-0.3620469842	-0.382460856	1.056384593	-1.18506139	-0.916563118
3.974358974	-0.5384615385	-0.3292845037	-0.3437223349	1.04384607	-1.077822406	-0.8237266903
3.974358974	-0.4871794872	-0.2965220231	-0.3049838139	1.028536804	-0.970583422	-0.7308902625
3.974358974	-0.4358974359	-0.2637595426	-0.2662452929	1.009424305	-0.8633444381	-0.6380538347
3.974358974	-0.3846153846	-0.2309970621	-0.2275067718	0.9848903264	-0.7561054541	-0.545217407
3.974358974	-0.3333333333	-0.1982345815	-0.1887682508	0.9522468248	-0.6488664702	-0.4523809792
3.974358974	-0.2820512821	-0.165472101	-0.1500297298	0.9066768893	-0.5416274862	-0.3595445515
3.974358974	-0.2307692308	-0.1327096204	-0.1112912087	0.8386069403	-0.4343885023	-0.2667081237
3.974358974	-0.1794871795	-0.0999471399	-0.07255268771	0.7259105942	-0.3271495184	-0.173871696
3.974358974	-0.1282051282	-0.06718465935	-0.03381416668	0.5033018997	-0.2199105344	-0.08103526822
3.974358974	-0.07692307692	-0.03442217881	0.004924354352	-0.1430576019	-0.1126715505	0.01180115954
3.974358974	-0.02564102564	-0.001659698272	0.04366287538	-26.30771877	-0.005432566563	0.1046375873
3.974358974	0.02564102564	0.03110278227	0.08240139642	2.649325572	0.1018064174	0.1974740151
3.974358974	0.07692307692	0.06386526281	0.1211399174	1.896804493	0.2090454013	0.2903104428
3.974358974	0.1282051282	0.09662774335	0.1598784385	1.654581106	0.3162843852	0.3831468706
3.974358974	0.1794871795	0.1293902239	0.1986169595	1.535022922	0.4235233692	0.4759832983
3.974358974	0.2307692308	0.1621527044	0.2373554805	1.463777501	0.5307623531	0.5688197261
3.974358974	0.2820512821	0.194915185	0.2760940016	1.416482772	0.6380013371	0.6616561538
3.974358974	0.3333333333	0.2276776655	0.3148325226	1.382799327	0.745240321	0.7544925816
3.974358974	0.3846153846	0.2604401461	0.3535710436	1.357590406	0.8524793049	0.8473290093
3.974358974	0.4358974359	0.2932026266	0.3923095647	1.338015178	0.9597182889	0.9401654371
3.974358974	0.4871794872	0.3259651071	0.4310480857	1.32237493	1.066957273	1.033001865
3.974358974	0.5384615385	0.3587275877	0.4697866067	1.30959152	1.174196257	1.125838293
3.974358974	0.5897435897	0.3914900682	0.5085251278	1.29894771	1.281435241	1.21867472
3.974358974	0.641025641	0.4242525488	0.5472636488	1.289947816	1.388674225	1.311511148
3.974358974	0.6923076923	0.4570150293	0.5860021698	1.28223829	1.495913209	1.404347576
3.974358974	0.7435897436	0.4897775098	0.6247406909	1.275560185	1.603152192	1.497184004
3.974358974	0.7948717949	0.5225399904	0.6634792119	1.269719493	1.710391176	1.590020431
3.974358974	0.8461538462	0.5553024709	0.7022177329	1.264567996	1.81763016	1.682856859
3.974358974	0.8974358974	0.5880649515	0.740956254	1.259990503	1.924869144	1.775693287
3.974358974	0.9487179487	0.620827432	0.779694775	1.255896139	2.032108128	1.868529715
3.974358974	1	0.6535899126	0.818433296	1.252212252	2.139347112	1.961366142
4.487179487	-1	-0.6616677979	-0.7380780598	1.115481307	-2.165787852	-1.768795727
4.487179487	-0.9487179487	-0.6289053173	-0.6993395387	1.111994953	-2.058548868	-1.675959299
4.487179487	-0.8974358974	-0.5961428368	-0.6606010177	1.108125397	-1.951309884	-1.583122871
4.487179487	-0.8461538462	-0.5633803562	-0.6218624967	1.103805786	-1.8440709	-1.490286444
4.487179487	-0.7948717949	-0.5306178757	-0.5831239756	1.098952754	-1.736831916	-1.397450016
4.487179487	-0.7435897436	-0.4978553951	-0.5443854546	1.093460993	-1.629592932	-1.304613588
4.487179487	-0.6923076923	-0.4650929146	-0.5056469336	1.087195521	-1.522353948	-1.21177716
4.487179487	-0.641025641	-0.4323304341	-0.4669084125	1.07998044	-1.415114964	-1.118940733
4.487179487	-0.5897435897	-0.3995679535	-0.4281698915	1.071582162	-1.30787598	-1.026104305
4.487179487	-0.5384615385	-0.366805473	-0.3894313705	1.061683642	-1.200636996	-0.9332678772
4.487179487	-0.4871794872	-0.3340429924	-0.3506928494	1.049843455	-1.093398012	-0.8404314495
4.487179487	-0.4358974359	-0.3012805119	-0.3119543284	1.035428168	-0.9861590283	-0.7475950217
4.487179487	-0.3846153846	-0.2685180314	-0.2732158074	1.017495198	-0.8789200444	-0.6547585939
4.487179487	-0.3333333333	-0.2357555508	-0.2344772863	0.994578009	-0.7716810605	-0.5619221662
4.487179487	-0.2820512821	-0.2029930703	-0.1957387653	0.9642632876	-0.6644420765	-0.4690857384
4.487179487	-0.2307692308	-0.1702305897	-0.1570002443	0.9222798588	-0.5572030926	-0.3762493107
4.487179487	-0.1794871795	-0.1374681092	-0.1182617232	0.8602847885	-0.4499641086	-0.2834128829
4.487179487	-0.1282051282	-0.1047056287	-0.07952320221	0.7594930973	-0.3427251247	-0.1905764552
4.487179487	-0.07692307692	-0.07194314811	-0.04078468117	0.5669015361	-0.2354861408	-0.09774002741
4.487179487	-0.02564102564	-0.03918066757	-0.002046160142	0.0522237182	-0.1282471568	-0.004903599651
4.487179487	0.02564102564	-0.006418187029	0.03669236089	-5.716935441	-0.0210081729	0.0879328281
4.487179487	0.07692307692	0.02634429351	0.07543088192	2.86327215	0.08623081104	0.1807692559
4.487179487	0.1282051282	0.05910677405	0.114169403	1.93157899	0.193469795	0.2736056836
4.487179487	0.1794871795	0.09186925459	0.152907924	1.664408018	0.3007087789	0.3664421114
4.487179487	0.2307692308	0.1246317351	0.191646445	1.537701813	0.4079477629	0.4592785391
4.487179487	0.2820512821	0.1573942157	0.2303849661	1.463744808	0.5151867468	0.5521149669
4.487179487	0.3333333333	0.1901566962	0.2691234871	1.415272207	0.6224257307	0.6449513946
4.487179487	0.3846153846	0.2229191768	0.3078620081	1.381047663	0.7296647147	0.7377878224
4.487179487	0.4358974359	0.2556816573	0.3466005291	1.355594034	0.8369036986	0.8306242501
4.487179487	0.4871794872	0.2884441378	0.3853390502	1.335922626	0.9441426825	0.9234606779
4.487179487	0.5384615385	0.3212066184	0.4240775712	1.320264113	1.051381666	1.016297106
4.487179487	0.5897435897	0.3539690989	0.4628160922	1.307504225	1.15862065	1.109133533
4.487179487	0.641025641	0.3867315795	0.5015546133	1.296906278	1.265859634	1.201969961
4.487179487	0.6923076923	0.41949406	0.5402931343	1.28796373	1.373098618	1.294806389
4.487179487	0.7435897436	0.4522565405	0.5790316553	1.280316819	1.480337602	1.387642817
4.487179487	0.7948717949	0.4850190211	0.6177701764	1.273702988	1.587576586	1.480479244
4.487179487	0.8461538462	0.5177815016	0.6565086974	1.267926134	1.69481557	1.573315672
4.487179487	0.8974358974	0.5505439822	0.6952472184	1.262836832	1.802054554	1.6661521
4.487179487	0.9487179487	0.5833064627	0.7339857395	1.258319231	1.909293538	1.758988528
4.487179487	1	0.6160689433	0.7727242605	1.25428212	2.016532522	1.851824955
5	-1	-0.6991887672	-0.7837870953	1.120994976	-2.288602442	-1.878336914
5	-0.9487179487	-0.6664262866	-0.7450485742	1.11797597	-2.181363458	-1.785500486
5	-0.8974358974	-0.6336638061	-0.7063100532	1.114644779	-2.074124474	-1.692664058
5	-0.8461538462	-0.6009013255	-0.6675715322	1.11095034	-1.96688549	-1.599827631
5	-0.7948717949	-0.568138845	-0.6288330112	1.106829812	-1.859646506	-1.506991203
5	-0.7435897436	-0.5353763644	-0.5900944901	1.102204971	-1.752407522	-1.414154775
5	-0.6923076923	-0.5026138839	-0.5513559691	1.096977196	-1.645168538	-1.321318347
5	-0.641025641	-0.4698514034	-0.5126174481	1.091020362	-1.537929554	-1.22848192
5	-0.5897435897	-0.4370889228	-0.473878927	1.084170525	-1.43069057	-1.135645492
5	-0.5384615385	-0.4043264423	-0.435140406	1.076210607	-1.323451586	-1.042809064
5	-0.4871794872	-0.3715639617	-0.396401885	1.066846965	-1.216212603	-0.9499726364
5	-0.4358974359	-0.3388014812	-0.3576633639	1.055672374	-1.108973619	-0.8571362086
5	-0.3846153846	-0.3060390007	-0.3189248429	1.042105229	-1.001734635	-0.7642997809
5	-0.3333333333	-0.2732765201	-0.2801863219	1.025285018	-0.8944956507	-0.6714633531
5	-0.2820512821	-0.2405140396	-0.2414478008	1.003882357	-0.7872566668	-0.5786269254
5	-0.2307692308	-0.207751559	-0.2027092798	0.9757292833	-0.6800176829	-0.4857904976
5	-0.1794871795	-0.1749890785	-0.1639707588	0.9370342434	-0.5727786989	-0.3929540699
5	-0.1282051282	-0.142226598	-0.1252322377	0.880512081	-0.465539715	-0.3001176421
5	-0.07692307692	-0.1094641174	-0.0864937167	0.7901558862	-0.358300731	-0.2072812144
5	-0.02564102564	-0.07670163687	-0.04775519567	0.6226098636	-0.2510617471	-0.1144447866
5	0.02564102564	-0.04393915633	-0.009016674636	0.2052081876	-0.1438227632	-0.02160835884
5	0.07692307692	-0.01117667579	0.0297218464	-2.659274275	-0.03658377923	0.07122806891
5	0.1282051282	0.02158580475	0.06846036743	3.171545755	0.07065520471	0.1640644967
5	0.1794871795	0.0543482853	0.1071988885	1.972442882	0.1778941886	0.2569009244
5	0.2307692308	0.08711076584	0.1459374095	1.675308535	0.2851331726	0.3497373522
5	0.2820512821	0.1198732464	0.1846759305	1.540593386	0.3923721565	0.4425737799
5	0.3333333333	0.1526357269	0.2234144516	1.463710077	0.4996111405	0.5354102077
5	0.3846153846	0.1853982075	0.2621529726	1.4139995	0.6068501244	0.6282466354
5	0.4358974359	0.218160688	0.3008914936	1.379219585	0.7140891083	0.7210830632
5	0.4871794872	0.2509231685	0.3396300147	1.353521943	0.8213280923	0.813919491
5	0.5384615385	0.2836856491	0.3783685357	1.333759874	0.9285670762	0.9067559187
5	0.5897435897	0.3164481296	0.4171070567	1.318089815	1.03580606	0.9995923465
5	0.641025641	0.3492106102	0.4558455778	1.305360045	1.143045044	1.092428774
5	0.6923076923	0.3819730907	0.4945840988	1.294813982	1.250284028	1.185265202
5	0.7435897436	0.4147355712	0.5333226198	1.285934115	1.357523012	1.27810163
5	0.7948717949	0.4474980518	0.5720611408	1.278354483	1.464761996	1.370938057
5	0.8461538462	0.4802605323	0.6107996619	1.271808989	1.57200098	1.463774485
5	0.8974358974	0.5130230129	0.6495381829	1.266099506	1.679239964	1.556610913
5	0.9487179487	0.5457854934	0.6882767039	1.261075482	1.786478948	1.649447341
5	1	0.578547974	0.727015225	1.256620467	1.893717932	1.742283769
