# VHH-NNLO SMEFT grid scan points
# process: ZHH
# energy_tev: 13.6
# scan_axes: phi,phiW
# windows: phi=[-15,5]; phiW=[-1,1]
# n_points_per_axis: 40
# n_points_total: 1600
# fixed_wcs: phi=0,phiB=0,phiBox=0,phiD=0,phiQ3rd=0,phiW=0,phiWB=0,phid=0,phiq1st=0,phiq3st=0,phiu=0,tphi=0
#
phi	phiW	sigma_lo	sigma_nnlo	k	sigma_smeft_over_sm_lo	sigma_smeft_over_sm_nnlo
-15	-1	0.7305374802	0.9540081828	1.305899025	2.513046893	2.406634372
-15	-0.9487179487	0.7616124822	0.9907946915	1.300917087	2.619944813	2.499434075
-15	-0.8974358974	0.7926874842	1.0275812	1.296325753	2.726842733	2.592233778
-15	-0.8461538462	0.8237624862	1.064367709	1.29208082	2.833740653	2.685033482
-15	-0.7948717949	0.8548374882	1.101154218	1.28814451	2.940638573	2.777833185
-15	-0.7435897436	0.8859124903	1.137940726	1.284484347	3.047536494	2.870632888
-15	-0.6923076923	0.9169874923	1.174727235	1.281072255	3.154434414	2.963432591
-15	-0.641025641	0.9480624943	1.211513744	1.277883843	3.261332334	3.056232294
-15	-0.5897435897	0.9791374963	1.248300252	1.274897813	3.368230254	3.149031998
-15	-0.5384615385	1.010212498	1.285086761	1.272095488	3.475128174	3.241831701
-15	-0.4871794872	1.0412875	1.32187327	1.269460422	3.582026095	3.334631404
-15	-0.4358974359	1.072362502	1.358659778	1.266978075	3.688924015	3.427431107
-15	-0.3846153846	1.103437504	1.395446287	1.264635543	3.795821935	3.520230811
-15	-0.3333333333	1.134512506	1.432232796	1.262421338	3.902719855	3.613030514
-15	-0.2820512821	1.165587508	1.469019304	1.260325196	4.009617775	3.705830217
-15	-0.2307692308	1.19666251	1.505805813	1.258337919	4.116515696	3.79862992
-15	-0.1794871795	1.227737512	1.542592322	1.256451242	4.223413616	3.891429624
-15	-0.1282051282	1.258812514	1.579378831	1.254657713	4.330311536	3.984229327
-15	-0.07692307692	1.289887516	1.616165339	1.252950601	4.437209456	4.07702903
-15	-0.02564102564	1.320962518	1.652951848	1.251323807	4.544107376	4.169828733
-15	0.02564102564	1.35203752	1.689738357	1.249771793	4.651005296	4.262628436
-15	0.07692307692	1.383112523	1.726524865	1.248289519	4.757903217	4.35542814
-15	0.1282051282	1.414187525	1.763311374	1.246872387	4.864801137	4.448227843
-15	0.1794871795	1.445262527	1.800097883	1.245516195	4.971699057	4.541027546
-15	0.2307692308	1.476337529	1.836884391	1.244217095	5.078596977	4.633827249
-15	0.2820512821	1.507412531	1.8736709	1.242971557	5.185494897	4.726626953
-15	0.3333333333	1.538487533	1.910457409	1.241776334	5.292392818	4.819426656
-15	0.3846153846	1.569562535	1.947243917	1.240628439	5.399290738	4.912226359
-15	0.4358974359	1.600637537	1.984030426	1.239525115	5.506188658	5.005026062
-15	0.4871794872	1.631712539	2.020816935	1.238463815	5.613086578	5.097825765
-15	0.5384615385	1.662787541	2.057603444	1.237442183	5.719984498	5.190625469
-15	0.5897435897	1.693862543	2.094389952	1.236458036	5.826882419	5.283425172
-15	0.641025641	1.724937545	2.131176461	1.235509348	5.933780339	5.376224875
-15	0.6923076923	1.756012547	2.16796297	1.234594237	6.040678259	5.469024578
-15	0.7435897436	1.787087549	2.204749478	1.23371095	6.147576179	5.561824282
-15	0.7948717949	1.818162551	2.241535987	1.232857858	6.254474099	5.654623985
-15	0.8461538462	1.849237553	2.278322496	1.232033436	6.36137202	5.747423688
-15	0.8974358974	1.880312555	2.315109004	1.231236264	6.46826994	5.840223391
-15	0.9487179487	1.911387557	2.351895513	1.230465012	6.57516786	5.933023094
-15	1	1.942462559	2.388682022	1.229718437	6.68206578	6.025822798
-14.48717949	-1	0.6947835619	0.9104205763	1.31036574	2.390053514	2.296677839
-14.48717949	-0.9487179487	0.7258585639	0.947207085	1.304947178	2.496951434	2.389477542
-14.48717949	-0.8974358974	0.7569335659	0.9839935937	1.299973522	2.603849354	2.482277246
-14.48717949	-0.8461538462	0.788008568	1.020780102	1.295392136	2.710747274	2.575076949
-14.48717949	-0.7948717949	0.81908357	1.057566611	1.291158375	2.817645194	2.667876652
-14.48717949	-0.7435897436	0.850158572	1.09435312	1.287234118	2.924543115	2.760676355
-14.48717949	-0.6923076923	0.881233574	1.131139628	1.283586624	3.031441035	2.853476058
-14.48717949	-0.641025641	0.912308576	1.167926137	1.280187612	3.138338955	2.946275762
-14.48717949	-0.5897435897	0.943383578	1.204712646	1.277012526	3.245236875	3.039075465
-14.48717949	-0.5384615385	0.9744585801	1.241499155	1.274039944	3.352134795	3.131875168
-14.48717949	-0.4871794872	1.005533582	1.278285663	1.271251091	3.459032716	3.224674871
-14.48717949	-0.4358974359	1.036608584	1.315072172	1.268629444	3.565930636	3.317474575
-14.48717949	-0.3846153846	1.067683586	1.351858681	1.266160404	3.672828556	3.410274278
-14.48717949	-0.3333333333	1.098758588	1.388645189	1.263831022	3.779726476	3.503073981
-14.48717949	-0.2820512821	1.12983359	1.425431698	1.261629775	3.886624396	3.595873684
-14.48717949	-0.2307692308	1.160908592	1.462218207	1.259546373	3.993522317	3.688673387
-14.48717949	-0.1794871795	1.191983594	1.499004715	1.2575716	4.100420237	3.781473091
-14.48717949	-0.1282051282	1.223058596	1.535791224	1.255697175	4.207318157	3.874272794
-14.48717949	-0.07692307692	1.254133598	1.572577733	1.253915639	4.314216077	3.967072497
-14.48717949	-0.02564102564	1.2852086	1.609364241	1.252220255	4.421113997	4.0598722
-14.48717949	0.02564102564	1.316283602	1.64615075	1.250604921	4.528011917	4.152671904
-14.48717949	0.07692307692	1.347358604	1.682937259	1.249064097	4.634909838	4.245471607
-14.48717949	0.1282051282	1.378433606	1.719723767	1.247592746	4.741807758	4.33827131
-14.48717949	0.1794871795	1.409508608	1.756510276	1.246186271	4.848705678	4.431071013
-14.48717949	0.2307692308	1.44058361	1.793296785	1.244840474	4.955603598	4.523870716
-14.48717949	0.2820512821	1.471658612	1.830083294	1.243551513	5.062501518	4.61667042
-14.48717949	0.3333333333	1.502733614	1.866869802	1.24231586	5.169399439	4.709470123
-14.48717949	0.3846153846	1.533808616	1.903656311	1.241130276	5.276297359	4.802269826
-14.48717949	0.4358974359	1.564883618	1.94044282	1.239991778	5.383195279	4.895069529
-14.48717949	0.4871794872	1.59595862	1.977229328	1.238897615	5.490093199	4.987869233
-14.48717949	0.5384615385	1.627033622	2.014015837	1.237845247	5.596991119	5.080668936
-14.48717949	0.5897435897	1.658108624	2.050802346	1.236832325	5.70388904	5.173468639
-14.48717949	0.641025641	1.689183626	2.087588854	1.235856672	5.81078696	5.266268342
-14.48717949	0.6923076923	1.720258628	2.124375363	1.234916267	5.91768488	5.359068045
-14.48717949	0.7435897436	1.75133363	2.161161872	1.234009234	6.0245828	5.451867749
-14.48717949	0.7948717949	1.782408632	2.19794838	1.233133828	6.13148072	5.544667452
-14.48717949	0.8461538462	1.813483634	2.234734889	1.232288424	6.238378641	5.637467155
-14.48717949	0.8974358974	1.844558637	2.271521398	1.231471504	6.345276561	5.730266858
-14.48717949	0.9487179487	1.875633639	2.308307907	1.230681653	6.452174481	5.823066562
-14.48717949	1	1.906708641	2.345094415	1.229917548	6.559072401	5.915866265
-13.97435897	-1	0.6590296437	0.8668329698	1.315317115	2.267060135	2.186721306
-13.97435897	-0.9487179487	0.6901046457	0.9036194785	1.309394864	2.373958055	2.27952101
-13.97435897	-0.8974358974	0.7211796477	0.9404059871	1.303982981	2.480855975	2.372320713
-13.97435897	-0.8461538462	0.7522546497	0.9771924958	1.29901822	2.587753895	2.465120416
-13.97435897	-0.7948717949	0.7833296517	1.013979005	1.294447366	2.694651815	2.557920119
-13.97435897	-0.7435897436	0.8144046537	1.050765513	1.29022533	2.801549736	2.650719822
-13.97435897	-0.6923076923	0.8454796557	1.087552022	1.28631365	2.908447656	2.743519526
-13.97435897	-0.641025641	0.8765546578	1.124338531	1.282679318	3.015345576	2.836319229
-13.97435897	-0.5897435897	0.9076296598	1.161125039	1.279293847	3.122243496	2.929118932
-13.97435897	-0.5384615385	0.9387046618	1.197911548	1.276132523	3.229141416	3.021918635
-13.97435897	-0.4871794872	0.9697796638	1.234698057	1.273173797	3.336039337	3.114718339
-13.97435897	-0.4358974359	1.000854666	1.271484565	1.270398799	3.442937257	3.207518042
-13.97435897	-0.3846153846	1.031929668	1.308271074	1.267790931	3.549835177	3.300317745
-13.97435897	-0.3333333333	1.06300467	1.345057583	1.265335535	3.656733097	3.393117448
-13.97435897	-0.2820512821	1.094079672	1.381844091	1.26301962	3.763631017	3.485917151
-13.97435897	-0.2307692308	1.125154674	1.4186306	1.260831629	3.870528937	3.578716855
-13.97435897	-0.1794871795	1.156229676	1.455417109	1.258761247	3.977426858	3.671516558
-13.97435897	-0.1282051282	1.187304678	1.492203617	1.256799241	4.084324778	3.764316261
-13.97435897	-0.07692307692	1.21837968	1.528990126	1.254937317	4.191222698	3.857115964
-13.97435897	-0.02564102564	1.249454682	1.565776635	1.253168008	4.298120618	3.949915668
-13.97435897	0.02564102564	1.280529684	1.602563144	1.251484572	4.405018538	4.042715371
-13.97435897	0.07692307692	1.311604686	1.639349652	1.249880905	4.511916459	4.135515074
-13.97435897	0.1282051282	1.342679688	1.676136161	1.248351469	4.618814379	4.228314777
-13.97435897	0.1794871795	1.37375469	1.71292267	1.246891226	4.725712299	4.32111448
-13.97435897	0.2307692308	1.404829692	1.749709178	1.245495584	4.832610219	4.413914184
-13.97435897	0.2820512821	1.435904694	1.786495687	1.24416035	4.939508139	4.506713887
-13.97435897	0.3333333333	1.466979696	1.823282196	1.242881684	5.04640606	4.59951359
-13.97435897	0.3846153846	1.498054698	1.860068704	1.241656067	5.15330398	4.692313293
-13.97435897	0.4358974359	1.5291297	1.896855213	1.240480263	5.2602019	4.785112997
-13.97435897	0.4871794872	1.560204702	1.933641722	1.239351297	5.36709982	4.8779127
-13.97435897	0.5384615385	1.591279704	1.97042823	1.238266425	5.47399774	4.970712403
-13.97435897	0.5897435897	1.622354706	2.007214739	1.237223113	5.580895661	5.063512106
-13.97435897	0.641025641	1.653429708	2.044001248	1.236219017	5.687793581	5.156311809
-13.97435897	0.6923076923	1.68450471	2.080787757	1.235251967	5.794691501	5.249111513
-13.97435897	0.7435897436	1.715579712	2.117574265	1.23431995	5.901589421	5.341911216
-13.97435897	0.7948717949	1.746654714	2.154360774	1.233421097	6.008487341	5.434710919
-13.97435897	0.8461538462	1.777729716	2.191147283	1.232553668	6.115385262	5.527510622
-13.97435897	0.8974358974	1.808804718	2.227933791	1.231716044	6.222283182	5.620310326
-13.97435897	0.9487179487	1.83987972	2.2647203	1.230906714	6.329181102	5.713110029
-13.97435897	1	1.870954722	2.301506809	1.230124268	6.436079022	5.805909732
-13.46153846	-1	0.6232757254	0.8232453632	1.320836557	2.144066756	2.076764773
-13.46153846	-0.9487179487	0.6543507274	0.8600318719	1.314328595	2.250964676	2.169564477
-13.46153846	-0.8974358974	0.6854257294	0.8968183806	1.308410732	2.357862596	2.26236418
-13.46153846	-0.8461538462	0.7165007314	0.9336048893	1.303006192	2.464760516	2.355163883
-13.46153846	-0.7948717949	0.7475757335	0.970391398	1.298050959	2.571658436	2.447963586
-13.46153846	-0.7435897436	0.7786507355	1.007177907	1.293491242	2.678556357	2.54076329
-13.46153846	-0.6923076923	0.8097257375	1.043964415	1.289281502	2.785454277	2.633562993
-13.46153846	-0.641025641	0.8408007395	1.080750924	1.285382937	2.892352197	2.726362696
-13.46153846	-0.5897435897	0.8718757415	1.117537433	1.281762274	2.999250117	2.819162399
-13.46153846	-0.5384615385	0.9029507435	1.154323941	1.27839082	3.106148037	2.911962103
-13.46153846	-0.4871794872	0.9340257455	1.19111045	1.275243703	3.213045957	3.004761806
-13.46153846	-0.4358974359	0.9651007476	1.227896959	1.272299252	3.319943878	3.097561509
-13.46153846	-0.3846153846	0.9961757496	1.264683468	1.269538501	3.426841798	3.190361212
-13.46153846	-0.3333333333	1.027250752	1.301469976	1.266944779	3.533739718	3.283160915
-13.46153846	-0.2820512821	1.058325754	1.338256485	1.264503373	3.640637638	3.375960619
-13.46153846	-0.2307692308	1.089400756	1.375042994	1.262201248	3.747535558	3.468760322
-13.46153846	-0.1794871795	1.120475758	1.411829502	1.260026817	3.854433479	3.561560025
-13.46153846	-0.1282051282	1.15155076	1.448616011	1.257969741	3.961331399	3.654359728
-13.46153846	-0.07692307692	1.182625762	1.48540252	1.25602077	4.068229319	3.747159432
-13.46153846	-0.02564102564	1.213700764	1.522189028	1.2541716	4.175127239	3.839959135
-13.46153846	0.02564102564	1.244775766	1.558975537	1.252414756	4.282025159	3.932758838
-13.46153846	0.07692307692	1.275850768	1.595762046	1.250743493	4.38892308	4.025558541
-13.46153846	0.1282051282	1.30692577	1.632548554	1.249151706	4.495821	4.118358244
-13.46153846	0.1794871795	1.338000772	1.669335063	1.247633857	4.60271892	4.211157948
-13.46153846	0.2307692308	1.369075774	1.706121572	1.246184911	4.70961684	4.303957651
-13.46153846	0.2820512821	1.400150776	1.74290808	1.244800282	4.81651476	4.396757354
-13.46153846	0.3333333333	1.431225778	1.779694589	1.243475779	4.923412681	4.489557057
-13.46153846	0.3846153846	1.46230078	1.816481098	1.24220757	5.030310601	4.582356761
-13.46153846	0.4358974359	1.493375782	1.853267607	1.240992139	5.137208521	4.675156464
-13.46153846	0.4871794872	1.524450784	1.890054115	1.239826261	5.244106441	4.767956167
-13.46153846	0.5384615385	1.555525786	1.926840624	1.238706964	5.351004361	4.86075587
-13.46153846	0.5897435897	1.586600788	1.963627133	1.237631512	5.457902282	4.953555573
-13.46153846	0.641025641	1.61767579	2.000413641	1.236597379	5.564800202	5.046355277
-13.46153846	0.6923076923	1.648750792	2.03720015	1.235602227	5.671698122	5.13915498
-13.46153846	0.7435897436	1.679825794	2.073986659	1.234643894	5.778596042	5.231954683
-13.46153846	0.7948717949	1.710900796	2.110773167	1.233720373	5.885493962	5.324754386
-13.46153846	0.8461538462	1.741975798	2.147559676	1.232829801	5.992391883	5.41755409
-13.46153846	0.8974358974	1.7730508	2.184346185	1.231970446	6.099289803	5.510353793
-13.46153846	0.9487179487	1.804125802	2.221132693	1.231140695	6.206187723	5.603153496
-13.46153846	1	1.835200804	2.257919202	1.230339044	6.313085643	5.695953199
-12.94871795	-1	0.5875218071	0.7796577567	1.327027775	2.021073377	1.966808241
-12.94871795	-0.9487179487	0.6185968091	0.8164442654	1.319832649	2.127971297	2.059607944
-12.94871795	-0.8974358974	0.6496718112	0.8532307741	1.313325835	2.234869217	2.152407647
-12.94871795	-0.8461538462	0.6807468132	0.8900172828	1.307413073	2.341767137	2.24520735
-12.94871795	-0.7948717949	0.7118218152	0.9268037915	1.30201656	2.448665057	2.338007054
-12.94871795	-0.7435897436	0.7428968172	0.9635903002	1.297071515	2.555562978	2.430806757
-12.94871795	-0.6923076923	0.7739718192	1.000376809	1.292523557	2.662460898	2.52360646
-12.94871795	-0.641025641	0.8050468212	1.037163318	1.288326704	2.769358818	2.616406163
-12.94871795	-0.5897435897	0.8361218233	1.073949826	1.284441808	2.876256738	2.709205866
-12.94871795	-0.5384615385	0.8671968253	1.110736335	1.280835334	2.983154658	2.80200557
-12.94871795	-0.4871794872	0.8982718273	1.147522844	1.277478385	3.090052578	2.894805273
-12.94871795	-0.4358974359	0.9293468293	1.184309352	1.274345933	3.196950499	2.987604976
-12.94871795	-0.3846153846	0.9604218313	1.221095861	1.271416185	3.303848419	3.080404679
-12.94871795	-0.3333333333	0.9914968333	1.25788237	1.268670083	3.410746339	3.173204383
-12.94871795	-0.2820512821	1.022571835	1.294668878	1.266090883	3.517644259	3.266004086
-12.94871795	-0.2307692308	1.053646837	1.331455387	1.26366382	3.624542179	3.358803789
-12.94871795	-0.1794871795	1.084721839	1.368241896	1.261375816	3.7314401	3.451603492
-12.94871795	-0.1282051282	1.115796841	1.405028404	1.259215255	3.83833802	3.544403195
-12.94871795	-0.07692307692	1.146871843	1.441814913	1.257171777	3.94523594	3.637202899
-12.94871795	-0.02564102564	1.177946845	1.478601422	1.255236115	4.05213386	3.730002602
-12.94871795	0.02564102564	1.209021847	1.515387931	1.253399956	4.15903178	3.822802305
-12.94871795	0.07692307692	1.240096849	1.552174439	1.25165582	4.265929701	3.915602008
-12.94871795	0.1282051282	1.271171851	1.588960948	1.249996958	4.372827621	4.008401712
-12.94871795	0.1794871795	1.302246853	1.625747457	1.248417266	4.479725541	4.101201415
-12.94871795	0.2307692308	1.333321856	1.662533965	1.246911208	4.586623461	4.194001118
-12.94871795	0.2820512821	1.364396858	1.699320474	1.245473752	4.693521381	4.286800821
-12.94871795	0.3333333333	1.39547186	1.736106983	1.244100317	4.800419302	4.379600524
-12.94871795	0.3846153846	1.426546862	1.772893491	1.242786717	4.907317222	4.472400228
-12.94871795	0.4358974359	1.457621864	1.80968	1.241529127	5.014215142	4.565199931
-12.94871795	0.4871794872	1.488696866	1.846466509	1.240324039	5.121113062	4.657999634
-12.94871795	0.5384615385	1.519771868	1.883253017	1.239168231	5.228010982	4.750799337
-12.94871795	0.5897435897	1.55084687	1.920039526	1.238058743	5.334908903	4.843599041
-12.94871795	0.641025641	1.581921872	1.956826035	1.236992844	5.441806823	4.936398744
-12.94871795	0.6923076923	1.612996874	1.993612543	1.235968015	5.548704743	5.029198447
-12.94871795	0.7435897436	1.644071876	2.030399052	1.234981926	5.655602663	5.12199815
-12.94871795	0.7948717949	1.675146878	2.067185561	1.234032423	5.762500583	5.214797853
-12.94871795	0.8461538462	1.70622188	2.10397207	1.233117506	5.869398504	5.307597557
-12.94871795	0.8974358974	1.737296882	2.140758578	1.23223532	5.976296424	5.40039726
-12.94871795	0.9487179487	1.768371884	2.177545087	1.231384138	6.083194344	5.493196963
-12.94871795	1	1.799446886	2.214331596	1.230562354	6.190092264	5.585996666
-12.43589744	-1	0.5517678889	0.7360701502	1.334021361	1.898079998	1.856851708
-12.43589744	-0.9487179487	0.5828428909	0.7728566589	1.326011985	2.004977918	1.949651411
-12.43589744	-0.8974358974	0.6139178929	0.8096431676	1.318813439	2.111875838	2.042451114
-12.43589744	-0.8461538462	0.6449928949	0.8464296763	1.312308528	2.218773758	2.135250818
-12.43589744	-0.7948717949	0.6760678969	0.8832161849	1.306401604	2.325671678	2.228050521
-12.43589744	-0.7435897436	0.7071428989	0.9200026936	1.301013833	2.432569598	2.320850224
-12.43589744	-0.6923076923	0.738217901	0.9567892023	1.296079655	2.539467519	2.413649927
-12.43589744	-0.641025641	0.769292903	0.993575711	1.291544101	2.646365439	2.50644963
-12.43589744	-0.5897435897	0.800367905	1.03036222	1.287360742	2.753263359	2.599249334
-12.43589744	-0.5384615385	0.831442907	1.067148728	1.283490086	2.860161279	2.692049037
-12.43589744	-0.4871794872	0.862517909	1.103935237	1.279898337	2.967059199	2.78484874
-12.43589744	-0.4358974359	0.893592911	1.140721746	1.276556396	3.07395712	2.877648443
-12.43589744	-0.3846153846	0.9246679131	1.177508254	1.273439078	3.18085504	2.970448147
-12.43589744	-0.3333333333	0.9557429151	1.214294763	1.270524473	3.28775296	3.06324785
-12.43589744	-0.2820512821	0.9868179171	1.251081272	1.26779343	3.39465088	3.156047553
-12.43589744	-0.2307692308	1.017892919	1.287867781	1.265229138	3.5015488	3.248847256
-12.43589744	-0.1794871795	1.048967921	1.324654289	1.262816777	3.608446721	3.341646959
-12.43589744	-0.1282051282	1.080042923	1.361440798	1.260543233	3.715344641	3.434446663
-12.43589744	-0.07692307692	1.111117925	1.398227307	1.258396859	3.822242561	3.527246366
-12.43589744	-0.02564102564	1.142192927	1.435013815	1.256367275	3.929140481	3.620046069
-12.43589744	0.02564102564	1.173267929	1.471800324	1.254445202	4.036038401	3.712845772
-12.43589744	0.07692307692	1.204342931	1.508586833	1.252622317	4.142936322	3.805645476
-12.43589744	0.1282051282	1.235417933	1.545373341	1.250891136	4.249834242	3.898445179
-12.43589744	0.1794871795	1.266492935	1.58215985	1.249244908	4.356732162	3.991244882
-12.43589744	0.2307692308	1.297567937	1.618946359	1.24767753	4.463630082	4.084044585
-12.43589744	0.2820512821	1.328642939	1.655732867	1.246183469	4.570528002	4.176844288
-12.43589744	0.3333333333	1.359717941	1.692519376	1.244757699	4.677425923	4.269643992
-12.43589744	0.3846153846	1.390792943	1.729305885	1.243395642	4.784323843	4.362443695
-12.43589744	0.4358974359	1.421867945	1.766092394	1.242093121	4.891221763	4.455243398
-12.43589744	0.4871794872	1.452942947	1.802878902	1.240846315	4.998119683	4.548043101
-12.43589744	0.5384615385	1.484017949	1.839665411	1.239651725	5.105017603	4.640842805
-12.43589744	0.5897435897	1.515092951	1.87645192	1.238506138	5.211915524	4.733642508
-12.43589744	0.641025641	1.546167953	1.913238428	1.237406599	5.318813444	4.826442211
-12.43589744	0.6923076923	1.577242955	1.950024937	1.236350386	5.425711364	4.919241914
-12.43589744	0.7435897436	1.608317957	1.986811446	1.235334989	5.532609284	5.012041617
-12.43589744	0.7948717949	1.639392959	2.023597954	1.234358085	5.639507204	5.104841321
-12.43589744	0.8461538462	1.670467961	2.060384463	1.233417528	5.746405124	5.197641024
-12.43589744	0.8974358974	1.701542963	2.097170972	1.232511325	5.853303045	5.290440727
-12.43589744	0.9487179487	1.732617965	2.13395748	1.231637628	5.960200965	5.38324043
-12.43589744	1	1.763692967	2.170743989	1.230794718	6.067098885	5.476040134
-11.92307692	-1	0.5160139706	0.6924825437	1.341984099	1.775086618	1.746895175
-11.92307692	-0.9487179487	0.5470889726	0.7292690523	1.332998998	1.881984539	1.839694878
-11.92307692	-0.8974358974	0.5781639746	0.766055561	1.324979754	1.988882459	1.932494582
-11.92307692	-0.8461538462	0.6092389766	0.8028420697	1.317778574	2.095780379	2.025294285
-11.92307692	-0.7948717949	0.6403139787	0.8396285784	1.311276353	2.202678299	2.118093988
-11.92307692	-0.7435897436	0.6713889807	0.8764150871	1.305376037	2.309576219	2.210893691
-11.92307692	-0.6923076923	0.7024639827	0.9132015958	1.299997748	2.41647414	2.303693394
-11.92307692	-0.641025641	0.7335389847	0.9499881045	1.295075142	2.52337206	2.396493098
-11.92307692	-0.5897435897	0.7646139867	0.9867746132	1.290552658	2.63026998	2.489292801
-11.92307692	-0.5384615385	0.7956889887	1.023561122	1.286383419	2.7371679	2.582092504
-11.92307692	-0.4871794872	0.8267639908	1.060347631	1.282527592	2.84406582	2.674892207
-11.92307692	-0.4358974359	0.8578389928	1.097134139	1.278951118	2.950963741	2.767691911
-11.92307692	-0.3846153846	0.8889139948	1.133920648	1.2756247	3.057861661	2.860491614
-11.92307692	-0.3333333333	0.9199889968	1.170707157	1.272522998	3.164759581	2.953291317
-11.92307692	-0.2820512821	0.9510639988	1.207493665	1.269623986	3.271657501	3.04609102
-11.92307692	-0.2307692308	0.9821390008	1.244280174	1.266908424	3.378555421	3.138890723
-11.92307692	-0.1794871795	1.013214003	1.281066683	1.264359434	3.485453342	3.231690427
-11.92307692	-0.1282051282	1.044289005	1.317853191	1.261962144	3.592351262	3.32449013
-11.92307692	-0.07692307692	1.075364007	1.3546397	1.259703404	3.699249182	3.417289833
-11.92307692	-0.02564102564	1.106439009	1.391426209	1.25757154	3.806147102	3.510089536
-11.92307692	0.02564102564	1.137514011	1.428212717	1.255556155	3.913045022	3.60288924
-11.92307692	0.07692307692	1.168589013	1.464999226	1.253647955	4.019942943	3.695688943
-11.92307692	0.1282051282	1.199664015	1.501785735	1.251838612	4.126840863	3.788488646
-11.92307692	0.1794871795	1.230739017	1.538572244	1.250120637	4.233738783	3.881288349
-11.92307692	0.2307692308	1.261814019	1.575358752	1.24848728	4.340636703	3.974088052
-11.92307692	0.2820512821	1.292889021	1.612145261	1.246932439	4.447534623	4.066887756
-11.92307692	0.3333333333	1.323964023	1.64893177	1.245450587	4.554432544	4.159687459
-11.92307692	0.3846153846	1.355039025	1.685718278	1.244036701	4.661330464	4.252487162
-11.92307692	0.4358974359	1.386114027	1.722504787	1.24268621	4.768228384	4.345286865
-11.92307692	0.4871794872	1.417189029	1.759291296	1.241394944	4.875126304	4.438086569
-11.92307692	0.5384615385	1.448264031	1.796077804	1.240159091	4.982024224	4.530886272
-11.92307692	0.5897435897	1.479339033	1.832864313	1.238975159	5.088922144	4.623685975
-11.92307692	0.641025641	1.510414035	1.869650822	1.237839942	5.195820065	4.716485678
-11.92307692	0.6923076923	1.541489037	1.90643733	1.236750495	5.302717985	4.809285381
-11.92307692	0.7435897436	1.572564039	1.943223839	1.235704105	5.409615905	4.902085085
-11.92307692	0.7948717949	1.603639041	1.980010348	1.234698269	5.516513825	4.994884788
-11.92307692	0.8461538462	1.634714043	2.016796857	1.233730673	5.623411745	5.087684491
-11.92307692	0.8974358974	1.665789045	2.053583365	1.232799178	5.730309666	5.180484194
-11.92307692	0.9487179487	1.696864047	2.090369874	1.2319018	5.837207586	5.273283898
-11.92307692	1	1.727939049	2.127156383	1.231036699	5.944105506	5.366083601
-11.41025641	-1	0.4802600523	0.6488949371	1.351132442	1.652093239	1.636938642
-11.41025641	-0.9487179487	0.5113350544	0.6856814458	1.340963112	1.75899116	1.729738345
-11.41025641	-0.8974358974	0.5424100564	0.7224679545	1.331958997	1.86588908	1.822538049
-11.41025641	-0.8461538462	0.5734850584	0.7592544632	1.32393068	1.972787	1.915337752
-11.41025641	-0.7948717949	0.6045600604	0.7960409719	1.31672769	2.07968492	2.008137455
-11.41025641	-0.7435897436	0.6356350624	0.8328274806	1.310228982	2.18658284	2.100937158
-11.41025641	-0.6923076923	0.6667100644	0.8696139893	1.304336076	2.293480761	2.193736862
-11.41025641	-0.641025641	0.6977850664	0.906400498	1.298968037	2.400378681	2.286536565
-11.41025641	-0.5897435897	0.7288600685	0.9431870066	1.294057731	2.507276601	2.379336268
-11.41025641	-0.5384615385	0.7599350705	0.9799735153	1.289549007	2.614174521	2.472135971
-11.41025641	-0.4871794872	0.7910100725	1.016760024	1.285394535	2.721072441	2.564935674
-11.41025641	-0.4358974359	0.8220850745	1.053546533	1.281554142	2.827970362	2.657735378
-11.41025641	-0.3846153846	0.8531600765	1.090333041	1.277993511	2.934868282	2.750535081
-11.41025641	-0.3333333333	0.8842350785	1.12711955	1.274683144	3.041766202	2.843334784
-11.41025641	-0.2820512821	0.9153100806	1.163906059	1.271597553	3.148664122	2.936134487
-11.41025641	-0.2307692308	0.9463850826	1.200692567	1.268714596	3.255562042	3.028934191
-11.41025641	-0.1794871795	0.9774600846	1.237479076	1.266014946	3.362459963	3.121733894
-11.41025641	-0.1282051282	1.008535087	1.274265585	1.263481659	3.469357883	3.214533597
-11.41025641	-0.07692307692	1.039610089	1.311052094	1.261099818	3.576255803	3.3073333
-11.41025641	-0.02564102564	1.070685091	1.347838602	1.258856235	3.683153723	3.400133003
-11.41025641	0.02564102564	1.101760093	1.384625111	1.256739212	3.790051643	3.492932707
-11.41025641	0.07692307692	1.132835095	1.42141162	1.254738334	3.896949564	3.58573241
-11.41025641	0.1282051282	1.163910097	1.458198128	1.252844298	4.003847484	3.678532113
-11.41025641	0.1794871795	1.194985099	1.494984637	1.251048769	4.110745404	3.771331816
-11.41025641	0.2307692308	1.226060101	1.531771146	1.249344257	4.217643324	3.86413152
-11.41025641	0.2820512821	1.257135103	1.568557654	1.247724012	4.324541244	3.956931223
-11.41025641	0.3333333333	1.288210105	1.605344163	1.246181937	4.431439165	4.049730926
-11.41025641	0.3846153846	1.319285107	1.642130672	1.244712506	4.538337085	4.142530629
-11.41025641	0.4358974359	1.350360109	1.67891718	1.243310706	4.645235005	4.235330332
-11.41025641	0.4871794872	1.381435111	1.715703689	1.241971972	4.752132925	4.328130036
-11.41025641	0.5384615385	1.412510113	1.752490198	1.240692142	4.859030845	4.420929739
-11.41025641	0.5897435897	1.443585115	1.789276707	1.239467412	4.965928765	4.513729442
-11.41025641	0.641025641	1.474660117	1.826063215	1.238294299	5.072826686	4.606529145
-11.41025641	0.6923076923	1.505735119	1.862849724	1.237169606	5.179724606	4.699328849
-11.41025641	0.7435897436	1.536810121	1.899636233	1.236090397	5.286622526	4.792128552
-11.41025641	0.7948717949	1.567885123	1.936422741	1.235053967	5.393520446	4.884928255
-11.41025641	0.8461538462	1.598960125	1.97320925	1.234057822	5.500418366	4.977727958
-11.41025641	0.8974358974	1.630035127	2.009995759	1.233099659	5.607316287	5.070527661
-11.41025641	0.9487179487	1.661110129	2.046782267	1.232177344	5.714214207	5.163327365
-11.41025641	1	1.692185131	2.083568776	1.231288904	5.821112127	5.256127068
-10.8974359	-1	0.4445061341	0.6053073306	1.36175248	1.52909986	1.526982109
-10.8974359	-0.9487179487	0.4755811361	0.6420938393	1.350124701	1.635997781	1.619781813
-10.8974359	-0.8974358974	0.5066561381	0.678880348	1.339923267	1.742895701	1.712581516
-10.8974359	-0.8461538462	0.5377311401	0.7156668567	1.330900897	1.849793621	1.805381219
-10.8974359	-0.7948717949	0.5688061421	0.7524533654	1.322864346	1.956691541	1.898180922
-10.8974359	-0.7435897436	0.5998811442	0.7892398741	1.315660413	2.063589461	1.990980626
-10.8974359	-0.6923076923	0.6309561462	0.8260263827	1.309166077	2.170487382	2.083780329
-10.8974359	-0.641025641	0.6620311482	0.8628128914	1.303281415	2.277385302	2.176580032
-10.8974359	-0.5897435897	0.6931061502	0.8995994001	1.297924423	2.384283222	2.269379735
-10.8974359	-0.5384615385	0.7241811522	0.9363859088	1.293027174	2.491181142	2.362179438
-10.8974359	-0.4871794872	0.7552561542	0.9731724175	1.28853292	2.598079062	2.454979142
-10.8974359	-0.4358974359	0.7863311563	1.009958926	1.284393882	2.704976983	2.547778845
-10.8974359	-0.3846153846	0.8174061583	1.046745435	1.280569548	2.811874903	2.640578548
-10.8974359	-0.3333333333	0.8484811603	1.083531944	1.277025342	2.918772823	2.733378251
-10.8974359	-0.2820512821	0.8795561623	1.120318452	1.273731571	3.025670743	2.826177955
-10.8974359	-0.2307692308	0.9106311643	1.157104961	1.270662598	3.132568663	2.918977658
-10.8974359	-0.1794871795	0.9417061663	1.19389147	1.267796169	3.239466584	3.011777361
-10.8974359	-0.1282051282	0.9727811683	1.230677978	1.265112873	3.346364504	3.104577064
-10.8974359	-0.07692307692	1.00385617	1.267464487	1.262595703	3.453262424	3.197376767
-10.8974359	-0.02564102564	1.034931172	1.304250996	1.260229695	3.560160344	3.290176471
-10.8974359	0.02564102564	1.066006174	1.341037504	1.258001629	3.667058264	3.382976174
-10.8974359	0.07692307692	1.097081176	1.377824013	1.255899785	3.773956185	3.475775877
-10.8974359	0.1282051282	1.128156178	1.414610522	1.25391373	3.880854105	3.56857558
-10.8974359	0.1794871795	1.15923118	1.45139703	1.252034154	3.987752025	3.661375284
-10.8974359	0.2307692308	1.190306182	1.488183539	1.250252717	4.094649945	3.754174987
-10.8974359	0.2820512821	1.221381184	1.524970048	1.248561929	4.201547865	3.84697469
-10.8974359	0.3333333333	1.252456186	1.561756557	1.246955042	4.308445785	3.939774393
-10.8974359	0.3846153846	1.283531189	1.598543065	1.245425962	4.415343706	4.032574096
-10.8974359	0.4358974359	1.314606191	1.635329574	1.243969172	4.522241626	4.1253738
-10.8974359	0.4871794872	1.345681193	1.672116083	1.242579663	4.629139546	4.218173503
-10.8974359	0.5384615385	1.376756195	1.708902591	1.24125288	4.736037466	4.310973206
-10.8974359	0.5897435897	1.407831197	1.7456891	1.239984669	4.842935386	4.403772909
-10.8974359	0.641025641	1.438906199	1.782475609	1.238771235	4.949833307	4.496572613
-10.8974359	0.6923076923	1.469981201	1.819262117	1.237609105	5.056731227	4.589372316
-10.8974359	0.7435897436	1.501056203	1.856048626	1.236495091	5.163629147	4.682172019
-10.8974359	0.7948717949	1.532131205	1.892835135	1.235426267	5.270527067	4.774971722
-10.8974359	0.8461538462	1.563206207	1.929621643	1.234399937	5.377424987	4.867771425
-10.8974359	0.8974358974	1.594281209	1.966408152	1.233413617	5.484322908	4.960571129
-10.8974359	0.9487179487	1.625356211	2.003194661	1.232465011	5.591220828	5.053370832
-10.8974359	1	1.656431213	2.03998117	1.231551998	5.698118748	5.146170535
-10.38461538	-1	0.4087522158	0.5617197241	1.374230407	1.406106481	1.417025577
-10.38461538	-0.9487179487	0.4398272178	0.5985062328	1.360775797	1.513004402	1.50982528
-10.38461538	-0.8974358974	0.4709022198	0.6352927415	1.349096935	1.619902322	1.602624983
-10.38461538	-0.8461538462	0.5019772219	0.6720792501	1.338864038	1.726800242	1.695424686
-10.38461538	-0.7948717949	0.5330522239	0.7088657588	1.329824222	1.833698162	1.78822439
-10.38461538	-0.7435897436	0.5641272259	0.7456522675	1.321780324	1.940596082	1.881024093
-10.38461538	-0.6923076923	0.5952022279	0.7824387762	1.314576357	2.047494003	1.973823796
-10.38461538	-0.641025641	0.6262772299	0.8192252849	1.308087291	2.154391923	2.066623499
-10.38461538	-0.5897435897	0.6573522319	0.8560117936	1.30221174	2.261289843	2.159423202
-10.38461538	-0.5384615385	0.688427234	0.8927983023	1.296866623	2.368187763	2.252222906
-10.38461538	-0.4871794872	0.719502236	0.929584811	1.291983214	2.475085683	2.345022609
-10.38461538	-0.4358974359	0.750577238	0.9663713197	1.287504164	2.581983604	2.437822312
-10.38461538	-0.3846153846	0.78165224	1.003157828	1.283381249	2.688881524	2.530622015
-10.38461538	-0.3333333333	0.812727242	1.039944337	1.279573617	2.795779444	2.623421719
-10.38461538	-0.2820512821	0.843802244	1.076730846	1.276046435	2.902677364	2.716221422
-10.38461538	-0.2307692308	0.8748772461	1.113517354	1.272769819	3.009575284	2.809021125
-10.38461538	-0.1794871795	0.9059522481	1.150303863	1.269717985	3.116473205	2.901820828
-10.38461538	-0.1282051282	0.9370272501	1.187090372	1.266868569	3.223371125	2.994620531
-10.38461538	-0.07692307692	0.9681022521	1.22387688	1.26420208	3.330269045	3.087420235
-10.38461538	-0.02564102564	0.9991772541	1.260663389	1.261701449	3.437166965	3.180219938
-10.38461538	0.02564102564	1.030252256	1.297449898	1.259351669	3.544064885	3.273019641
-10.38461538	0.07692307692	1.061327258	1.334236407	1.257139489	3.650962805	3.365819344
-10.38461538	0.1282051282	1.09240226	1.371022915	1.255053166	3.757860726	3.458619048
-10.38461538	0.1794871795	1.123477262	1.407809424	1.253082258	3.864758646	3.551418751
-10.38461538	0.2307692308	1.154552264	1.444595933	1.251217444	3.971656566	3.644218454
-10.38461538	0.2820512821	1.185627266	1.481382441	1.249450383	4.078554486	3.737018157
-10.38461538	0.3333333333	1.216702268	1.51816895	1.247773584	4.185452406	3.82981786
-10.38461538	0.3846153846	1.24777727	1.554955459	1.246180305	4.292350327	3.922617564
-10.38461538	0.4358974359	1.278852272	1.591741967	1.244664456	4.399248247	4.015417267
-10.38461538	0.4871794872	1.309927274	1.628528476	1.243220527	4.506146167	4.10821697
-10.38461538	0.5384615385	1.341002276	1.665314985	1.241843518	4.613044087	4.201016673
-10.38461538	0.5897435897	1.372077278	1.702101493	1.240528883	4.719942007	4.293816377
-10.38461538	0.641025641	1.40315228	1.738888002	1.239272477	4.826839928	4.38661608
-10.38461538	0.6923076923	1.434227282	1.775674511	1.238070516	4.933737848	4.479415783
-10.38461538	0.7435897436	1.465302284	1.81246102	1.236919535	5.040635768	4.572215486
-10.38461538	0.7948717949	1.496377286	1.849247528	1.235816358	5.147533688	4.665015189
-10.38461538	0.8461538462	1.527452288	1.886034037	1.234758068	5.254431608	4.757814893
-10.38461538	0.8974358974	1.55852729	1.922820546	1.23374198	5.361329529	4.850614596
-10.38461538	0.9487179487	1.589602292	1.959607054	1.232765619	5.468227449	4.943414299
-10.38461538	1	1.620677294	1.996393563	1.2318267	5.575125369	5.036214002
-9.871794872	-1	0.3729982976	0.5181321175	1.389100489	1.283113102	1.307069044
-9.871794872	-0.9487179487	0.4040732996	0.5549186262	1.37331179	1.390011023	1.399868747
-9.871794872	-0.8974358974	0.4351483016	0.5917051349	1.35977811	1.496908943	1.49266845
-9.871794872	-0.8461538462	0.4662233036	0.6284916436	1.34804854	1.603806863	1.585468153
-9.871794872	-0.7948717949	0.4972983056	0.6652781523	1.337784876	1.710704783	1.678267857
-9.871794872	-0.7435897436	0.5283733076	0.702064661	1.328728478	1.817602703	1.77106756
-9.871794872	-0.6923076923	0.5594483096	0.7388511697	1.32067817	1.924500624	1.863867263
-9.871794872	-0.641025641	0.5905233117	0.7756376784	1.313475121	2.031398544	1.956666966
-9.871794872	-0.5897435897	0.6215983137	0.8124241871	1.306992264	2.138296464	2.04946667
-9.871794872	-0.5384615385	0.6526733157	0.8492106958	1.301126728	2.245194384	2.142266373
-9.871794872	-0.4871794872	0.6837483177	0.8859972044	1.295794346	2.352092304	2.235066076
-9.871794872	-0.4358974359	0.7148233197	0.9227837131	1.290925586	2.458990225	2.327865779
-9.871794872	-0.3846153846	0.7458983217	0.9595702218	1.286462503	2.565888145	2.420665482
-9.871794872	-0.3333333333	0.7769733238	0.9963567305	1.282356421	2.672786065	2.513465186
-9.871794872	-0.2820512821	0.8080483258	1.033143239	1.278566153	2.779683985	2.606264889
-9.871794872	-0.2307692308	0.8391233278	1.069929748	1.275056613	2.886581905	2.699064592
-9.871794872	-0.1794871795	0.8701983298	1.106716257	1.271797726	2.993479826	2.791864295
-9.871794872	-0.1282051282	0.9012733318	1.143502765	1.268763565	3.100377746	2.884663999
-9.871794872	-0.07692307692	0.9323483338	1.180289274	1.26593166	3.207275666	2.977463702
-9.871794872	-0.02564102564	0.9634233359	1.217075783	1.26328244	3.314173586	3.070263405
-9.871794872	0.02564102564	0.9944983379	1.253862291	1.26079878	3.421071506	3.163063108
-9.871794872	0.07692307692	1.02557334	1.2906488	1.258465631	3.527969426	3.255862811
-9.871794872	0.1282051282	1.056648342	1.327435309	1.256269713	3.634867347	3.348662515
-9.871794872	0.1794871795	1.087723344	1.364221817	1.254199264	3.741765267	3.441462218
-9.871794872	0.2307692308	1.118798346	1.401008326	1.25224383	3.848663187	3.534261921
-9.871794872	0.2820512821	1.149873348	1.437794835	1.250394087	3.955561107	3.627061624
-9.871794872	0.3333333333	1.18094835	1.474581343	1.24864169	4.062459027	3.719861328
-9.871794872	0.3846153846	1.212023352	1.511367852	1.246979152	4.169356948	3.812661031
-9.871794872	0.4358974359	1.243098354	1.548154361	1.245399735	4.276254868	3.905460734
-9.871794872	0.4871794872	1.274173356	1.58494087	1.243897357	4.383152788	3.998260437
-9.871794872	0.5384615385	1.305248358	1.621727378	1.242466515	4.490050708	4.09106014
-9.871794872	0.5897435897	1.33632336	1.658513887	1.241102219	4.596948628	4.183859844
-9.871794872	0.641025641	1.367398362	1.695300396	1.239799932	4.703846549	4.276659547
-9.871794872	0.6923076923	1.398473364	1.732086904	1.23855552	4.810744469	4.36945925
-9.871794872	0.7435897436	1.429548366	1.768873413	1.237365209	4.917642389	4.462258953
-9.871794872	0.7948717949	1.460623368	1.805659922	1.236225547	5.024540309	4.555058657
-9.871794872	0.8461538462	1.49169837	1.84244643	1.235133367	5.131438229	4.64785836
-9.871794872	0.8974358974	1.522773372	1.879232939	1.234085763	5.23833615	4.740658063
-9.871794872	0.9487179487	1.553848374	1.916019448	1.233080061	5.34523407	4.833457766
-9.871794872	1	1.584923376	1.952805956	1.232113795	5.45213199	4.926257469
-9.358974359	-1	0.3372443793	0.474544511	1.407123558	1.160119723	1.197112511
-9.358974359	-0.9487179487	0.3683193813	0.5113310197	1.388281599	1.267017644	1.289912214
-9.358974359	-0.8974358974	0.3993943833	0.5481175284	1.372371649	1.373915564	1.382711917
-9.358974359	-0.8461538462	0.4304693853	0.5849040371	1.358758734	1.480813484	1.475511621
-9.358974359	-0.7948717949	0.4615443874	0.6216905458	1.346978888	1.587711404	1.568311324
-9.358974359	-0.7435897436	0.4926193894	0.6584770545	1.336685215	1.694609324	1.661111027
-9.358974359	-0.6923076923	0.5236943914	0.6952635632	1.327613155	1.801507245	1.75391073
-9.358974359	-0.641025641	0.5547693934	0.7320500719	1.319557424	1.908405165	1.846710434
-9.358974359	-0.5897435897	0.5858443954	0.7688365805	1.312356296	2.015303085	1.939510137
-9.358974359	-0.5384615385	0.6169193974	0.8056230892	1.305880627	2.122201005	2.03230984
-9.358974359	-0.4871794872	0.6479943994	0.8424095979	1.300026048	2.229098925	2.125109543
-9.358974359	-0.4358974359	0.6790694015	0.8791961066	1.294707293	2.335996846	2.217909246
-9.358974359	-0.3846153846	0.7101444035	0.9159826153	1.289854022	2.442894766	2.31070895
-9.358974359	-0.3333333333	0.7412194055	0.952769124	1.28540769	2.549792686	2.403508653
-9.358974359	-0.2820512821	0.7722944075	0.9895556327	1.281319174	2.656690606	2.496308356
-9.358974359	-0.2307692308	0.8033694095	1.026342141	1.277546953	2.763588526	2.589108059
-9.358974359	-0.1794871795	0.8344444115	1.06312865	1.274055689	2.870486446	2.681907763
-9.358974359	-0.1282051282	0.8655194136	1.099915159	1.270815122	2.977384367	2.774707466
-9.358974359	-0.07692307692	0.8965944156	1.136701667	1.267799183	3.084282287	2.867507169
-9.358974359	-0.02564102564	0.9276694176	1.173488176	1.2649853	3.191180207	2.960306872
-9.358974359	0.02564102564	0.9587444196	1.210274685	1.262353825	3.298078127	3.053106575
-9.358974359	0.07692307692	0.9898194216	1.247061194	1.259887578	3.404976047	3.145906279
-9.358974359	0.1282051282	1.020894424	1.283847702	1.257571471	3.511873968	3.238705982
-9.358974359	0.1794871795	1.051969426	1.320634211	1.255392199	3.618771888	3.331505685
-9.358974359	0.2307692308	1.083044428	1.35742072	1.253337984	3.725669808	3.424305388
-9.358974359	0.2820512821	1.11411943	1.394207228	1.251398361	3.832567728	3.517105092
-9.358974359	0.3333333333	1.145194432	1.430993737	1.249564002	3.939465648	3.609904795
-9.358974359	0.3846153846	1.176269434	1.467780246	1.247826564	4.046363569	3.702704498
-9.358974359	0.4358974359	1.207344436	1.504566754	1.246178563	4.153261489	3.795504201
-9.358974359	0.4871794872	1.238419438	1.541353263	1.244613268	4.260159409	3.888303904
-9.358974359	0.5384615385	1.26949444	1.578139772	1.243124603	4.367057329	3.981103608
-9.358974359	0.5897435897	1.300569442	1.61492628	1.241707077	4.473955249	4.073903311
-9.358974359	0.641025641	1.331644444	1.651712789	1.24035571	4.58085317	4.166703014
-9.358974359	0.6923076923	1.362719446	1.688499298	1.239065974	4.68775109	4.259502717
-9.358974359	0.7435897436	1.393794448	1.725285806	1.237833749	4.79464901	4.352302421
-9.358974359	0.7948717949	1.42486945	1.762072315	1.236655271	4.90154693	4.445102124
-9.358974359	0.8461538462	1.455944452	1.798858824	1.235527098	5.00844485	4.537901827
-9.358974359	0.8974358974	1.487019454	1.835645333	1.234446078	5.115342771	4.63070153
-9.358974359	0.9487179487	1.518094456	1.872431841	1.233409314	5.222240691	4.723501233
-9.358974359	1	1.549169458	1.90921835	1.232414143	5.329138611	4.816300937
-8.846153846	-1	0.301490461	0.4309569045	1.429421359	1.037126344	1.087155978
-8.846153846	-0.9487179487	0.332565463	0.4677434132	1.4064702	1.144024265	1.179955681
-8.846153846	-0.8974358974	0.3636404651	0.5045299219	1.387441636	1.250922185	1.272755385
-8.846153846	-0.8461538462	0.3947154671	0.5413164306	1.371409219	1.357820105	1.365555088
-8.846153846	-0.7948717949	0.4257904691	0.5781029393	1.357716955	1.464718025	1.458354791
-8.846153846	-0.7435897436	0.4568654711	0.6148894479	1.345887328	1.571615945	1.551154494
-8.846153846	-0.6923076923	0.4879404731	0.6516759566	1.335564464	1.678513866	1.643954198
-8.846153846	-0.641025641	0.5190154751	0.6884624653	1.326477722	1.785411786	1.736753901
-8.846153846	-0.5897435897	0.5500904772	0.725248974	1.318417613	1.892309706	1.829553604
-8.846153846	-0.5384615385	0.5811654792	0.7620354827	1.311219455	1.999207626	1.922353307
-8.846153846	-0.4871794872	0.6122404812	0.7988219914	1.304751999	2.106105546	2.01515301
-8.846153846	-0.4358974359	0.6433154832	0.8356085001	1.298909356	2.213003466	2.107952714
-8.846153846	-0.3846153846	0.6743904852	0.8723950088	1.293605156	2.319901387	2.200752417
-8.846153846	-0.3333333333	0.7054654872	0.9091815175	1.288768244	2.426799307	2.29355212
-8.846153846	-0.2820512821	0.7365404892	0.9459680262	1.284339476	2.533697227	2.386351823
-8.846153846	-0.2307692308	0.7676154913	0.9827545348	1.280269283	2.640595147	2.479151527
-8.846153846	-0.1794871795	0.7986904933	1.019541044	1.276515812	2.747493067	2.57195123
-8.846153846	-0.1282051282	0.8297654953	1.056327552	1.273043478	2.854390988	2.664750933
-8.846153846	-0.07692307692	0.8608404973	1.093114061	1.269821836	2.961288908	2.757550636
-8.846153846	-0.02564102564	0.8919154993	1.12990057	1.266824683	3.068186828	2.850350339
-8.846153846	0.02564102564	0.9229905013	1.166687078	1.264029344	3.175084748	2.943150043
-8.846153846	0.07692307692	0.9540655034	1.203473587	1.261416101	3.281982668	3.035949746
-8.846153846	0.1282051282	0.9851405054	1.240260096	1.25896772	3.388880589	3.128749449
-8.846153846	0.1794871795	1.016215507	1.277046604	1.256669078	3.495778509	3.221549152
-8.846153846	0.2307692308	1.047290509	1.313833113	1.254506845	3.602676429	3.314348856
-8.846153846	0.2820512821	1.078365511	1.350619622	1.25246923	3.709574349	3.407148559
-8.846153846	0.3333333333	1.109440513	1.38740613	1.25054576	3.816472269	3.499948262
-8.846153846	0.3846153846	1.140515515	1.424192639	1.248727106	3.92337019	3.592747965
-8.846153846	0.4358974359	1.171590517	1.460979148	1.247004927	4.03026811	3.685547668
-8.846153846	0.4871794872	1.202665519	1.497765657	1.245371745	4.13716603	3.778347372
-8.846153846	0.5384615385	1.233740522	1.534552165	1.243820835	4.24406395	3.871147075
-8.846153846	0.5897435897	1.264815524	1.571338674	1.242346132	4.35096187	3.963946778
-8.846153846	0.641025641	1.295890526	1.608125183	1.240942156	4.457859791	4.056746481
-8.846153846	0.6923076923	1.326965528	1.644911691	1.239603936	4.564757711	4.149546185
-8.846153846	0.7435897436	1.35804053	1.6816982	1.23832696	4.671655631	4.242345888
-8.846153846	0.7948717949	1.389115532	1.718484709	1.237107116	4.778553551	4.335145591
-8.846153846	0.8461538462	1.420190534	1.755271217	1.235940654	4.885451471	4.427945294
-8.846153846	0.8974358974	1.451265536	1.792057726	1.234824146	4.992349392	4.520744997
-8.846153846	0.9487179487	1.482340538	1.828844235	1.23375445	5.099247312	4.613544701
-8.846153846	1	1.51341554	1.865630743	1.232728682	5.206145232	4.706344404
-8.333333333	-1	0.2657365428	0.387369298	1.457719341	0.9141329653	0.9771994454
-8.333333333	-0.9487179487	0.2968115448	0.4241558067	1.429040798	1.021030886	1.069999149
-8.333333333	-0.8974358974	0.3278865468	0.4609423153	1.405798194	1.127928806	1.162798852
-8.333333333	-0.8461538462	0.3589615488	0.497728824	1.386579776	1.234826726	1.255598555
-8.333333333	-0.7948717949	0.3900365508	0.5345153327	1.370423699	1.341724646	1.348398258
-8.333333333	-0.7435897436	0.4211115528	0.5713018414	1.356652026	1.448622566	1.441197961
-8.333333333	-0.6923076923	0.4521865549	0.6080883501	1.344773177	1.555520486	1.533997665
-8.333333333	-0.641025641	0.4832615569	0.6448748588	1.334422011	1.662418407	1.626797368
-8.333333333	-0.5897435897	0.5143365589	0.6816613675	1.325321632	1.769316327	1.719597071
-8.333333333	-0.5384615385	0.5454115609	0.7184478762	1.317258246	1.876214247	1.812396774
-8.333333333	-0.4871794872	0.5764865629	0.7552343849	1.31006416	1.983112167	1.905196478
-8.333333333	-0.4358974359	0.6075615649	0.7920208936	1.303605987	2.090010087	1.997996181
-8.333333333	-0.3846153846	0.638636567	0.8288074023	1.297776302	2.196908008	2.090795884
-8.333333333	-0.3333333333	0.669711569	0.8655939109	1.292487619	2.303805928	2.183595587
-8.333333333	-0.2820512821	0.700786571	0.9023804196	1.287667968	2.410703848	2.27639529
-8.333333333	-0.2307692308	0.731861573	0.9391669283	1.283257604	2.517601768	2.369194994
-8.333333333	-0.1794871795	0.762936575	0.975953437	1.279206515	2.624499688	2.461994697
-8.333333333	-0.1282051282	0.794011577	1.012739946	1.275472518	2.731397609	2.5547944
-8.333333333	-0.07692307692	0.825086579	1.049526454	1.272019787	2.838295529	2.647594103
-8.333333333	-0.02564102564	0.8561615811	1.086312963	1.268817694	2.945193449	2.740393807
-8.333333333	0.02564102564	0.8872365831	1.123099472	1.265839905	3.052091369	2.83319351
-8.333333333	0.07692307692	0.9183115851	1.15988598	1.263063648	3.158989289	2.925993213
-8.333333333	0.1282051282	0.9493865871	1.196672489	1.260469134	3.26588721	3.018792916
-8.333333333	0.1794871795	0.9804615891	1.233458998	1.258039082	3.37278513	3.111592619
-8.333333333	0.2307692308	1.011536591	1.270245507	1.255758336	3.47968305	3.204392323
-8.333333333	0.2820512821	1.042611593	1.307032015	1.253613545	3.58658097	3.297192026
-8.333333333	0.3333333333	1.073686595	1.343818524	1.251592904	3.69347889	3.389991729
-8.333333333	0.3846153846	1.104761597	1.380605033	1.249685938	3.800376811	3.482791432
-8.333333333	0.4358974359	1.135836599	1.417391541	1.247883316	3.907274731	3.575591136
-8.333333333	0.4871794872	1.166911601	1.45417805	1.246176701	4.014172651	3.668390839
-8.333333333	0.5384615385	1.197986603	1.490964559	1.244558624	4.121070571	3.761190542
-8.333333333	0.5897435897	1.229061605	1.527751067	1.243022368	4.227968491	3.853990245
-8.333333333	0.641025641	1.260136607	1.564537576	1.241561881	4.334866412	3.946789948
-8.333333333	0.6923076923	1.291211609	1.601324085	1.240171691	4.441764332	4.039589652
-8.333333333	0.7435897436	1.322286611	1.638110593	1.238846843	4.548662252	4.132389355
-8.333333333	0.7948717949	1.353361613	1.674897102	1.237582835	4.655560172	4.225189058
-8.333333333	0.8461538462	1.384436615	1.711683611	1.236375571	4.762458092	4.317988761
-8.333333333	0.8974358974	1.415511617	1.74847012	1.235221314	4.869356012	4.410788465
-8.333333333	0.9487179487	1.446586619	1.785256628	1.234116647	4.976253933	4.503588168
-8.333333333	1	1.477661621	1.822043137	1.233058442	5.083151853	4.596387871
-7.820512821	-1	0.2299826245	0.3437816914	1.494815933	0.7911395863	0.8672429126
-7.820512821	-0.9487179487	0.2610576265	0.3805682001	1.457793841	0.8980375065	0.9600426158
-7.820512821	-0.8974358974	0.2921326285	0.4173547088	1.428648046	1.004935427	1.052842319
-7.820512821	-0.8461538462	0.3232076305	0.4541412175	1.405106732	1.111833347	1.145642022
-7.820512821	-0.7948717949	0.3542826326	0.4909277262	1.385695151	1.218731267	1.238441725
-7.820512821	-0.7435897436	0.3853576346	0.5277142349	1.369414247	1.325629187	1.331241429
-7.820512821	-0.6923076923	0.4164326366	0.5645007436	1.355563167	1.432527107	1.424041132
-7.820512821	-0.641025641	0.4475076386	0.6012872523	1.343635729	1.539425028	1.516840835
-7.820512821	-0.5897435897	0.4785826406	0.638073761	1.33325722	1.646322948	1.609640538
-7.820512821	-0.5384615385	0.5096576426	0.6748602697	1.324144314	1.753220868	1.702440242
-7.820512821	-0.4871794872	0.5407326447	0.7116467783	1.316078815	1.860118788	1.795239945
-7.820512821	-0.4358974359	0.5718076467	0.748433287	1.308889959	1.967016708	1.888039648
-7.820512821	-0.3846153846	0.6028826487	0.7852197957	1.302442187	2.073914629	1.980839351
-7.820512821	-0.3333333333	0.6339576507	0.8220063044	1.296626523	2.180812549	2.073639054
-7.820512821	-0.2820512821	0.6650326527	0.8587928131	1.291354356	2.287710469	2.166438758
-7.820512821	-0.2307692308	0.6961076547	0.8955793218	1.2865529	2.394608389	2.259238461
-7.820512821	-0.1794871795	0.7271826568	0.9323658305	1.282161809	2.501506309	2.352038164
-7.820512821	-0.1282051282	0.7582576588	0.9691523392	1.27813063	2.60840423	2.444837867
-7.820512821	-0.07692307692	0.7893326608	1.005938848	1.274416856	2.71530215	2.537637571
-7.820512821	-0.02564102564	0.8204076628	1.042725357	1.270984419	2.82220007	2.630437274
-7.820512821	0.02564102564	0.8514826648	1.079511865	1.267802517	2.92909799	2.723236977
-7.820512821	0.07692307692	0.8825576668	1.116298374	1.264844685	3.03599591	2.81603668
-7.820512821	0.1282051282	0.9136326688	1.153084883	1.26208806	3.142893831	2.908836383
-7.820512821	0.1794871795	0.9447076709	1.189871391	1.259512787	3.249791751	3.001636087
-7.820512821	0.2307692308	0.9757826729	1.2266579	1.257101539	3.356689671	3.09443579
-7.820512821	0.2820512821	1.006857675	1.263444409	1.25483913	3.463587591	3.187235493
-7.820512821	0.3333333333	1.037932677	1.300230917	1.252712191	3.570485511	3.280035196
-7.820512821	0.3846153846	1.069007679	1.337017426	1.250708907	3.677383432	3.3728349
-7.820512821	0.4358974359	1.100082681	1.373803935	1.248818801	3.784281352	3.465634603
-7.820512821	0.4871794872	1.131157683	1.410590443	1.247032544	3.891179272	3.558434306
-7.820512821	0.5384615385	1.162232685	1.447376952	1.245341807	3.998077192	3.651234009
-7.820512821	0.5897435897	1.193307687	1.484163461	1.243739127	4.104975112	3.744033712
-7.820512821	0.641025641	1.224382689	1.52094997	1.242217799	4.211873033	3.836833416
-7.820512821	0.6923076923	1.255457691	1.557736478	1.240771783	4.318770953	3.929633119
-7.820512821	0.7435897436	1.286532693	1.594522987	1.239395622	4.425668873	4.022432822
-7.820512821	0.7948717949	1.317607695	1.631309496	1.238084372	4.532566793	4.115232525
-7.820512821	0.8461538462	1.348682697	1.668096004	1.236833547	4.639464713	4.208032229
-7.820512821	0.8974358974	1.379757699	1.704882513	1.235639065	4.746362633	4.300831932
-7.820512821	0.9487179487	1.410832701	1.741669022	1.234497202	4.853260554	4.393631635
-7.820512821	1	1.441907703	1.77845553	1.233404556	4.960158474	4.486431338
-7.307692308	-1	0.1942287062	0.3001940849	1.545570121	0.6681462073	0.7572863797
-7.307692308	-0.9487179487	0.2253037083	0.3369805936	1.495672647	0.7750441275	0.850086083
-7.307692308	-0.8974358974	0.2563787103	0.3737671023	1.457871061	0.8819420477	0.9428857862
-7.307692308	-0.8461538462	0.2874537123	0.410553611	1.428242508	0.9888399679	1.035685489
-7.307692308	-0.7948717949	0.3185287143	0.4473401197	1.404394956	1.095737888	1.128485193
-7.307692308	-0.7435897436	0.3496037163	0.4841266284	1.384786848	1.202635808	1.221284896
-7.307692308	-0.6923076923	0.3806787183	0.5209131371	1.36837998	1.309533728	1.314084599
-7.307692308	-0.641025641	0.4117537203	0.5576996457	1.354449561	1.416431649	1.406884302
-7.307692308	-0.5897435897	0.4428287224	0.5944861544	1.342474244	1.523329569	1.499684006
-7.307692308	-0.5384615385	0.4739037244	0.6312726631	1.332069428	1.630227489	1.592483709
-7.307692308	-0.4871794872	0.5049787264	0.6680591718	1.322945179	1.737125409	1.685283412
-7.307692308	-0.4358974359	0.5360537284	0.7048456805	1.314878795	1.844023329	1.778083115
-7.307692308	-0.3846153846	0.5671287304	0.7416321892	1.307696383	1.95092125	1.870882818
-7.307692308	-0.3333333333	0.5982037324	0.7784186979	1.301260182	2.05781917	1.963682522
-7.307692308	-0.2820512821	0.6292787345	0.8152052066	1.295459646	2.16471709	2.056482225
-7.307692308	-0.2307692308	0.6603537365	0.8519917153	1.290205034	2.27161501	2.149281928
-7.307692308	-0.1794871795	0.6914287385	0.888778224	1.285422741	2.37851293	2.242081631
-7.307692308	-0.1282051282	0.7225037405	0.9255647326	1.281051821	2.485410851	2.334881335
-7.307692308	-0.07692307692	0.7535787425	0.9623512413	1.277041385	2.592308771	2.427681038
-7.307692308	-0.02564102564	0.7846537445	0.99913775	1.273348604	2.699206691	2.520480741
-7.307692308	0.02564102564	0.8157287466	1.035924259	1.269937173	2.806104611	2.613280444
-7.307692308	0.07692307692	0.8468037486	1.072710767	1.26677612	2.913002531	2.706080147
-7.307692308	0.1282051282	0.8778787506	1.109497276	1.263838856	3.019900452	2.798879851
-7.307692308	0.1794871795	0.9089537526	1.146283785	1.261102428	3.126798372	2.891679554
-7.307692308	0.2307692308	0.9400287546	1.183070293	1.25854692	3.233696292	2.984479257
-7.307692308	0.2820512821	0.9711037566	1.219856802	1.256154962	3.340594212	3.07727896
-7.307692308	0.3333333333	1.002178759	1.256643311	1.253911341	3.447492132	3.170078664
-7.307692308	0.3846153846	1.033253761	1.29342982	1.251802673	3.554390053	3.262878367
-7.307692308	0.4358974359	1.064328763	1.330216328	1.249817138	3.661287973	3.35567807
-7.307692308	0.4871794872	1.095403765	1.367002837	1.247944257	3.768185893	3.448477773
-7.307692308	0.5384615385	1.126478767	1.403789346	1.246174706	3.875083813	3.541277476
-7.307692308	0.5897435897	1.157553769	1.440575854	1.244500163	3.981981733	3.63407718
-7.307692308	0.641025641	1.188628771	1.477362363	1.242913178	4.088879653	3.726876883
-7.307692308	0.6923076923	1.219703773	1.514148872	1.241407058	4.195777574	3.819676586
-7.307692308	0.7435897436	1.250778775	1.55093538	1.239975775	4.302675494	3.912476289
-7.307692308	0.7948717949	1.281853777	1.587721889	1.238613887	4.409573414	4.005275993
-7.307692308	0.8461538462	1.312928779	1.624508398	1.237316467	4.516471334	4.098075696
-7.307692308	0.8974358974	1.344003781	1.661294906	1.236079042	4.623369254	4.190875399
-7.307692308	0.9487179487	1.375078783	1.698081415	1.234897546	4.730267175	4.283675102
-7.307692308	1	1.406153785	1.734867924	1.233768271	4.837165095	4.376474805
-6.794871795	-1	0.158474788	0.2566064784	1.619225882	0.5451528283	0.6473298469
-6.794871795	-0.9487179487	0.18954979	0.2933929871	1.547841267	0.6520507485	0.7401295501
-6.794871795	-0.8974358974	0.220624792	0.3301794958	1.496565698	0.7589486687	0.8329292534
-6.794871795	-0.8461538462	0.251699794	0.3669660045	1.457951151	0.8658465889	0.9257289566
-6.794871795	-0.7948717949	0.282774796	0.4037525131	1.42782355	0.972744509	1.01852866
-6.794871795	-0.7435897436	0.3138497981	0.4405390218	1.403661957	1.079642429	1.111328363
-6.794871795	-0.6923076923	0.3449248001	0.4773255305	1.383853902	1.186540349	1.204128066
-6.794871795	-0.641025641	0.3759998021	0.5141120392	1.367319973	1.29343827	1.296927769
-6.794871795	-0.5897435897	0.4070748041	0.5508985479	1.353310356	1.40033619	1.389727473
-6.794871795	-0.5384615385	0.4381498061	0.5876850566	1.341287953	1.50723411	1.482527176
-6.794871795	-0.4871794872	0.4692248081	0.6244715653	1.330857948	1.61413203	1.575326879
-6.794871795	-0.4358974359	0.5002998101	0.661258074	1.321723616	1.72102995	1.668126582
-6.794871795	-0.3846153846	0.5313748122	0.6980445827	1.313657642	1.827927871	1.760926286
-6.794871795	-0.3333333333	0.5624498142	0.7348310914	1.306482948	1.934825791	1.853725989
-6.794871795	-0.2820512821	0.5935248162	0.7716176001	1.300059541	2.041723711	1.946525692
-6.794871795	-0.2307692308	0.6245998182	0.8084041087	1.294275287	2.148621631	2.039325395
-6.794871795	-0.1794871795	0.6556748202	0.8451906174	1.289039309	2.255519551	2.132125098
-6.794871795	-0.1282051282	0.6867498222	0.8819771261	1.284277182	2.362417472	2.224924802
-6.794871795	-0.07692307692	0.7178248243	0.9187636348	1.279927364	2.469315392	2.317724505
-6.794871795	-0.02564102564	0.7488998263	0.9555501435	1.27593853	2.576213312	2.410524208
-6.794871795	0.02564102564	0.7799748283	0.9923366522	1.272267535	2.683111232	2.503323911
-6.794871795	0.07692307692	0.8110498303	1.029123161	1.268877845	2.790009152	2.596123615
-6.794871795	0.1282051282	0.8421248323	1.06590967	1.265738319	2.896907073	2.688923318
-6.794871795	0.1794871795	0.8731998343	1.102696178	1.262822249	3.003804993	2.781723021
-6.794871795	0.2307692308	0.9042748364	1.139482687	1.260106597	3.110702913	2.874522724
-6.794871795	0.2820512821	0.9353498384	1.176269196	1.257571389	3.217600833	2.967322427
-6.794871795	0.3333333333	0.9664248404	1.213055704	1.255199218	3.324498753	3.060122131
-6.794871795	0.3846153846	0.9974998424	1.249842213	1.252974848	3.431396673	3.152921834
-6.794871795	0.4358974359	1.028574844	1.286628722	1.250884881	3.538294594	3.245721537
-6.794871795	0.4871794872	1.059649846	1.32341523	1.248917494	3.645192514	3.33852124
-6.794871795	0.5384615385	1.090724848	1.360201739	1.247062209	3.752090434	3.431320944
-6.794871795	0.5897435897	1.12179985	1.396988248	1.245309711	3.858988354	3.524120647
-6.794871795	0.641025641	1.152874852	1.433774756	1.243651688	3.965886274	3.61692035
-6.794871795	0.6923076923	1.183949854	1.470561265	1.242080701	4.072784195	3.709720053
-6.794871795	0.7435897436	1.215024857	1.507347774	1.240590072	4.179682115	3.802519757
-6.794871795	0.7948717949	1.246099859	1.544134283	1.239173789	4.286580035	3.89531946
-6.794871795	0.8461538462	1.277174861	1.580920791	1.237826425	4.393477955	3.988119163
-6.794871795	0.8974358974	1.308249863	1.6177073	1.236543069	4.500375875	4.080918866
-6.794871795	0.9487179487	1.339324865	1.654493809	1.235319266	4.607273796	4.173718569
-6.794871795	1	1.370399867	1.691280317	1.234150965	4.714171716	4.266518273
-6.282051282	-1	0.1227208697	0.2130188719	1.735799888	0.4221594492	0.5373733141
-6.282051282	-0.9487179487	0.1537958717	0.2498053806	1.624265839	0.5290573694	0.6301730173
-6.282051282	-0.8974358974	0.1848708737	0.2865918892	1.550227375	0.6359552896	0.7229727206
-6.282051282	-0.8461538462	0.2159458758	0.3233783979	1.497497448	0.7428532098	0.8157724238
-6.282051282	-0.7948717949	0.2470208778	0.3601649066	1.458034276	0.84975113	0.908572127
-6.282051282	-0.7435897436	0.2780958798	0.3969514153	1.427390494	0.9566490502	1.00137183
-6.282051282	-0.6923076923	0.3091708818	0.433737924	1.402906773	1.06354697	1.094171533
-6.282051282	-0.641025641	0.3402458838	0.4705244327	1.382895297	1.170444891	1.186971237
-6.282051282	-0.5897435897	0.3713208858	0.5073109414	1.366233252	1.277342811	1.27977094
-6.282051282	-0.5384615385	0.4023958879	0.5440974501	1.352144658	1.384240731	1.372570643
-6.282051282	-0.4871794872	0.4334708899	0.5808839588	1.340076052	1.491138651	1.465370346
-6.282051282	-0.4358974359	0.4645458919	0.6176704675	1.329622064	1.598036571	1.55817005
-6.282051282	-0.3846153846	0.4956208939	0.6544569761	1.320478987	1.704934492	1.650969753
-6.282051282	-0.3333333333	0.5266958959	0.6912434848	1.312414792	1.811832412	1.743769456
-6.282051282	-0.2820512821	0.5577708979	0.7280299935	1.305249156	1.918730332	1.836569159
-6.282051282	-0.2307692308	0.5888458999	0.7648165022	1.298839819	2.025628252	1.929368862
-6.282051282	-0.1794871795	0.619920902	0.8016030109	1.293073049	2.132526172	2.022168566
-6.282051282	-0.1282051282	0.650995904	0.8383895196	1.287856827	2.239424093	2.114968269
-6.282051282	-0.07692307692	0.682070906	0.8751760283	1.283115906	2.346322013	2.207767972
-6.282051282	-0.02564102564	0.713145908	0.911962537	1.278788151	2.453219933	2.300567675
-6.282051282	0.02564102564	0.74422091	0.9487490457	1.274821807	2.560117853	2.393367379
-6.282051282	0.07692307692	0.775295912	0.9855355544	1.271173418	2.667015773	2.486167082
-6.282051282	0.1282051282	0.8063709141	1.022322063	1.267806223	2.773913694	2.578966785
-6.282051282	0.1794871795	0.8374459161	1.059108572	1.264688921	2.880811614	2.671766488
-6.282051282	0.2307692308	0.8685209181	1.09589508	1.261794687	2.987709534	2.764566191
-6.282051282	0.2820512821	0.8995959201	1.132681589	1.259100407	3.094607454	2.857365895
-6.282051282	0.3333333333	0.9306709221	1.169468098	1.25658605	3.201505374	2.950165598
-6.282051282	0.3846153846	0.9617459241	1.206254606	1.254234176	3.308403294	3.042965301
-6.282051282	0.4358974359	0.9928209262	1.243041115	1.252029528	3.415301215	3.135765004
-6.282051282	0.4871794872	1.023895928	1.279827624	1.249958701	3.522199135	3.228564708
-6.282051282	0.5384615385	1.05497093	1.316614133	1.248009869	3.629097055	3.321364411
-6.282051282	0.5897435897	1.086045932	1.353400641	1.246172562	3.735994975	3.414164114
-6.282051282	0.641025641	1.117120934	1.39018715	1.244437471	3.842892895	3.506963817
-6.282051282	0.6923076923	1.148195936	1.426973659	1.242796298	3.949790816	3.59976352
-6.282051282	0.7435897436	1.179270938	1.463760167	1.241241618	4.056688736	3.692563224
-6.282051282	0.7948717949	1.21034594	1.500546676	1.239766769	4.163586656	3.785362927
-6.282051282	0.8461538462	1.241420942	1.537333185	1.238365757	4.270484576	3.87816263
-6.282051282	0.8974358974	1.272495944	1.574119693	1.237033171	4.377382496	3.970962333
-6.282051282	0.9487179487	1.303570946	1.610906202	1.235764119	4.484280417	4.063762037
-6.282051282	1	1.334645948	1.647692711	1.234554162	4.591178337	4.15656174
-5.769230769	-1	0.08696695145	0.1694312653	1.948225878	0.2991660702	0.4274167813
-5.769230769	-0.9487179487	0.1180419535	0.206217774	1.746987134	0.4060639904	0.5202164845
-5.769230769	-0.8974358974	0.1491169555	0.2430042827	1.629622077	0.5129619106	0.6130161877
-5.769230769	-0.8461538462	0.1801919575	0.2797907914	1.552737399	0.6198598308	0.705815891
-5.769230769	-0.7948717949	0.2112669595	0.3165773001	1.49847047	0.726757751	0.7986155942
-5.769230769	-0.7435897436	0.2423419615	0.3533638088	1.45812061	0.8336556712	0.8914152974
-5.769230769	-0.6923076923	0.2734169635	0.3901503175	1.426942617	0.9405535914	0.9842150006
-5.769230769	-0.641025641	0.3044919656	0.4269368262	1.402128379	1.047451512	1.077014704
-5.769230769	-0.5897435897	0.3355669676	0.4637233349	1.38190996	1.154349432	1.169814407
-5.769230769	-0.5384615385	0.3666419696	0.5005098435	1.365118795	1.261247352	1.26261411
-5.769230769	-0.4871794872	0.3977169716	0.5372963522	1.350951532	1.368145272	1.355413814
-5.769230769	-0.4358974359	0.4287919736	0.5740828609	1.338837703	1.475043192	1.448213517
-5.769230769	-0.3846153846	0.4598669756	0.6108693696	1.32836103	1.581941113	1.54101322
-5.769230769	-0.3333333333	0.4909419777	0.6476558783	1.319210635	1.688839033	1.633812923
-5.769230769	-0.2820512821	0.5220169797	0.684442387	1.311149663	1.795736953	1.726612626
-5.769230769	-0.2307692308	0.5530919817	0.7212288957	1.303994488	1.902634873	1.81941233
-5.769230769	-0.1794871795	0.5841669837	0.7580154044	1.297600559	2.009532793	1.912212033
-5.769230769	-0.1282051282	0.6152419857	0.7948019131	1.291852526	2.116430714	2.005011736
-5.769230769	-0.07692307692	0.6463169877	0.8315884218	1.286657225	2.223328634	2.097811439
-5.769230769	-0.02564102564	0.6773919897	0.8683749304	1.281938587	2.330226554	2.190611143
-5.769230769	0.02564102564	0.7084669918	0.9051614391	1.277633891	2.437124474	2.283410846
-5.769230769	0.07692307692	0.7395419938	0.9419479478	1.273690954	2.544022394	2.376210549
-5.769230769	0.1282051282	0.7706169958	0.9787344565	1.270066014	2.650920314	2.469010252
-5.769230769	0.1794871795	0.8016919978	1.015520965	1.266722093	2.757818235	2.561809955
-5.769230769	0.2307692308	0.8327669998	1.052307474	1.26362773	2.864716155	2.654609659
-5.769230769	0.2820512821	0.8638420018	1.089093983	1.260755995	2.971614075	2.747409362
-5.769230769	0.3333333333	0.8949170039	1.125880491	1.258083695	3.078511995	2.840209065
-5.769230769	0.3846153846	0.9259920059	1.162667	1.255590753	3.185409915	2.933008768
-5.769230769	0.4358974359	0.9570670079	1.199453509	1.253259697	3.292307836	3.025808472
-5.769230769	0.4871794872	0.9881420099	1.236240017	1.251075255	3.399205756	3.118608175
-5.769230769	0.5384615385	1.019217012	1.273026526	1.249024017	3.506103676	3.211407878
-5.769230769	0.5897435897	1.050292014	1.309813035	1.247094158	3.613001596	3.304207581
-5.769230769	0.641025641	1.081367016	1.346599543	1.245275215	3.719899516	3.397007284
-5.769230769	0.6923076923	1.112442018	1.383386052	1.243557893	3.826797437	3.489806988
-5.769230769	0.7435897436	1.14351702	1.420172561	1.241933907	3.933695357	3.582606691
-5.769230769	0.7948717949	1.174592022	1.456959069	1.24039585	4.040593277	3.675406394
-5.769230769	0.8461538462	1.205667024	1.493745578	1.238937077	4.147491197	3.768206097
-5.769230769	0.8974358974	1.236742026	1.530532087	1.237551611	4.254389117	3.861005801
-5.769230769	0.9487179487	1.267817028	1.567318596	1.236234063	4.361287038	3.953805504
-5.769230769	1	1.29889203	1.604105104	1.234979557	4.468184958	4.046605207
-5.256410256	-1	0.05121303319	0.1258436588	2.457258455	0.1761726912	0.3174602485
-5.256410256	-0.9487179487	0.0822880352	0.1626301675	1.976352541	0.2830706114	0.4102599517
-5.256410256	-0.8974358974	0.1133630372	0.1994166762	1.75909786	0.3899685316	0.5030596549
-5.256410256	-0.8461538462	0.1444380392	0.2362031849	1.635325335	0.4968664518	0.5958593582
-5.256410256	-0.7948717949	0.1755130412	0.2729896936	1.55538125	0.603764372	0.6886590614
-5.256410256	-0.7435897436	0.2065880433	0.3097762023	1.499487566	0.7106622922	0.7814587646
-5.256410256	-0.6923076923	0.2376630453	0.3465627109	1.458210344	0.8175602124	0.8742584678
-5.256410256	-0.641025641	0.2687380473	0.3833492196	1.426479144	0.9244581326	0.967058171
-5.256410256	-0.5897435897	0.2998130493	0.4201357283	1.40132569	1.031356053	1.059857874
-5.256410256	-0.5384615385	0.3308880513	0.456922237	1.380896757	1.138253973	1.152657577
-5.256410256	-0.4871794872	0.3619630533	0.4937087457	1.363975525	1.245151893	1.245457281
-5.256410256	-0.4358974359	0.3930380554	0.5304952544	1.34973	1.352049813	1.338256984
-5.256410256	-0.3846153846	0.4241130574	0.5672817631	1.33757203	1.458947734	1.431056687
-5.256410256	-0.3333333333	0.4551880594	0.6040682718	1.327074073	1.565845654	1.52385639
-5.256410256	-0.2820512821	0.4862630614	0.6408547805	1.317917875	1.672743574	1.616656094
-5.256410256	-0.2307692308	0.5173380634	0.6776412892	1.30986165	1.779641494	1.709455797
-5.256410256	-0.1794871795	0.5484130654	0.7144277979	1.302718412	1.886539414	1.8022555
-5.256410256	-0.1282051282	0.5794880675	0.7512143065	1.296341286	1.993437334	1.895055203
-5.256410256	-0.07692307692	0.6105630695	0.7880008152	1.290613296	2.100335255	1.987854906
-5.256410256	-0.02564102564	0.6416380715	0.8247873239	1.285440127	2.207233175	2.08065461
-5.256410256	0.02564102564	0.6727130735	0.8615738326	1.280744892	2.314131095	2.173454313
-5.256410256	0.07692307692	0.7037880755	0.8983603413	1.276464283	2.421029015	2.266254016
-5.256410256	0.1282051282	0.7348630775	0.93514685	1.272545701	2.527926935	2.359053719
-5.256410256	0.1794871795	0.7659380796	0.9719333587	1.268945081	2.634824856	2.451853423
-5.256410256	0.2307692308	0.7970130816	1.008719867	1.265625233	2.741722776	2.544653126
-5.256410256	0.2820512821	0.8280880836	1.045506376	1.262554548	2.848620696	2.637452829
-5.256410256	0.3333333333	0.8591630856	1.082292885	1.259705989	2.955518616	2.730252532
-5.256410256	0.3846153846	0.8902380876	1.119079393	1.257056297	3.062416536	2.823052236
-5.256410256	0.4358974359	0.9213130896	1.155865902	1.254585347	3.169314457	2.915851939
-5.256410256	0.4871794872	0.9523880916	1.192652411	1.252275644	3.276212377	3.008651642
-5.256410256	0.5384615385	0.9834630937	1.22943892	1.250111903	3.383110297	3.101451345
-5.256410256	0.5897435897	1.014538096	1.266225428	1.248080711	3.490008217	3.194251048
-5.256410256	0.641025641	1.045613098	1.303011937	1.246170251	3.596906137	3.287050752
-5.256410256	0.6923076923	1.0766881	1.339798446	1.24437007	3.703804058	3.379850455
-5.256410256	0.7435897436	1.107763102	1.376584954	1.242670885	3.810701978	3.472650158
-5.256410256	0.7948717949	1.138838104	1.413371463	1.241064431	3.917599898	3.565449861
-5.256410256	0.8461538462	1.169913106	1.450157972	1.239543317	4.024497818	3.658249565
-5.256410256	0.8974358974	1.200988108	1.48694448	1.238100919	4.131395738	3.751049268
-5.256410256	0.9487179487	1.23206311	1.523730989	1.236731282	4.238293659	3.843848971
-5.256410256	1	1.263138112	1.560517498	1.235429034	4.345191579	3.936648674
-4.743589744	-1	0.01545911492	0.08225605228	5.32087721	0.05317931218	0.2075037157
-4.743589744	-0.9487179487	0.04653411694	0.119042561	2.558178145	0.1600772324	0.3003034189
-4.743589744	-0.8974358974	0.07760911895	0.1558290697	2.007870618	0.2669751526	0.3931031221
-4.743589744	-0.8461538462	0.108684121	0.1926155784	1.772251334	0.3738730728	0.4859028253
-4.743589744	-0.7948717949	0.139759123	0.229402087	1.641410465	0.480770993	0.5787025286
-4.743589744	-0.7435897436	0.170834125	0.2661885957	1.558169925	0.5876689132	0.6715022318
-4.743589744	-0.6923076923	0.201909127	0.3029751044	1.500551802	0.6945668333	0.764301935
-4.743589744	-0.641025641	0.232984129	0.3397616131	1.458303682	0.8014647535	0.8571016382
-4.743589744	-0.5897435897	0.264059131	0.3765481218	1.425999246	0.9083626737	0.9499013415
-4.743589744	-0.5384615385	0.2951341331	0.4133346305	1.400497551	1.015260594	1.042701045
-4.743589744	-0.4871794872	0.3262091351	0.4501211392	1.379854488	1.122158514	1.135500748
-4.743589744	-0.4358974359	0.3572841371	0.4869076479	1.362802311	1.229056434	1.228300451
-4.743589744	-0.3846153846	0.3883591391	0.5236941566	1.348479034	1.335954355	1.321100154
-4.743589744	-0.3333333333	0.4194341411	0.5604806653	1.336278119	1.442852275	1.413899858
-4.743589744	-0.2820512821	0.4505091431	0.5972671739	1.325760383	1.549750195	1.506699561
-4.743589744	-0.2307692308	0.4815841452	0.6340536826	1.316599994	1.656648115	1.599499264
-4.743589744	-0.1794871795	0.5126591472	0.6708401913	1.308550125	1.763546035	1.692298967
-4.743589744	-0.1282051282	0.5437341492	0.7076267	1.301420374	1.870443955	1.78509867
-4.743589744	-0.07692307692	0.5748091512	0.7444132087	1.295061512	1.977341876	1.877898374
-4.743589744	-0.02564102564	0.6058841532	0.7811997174	1.289354926	2.084239796	1.970698077
-4.743589744	0.02564102564	0.6369591552	0.8179862261	1.284205148	2.191137716	2.06349778
-4.743589744	0.07692307692	0.6680341573	0.8547727348	1.279534475	2.298035636	2.156297483
-4.743589744	0.1282051282	0.6991091593	0.8915592435	1.27527902	2.404933556	2.249097187
-4.743589744	0.1794871795	0.7301841613	0.9283457522	1.27138577	2.511831477	2.34189689
-4.743589744	0.2307692308	0.7612591633	0.9651322608	1.267810369	2.618729397	2.434696593
-4.743589744	0.2820512821	0.7923341653	1.00191877	1.26451542	2.725627317	2.527496296
-4.743589744	0.3333333333	0.8234091673	1.038705278	1.261469169	2.832525237	2.620295999
-4.743589744	0.3846153846	0.8544841694	1.075491787	1.258644485	2.939423157	2.713095703
-4.743589744	0.4358974359	0.8855591714	1.112278296	1.256018041	3.046321078	2.805895406
-4.743589744	0.4871794872	0.9166341734	1.149064804	1.253569677	3.153218998	2.898695109
-4.743589744	0.5384615385	0.9477091754	1.185851313	1.251281874	3.260116918	2.991494812
-4.743589744	0.5897435897	0.9787841774	1.222637822	1.24913934	3.367014838	3.084294516
-4.743589744	0.641025641	1.009859179	1.25942433	1.247128665	3.473912758	3.177094219
-4.743589744	0.6923076923	1.040934181	1.296210839	1.245238039	3.580810679	3.269893922
-4.743589744	0.7435897436	1.072009183	1.332997348	1.243457023	3.687708599	3.362693625
-4.743589744	0.7948717949	1.103084185	1.369783856	1.241776353	3.794606519	3.455493328
-4.743589744	0.8461538462	1.134159187	1.406570365	1.24018778	3.901504439	3.548293032
-4.743589744	0.8974358974	1.16523419	1.443356874	1.238683937	4.008402359	3.641092735
-4.743589744	0.9487179487	1.196309192	1.480143383	1.237258221	4.11530028	3.733892438
-4.743589744	1	1.227384194	1.516929891	1.235904698	4.2221982	3.826692141
-4.230769231	-1	-0.02029480334	0.03866844575	-1.905337298	-0.06981406684	0.09754718286
-4.230769231	-0.9487179487	0.01078019868	0.07545495444	6.999402953	0.03708385335	0.1903468861
-4.230769231	-0.8974358974	0.04185520069	0.1122414631	2.681661091	0.1439817735	0.2831465893
-4.230769231	-0.8461538462	0.07293020271	0.1490279718	2.043432848	0.2508796937	0.3759462925
-4.230769231	-0.7948717949	0.1040052047	0.1858144805	1.786588287	0.3577776139	0.4687459958
-4.230769231	-0.7435897436	0.1350802067	0.2226009892	1.647917149	0.4646755341	0.561545699
-4.230769231	-0.6923076923	0.1661552088	0.2593874979	1.561115657	0.5715734543	0.6543454022
-4.230769231	-0.641025641	0.1972302108	0.2961740066	1.501666532	0.6784713745	0.7471451054
-4.230769231	-0.5897435897	0.2283052128	0.3329605153	1.458400845	0.7853692947	0.8399448086
-4.230769231	-0.5384615385	0.2593802148	0.369747024	1.425502035	0.8922672149	0.9327445119
-4.230769231	-0.4871794872	0.2904552168	0.4065335327	1.39964273	0.9991651351	1.025544215
-4.230769231	-0.4358974359	0.3215302188	0.4433200413	1.378781885	1.106063055	1.118343918
-4.230769231	-0.3846153846	0.3526052209	0.48010655	1.361597962	1.212960975	1.211143622
-4.230769231	-0.3333333333	0.3836802229	0.5168930587	1.347197557	1.319858896	1.303943325
-4.230769231	-0.2820512821	0.4147552249	0.5536795674	1.334955015	1.426756816	1.396743028
-4.230769231	-0.2307692308	0.4458302269	0.5904660761	1.324419118	1.533654736	1.489542731
-4.230769231	-0.1794871795	0.4769052289	0.6272525848	1.315256254	1.640552656	1.582342434
-4.230769231	-0.1282051282	0.5079802309	0.6640390935	1.307214441	1.747450576	1.675142138
-4.230769231	-0.07692307692	0.5390552329	0.7008256022	1.300099803	1.854348497	1.767941841
-4.230769231	-0.02564102564	0.570130235	0.7376121109	1.293760733	1.961246417	1.860741544
-4.230769231	0.02564102564	0.601205237	0.7743986196	1.288076969	2.068144337	1.953541247
-4.230769231	0.07692307692	0.632280239	0.8111851282	1.282951891	2.175042257	2.046340951
-4.230769231	0.1282051282	0.663355241	0.8479716369	1.278306983	2.281940177	2.139140654
-4.230769231	0.1794871795	0.694430243	0.8847581456	1.274077785	2.388838098	2.231940357
-4.230769231	0.2307692308	0.725505245	0.9215446543	1.270210878	2.495736018	2.32474006
-4.230769231	0.2820512821	0.7565802471	0.958331163	1.266661622	2.602633938	2.417539763
-4.230769231	0.3333333333	0.7876552491	0.9951176717	1.263392421	2.709531858	2.510339467
-4.230769231	0.3846153846	0.8187302511	1.03190418	1.260371385	2.816429778	2.60313917
-4.230769231	0.4358974359	0.8498052531	1.068690689	1.257571291	2.923327699	2.695938873
-4.230769231	0.4871794872	0.8808802551	1.105477198	1.254968756	3.030225619	2.788738576
-4.230769231	0.5384615385	0.9119552571	1.142263706	1.252543584	3.137123539	2.88153828
-4.230769231	0.5897435897	0.9430302592	1.179050215	1.250278243	3.244021459	2.974337983
-4.230769231	0.641025641	0.9741052612	1.215836724	1.248157435	3.350919379	3.067137686
-4.230769231	0.6923076923	1.005180263	1.252623233	1.246167756	3.4578173	3.159937389
-4.230769231	0.7435897436	1.036255265	1.289409741	1.244297409	3.56471522	3.252737092
-4.230769231	0.7948717949	1.067330267	1.32619625	1.242535971	3.67161314	3.345536796
-4.230769231	0.8461538462	1.098405269	1.362982759	1.240874199	3.77851106	3.438336499
-4.230769231	0.8974358974	1.129480271	1.399769267	1.239303867	3.88540898	3.531136202
-4.230769231	0.9487179487	1.160555273	1.436555776	1.237817628	3.992306901	3.623935905
-4.230769231	1	1.191630275	1.473342285	1.236408906	4.099204821	3.716735609
-3.717948718	-1	-0.0560487216	-0.004919160774	0.08776579792	-0.1928074459	-0.01240934995
-3.717948718	-0.9487179487	-0.02497371959	0.03186734792	-1.276035306	-0.08590952567	0.08039035327
-3.717948718	-0.8974358974	0.006101282429	0.06865385661	11.25236496	0.02098839453	0.1731900565
-3.717948718	-0.8461538462	0.03717628444	0.1054403653	2.836226559	0.1278863147	0.2659897597
-3.717948718	-0.7948717949	0.06825128646	0.142226874	2.083870962	0.2347842349	0.3587894629
-3.717948718	-0.7435897436	0.09932628848	0.1790133827	1.802275968	0.3416821551	0.4515891662
-3.717948718	-0.6923076923	0.1304012905	0.2157998914	1.654890765	0.4485800753	0.5443888694
-3.717948718	-0.641025641	0.1614762925	0.2525864001	1.5642321	0.5554779955	0.6371885726
-3.717948718	-0.5897435897	0.1925512945	0.2893729087	1.502835436	0.6623759157	0.7299882758
-3.717948718	-0.5384615385	0.2236262965	0.3261594174	1.458502075	0.7692738359	0.8227879791
-3.717948718	-0.4871794872	0.2547012986	0.3629459261	1.424986556	0.8761717561	0.9155876823
-3.717948718	-0.4358974359	0.2857763006	0.3997324348	1.398759918	0.9830696763	1.008387385
-3.717948718	-0.3846153846	0.3168513026	0.4365189435	1.377677604	1.089967596	1.101187089
-3.717948718	-0.3333333333	0.3479263046	0.4733054522	1.36036122	1.196865517	1.193986792
-3.717948718	-0.2820512821	0.3790013066	0.5100919609	1.345884439	1.303763437	1.286786495
-3.717948718	-0.2307692308	0.4100763086	0.5468784696	1.333601718	1.410661357	1.379586198
-3.717948718	-0.1794871795	0.4411513107	0.5836649783	1.323049403	1.517559277	1.472385902
-3.717948718	-0.1282051282	0.4722263127	0.620451487	1.313885885	1.624457197	1.565185605
-3.717948718	-0.07692307692	0.5033013147	0.6572379957	1.305853922	1.731355118	1.657985308
-3.717948718	-0.02564102564	0.5343763167	0.6940245043	1.298756106	1.838253038	1.750785011
-3.717948718	0.02564102564	0.5654513187	0.730811013	1.292438427	1.945150958	1.843584715
-3.717948718	0.07692307692	0.5965263207	0.7675975217	1.286778965	2.052048878	1.936384418
-3.717948718	0.1282051282	0.6276013227	0.8043840304	1.281679948	2.158946798	2.029184121
-3.717948718	0.1794871795	0.6586763248	0.8411705391	1.277062052	2.265844719	2.121983824
-3.717948718	0.2307692308	0.6897513268	0.8779570478	1.272860252	2.372742639	2.214783527
-3.717948718	0.2820512821	0.7208263288	0.9147435565	1.269020733	2.479640559	2.307583231
-3.717948718	0.3333333333	0.7519013308	0.9515300652	1.265498578	2.586538479	2.400382934
-3.717948718	0.3846153846	0.7829763328	0.9883165739	1.262256	2.693436399	2.493182637
-3.717948718	0.4358974359	0.8140513348	1.025103083	1.259260981	2.80033432	2.58598234
-3.717948718	0.4871794872	0.8451263369	1.061889591	1.256486214	2.90723224	2.678782044
-3.717948718	0.5384615385	0.8762013389	1.0986761	1.253908264	3.01413016	2.771581747
-3.717948718	0.5897435897	0.9072763409	1.135462609	1.251506909	3.12102808	2.86438145
-3.717948718	0.641025641	0.9383513429	1.172249117	1.249264602	3.227926	2.957181153
-3.717948718	0.6923076923	0.9694263449	1.209035626	1.247166051	3.334823921	3.049980856
-3.717948718	0.7435897436	1.000501347	1.245822135	1.245197859	3.441721841	3.14278056
-3.717948718	0.7948717949	1.031576349	1.282608643	1.243348245	3.548619761	3.235580263
-3.717948718	0.8461538462	1.062651351	1.319395152	1.241606808	3.655517681	3.328379966
-3.717948718	0.8974358974	1.093726353	1.356181661	1.239964327	3.762415601	3.421179669
-3.717948718	0.9487179487	1.124801355	1.392968169	1.238412599	3.869313521	3.513979373
-3.717948718	1	1.155876357	1.429754678	1.236944306	3.976211442	3.606779076
-3.205128205	-1	-0.09180263987	-0.0485067673	0.5283809635	-0.3158008249	-0.1223658828
-3.205128205	-0.9487179487	-0.06072763785	-0.01172025861	0.1929971101	-0.2089029047	-0.02956617954
-3.205128205	-0.8974358974	-0.02965263583	0.02506625008	-0.8453295761	-0.1020049845	0.06323352368
-3.205128205	-0.8461538462	0.001422366182	0.06185275877	43.4858193	0.004892935696	0.1560332269
-3.205128205	-0.7948717949	0.0324973682	0.09863926746	3.035300178	0.1117908559	0.2488329301
-3.205128205	-0.7435897436	0.06357237021	0.1354257762	2.130261554	0.2186887761	0.3416326333
-3.205128205	-0.6923076923	0.09464737223	0.1722122848	1.819514697	0.3255866963	0.4344323366
-3.205128205	-0.641025641	0.1257223742	0.2089987935	1.662383444	0.4324846165	0.5272320398
-3.205128205	-0.5897435897	0.1567973763	0.2457853022	1.567534535	0.5393825367	0.620031743
-3.205128205	-0.5384615385	0.1878723783	0.2825718109	1.504062564	0.6462804569	0.7128314462
-3.205128205	-0.4871794872	0.2189473803	0.3193583196	1.458607631	0.7531783771	0.8056311495
-3.205128205	-0.4358974359	0.2500223823	0.3561448283	1.424451783	0.8600762972	0.8984308527
-3.205128205	-0.3846153846	0.2810973843	0.392931337	1.397847717	0.9669742174	0.9912305559
-3.205128205	-0.3333333333	0.3121723863	0.4297178457	1.376540221	1.073872138	1.084030259
-3.205128205	-0.2820512821	0.3432473884	0.4665043544	1.359090761	1.180770058	1.176829962
-3.205128205	-0.2307692308	0.3743223904	0.5032908631	1.344538494	1.287667978	1.269629666
-3.205128205	-0.1794871795	0.4053973924	0.5400773717	1.332217182	1.394565898	1.362429369
-3.205128205	-0.1282051282	0.4364723944	0.5768638804	1.321650322	1.501463818	1.455229072
-3.205128205	-0.07692307692	0.4675473964	0.6136503891	1.31248809	1.608361739	1.548028775
-3.205128205	-0.02564102564	0.4986223984	0.6504368978	1.30446787	1.715259659	1.640828478
-3.205128205	0.02564102564	0.5296974005	0.6872234065	1.297388671	1.822157579	1.733628182
-3.205128205	0.07692307692	0.5607724025	0.7240099152	1.291094055	1.929055499	1.826427885
-3.205128205	0.1282051282	0.5918474045	0.7607964239	1.285460438	2.035953419	1.919227588
-3.205128205	0.1794871795	0.6229224065	0.7975829326	1.280388896	2.14285134	2.012027291
-3.205128205	0.2307692308	0.6539974085	0.8343694413	1.275799308	2.24974926	2.104826995
-3.205128205	0.2820512821	0.6850724105	0.87115595	1.271626089	2.35664718	2.197626698
-3.205128205	0.3333333333	0.7161474125	0.9079424586	1.267815037	2.4635451	2.290426401
-3.205128205	0.3846153846	0.7472224146	0.9447289673	1.264320969	2.57044302	2.383226104
-3.205128205	0.4358974359	0.7782974166	0.981515476	1.261105915	2.677340941	2.476025807
-3.205128205	0.4871794872	0.8093724186	1.018301985	1.258137739	2.784238861	2.568825511
-3.205128205	0.5384615385	0.8404474206	1.055088493	1.255389055	2.891136781	2.661625214
-3.205128205	0.5897435897	0.8715224226	1.091875002	1.252836386	2.998034701	2.754424917
-3.205128205	0.641025641	0.9025974246	1.128661511	1.250459485	3.104932621	2.84722462
-3.205128205	0.6923076923	0.9336724267	1.165448019	1.248240803	3.211830542	2.940024324
-3.205128205	0.7435897436	0.9647474287	1.202234528	1.24616505	3.318728462	3.032824027
-3.205128205	0.7948717949	0.9958224307	1.239021037	1.244218847	3.425626382	3.12562373
-3.205128205	0.8461538462	1.026897433	1.275807546	1.242390432	3.532524302	3.218423433
-3.205128205	0.8974358974	1.057972435	1.312594054	1.240669427	3.639422222	3.311223136
-3.205128205	0.9487179487	1.089047437	1.349380563	1.239046636	3.746320142	3.40402284
-3.205128205	1	1.120122439	1.386167072	1.237513886	3.853218063	3.496822543
-2.692307692	-1	-0.1275565581	-0.09209437383	0.7219885451	-0.4387942039	-0.2323224156
-2.692307692	-0.9487179487	-0.09648155611	-0.05530786514	0.5732480628	-0.3318962837	-0.1395227124
-2.692307692	-0.8974358974	-0.0654065541	-0.01852135645	0.2831727906	-0.2249983635	-0.04672300913
-2.692307692	-0.8461538462	-0.03433155208	0.01826515224	-0.5320223275	-0.1181004433	0.04607669409
-2.692307692	-0.7948717949	-0.003256550065	0.05505166093	-16.90490238	-0.01120252313	0.1388763973
-2.692307692	-0.7435897436	0.02781845195	0.09183816962	3.301340052	0.09569539706	0.2316761005
-2.692307692	-0.6923076923	0.05889345397	0.1286246783	2.184023345	0.2025933173	0.3244758038
-2.692307692	-0.641025641	0.08996845598	0.165411187	1.838546468	0.3094912374	0.417275507
-2.692307692	-0.5897435897	0.121043458	0.2021976957	1.670455381	0.4163891576	0.5100752102
-2.692307692	-0.5384615385	0.15211846	0.2389842044	1.571040125	0.5232870778	0.6028749134
-2.692307692	-0.4871794872	0.183193462	0.2757707131	1.505352375	0.630184998	0.6956746167
-2.692307692	-0.4358974359	0.214268464	0.3125572218	1.458717797	0.7370829182	0.7884743199
-2.692307692	-0.3846153846	0.2453434661	0.3493437305	1.423896613	0.8439808384	0.8812740231
-2.692307692	-0.3333333333	0.2764184681	0.3861302391	1.396904635	0.9508787586	0.9740737263
-2.692307692	-0.2820512821	0.3074934701	0.4229167478	1.375368224	1.057776679	1.06687343
-2.692307692	-0.2307692308	0.3385684721	0.4597032565	1.357785188	1.164674599	1.159673133
-2.692307692	-0.1794871795	0.3696434741	0.4964897652	1.343158476	1.271572519	1.252472836
-2.692307692	-0.1282051282	0.4007184761	0.5332762739	1.330800314	1.378470439	1.345272539
-2.692307692	-0.07692307692	0.4317934782	0.5700627826	1.320220919	1.48536836	1.438072242
-2.692307692	-0.02564102564	0.4628684802	0.6068492913	1.311062034	1.59226628	1.530871946
-2.692307692	0.02564102564	0.4939434822	0.6436358	1.303055558	1.6991642	1.623671649
-2.692307692	0.07692307692	0.5250184842	0.6804223087	1.295996863	1.80606212	1.716471352
-2.692307692	0.1282051282	0.5560934862	0.7172088174	1.289727061	1.91296004	1.809271055
-2.692307692	0.1794871795	0.5871684882	0.753995326	1.284120897	2.019857961	1.902070759
-2.692307692	0.2307692308	0.6182434903	0.7907818347	1.279078304	2.126755881	1.994870462
-2.692307692	0.2820512821	0.6493184923	0.8275683434	1.274518365	2.233653801	2.087670165
-2.692307692	0.3333333333	0.6803934943	0.8643548521	1.270374951	2.340551721	2.180469868
-2.692307692	0.3846153846	0.7114684963	0.9011413608	1.266593483	2.447449641	2.273269571
-2.692307692	0.4358974359	0.7425434983	0.9379278695	1.263128519	2.554347562	2.366069275
-2.692307692	0.4871794872	0.7736185003	0.9747143782	1.259941919	2.661245482	2.458868978
-2.692307692	0.5384615385	0.8046935023	1.011500887	1.257001435	2.768143402	2.551668681
-2.692307692	0.5897435897	0.8357685044	1.048287396	1.254279612	2.875041322	2.644468384
-2.692307692	0.641025641	0.8668435064	1.085073904	1.251752936	2.981939242	2.737268088
-2.692307692	0.6923076923	0.8979185084	1.121860413	1.249401145	3.088837162	2.830067791
-2.692307692	0.7435897436	0.9289935104	1.158646922	1.247206691	3.195735083	2.922867494
-2.692307692	0.7948717949	0.9600685124	1.19543343	1.245154294	3.302633003	3.015667197
-2.692307692	0.8461538462	0.9911435144	1.232219939	1.243230593	3.409530923	3.1084669
-2.692307692	0.8974358974	1.022218516	1.269006448	1.241423851	3.516428843	3.201266604
-2.692307692	0.9487179487	1.053293518	1.305792956	1.239723718	3.623326763	3.294066307
-2.692307692	1	1.08436852	1.342579465	1.238121026	3.730224684	3.38686601
-2.179487179	-1	-0.1633104764	-0.1356819804	0.8308222678	-0.5617875829	-0.3422789484
-2.179487179	-0.9487179487	-0.1322354744	-0.09889547166	0.7478739887	-0.4548896627	-0.2494792452
-2.179487179	-0.8974358974	-0.1011604724	-0.06210896297	0.6139647386	-0.3479917425	-0.1566795419
-2.179487179	-0.8461538462	-0.07008547034	-0.02532245428	0.3613081878	-0.2410938223	-0.06387983872
-2.179487179	-0.7948717949	-0.03901046833	0.01146405441	-0.2938712325	-0.1341959022	0.0289198645
-2.179487179	-0.7435897436	-0.007935466312	0.0482505631	-6.080368967	-0.02729798196	0.1217195677
-2.179487179	-0.6923076923	0.0231395357	0.08503707179	3.674968801	0.07959993823	0.2145192709
-2.179487179	-0.641025641	0.05421453772	0.1218235805	2.247064821	0.1864978584	0.3073189742
-2.179487179	-0.5897435897	0.08528953974	0.1586100892	1.859666375	0.2933957786	0.4001186774
-2.179487179	-0.5384615385	0.1163645418	0.1953965979	1.679176448	0.4002936988	0.4929183806
-2.179487179	-0.4871794872	0.1474395438	0.2321831065	1.574768211	0.507191619	0.5857180838
-2.179487179	-0.4358974359	0.1785145458	0.2689696152	1.506709798	0.6140895392	0.6785177871
-2.179487179	-0.3846153846	0.2095895478	0.3057561239	1.458832881	0.7209874594	0.7713174903
-2.179487179	-0.3333333333	0.2406645498	0.3425426326	1.423319857	0.8278853796	0.8641171935
-2.179487179	-0.2820512821	0.2717395518	0.3793291413	1.395929075	0.9347832998	0.9569168967
-2.179487179	-0.2307692308	0.3028145538	0.41611565	1.374160009	1.04168122	1.0497166
-2.179487179	-0.1794871795	0.3338895559	0.4529021587	1.356443024	1.14857914	1.142516303
-2.179487179	-0.1282051282	0.3649645579	0.4896886674	1.341743073	1.25547706	1.235316006
-2.179487179	-0.07692307692	0.3960395599	0.5264751761	1.329349967	1.362374981	1.32811571
-2.179487179	-0.02564102564	0.4271145619	0.5632616848	1.318760199	1.469272901	1.420915413
-2.179487179	0.02564102564	0.4581895639	0.6000481935	1.309606854	1.576170821	1.513715116
-2.179487179	0.07692307692	0.4892645659	0.6368347021	1.301616235	1.683068741	1.606514819
-2.179487179	0.1282051282	0.520339568	0.6736212108	1.294580025	1.789966661	1.699314523
-2.179487179	0.1794871795	0.55141457	0.7104077195	1.288336867	1.896864582	1.792114226
-2.179487179	0.2307692308	0.582489572	0.7471942282	1.282759837	2.003762502	1.884913929
-2.179487179	0.2820512821	0.613564574	0.7839807369	1.277747722	2.110660422	1.977713632
-2.179487179	0.3333333333	0.644639576	0.8207672456	1.273218828	2.217558342	2.070513335
-2.179487179	0.3846153846	0.675714578	0.8575537543	1.269106487	2.324456262	2.163313039
-2.179487179	0.4358974359	0.7067895801	0.894340263	1.265355755	2.431354182	2.256112742
-2.179487179	0.4871794872	0.7378645821	0.9311267717	1.261920946	2.538252103	2.348912445
-2.179487179	0.5384615385	0.7689395841	0.9679132804	1.258763758	2.645150023	2.441712148
-2.179487179	0.5897435897	0.8000145861	1.004699789	1.255851839	2.752047943	2.534511852
-2.179487179	0.641025641	0.8310895881	1.041486298	1.253157677	2.858945863	2.627311555
-2.179487179	0.6923076923	0.8621645901	1.078272806	1.250657727	2.965843783	2.720111258
-2.179487179	0.7435897436	0.8932395921	1.115059315	1.248331719	3.072741704	2.812910961
-2.179487179	0.7948717949	0.9243145942	1.151845824	1.246162109	3.179639624	2.905710664
-2.179487179	0.8461538462	0.9553895962	1.188632332	1.244133636	3.286537544	2.998510368
-2.179487179	0.8974358974	0.9864645982	1.225418841	1.242232963	3.393435464	3.091310071
-2.179487179	0.9487179487	1.0175396	1.26220535	1.240448381	3.500333384	3.184109774
-2.179487179	1	1.048614602	1.298991859	1.238769569	3.607231305	3.276909477
-1.666666667	-1	-0.1990643947	-0.1792695869	0.9005607818	-0.684780962	-0.4522354812
-1.666666667	-0.9487179487	-0.1679893926	-0.1424830782	0.8481671131	-0.5778830418	-0.359435778
-1.666666667	-0.8974358974	-0.1369143906	-0.1056965695	0.7719902124	-0.4709851216	-0.2666360748
-1.666666667	-0.8461538462	-0.1058393886	-0.06891006081	0.6510814331	-0.3640872014	-0.1738363715
-1.666666667	-0.7948717949	-0.07476438659	-0.03212355212	0.4296638224	-0.2571892812	-0.08103666831
-1.666666667	-0.7435897436	-0.04368938457	0.004662956571	-0.106729738	-0.150291361	0.01176303491
-1.666666667	-0.6923076923	-0.01261438256	0.04144946526	-3.285889346	-0.04339344079	0.1045627381
-1.666666667	-0.641025641	0.01846061946	0.07823597395	4.237992887	0.0635044794	0.1973624414
-1.666666667	-0.5897435897	0.04953562147	0.1150224826	2.322015536	0.1704023996	0.2901621446
-1.666666667	-0.5384615385	0.08061062349	0.1518089913	1.883238024	0.2773003198	0.3829618478
-1.666666667	-0.4871794872	0.1116856255	0.1885955	1.688628229	0.38419824	0.475761551
-1.666666667	-0.4358974359	0.1427606275	0.2253820087	1.57874067	0.4910961602	0.5685612542
-1.666666667	-0.3846153846	0.1738356295	0.2621685174	1.508140294	0.5979940804	0.6613609575
-1.666666667	-0.3333333333	0.2049106316	0.2989550261	1.458953222	0.7048920006	0.7541606607
-1.666666667	-0.2820512821	0.2359856336	0.3357415348	1.42272023	0.8117899208	0.8469603639
-1.666666667	-0.2307692308	0.2670606356	0.3725280435	1.394919332	0.918687841	0.9397600671
-1.666666667	-0.1794871795	0.2981356376	0.4093145522	1.372913871	1.025585761	1.03255977
-1.666666667	-0.1282051282	0.3292106396	0.4461010609	1.355062708	1.132483681	1.125359474
-1.666666667	-0.07692307692	0.3602856416	0.4828875695	1.340290907	1.239381602	1.218159177
-1.666666667	-0.02564102564	0.3913606436	0.5196740782	1.327864942	1.346279522	1.31095888
-1.666666667	0.02564102564	0.4224356457	0.5564605869	1.317267121	1.453177442	1.403758583
-1.666666667	0.07692307692	0.4535106477	0.5932470956	1.308121648	1.560075362	1.496558286
-1.666666667	0.1282051282	0.4845856497	0.6300336043	1.300149116	1.666973282	1.58935799
-1.666666667	0.1794871795	0.5156606517	0.666820113	1.293137475	1.773871202	1.682157693
-1.666666667	0.2307692308	0.5467356537	0.7036066217	1.286922879	1.880769123	1.774957396
-1.666666667	0.2820512821	0.5778106557	0.7403931304	1.281376733	1.987667043	1.867757099
-1.666666667	0.3333333333	0.6088856578	0.7771796391	1.276396692	2.094564963	1.960556803
-1.666666667	0.3846153846	0.6399606598	0.8139661478	1.271900288	2.201462883	2.053356506
-1.666666667	0.4358974359	0.6710356618	0.8507526564	1.267820333	2.308360803	2.146156209
-1.666666667	0.4871794872	0.7021106638	0.8875391651	1.264101531	2.415258724	2.238955912
-1.666666667	0.5384615385	0.7331856658	0.9243256738	1.260697961	2.522156644	2.331755615
-1.666666667	0.5897435897	0.7642606678	0.9611121825	1.25757117	2.629054564	2.424555319
-1.666666667	0.641025641	0.7953356699	0.9978986912	1.254688717	2.735952484	2.517355022
-1.666666667	0.6923076923	0.8264106719	1.0346852	1.252023038	2.842850404	2.610154725
-1.666666667	0.7435897436	0.8574856739	1.071471709	1.249550565	2.949748325	2.702954428
-1.666666667	0.7948717949	0.8885606759	1.108258217	1.247251029	3.056646245	2.795754132
-1.666666667	0.8461538462	0.9196356779	1.145044726	1.245106898	3.163544165	2.888553835
-1.666666667	0.8974358974	0.9507106799	1.181831235	1.243102933	3.270442085	2.981353538
-1.666666667	0.9487179487	0.9817856819	1.218617743	1.241225825	3.377340005	3.074153241
-1.666666667	1	1.012860684	1.255404252	1.239463899	3.484237926	3.166952944
-1.153846154	-1	-0.2348183129	-0.2228571934	0.9490622373	-0.807774341	-0.562192014
-1.153846154	-0.9487179487	-0.2037433109	-0.1860706847	0.9132603367	-0.7008764208	-0.4693923108
-1.153846154	-0.8974358974	-0.1726683089	-0.149284176	0.8645719472	-0.5939785006	-0.3765926076
-1.153846154	-0.8461538462	-0.1415933069	-0.1124976673	0.7945126067	-0.4870805804	-0.2837929043
-1.153846154	-0.7948717949	-0.1105183049	-0.07571115865	0.6850553738	-0.3801826602	-0.1909932011
-1.153846154	-0.7435897436	-0.07944330284	-0.03892464996	0.4899676696	-0.27328474	-0.0981934979
-1.153846154	-0.6923076923	-0.04836830082	-0.002138141266	0.04420542441	-0.1663868198	-0.005393794681
-1.153846154	-0.641025641	-0.01729329881	0.03464836742	-2.003571893	-0.05948889962	0.08740590854
-1.153846154	-0.5897435897	0.01378170321	0.07143487611	5.183312616	0.04740902057	0.1802056118
-1.153846154	-0.5384615385	0.04485670523	0.1082213848	2.41260218	0.1543069408	0.273005315
-1.153846154	-0.4871794872	0.07593170724	0.1450078935	1.909714647	0.261204861	0.3658050182
-1.153846154	-0.4358974359	0.1070067093	0.1817944022	1.698906577	0.3681027812	0.4586047214
-1.153846154	-0.3846153846	0.1380817113	0.2185809109	1.582982343	0.4750007013	0.5514044247
-1.153846154	-0.3333333333	0.1691567133	0.2553674196	1.509649925	0.5818986215	0.6442041279
-1.153846154	-0.2820512821	0.2002317153	0.2921539283	1.459079186	0.6887965417	0.7370038311
-1.153846154	-0.2307692308	0.2313067173	0.3289404369	1.422096344	0.7956944619	0.8298035343
-1.153846154	-0.1794871795	0.2623817193	0.3657269456	1.393873577	0.9025923821	0.9226032375
-1.153846154	-0.1282051282	0.2934567214	0.4025134543	1.371627995	1.009490302	1.015402941
-1.153846154	-0.07692307692	0.3245317234	0.439299963	1.353642591	1.116388223	1.108202644
-1.153846154	-0.02564102564	0.3556067254	0.4760864717	1.338800528	1.223286143	1.201002347
-1.153846154	0.02564102564	0.3866817274	0.5128729804	1.326343978	1.330184063	1.29380205
-1.153846154	0.07692307692	0.4177567294	0.5496594891	1.315740598	1.437081983	1.386601754
-1.153846154	0.1282051282	0.4488317314	0.5864459978	1.306605475	1.543979903	1.479401457
-1.153846154	0.1794871795	0.4799067334	0.6232325065	1.29865339	1.650877823	1.57220116
-1.153846154	0.2307692308	0.5109817355	0.6600190152	1.291668507	1.757775744	1.665000863
-1.153846154	0.2820512821	0.5420567375	0.6968055238	1.285484481	1.864673664	1.757800567
-1.153846154	0.3333333333	0.5731317395	0.7335920325	1.279971047	1.971571584	1.85060027
-1.153846154	0.3846153846	0.6042067415	0.7703785412	1.275024736	2.078469504	1.943399973
-1.153846154	0.4358974359	0.6352817435	0.8071650499	1.270562326	2.185367424	2.036199676
-1.153846154	0.4871794872	0.6663567455	0.8439515586	1.266516118	2.292265345	2.128999379
-1.153846154	0.5384615385	0.6974317476	0.8807380673	1.262830478	2.399163265	2.221799083
-1.153846154	0.5897435897	0.7285067496	0.917524576	1.259459266	2.506061185	2.314598786
-1.153846154	0.641025641	0.7595817516	0.9543110847	1.256363891	2.612959105	2.407398489
-1.153846154	0.6923076923	0.7906567536	0.9910975934	1.253511829	2.719857025	2.500198192
-1.153846154	0.7435897436	0.8217317556	1.027884102	1.250875477	2.826754946	2.592997896
-1.153846154	0.7948717949	0.8528067576	1.064670611	1.248431255	2.933652866	2.685797599
-1.153846154	0.8461538462	0.8838817597	1.101457119	1.246158898	3.040550786	2.778597302
-1.153846154	0.8974358974	0.9149567617	1.138243628	1.244040894	3.147448706	2.871397005
-1.153846154	0.9487179487	0.9460317637	1.175030137	1.242062034	3.254346626	2.964196708
-1.153846154	1	0.9771067657	1.211816646	1.240209042	3.361244547	3.056996412
-0.641025641	-1	-0.2705722312	-0.2664447999	0.9847455475	-0.93076772	-0.6721485468
-0.641025641	-0.9487179487	-0.2394972292	-0.2296582912	0.9589183643	-0.8238697998	-0.5793488436
-0.641025641	-0.8974358974	-0.2084222271	-0.1928717826	0.9253897014	-0.7169718796	-0.4865491404
-0.641025641	-0.8461538462	-0.1773472251	-0.1560852739	0.8801111703	-0.6100739594	-0.3937494372
-0.641025641	-0.7948717949	-0.1462722231	-0.1192987652	0.8155941205	-0.5031760392	-0.3009497339
-0.641025641	-0.7435897436	-0.1151972211	-0.08251225648	0.7162695045	-0.396278119	-0.2081500307
-0.641025641	-0.6923076923	-0.08412221908	-0.04572574779	0.5435632618	-0.2893801988	-0.1153503275
-0.641025641	-0.641025641	-0.05304721707	-0.008939239102	0.1685147609	-0.1824822786	-0.02255062427
-0.641025641	-0.5897435897	-0.02197221505	0.02784726959	-1.267385629	-0.07558435845	0.07024907895
-0.641025641	-0.5384615385	0.009102786964	0.06463377828	7.100438419	0.03131356175	0.1630487822
-0.641025641	-0.4871794872	0.04017778898	0.101420287	2.524287412	0.1382114819	0.2558484854
-0.641025641	-0.4358974359	0.071252791	0.1382067957	1.93966852	0.2451094021	0.3486481886
-0.641025641	-0.3846153846	0.102327793	0.1749933043	1.710124876	0.3520073223	0.4414478918
-0.641025641	-0.3333333333	0.133402795	0.211779813	1.587521558	0.4589052425	0.5342475951
-0.641025641	-0.2820512821	0.164477797	0.2485663217	1.511245446	0.5658031627	0.6270472983
-0.641025641	-0.2307692308	0.1955527991	0.2853528304	1.459211179	0.6727010829	0.7198470015
-0.641025641	-0.1794871795	0.2266278011	0.3221393391	1.421446696	0.7795990031	0.8126467047
-0.641025641	-0.1282051282	0.2577028031	0.3589258478	1.392789847	0.8864969233	0.905446408
-0.641025641	-0.07692307692	0.2887778051	0.3957123565	1.370300451	0.9933948435	0.9982461112
-0.641025641	-0.02564102564	0.3198528071	0.4324988652	1.352180927	1.100292764	1.091045814
-0.641025641	0.02564102564	0.3509278091	0.4692853739	1.337270406	1.207190684	1.183845518
-0.641025641	0.07692307692	0.3820028112	0.5060718826	1.324785755	1.314088604	1.276645221
-0.641025641	0.1282051282	0.4130778132	0.5428583913	1.314179493	1.420986524	1.369444924
-0.641025641	0.1794871795	0.4441528152	0.5796448999	1.305057359	1.527884444	1.462244627
-0.641025641	0.2307692308	0.4752278172	0.6164314086	1.297128212	1.634782365	1.555044331
-0.641025641	0.2820512821	0.5063028192	0.6532179173	1.290172388	1.741680285	1.647844034
-0.641025641	0.3333333333	0.5373778212	0.690004426	1.284021035	1.848578205	1.740643737
-0.641025641	0.3846153846	0.5684528232	0.7267909347	1.27854222	1.955476125	1.83344344
-0.641025641	0.4358974359	0.5995278253	0.7635774434	1.273631367	2.062374045	1.926243143
-0.641025641	0.4871794872	0.6306028273	0.8003639521	1.269204509	2.169271966	2.019042847
-0.641025641	0.5384615385	0.6616778293	0.8371504608	1.265193458	2.276169886	2.11184255
-0.641025641	0.5897435897	0.6927528313	0.8739369695	1.261542256	2.383067806	2.204642253
-0.641025641	0.641025641	0.7238278333	0.9107234782	1.258204557	2.489965726	2.297441956
-0.641025641	0.6923076923	0.7549028353	0.9475099868	1.255141645	2.596863646	2.39024166
-0.641025641	0.7435897436	0.7859778374	0.9842964955	1.252320929	2.703761567	2.483041363
-0.641025641	0.7948717949	0.8170528394	1.021083004	1.249714774	2.810659487	2.575841066
-0.641025641	0.8461538462	0.8481278414	1.057869513	1.247299595	2.917557407	2.668640769
-0.641025641	0.8974358974	0.8792028434	1.094656022	1.245055143	3.024455327	2.761440472
-0.641025641	0.9487179487	0.9102778454	1.13144253	1.242963932	3.131353247	2.854240176
-0.641025641	1	0.9413528474	1.168229039	1.241010788	3.238251168	2.947039879
-0.1282051282	-1	-0.3063261494	-0.3100324065	1.012099055	-1.053761099	-0.7821050796
-0.1282051282	-0.9487179487	-0.2752511474	-0.2732458978	0.9927148363	-0.9468631788	-0.6893053764
-0.1282051282	-0.8974358974	-0.2441761454	-0.2364593891	0.9683967641	-0.8399652586	-0.5965056732
-0.1282051282	-0.8461538462	-0.2131011434	-0.1996728804	0.9369864338	-0.7330673384	-0.50370597
-0.1282051282	-0.7948717949	-0.1820261414	-0.1628863717	0.8948515332	-0.6261694182	-0.4109062668
-0.1282051282	-0.7435897436	-0.1509511394	-0.126099863	0.8353687395	-0.5192714981	-0.3181065635
-0.1282051282	-0.6923076923	-0.1198761373	-0.08931335432	0.7450469818	-0.4123735779	-0.2253068603
-0.1282051282	-0.641025641	-0.08880113533	-0.05252684563	0.5915109692	-0.3054756577	-0.1325071571
-0.1282051282	-0.5897435897	-0.05772613331	-0.01574033694	0.272672636	-0.1985777375	-0.03970745386
-0.1282051282	-0.5384615385	-0.0266511313	0.02104617175	-0.7896914962	-0.09167981728	0.05309224936
-0.1282051282	-0.4871794872	0.004423870717	0.05783268044	13.07286857	0.01521810292	0.1458919526
-0.1282051282	-0.4358974359	0.03549887273	0.09461918913	2.665413909	0.1221160231	0.2386916558
-0.1282051282	-0.3846153846	0.06657387475	0.1314056978	1.973832803	0.2290139433	0.331491359
-0.1282051282	-0.3333333333	0.09764887676	0.1681922065	1.722418241	0.3359118635	0.4242910623
-0.1282051282	-0.2820512821	0.1287238788	0.2049787152	1.59239076	0.4428097837	0.5170907655
-0.1282051282	-0.2307692308	0.1597988808	0.2417652239	1.5129344	0.5497077039	0.6098904687
-0.1282051282	-0.1794871795	0.1908738828	0.2785517326	1.459349642	0.6566056241	0.7026901719
-0.1282051282	-0.1282051282	0.2219488848	0.3153382413	1.420769658	0.7635035443	0.7954898751
-0.1282051282	-0.07692307692	0.2530238868	0.35212475	1.391666037	0.8704014645	0.8882895784
-0.1282051282	-0.02564102564	0.2840988889	0.3889112587	1.368929179	0.9772993847	0.9810892816
-0.1282051282	0.02564102564	0.3151738909	0.4256977673	1.350675864	1.084197305	1.073888985
-0.1282051282	0.07692307692	0.3462488929	0.462484276	1.335698931	1.191095225	1.166688688
-0.1282051282	0.1282051282	0.3773238949	0.4992707847	1.323188887	1.297993145	1.259488391
-0.1282051282	0.1794871795	0.4083988969	0.5360572934	1.312582618	1.404891065	1.352288094
-0.1282051282	0.2307692308	0.4394738989	0.5728438021	1.303476278	1.511788986	1.445087798
-0.1282051282	0.2820512821	0.470548901	0.6096303108	1.295572701	1.618686906	1.537887501
-0.1282051282	0.3333333333	0.501623903	0.6464168195	1.288648359	1.725584826	1.630687204
-0.1282051282	0.3846153846	0.532698905	0.6832033282	1.28253188	1.832482746	1.723486907
-0.1282051282	0.4358974359	0.563773907	0.7199898369	1.277089677	1.939380666	1.816286611
-0.1282051282	0.4871794872	0.594848909	0.7567763456	1.272216077	2.046278587	1.909086314
-0.1282051282	0.5384615385	0.625923911	0.7935628542	1.267826393	2.153176507	2.001886017
-0.1282051282	0.5897435897	0.6569989131	0.8303493629	1.263851958	2.260074427	2.09468572
-0.1282051282	0.641025641	0.6880739151	0.8671358716	1.260236513	2.366972347	2.187485423
-0.1282051282	0.6923076923	0.7191489171	0.9039223803	1.256933521	2.473870267	2.280285127
-0.1282051282	0.7435897436	0.7502239191	0.940708889	1.253904155	2.580768188	2.37308483
-0.1282051282	0.7948717949	0.7812989211	0.9774953977	1.251115765	2.687666108	2.465884533
-0.1282051282	0.8461538462	0.8123739231	1.014281906	1.2485407	2.794564028	2.558684236
-0.1282051282	0.8974358974	0.8434489251	1.051068415	1.246155379	2.901461948	2.65148394
-0.1282051282	0.9487179487	0.8745239272	1.087854924	1.243939577	3.008359868	2.744283643
-0.1282051282	1	0.9055989292	1.124641432	1.241875842	3.115257789	2.837083346
0.3846153846	-1	-0.3420800677	-0.353620013	1.033734632	-1.176754478	-0.8920616125
0.3846153846	-0.9487179487	-0.3110050657	-0.3168335043	1.018740655	-1.069856558	-0.7992619092
0.3846153846	-0.8974358974	-0.2799300637	-0.2800469956	1.000417718	-0.9629586377	-0.706462206
0.3846153846	-0.8461538462	-0.2488550617	-0.2432604869	0.9775187424	-0.8560607175	-0.6136625028
0.3846153846	-0.7948717949	-0.2177800596	-0.2064739782	0.948084864	-0.7491627973	-0.5208627996
0.3846153846	-0.7435897436	-0.1867050576	-0.1696874695	0.9088530953	-0.6422648771	-0.4280630963
0.3846153846	-0.6923076923	-0.1556300556	-0.1329009608	0.8539543363	-0.5353669569	-0.3352633931
0.3846153846	-0.641025641	-0.1245550536	-0.09611445216	0.7716624046	-0.4284690367	-0.2424636899
0.3846153846	-0.5897435897	-0.09348005158	-0.05932794347	0.6346588653	-0.3215711165	-0.1496639867
0.3846153846	-0.5384615385	-0.06240504956	-0.02254143477	0.3612117118	-0.2146731963	-0.05686428345
0.3846153846	-0.4871794872	-0.03133004755	0.01424507392	-0.4546776986	-0.1077752761	0.03593541977
0.3846153846	-0.4358974359	-0.0002550455301	0.05103158261	-200.0881277	-0.0008773559117	0.128735123
0.3846153846	-0.3846153846	0.03081995649	0.0878180913	2.849390502	0.1060205643	0.2215348262
0.3846153846	-0.3333333333	0.0618949585	0.1246046	2.013162348	0.2129184845	0.3143345294
0.3846153846	-0.2820512821	0.09296996052	0.1613911087	1.735948986	0.3198164047	0.4071342327
0.3846153846	-0.2307692308	0.1240449625	0.1981776174	1.59762729	0.4267143249	0.4999339359
0.3846153846	-0.1794871795	0.1551199645	0.2349641261	1.514725243	0.5336122451	0.5927336391
0.3846153846	-0.1282051282	0.1861949666	0.2717506347	1.459495065	0.6405101652	0.6855333423
0.3846153846	-0.07692307692	0.2172699686	0.3085371434	1.42006346	0.7474080854	0.7783330456
0.3846153846	-0.02564102564	0.2483449706	0.3453236521	1.390499881	0.8543060056	0.8711327488
0.3846153846	0.02564102564	0.2794199726	0.3821101608	1.367511983	0.9612039258	0.963932452
0.3846153846	0.07692307692	0.3104949746	0.4188966695	1.349125441	1.068101846	1.056732155
0.3846153846	0.1282051282	0.3415699766	0.4556831782	1.334084402	1.174999766	1.149531858
0.3846153846	0.1794871795	0.3726449787	0.4924696869	1.32155192	1.281897686	1.242331562
0.3846153846	0.2307692308	0.4037199807	0.5292561956	1.310948729	1.388795607	1.335131265
0.3846153846	0.2820512821	0.4347949827	0.5660427043	1.301861169	1.495693527	1.427930968
0.3846153846	0.3333333333	0.4658699847	0.602829213	1.293985946	1.602591447	1.520730671
0.3846153846	0.3846153846	0.4969449867	0.6396157217	1.287095632	1.709489367	1.613530375
0.3846153846	0.4358974359	0.5280199887	0.6764022303	1.281016334	1.816387287	1.706330078
0.3846153846	0.4871794872	0.5590949908	0.713188739	1.275612822	1.923285208	1.799129781
0.3846153846	0.5384615385	0.5901699928	0.7499752477	1.270778347	2.030183128	1.891929484
0.3846153846	0.5897435897	0.6212449948	0.7867617564	1.266427517	2.137081048	1.984729187
0.3846153846	0.641025641	0.6523199968	0.8235482651	1.262491215	2.243978968	2.077528891
0.3846153846	0.6923076923	0.6833949988	0.8603347738	1.258912891	2.350876888	2.170328594
0.3846153846	0.7435897436	0.7144700008	0.8971212825	1.255645837	2.457774809	2.263128297
0.3846153846	0.7948717949	0.7455450029	0.9339077912	1.252651131	2.564672729	2.355928
0.3846153846	0.8461538462	0.7766200049	0.9706942999	1.24989608	2.671570649	2.448727704
0.3846153846	0.8974358974	0.8076950069	1.007480809	1.247353023	2.778468569	2.541527407
0.3846153846	0.9487179487	0.8387700089	1.044267317	1.244998398	2.885366489	2.63432711
0.3846153846	1	0.8698450109	1.081053826	1.242812009	2.99226441	2.727126813
0.8974358974	-1	-0.377833986	-0.3972076195	1.051275519	-1.299747857	-1.002018145
0.8974358974	-0.9487179487	-0.346758984	-0.3604211108	1.039399489	-1.192849937	-0.909218442
0.8974358974	-0.8974358974	-0.3156839819	-0.3236346021	1.025185377	-1.085952017	-0.8164187388
0.8974358974	-0.8461538462	-0.2846089799	-0.2868480934	1.007867333	-0.9790540965	-0.7236190356
0.8974358974	-0.7948717949	-0.2535339779	-0.2500615848	0.9863040324	-0.8721561763	-0.6308193324
0.8974358974	-0.7435897436	-0.2224589759	-0.2132750761	0.9587164339	-0.7652582561	-0.5380196292
0.8974358974	-0.6923076923	-0.1913839739	-0.1764885674	0.9221700428	-0.6583603359	-0.4452199259
0.8974358974	-0.641025641	-0.1603089719	-0.1397020587	0.8714550225	-0.5514624157	-0.3524202227
0.8974358974	-0.5897435897	-0.1292339698	-0.10291555	0.7963506044	-0.4445644955	-0.2596205195
0.8974358974	-0.5384615385	-0.09815896782	-0.0661290413	0.6736933239	-0.3376665753	-0.1668208163
0.8974358974	-0.4871794872	-0.06708396581	-0.02934253261	0.4374000889	-0.2307686551	-0.07402111304
0.8974358974	-0.4358974359	-0.03600896379	0.007443976079	-0.2067256398	-0.1238707349	0.01877859018
0.8974358974	-0.3846153846	-0.004933961777	0.04423048477	-8.964496842	-0.01697281474	0.1115782934
0.8974358974	-0.3333333333	0.02614104024	0.08101699346	3.099226072	0.08992510545	0.2043779966
0.8974358974	-0.2820512821	0.05721604225	0.1178035021	2.058924342	0.1968230256	0.2971776999
0.8974358974	-0.2307692308	0.08829104427	0.1545900108	1.750913834	0.3037209458	0.3899774031
0.8974358974	-0.1794871795	0.1193660463	0.1913765195	1.603274344	0.410618866	0.4827771063
0.8974358974	-0.1282051282	0.1504410483	0.2281630282	1.516627482	0.5175167862	0.5755768095
0.8974358974	-0.07692307692	0.1815160503	0.2649495369	1.459647984	0.6244147064	0.6683765127
0.8974358974	-0.02564102564	0.2125910523	0.3017360456	1.419326177	0.7313126266	0.761176216
0.8974358974	0.02564102564	0.2436660543	0.3385225543	1.38928894	0.8382105468	0.8539759192
0.8974358974	0.07692307692	0.2747410564	0.375309063	1.366046516	0.945108467	0.9467756224
0.8974358974	0.1282051282	0.3058160584	0.4120955717	1.347527575	1.052006387	1.039575326
0.8974358974	0.1794871795	0.3368910604	0.4488820804	1.332425027	1.158904307	1.132375029
0.8974358974	0.2307692308	0.3679660624	0.4856685891	1.319873322	1.265802228	1.225174732
0.8974358974	0.2820512821	0.3990410644	0.5224550977	1.309276524	1.372700148	1.317974435
0.8974358974	0.3333333333	0.4301160664	0.5592416064	1.30021092	1.479598068	1.410774139
0.8974358974	0.3846153846	0.4611910685	0.5960281151	1.292366995	1.586495988	1.503573842
0.8974358974	0.4358974359	0.4922660705	0.6328146238	1.285513388	1.693393908	1.596373545
0.8974358974	0.4871794872	0.5233410725	0.6696011325	1.279473689	1.800291829	1.689173248
0.8974358974	0.5384615385	0.5544160745	0.7063876412	1.27411104	1.907189749	1.781972951
0.8974358974	0.5897435897	0.5854910765	0.7431741499	1.269317637	2.014087669	1.874772655
0.8974358974	0.641025641	0.6165660785	0.7799606586	1.265007411	2.120985589	1.967572358
0.8974358974	0.6923076923	0.6476410806	0.8167471673	1.261110809	2.227883509	2.060372061
0.8974358974	0.7435897436	0.6787160826	0.853533676	1.25757102	2.33478143	2.153171764
0.8974358974	0.7948717949	0.7097910846	0.8903201846	1.254341177	2.44167935	2.245971468
0.8974358974	0.8461538462	0.7408660866	0.9271066933	1.251382281	2.54857727	2.338771171
0.8974358974	0.8974358974	0.7719410886	0.963893202	1.248661609	2.65547519	2.431570874
0.8974358974	0.9487179487	0.8030160906	1.000679711	1.246151506	2.76237311	2.524370577
0.8974358974	1	0.8340910927	1.037466219	1.243828436	2.86927103	2.61717028
1.41025641	-1	-0.4135879042	-0.440795226	1.06578365	-1.422741236	-1.111974678
1.41025641	-0.9487179487	-0.3825129022	-0.4040087174	1.056196314	-1.315843316	-1.019174975
1.41025641	-0.8974358974	-0.3514379002	-0.3672222087	1.044913507	-1.208945396	-0.9263752716
1.41025641	-0.8461538462	-0.3203628982	-0.3304357	1.031441849	-1.102047476	-0.8335755684
1.41025641	-0.7948717949	-0.2892878962	-0.2936491913	1.015075968	-0.9951495553	-0.7407758652
1.41025641	-0.7435897436	-0.2582128942	-0.2568626826	0.9947709367	-0.8882516351	-0.647976162
1.41025641	-0.6923076923	-0.2271378921	-0.2200761739	0.9689099949	-0.7813537149	-0.5551764587
1.41025641	-0.641025641	-0.1960628901	-0.1832896652	0.9348513893	-0.6744557947	-0.4623767555
1.41025641	-0.5897435897	-0.1649878881	-0.1465031565	0.8879630996	-0.5675578745	-0.3695770523
1.41025641	-0.5384615385	-0.1339128861	-0.1097166478	0.8193135928	-0.4606599543	-0.2767773491
1.41025641	-0.4871794872	-0.1028378841	-0.07293013914	0.7091758042	-0.3537620341	-0.1839776459
1.41025641	-0.4358974359	-0.07176288206	-0.03614363045	0.503653552	-0.246864114	-0.09117794263
1.41025641	-0.3846153846	-0.04068788004	0.0006428782424	-0.01580023933	-0.1399661938	0.001621760592
1.41025641	-0.3333333333	-0.009612878024	0.03742938693	-3.893671265	-0.03306827357	0.09442146381
1.41025641	-0.2820512821	0.02146212399	0.07421589562	3.457993983	0.07382964662	0.187221167
1.41025641	-0.2307692308	0.05253712601	0.1110024043	2.112837392	0.1807275668	0.2800208703
1.41025641	-0.1794871795	0.08361212802	0.147788913	1.767553542	0.287625487	0.3728205735
1.41025641	-0.1282051282	0.11468713	0.1845754217	1.609382165	0.3945234072	0.4656202767
1.41025641	-0.07692307692	0.1457621321	0.2213619304	1.518651842	0.5014213274	0.5584199799
1.41025641	-0.02564102564	0.1768371341	0.2581484391	1.459808996	0.6083192476	0.6512196832
1.41025641	0.02564102564	0.2079121361	0.2949349478	1.41855571	0.7152171678	0.7440193864
1.41025641	0.07692307692	0.2389871381	0.3317214565	1.388030582	0.822115088	0.8368190896
1.41025641	0.1282051282	0.2700621401	0.3685079651	1.364530271	0.9290130082	0.9296187928
1.41025641	0.1794871795	0.3011371421	0.4052944738	1.345880056	1.035910928	1.022418496
1.41025641	0.2307692308	0.3322121442	0.4420809825	1.330718911	1.142808849	1.115218199
1.41025641	0.2820512821	0.3632871462	0.4788674912	1.318151485	1.249706769	1.208017902
1.41025641	0.3333333333	0.3943621482	0.5156539999	1.307564639	1.356604689	1.300817606
1.41025641	0.3846153846	0.4254371502	0.5524405086	1.298524373	1.463502609	1.393617309
1.41025641	0.4358974359	0.4565121522	0.5892270173	1.290714857	1.570400529	1.486417012
1.41025641	0.4871794872	0.4875871542	0.626013526	1.283900777	1.67729845	1.579216715
1.41025641	0.5384615385	0.5186621562	0.6628000347	1.277903211	1.78419637	1.672016419
1.41025641	0.5897435897	0.5497371583	0.6995865434	1.272583694	1.89109429	1.764816122
1.41025641	0.641025641	0.5808121603	0.736373052	1.267833393	1.99799221	1.857615825
1.41025641	0.6923076923	0.6118871623	0.7731595607	1.263565586	2.10489013	1.950415528
1.41025641	0.7435897436	0.6429621643	0.8099460694	1.259710313	2.21178805	2.043215231
1.41025641	0.7948717949	0.6740371663	0.8467325781	1.256210518	2.318685971	2.136014935
1.41025641	0.8461538462	0.7051121683	0.8835190868	1.253019202	2.425583891	2.228814638
1.41025641	0.8974358974	0.7361871704	0.9203055955	1.250097302	2.532481811	2.321614341
1.41025641	0.9487179487	0.7672621724	0.9570921042	1.247412082	2.639379731	2.414414044
1.41025641	1	0.7983371744	0.9938786129	1.244935905	2.746277651	2.507213748
1.923076923	-1	-0.4493418225	-0.4843828326	1.07798297	-1.545734615	-1.221931211
1.923076923	-0.9487179487	-0.4182668205	-0.4475963239	1.070121516	-1.438836695	-1.129131508
1.923076923	-0.8974358974	-0.3871918185	-0.4108098152	1.060998181	-1.331938775	-1.036331804
1.923076923	-0.8461538462	-0.3561168164	-0.3740233065	1.05028263	-1.225040855	-0.9435321012
1.923076923	-0.7948717949	-0.3250418144	-0.3372367978	1.037518199	-1.118142934	-0.850732398
1.923076923	-0.7435897436	-0.2939668124	-0.3004502891	1.022055131	-1.011245014	-0.7579326948
1.923076923	-0.6923076923	-0.2628918104	-0.2636637804	1.002936455	-0.9043470939	-0.6651329916
1.923076923	-0.641025641	-0.2318168084	-0.2268772717	0.9786920686	-0.7974491738	-0.5723332883
1.923076923	-0.5897435897	-0.2007418064	-0.190090763	0.9469415788	-0.6905512536	-0.4795335851
1.923076923	-0.5384615385	-0.1696668044	-0.1533042544	0.9035606873	-0.5836533334	-0.3867338819
1.923076923	-0.4871794872	-0.1385918023	-0.1165177457	0.8407261014	-0.4767554132	-0.2939341787
1.923076923	-0.4358974359	-0.1075168003	-0.07973123697	0.7415700313	-0.369857493	-0.2011344754
1.923076923	-0.3846153846	-0.0764417983	-0.04294472828	0.5617964155	-0.2629595728	-0.1083347722
1.923076923	-0.3333333333	-0.04536679629	-0.006158219594	0.1357428802	-0.1560616526	-0.015535069
1.923076923	-0.2820512821	-0.01429179427	0.0306282891	-2.143068149	-0.0491637324	0.07726463422
1.923076923	-0.2307692308	0.01678320775	0.06741479779	4.016800531	0.0577341878	0.1700643374
1.923076923	-0.1794871795	0.04785820976	0.1042013065	2.177292193	0.164632108	0.2628640407
1.923076923	-0.1282051282	0.07893321178	0.1409878152	1.78616595	0.2715300282	0.3556637439
1.923076923	-0.07692307692	0.1100082138	0.1777743239	1.616009548	0.3784279484	0.4484634471
1.923076923	-0.02564102564	0.1410832158	0.2145608325	1.520810476	0.4853258686	0.5412631503
1.923076923	0.02564102564	0.1721582178	0.2513473412	1.459978759	0.5922237888	0.6340628536
1.923076923	0.07692307692	0.2032332198	0.2881338499	1.417749766	0.699121709	0.7268625568
1.923076923	0.1282051282	0.2343082219	0.3249203586	1.386721968	0.8060196292	0.81966226
1.923076923	0.1794871795	0.2653832239	0.3617068673	1.36296056	0.9129175493	0.9124619632
1.923076923	0.2307692308	0.2964582259	0.398493376	1.344180533	1.01981547	1.005261666
1.923076923	0.2820512821	0.3275332279	0.4352798847	1.328964049	1.12671339	1.09806137
1.923076923	0.3333333333	0.3586082299	0.4720663934	1.316384717	1.23361131	1.190861073
1.923076923	0.3846153846	0.3896832319	0.5088529021	1.305811645	1.34050923	1.283660776
1.923076923	0.4358974359	0.420758234	0.5456394108	1.296800316	1.44740715	1.376460479
1.923076923	0.4871794872	0.451833236	0.5824259195	1.289028502	1.554305071	1.469260183
1.923076923	0.5384615385	0.482908238	0.6192124281	1.282256916	1.661202991	1.562059886
1.923076923	0.5897435897	0.51398324	0.6559989368	1.276304139	1.768100911	1.654859589
1.923076923	0.641025641	0.545058242	0.6927854455	1.271030125	1.874998831	1.747659292
1.923076923	0.6923076923	0.576133244	0.7295719542	1.266325042	1.981896751	1.840458995
1.923076923	0.7435897436	0.607208246	0.7663584629	1.262101541	2.088794671	1.933258699
1.923076923	0.7948717949	0.6382832481	0.8031449716	1.258289285	2.195692592	2.026058402
1.923076923	0.8461538462	0.6693582501	0.8399314803	1.254830997	2.302590512	2.118858105
1.923076923	0.8974358974	0.7004332521	0.876717989	1.251679566	2.409488432	2.211657808
1.923076923	0.9487179487	0.7315082541	0.9135044977	1.248795885	2.516386352	2.304457512
1.923076923	1	0.7625832561	0.9502910064	1.246147222	2.623284272	2.397257215
2.435897436	-1	-0.4850957408	-0.5279704391	1.088383993	-1.668727994	-1.331887744
2.435897436	-0.9487179487	-0.4540207387	-0.4911839304	1.081853511	-1.561830074	-1.23908804
2.435897436	-0.8974358974	-0.4229457367	-0.4543974217	1.074363405	-1.454932154	-1.146288337
2.435897436	-0.8461538462	-0.3918707347	-0.417610913	1.06568538	-1.348034234	-1.053488634
2.435897436	-0.7948717949	-0.3607957327	-0.3808244043	1.055512496	-1.241136313	-0.9606889308
2.435897436	-0.7435897436	-0.3297207307	-0.3440378956	1.043422095	-1.134238393	-0.8678892276
2.435897436	-0.6923076923	-0.2986457287	-0.307251387	1.028815608	-1.027340473	-0.7750895244
2.435897436	-0.641025641	-0.2675707266	-0.2704648783	1.010816399	-0.9204425528	-0.6822898211
2.435897436	-0.5897435897	-0.2364957246	-0.2336783696	0.9880870783	-0.8135446326	-0.5894901179
2.435897436	-0.5384615385	-0.2054207226	-0.1968918609	0.9584810061	-0.7066467124	-0.4966904147
2.435897436	-0.4871794872	-0.1743457206	-0.1601053522	0.9183210901	-0.5997487922	-0.4038907115
2.435897436	-0.4358974359	-0.1432707186	-0.1233188435	0.8607400362	-0.492850872	-0.3110910083
2.435897436	-0.3846153846	-0.1121957166	-0.08653233481	0.7712623749	-0.3859529518	-0.218291305
2.435897436	-0.3333333333	-0.08112071455	-0.04974582612	0.6132320998	-0.2790550316	-0.1254916018
2.435897436	-0.2820512821	-0.05004571253	-0.01295931743	0.2589496038	-0.1721571114	-0.03269189859
2.435897436	-0.2307692308	-0.01897071052	0.02382719126	-1.255998885	-0.06525919123	0.06010780463
2.435897436	-0.1794871795	0.0121042915	0.06061369995	5.007620641	0.04163872897	0.1529075079
2.435897436	-0.1282051282	0.04317929351	0.09740020864	2.255715662	0.1485366492	0.2457072111
2.435897436	-0.07692307692	0.07425429553	0.1341867173	1.80712397	0.2554345694	0.3385069143
2.435897436	-0.02564102564	0.1053292975	0.170973226	1.623225731	0.3623324895	0.4313066175
2.435897436	0.02564102564	0.1364042996	0.2077597347	1.523117199	0.4692304097	0.5241063207
2.435897436	0.07692307692	0.1674793016	0.2445462434	1.460158008	0.5761283299	0.616906024
2.435897436	0.1282051282	0.1985543036	0.2813327521	1.416905839	0.6830262501	0.7097057272
2.435897436	0.1794871795	0.2296293056	0.3181192608	1.385360026	0.7899241703	0.8025054304
2.435897436	0.2307692308	0.2607043076	0.3549057695	1.361334505	0.8968220905	0.8953051336
2.435897436	0.2820512821	0.2917793096	0.3916922782	1.342426503	1.003720011	0.9881048369
2.435897436	0.3333333333	0.3228543117	0.4284787869	1.327158323	1.110617931	1.08090454
2.435897436	0.3846153846	0.3539293137	0.4652652955	1.314571237	1.217515851	1.173704243
2.435897436	0.4358974359	0.3850043157	0.5020518042	1.304016043	1.324413771	1.266503947
2.435897436	0.4871794872	0.4160793177	0.5388383129	1.295037484	1.431311691	1.35930365
2.435897436	0.5384615385	0.4471543197	0.5756248216	1.287306856	1.538209612	1.452103353
2.435897436	0.5897435897	0.4782293217	0.6124113303	1.28058089	1.645107532	1.544903056
2.435897436	0.641025641	0.5093043238	0.649197839	1.274675687	1.752005452	1.637702759
2.435897436	0.6923076923	0.5403793258	0.6859843477	1.269449653	1.858903372	1.730502463
2.435897436	0.7435897436	0.5714543278	0.7227708564	1.26479199	1.965801292	1.823302166
2.435897436	0.7948717949	0.6025293298	0.7595573651	1.260614758	2.072699213	1.916101869
2.435897436	0.8461538462	0.6336043318	0.7963438738	1.256847269	2.179597133	2.008901572
2.435897436	0.8974358974	0.6646793338	0.8331303824	1.253432054	2.286495053	2.101701276
2.435897436	0.9487179487	0.6957543358	0.8699168911	1.250321912	2.393392973	2.194500979
2.435897436	1	0.7268293379	0.9067033998	1.247477713	2.500290893	2.287300682
2.948717949	-1	-0.520849659	-0.5715580456	1.097357051	-1.791721373	-1.441844277
2.948717949	-0.9487179487	-0.489774657	-0.5347715369	1.091872618	-1.684823453	-1.349044573
2.948717949	-0.8974358974	-0.458699655	-0.4979850282	1.08564509	-1.577925533	-1.25624487
2.948717949	-0.8461538462	-0.427624653	-0.4611985196	1.078512467	-1.471027613	-1.163445167
2.948717949	-0.7948717949	-0.396549651	-0.4244120109	1.070261971	-1.364129692	-1.070645464
2.948717949	-0.7435897436	-0.3654746489	-0.3876255022	1.060608453	-1.257231772	-0.9778457604
2.948717949	-0.6923076923	-0.3343996469	-0.3508389935	1.049160777	-1.150333852	-0.8850460572
2.948717949	-0.641025641	-0.3033246449	-0.3140524848	1.035367518	-1.043435932	-0.792246354
2.948717949	-0.5897435897	-0.2722496429	-0.2772659761	1.01842549	-0.9365380116	-0.6994466507
2.948717949	-0.5384615385	-0.2411746409	-0.2404794674	0.9971175516	-0.8296400914	-0.6066469475
2.948717949	-0.4871794872	-0.2100996389	-0.2036929587	0.9695064676	-0.7227421712	-0.5138472443
2.948717949	-0.4358974359	-0.1790246368	-0.16690645	0.9323099489	-0.615844251	-0.4210475411
2.948717949	-0.3846153846	-0.1479496348	-0.1301199413	0.8794880872	-0.5089463308	-0.3282478378
2.948717949	-0.3333333333	-0.1168746328	-0.09333343265	0.7985773337	-0.4020484106	-0.2354481346
2.948717949	-0.2820512821	-0.0857996308	-0.05654692396	0.6590578938	-0.2951504904	-0.1426484314
2.948717949	-0.2307692308	-0.05472462878	-0.01976041527	0.3610881555	-0.1882525702	-0.04984872818
2.948717949	-0.1794871795	-0.02364962676	0.01702609342	-0.7199307453	-0.08135465006	0.04295097504
2.948717949	-0.1282051282	0.007425375251	0.05381260211	7.247122239	0.02554327014	0.1357506783
2.948717949	-0.07692307692	0.03850037727	0.0905991108	2.353200598	0.1324411903	0.2285503815
2.948717949	-0.02564102564	0.06957537928	0.1273856195	1.830900827	0.2393391105	0.3213500847
2.948717949	0.02564102564	0.1006503813	0.1641721282	1.631112829	0.3462370307	0.4141497879
2.948717949	0.07692307692	0.1317253833	0.2009586369	1.525587793	0.4531349509	0.5069494912
2.948717949	0.1282051282	0.1628003853	0.2377451456	1.46034756	0.5600328711	0.5997491944
2.948717949	0.1794871795	0.1938753873	0.2745316543	1.416021177	0.6669307913	0.6925488976
2.948717949	0.2307692308	0.2249503894	0.3113181629	1.383941427	0.7738287115	0.7853486008
2.948717949	0.2820512821	0.2560253914	0.3481046716	1.359649017	0.8807266317	0.8781483041
2.948717949	0.3333333333	0.2871003934	0.3848911803	1.340615301	0.9876245519	0.9709480073
2.948717949	0.3846153846	0.3181753954	0.421677689	1.325299489	1.094522472	1.06374771
2.948717949	0.4358974359	0.3492503974	0.4584641977	1.312709165	1.201420392	1.156547414
2.948717949	0.4871794872	0.3803253994	0.4952507064	1.30217626	1.308318312	1.249347117
2.948717949	0.5384615385	0.4114004015	0.5320372151	1.293234555	1.415216233	1.34214682
2.948717949	0.5897435897	0.4424754035	0.5688237238	1.2855488	1.522114153	1.434946523
2.948717949	0.641025641	0.4735504055	0.6056102325	1.278871743	1.629012073	1.527746227
2.948717949	0.6923076923	0.5046254075	0.6423967412	1.273017037	1.735909993	1.62054593
2.948717949	0.7435897436	0.5357004095	0.6791832498	1.267841573	1.842807913	1.713345633
2.948717949	0.7948717949	0.5667754115	0.7159697585	1.263233627	1.949705834	1.806145336
2.948717949	0.8461538462	0.5978504136	0.7527562672	1.259104703	2.056603754	1.89894504
2.948717949	0.8974358974	0.6289254156	0.7895427759	1.255383797	2.163501674	1.991744743
2.948717949	0.9487179487	0.6600004176	0.8263292846	1.252013275	2.270399594	2.084544446
2.948717949	1	0.6910754196	0.8631157933	1.248945873	2.377297514	2.177344149
3.461538462	-1	-0.5566035773	-0.6151456521	1.105177324	-1.914714752	-1.551800809
3.461538462	-0.9487179487	-0.5255285753	-0.5783591435	1.100528441	-1.807816832	-1.459001106
3.461538462	-0.8974358974	-0.4944535732	-0.5415726348	1.095295219	-1.700918912	-1.366201403
3.461538462	-0.8461538462	-0.4633785712	-0.5047861261	1.089360099	-1.594020992	-1.2734017
3.461538462	-0.7948717949	-0.4323035692	-0.4679996174	1.082571717	-1.487123071	-1.180601996
3.461538462	-0.7435897436	-0.4012285672	-0.4312131087	1.074731821	-1.380225151	-1.087802293
3.461538462	-0.6923076923	-0.3701535652	-0.3944266	1.06557558	-1.273327231	-0.99500259
3.461538462	-0.641025641	-0.3390785632	-0.3576400913	1.054741084	-1.166429311	-0.9022028868
3.461538462	-0.5897435897	-0.3080035612	-0.3208535826	1.041720367	-1.059531391	-0.8094031836
3.461538462	-0.5384615385	-0.2769285591	-0.2840670739	1.02577746	-0.9526334704	-0.7166034803
3.461538462	-0.4871794872	-0.2458535571	-0.2472805652	1.005804301	-0.8457355502	-0.6238037771
3.461538462	-0.4358974359	-0.2147785551	-0.2104940566	0.9800515533	-0.73883763	-0.5310040739
3.461538462	-0.3846153846	-0.1837035531	-0.1737075479	0.9455862173	-0.6319397099	-0.4382043707
3.461538462	-0.3333333333	-0.1526285511	-0.1369210392	0.8970866736	-0.5250417897	-0.3454046674
3.461538462	-0.2820512821	-0.1215535491	-0.1001345305	0.8237894431	-0.4181438695	-0.2526049642
3.461538462	-0.2307692308	-0.09047854704	-0.06334802179	0.70014411	-0.3112459493	-0.159805261
3.461538462	-0.1794871795	-0.05940354503	-0.0265615131	0.4471368349	-0.2043480291	-0.06700555777
3.461538462	-0.1282051282	-0.02832854301	0.01022499559	-0.3609432219	-0.09745010888	0.02579414545
3.461538462	-0.07692307692	0.002746459005	0.04701150428	17.11713308	0.009447811309	0.1185938487
3.461538462	-0.02564102564	0.03382146102	0.08379801297	2.477657985	0.1163457315	0.2113935519
3.461538462	0.02564102564	0.06489646304	0.1205845217	1.858106221	0.2232436517	0.3041932551
3.461538462	0.07692307692	0.09597146505	0.1573710303	1.639768969	0.3301415719	0.3969929583
3.461538462	0.1282051282	0.1270464671	0.194157539	1.528240364	0.4370394921	0.4897926616
3.461538462	0.1794871795	0.1581214691	0.2309440477	1.460548331	0.5439374123	0.5825923648
3.461538462	0.2307692308	0.1891964711	0.2677305564	1.41509276	0.6508353325	0.675392068
3.461538462	0.2820512821	0.2202714731	0.3045170651	1.382462562	0.7577332527	0.7681917712
3.461538462	0.3333333333	0.2513464751	0.3413035738	1.357900777	0.8646311729	0.8609914745
3.461538462	0.3846153846	0.2824214771	0.3780900825	1.338744087	0.9715290931	0.9537911777
3.461538462	0.4358974359	0.3134964792	0.4148765912	1.323385169	1.078427013	1.046590881
3.461538462	0.4871794872	0.3445714812	0.4516630999	1.310796524	1.185324933	1.139390584
3.461538462	0.5384615385	0.3756464832	0.4884496086	1.300290647	1.292222854	1.232190287
3.461538462	0.5897435897	0.4067214852	0.5252361173	1.291390144	1.399120774	1.324989991
3.461538462	0.641025641	0.4377964872	0.5620226259	1.283753165	1.506018694	1.417789694
3.461538462	0.6923076923	0.4688714892	0.5988091346	1.277128485	1.612916614	1.510589397
3.461538462	0.7435897436	0.4999464913	0.6355956433	1.271327341	1.719814534	1.6033891
3.461538462	0.7948717949	0.5310214933	0.672382152	1.266205155	1.826712455	1.696188803
3.461538462	0.8461538462	0.5620964953	0.7091686607	1.261649319	1.933610375	1.788988507
3.461538462	0.8974358974	0.5931714973	0.7459551694	1.257570825	2.040508295	1.88178821
3.461538462	0.9487179487	0.6242464993	0.7827416781	1.253898386	2.147406215	1.974587913
3.461538462	1	0.6553215013	0.8195281868	1.250574237	2.254304135	2.067387616
3.974358974	-1	-0.5923574955	-0.6587332587	1.112053555	-2.037708131	-1.661757342
3.974358974	-0.9487179487	-0.5612824935	-0.62194675	1.108081505	-1.930810211	-1.568957639
3.974358974	-0.8974358974	-0.5302074915	-0.5851602413	1.103643858	-1.823912291	-1.476157936
3.974358974	-0.8461538462	-0.4991324895	-0.5483737326	1.098653652	-1.717014371	-1.383358232
3.974358974	-0.7948717949	-0.4680574875	-0.5115872239	1.093000833	-1.61011645	-1.290558529
3.974358974	-0.7435897436	-0.4369824855	-0.4748007152	1.08654404	-1.50321853	-1.197758826
3.974358974	-0.6923076923	-0.4059074834	-0.4380142065	1.079098623	-1.39632061	-1.104959123
3.974358974	-0.641025641	-0.3748324814	-0.4012276978	1.070418701	-1.28942269	-1.01215942
3.974358974	-0.5897435897	-0.3437574794	-0.3644411892	1.060169483	-1.18252477	-0.9193597164
3.974358974	-0.5384615385	-0.3126824774	-0.3276546805	1.04788309	-1.075626849	-0.8265600131
3.974358974	-0.4871794872	-0.2816074754	-0.2908681718	1.032885123	-0.9687289293	-0.7337603099
3.974358974	-0.4358974359	-0.2505324734	-0.2540816631	1.014166586	-0.8618310091	-0.6409606067
3.974358974	-0.3846153846	-0.2194574714	-0.2172951544	0.9901469886	-0.7549330889	-0.5481609035
3.974358974	-0.3333333333	-0.1883824693	-0.1805086457	0.9582029917	-0.6480351687	-0.4553612003
3.974358974	-0.2820512821	-0.1573074673	-0.143722137	0.9136383635	-0.5411372485	-0.362561497
3.974358974	-0.2307692308	-0.1262324653	-0.1069356283	0.8471325349	-0.4342393283	-0.2697617938
3.974358974	-0.1794871795	-0.09515746329	-0.07014911963	0.7371898872	-0.3273414081	-0.1769620906
3.974358974	-0.1282051282	-0.06408246127	-0.03336261094	0.5206199992	-0.2204434879	-0.08416238736
3.974358974	-0.07692307692	-0.03300745926	0.00342389775	-0.1037310301	-0.1135455677	0.008637315864
3.974358974	-0.02564102564	-0.001932457242	0.04021040644	-20.80791521	-0.00664764752	0.1014370191
3.974358974	0.02564102564	0.02914254477	0.07699691513	2.642079329	0.1002502727	0.1942367223
3.974358974	0.07692307692	0.06021754679	0.1137834238	1.889539343	0.2071481929	0.2870364255
3.974358974	0.1282051282	0.09129254881	0.1505699325	1.649312397	0.3140461131	0.3798361288
3.974358974	0.1794871795	0.1223675508	0.1873564412	1.531095784	0.4209440333	0.472635832
3.974358974	0.2307692308	0.1534425528	0.2241429499	1.460761345	0.5278419534	0.5654355352
3.974358974	0.2820512821	0.1845175549	0.2609294586	1.414117257	0.6347398736	0.6582352384
3.974358974	0.3333333333	0.2155925569	0.2977159673	1.380919507	0.7416377938	0.7510349416
3.974358974	0.3846153846	0.2466675589	0.334502476	1.356086214	0.848535714	0.8438346449
3.974358974	0.4358974359	0.2777425609	0.3712889847	1.336809827	0.9554336342	0.9366343481
3.974358974	0.4871794872	0.3088175629	0.4080754933	1.321412842	1.062331554	1.029434051
3.974358974	0.5384615385	0.3398925649	0.444862002	1.308831225	1.169229475	1.122233755
3.974358974	0.5897435897	0.3709675669	0.4816485107	1.298357467	1.276127395	1.215033458
3.974358974	0.641025641	0.402042569	0.5184350194	1.289502803	1.383025315	1.307833161
3.974358974	0.6923076923	0.433117571	0.5552215281	1.281918734	1.489923235	1.400632864
3.974358974	0.7435897436	0.464192573	0.5920080368	1.275350084	1.596821155	1.493432567
3.974358974	0.7948717949	0.495267575	0.6287945455	1.269605719	1.703719076	1.586232271
3.974358974	0.8461538462	0.526342577	0.6655810542	1.264539642	1.810616996	1.679031974
3.974358974	0.8974358974	0.557417579	0.7023675629	1.260038415	1.917514916	1.771831677
3.974358974	0.9487179487	0.5884925811	0.7391540716	1.256012557	2.024412836	1.86463138
3.974358974	1	0.6195675831	0.7759405802	1.252390541	2.131310756	1.957431084
4.487179487	-1	-0.6281114138	-0.7023208652	1.118146956	-2.16070151	-1.771713875
4.487179487	-0.9487179487	-0.5970364118	-0.6655343565	1.114729928	-2.05380359	-1.678914172
4.487179487	-0.8974358974	-0.5659614098	-0.6287478478	1.110937666	-1.94690567	-1.586114469
4.487179487	-0.8461538462	-0.5348864078	-0.5919613391	1.10670477	-1.84000775	-1.493314765
4.487179487	-0.7948717949	-0.5038114057	-0.5551748304	1.101949706	-1.733109829	-1.400515062
4.487179487	-0.7435897436	-0.4727364037	-0.5183883217	1.0965695	-1.626211909	-1.307715359
4.487179487	-0.6923076923	-0.4416614017	-0.4816018131	1.090432198	-1.519313989	-1.214915656
4.487179487	-0.641025641	-0.4105863997	-0.4448153044	1.0833659	-1.412416069	-1.122115952
4.487179487	-0.5897435897	-0.3795113977	-0.4080287957	1.075142402	-1.305518149	-1.029316249
4.487179487	-0.5384615385	-0.3484363957	-0.371242287	1.065452093	-1.198620228	-0.936516546
4.487179487	-0.4871794872	-0.3173613936	-0.3344557783	1.053864096	-1.091722308	-0.8437168427
4.487179487	-0.4358974359	-0.2862863916	-0.2976692696	1.039760458	-0.9848243881	-0.7509171395
4.487179487	-0.3846153846	-0.2552113896	-0.2608827609	1.02222225	-0.8779264679	-0.6581174363
4.487179487	-0.3333333333	-0.2241363876	-0.2240962522	0.9998209333	-0.7710285477	-0.5653177331
4.487179487	-0.2820512821	-0.1930613856	-0.1873097435	0.9702082214	-0.6641306275	-0.4725180298
4.487179487	-0.2307692308	-0.1619863836	-0.1505232348	0.9292338747	-0.5572327073	-0.3797183266
4.487179487	-0.1794871795	-0.1309113816	-0.1137367262	0.8688070113	-0.4503347871	-0.2869186234
4.487179487	-0.1282051282	-0.09983637954	-0.07695021747	0.7707633011	-0.3434368669	-0.1941189202
4.487179487	-0.07692307692	-0.06876137752	-0.04016370878	0.5841027365	-0.2365389467	-0.1013192169
4.487179487	-0.02564102564	-0.03768637551	-0.003377200086	0.0896132897	-0.1296410265	-0.008519513726
4.487179487	0.02564102564	-0.006611373489	0.0334093086	-5.053308312	-0.02274310635	0.0842801895
4.487179487	0.07692307692	0.02446362853	0.07019581729	2.86939516	0.08415481385	0.1770798927
4.487179487	0.1282051282	0.05553863054	0.106982326	1.926268706	0.191052734	0.2698795959
4.487179487	0.1794871795	0.08661363256	0.1437688347	1.659886907	0.2979506542	0.3626792992
4.487179487	0.2307692308	0.1176886346	0.1805553434	1.534178249	0.4048485744	0.4554790024
4.487179487	0.2820512821	0.1487636366	0.2173418521	1.460987759	0.5117464946	0.5482787056
4.487179487	0.3333333333	0.1798386386	0.2541283607	1.413090995	0.6186444148	0.6410784088
4.487179487	0.3846153846	0.2109136406	0.2909148694	1.379307989	0.725542335	0.7338781121
4.487179487	0.4358974359	0.2419886426	0.3277013781	1.354201481	0.8324402552	0.8266778153
4.487179487	0.4871794872	0.2730636447	0.3644878868	1.33480928	0.9393381754	0.9194775185
4.487179487	0.5384615385	0.3041386467	0.4012743955	1.319379829	1.046236096	1.012277222
4.487179487	0.5897435897	0.3352136487	0.4380609042	1.306811062	1.153134016	1.105076925
4.487179487	0.641025641	0.3662886507	0.4748474129	1.2963749	1.260031936	1.197876628
4.487179487	0.6923076923	0.3973636527	0.5116339216	1.287571015	1.366929856	1.290676331
4.487179487	0.7435897436	0.4284386547	0.5484204303	1.280044236	1.473827776	1.383476035
4.487179487	0.7948717949	0.4595136567	0.585206939	1.273535466	1.580725697	1.476275738
4.487179487	0.8461538462	0.4905886588	0.6219934476	1.267851257	1.687623617	1.569075441
4.487179487	0.8974358974	0.5216636608	0.6587799563	1.262844254	1.794521537	1.661875144
4.487179487	0.9487179487	0.5527386628	0.695566465	1.258400238	1.901419457	1.754674848
4.487179487	1	0.5838136648	0.7323529737	1.254429312	2.008317377	1.847474551
5	-1	-0.6638653321	-0.7459084717	1.12358401	-2.283694889	-1.881670408
5	-0.9487179487	-0.6327903301	-0.709121963	1.120627053	-2.176796969	-1.788870705
5	-0.8974358974	-0.601715328	-0.6723354543	1.117364679	-2.069899049	-1.696071001
5	-0.8461538462	-0.570640326	-0.6355489457	1.11374699	-1.963001129	-1.603271298
5	-0.7948717949	-0.539565324	-0.598762437	1.109712597	-1.856103208	-1.510471595
5	-0.7435897436	-0.508490322	-0.5619759283	1.105185102	-1.749205288	-1.417671892
5	-0.6923076923	-0.47741532	-0.5251894196	1.100068217	-1.642307368	-1.324872188
5	-0.641025641	-0.446340318	-0.4884029109	1.094238838	-1.535409448	-1.232072485
5	-0.5897435897	-0.4152653159	-0.4516164022	1.087537015	-1.428511528	-1.139272782
5	-0.5384615385	-0.3841903139	-0.4148298935	1.079751046	-1.321613607	-1.046473079
5	-0.4871794872	-0.3531153119	-0.3780433848	1.07059471	-1.214715687	-0.9536733755
5	-0.4358974359	-0.3220403099	-0.3412568761	1.059671307	-1.107817767	-0.8608736723
5	-0.3846153846	-0.2909653079	-0.3044703674	1.046414673	-1.000919847	-0.7680739691
5	-0.3333333333	-0.2598903059	-0.2676838588	1.029987855	-0.8940219267	-0.6752742659
5	-0.2820512821	-0.2288153038	-0.2308973501	1.009099244	-0.7871240065	-0.5824745627
5	-0.2307692308	-0.1977403018	-0.1941108414	0.9816453175	-0.6802260863	-0.4896748594
5	-0.1794871795	-0.1666652998	-0.1573243327	0.9439537376	-0.5733281661	-0.3968751562
5	-0.1282051282	-0.1355902978	-0.120537824	0.8889856129	-0.466430246	-0.304075453
5	-0.07692307692	-0.1045152958	-0.0837513153	0.8013307016	-0.3595323258	-0.2112757498
5	-0.02564102564	-0.07344029377	-0.04696480661	0.6394964427	-0.2526344056	-0.1184760465
5	0.02564102564	-0.04236529175	-0.01017829792	0.2402508634	-0.1457364854	-0.02567634332
5	0.07692307692	-0.01129028974	0.02660821077	-2.356734095	-0.03883856518	0.06712335991
5	0.1282051282	0.01978471228	0.06339471946	3.204227515	0.06805935502	0.1599230631
5	0.1794871795	0.0508597143	0.1001812281	1.969756015	0.1749572752	0.2527227664
5	0.2307692308	0.08193471631	0.1369677368	1.671669141	0.2818551954	0.3455224696
5	0.2820512821	0.1130097183	0.1737542455	1.53751596	0.3887531156	0.4383221728
5	0.3333333333	0.1440847203	0.2105407542	1.461228878	0.4956510358	0.531121876
5	0.3846153846	0.1751597224	0.2473272629	1.412009905	0.602548956	0.6239215792
5	0.4358974359	0.2062347244	0.2841137716	1.377623349	0.7094468762	0.7167212825
5	0.4871794872	0.2373097264	0.3209002803	1.352242427	0.8163447964	0.8095209857
5	0.5384615385	0.2683847284	0.357686789	1.332738979	0.9232427166	0.9023206889
5	0.5897435897	0.2994597304	0.3944732977	1.317283286	1.030140637	0.9951203921
5	0.641025641	0.3305347324	0.4312598064	1.304733706	1.137038557	1.087920095
5	0.6923076923	0.3616097345	0.4680463151	1.294341027	1.243936477	1.180719799
5	0.7435897436	0.3926847365	0.5048328237	1.285593192	1.350834397	1.273519502
5	0.7948717949	0.4237597385	0.5416193324	1.278128343	1.457732318	1.366319205
5	0.8461538462	0.4548347405	0.5784058411	1.271683514	1.564630238	1.459118908
5	0.8974358974	0.4859097425	0.6151923498	1.266063007	1.671528158	1.551918611
5	0.9487179487	0.5169847445	0.6519788585	1.261118177	1.778426078	1.644718315
5	1	0.5480597465	0.6887653672	1.256734091	1.885323998	1.737518018
