# VHH-NNLO grid scan points
# process: WminusHH
# energy_tev: 13.6
# scan_axes: kappa_lambda,kappa_w
# scan_x_keys: kappa_lambda,kappa_w
# windows: kappa_lambda=[-0.7,6.1]; kappa_w=[0.85,1.2]
# n_points_per_axis: 40
# n_points_total: 1600
# fixed_kappa: 1,1,1
#
kappa_lambda	kappa_w	sigma_lo	sigma_nnlo	k	sigma_heft_over_sm_lo	sigma_heft_over_sm_nnlo
-0.7	0.85	0.05104538231	0.0602487899	1.180298534	0.319247262	0.3219538732
-0.7	0.858974359	0.05143714123	0.06070705335	1.180218261	0.3216973947	0.324402714
-0.7	0.8679487179	0.05186284867	0.06120597526	1.180150663	0.3243598478	0.327068823
-0.7	0.8769230769	0.05232328701	0.06174649856	1.18009594	0.3272395144	0.329957239
-0.7	0.8858974359	0.05281924637	0.06232957547	1.180054237	0.3303413359	0.3330730505
-0.7	0.8948717949	0.0533515246	0.06295616754	1.180025651	0.3336703024	0.3364213956
-0.7	0.9038461538	0.05392092728	0.06362724563	1.180010227	0.3372314521	0.3400074625
-0.7	0.9128205128	0.05452826775	0.0643437899	1.180007958	0.3410298717	0.3438364889
-0.7	0.9217948718	0.05517436706	0.06510678985	1.18001879	0.3450706963	0.3479137623
-0.7	0.9307692308	0.05586005401	0.06591724428	1.180042616	0.3493591093	0.3522446201
-0.7	0.9397435897	0.05658616513	0.06677616131	1.180079285	0.3539003426	0.3568344494
-0.7	0.9487179487	0.05735354469	0.06768455836	1.180128599	0.3586996763	0.3616886872
-0.7	0.9576923077	0.0581630447	0.06864346218	1.180190317	0.3637624391	0.3668128199
-0.7	0.9666666667	0.0590155249	0.06965390883	1.180264158	0.3690940079	0.3722123842
-0.7	0.9756410256	0.05991185277	0.07071694368	1.180349804	0.3746998082	0.3778929661
-0.7	0.9846153846	0.06085290353	0.07183362142	1.180446902	0.3805853137	0.3838602017
-0.7	0.9935897436	0.06183956012	0.07300500606	1.180555067	0.3867560465	0.3901197768
-0.7	1.002564103	0.06287271324	0.07423217092	1.18067389	0.3932175772	0.3966774268
-0.7	1.011538462	0.0639532613	0.07551619861	1.180802934	0.3999755246	0.4035389371
-0.7	1.020512821	0.06508211047	0.0768581811	1.180941745	0.4070355561	0.4107101427
-0.7	1.029487179	0.06626017465	0.07825921964	1.181089849	0.4144033873	0.4181969285
-0.7	1.038461538	0.06748837546	0.07972042481	1.181246759	0.4220847824	0.4260052291
-0.7	1.047435897	0.06876764228	0.08124291649	1.181411981	0.4300855537	0.4341410289
-0.7	1.056410256	0.07009891221	0.08282782389	1.18158501	0.438411562	0.4426103621
-0.7	1.065384615	0.0714831301	0.08447628554	1.18176534	0.4470687167	0.4514193127
-0.7	1.074358974	0.07292124852	0.08618944926	1.181952463	0.4560629753	0.4605740143
-0.7	1.083333333	0.07441422778	0.0879684722	1.182145872	0.4654003438	0.4700806505
-0.7	1.092307692	0.07596303595	0.08981452082	1.182345067	0.4750868765	0.4799454545
-0.7	1.101282051	0.0775686488	0.0917287709	1.182549552	0.4851286762	0.4901747094
-0.7	1.11025641	0.07923204986	0.09371240753	1.182758842	0.4955318941	0.5007747479
-0.7	1.119230769	0.08095423039	0.09576662512	1.182972461	0.5063027297	0.5117519528
-0.7	1.128205128	0.08273618938	0.09789262739	1.183189945	0.5174474308	0.5231127563
-0.7	1.137179487	0.08457893357	0.1000916274	1.183410846	0.5289722938	0.5348636406
-0.7	1.146153846	0.08648347743	0.1023648474	1.183634729	0.5408836633	0.5470111376
-0.7	1.155128205	0.08845084316	0.1047135192	1.183861176	0.5531879325	0.559561829
-0.7	1.164102564	0.09048206071	0.1071388836	1.184089783	0.5658915427	0.5725223463
-0.7	1.173076923	0.09257816774	0.1096421911	1.184320167	0.5790009838	0.5858993707
-0.7	1.182051282	0.09474020968	0.1122247011	1.184551961	0.592522794	0.5996996332
-0.7	1.191025641	0.09696923968	0.1148876827	1.184784815	0.6064635598	0.6139299146
-0.7	1.2	0.09926631862	0.1176324141	1.1850184	0.6208299164	0.6285970454
-0.5256410256	0.85	0.05655361127	0.06667306916	1.178935662	0.3536967447	0.3562835518
-0.5256410256	0.858974359	0.05694582473	0.06712998083	1.178839382	0.3561497202	0.358725169
-0.5256410256	0.8679487179	0.05737047559	0.06762573019	1.178754917	0.3588055652	0.3613743247
-0.5256410256	0.8769230769	0.05782833676	0.0681612485	1.178682499	0.3616691137	0.3642359954
-0.5256410256	0.8858974359	0.05832018887	0.06873747636	1.178622321	0.3647452478	0.3673152073
-0.5256410256	0.8948717949	0.05884682031	0.06935536368	1.178574531	0.3680388982	0.3706170365
-0.5256410256	0.9038461538	0.0594090272	0.07001586966	1.178539238	0.371555044	0.3741466088
-0.5256410256	0.9128205128	0.06000761337	0.07071996285	1.178516506	0.3752987127	0.3779090998
-0.5256410256	0.9217948718	0.06064339042	0.07146862109	1.178506356	0.37927498	0.3819097348
-0.5256410256	0.9307692308	0.06131717768	0.07226283154	1.178508768	0.3834889701	0.386153789
-0.5256410256	0.9397435897	0.06202980219	0.07310359068	1.178523679	0.3879458556	0.3906465874
-0.5256410256	0.9487179487	0.06278209877	0.07399190431	1.178550984	0.3926508575	0.3953935045
-0.5256410256	0.9576923077	0.06357490993	0.07492878752	1.178590541	0.3976092452	0.4003999648
-0.5256410256	0.9666666667	0.06440908596	0.07591526473	1.178642168	0.4028263363	0.4056714427
-0.5256410256	0.9756410256	0.06528548484	0.07695236969	1.178705648	0.408307497	0.411213462
-0.5256410256	0.9846153846	0.06620497233	0.07804114543	1.178780727	0.4140581419	0.4170315966
-0.5256410256	0.9935897436	0.06716842191	0.07918264433	1.178867124	0.4200837337	0.42313147
-0.5256410256	1.002564103	0.06817671478	0.08037792806	1.178964524	0.4263897838	0.4295187556
-0.5256410256	1.011538462	0.0692307399	0.08162806762	1.179072587	0.4329818518	0.4361991764
-0.5256410256	1.020512821	0.07033139395	0.0829341433	1.179190951	0.4398655458	0.4431785054
-0.5256410256	1.029487179	0.07147958136	0.08429724473	1.179319228	0.4470465223	0.4504625651
-0.5256410256	1.038461538	0.07267621428	0.08571847085	1.179457016	0.4545304859	0.4580572281
-0.5256410256	1.047435897	0.07392221262	0.08719892991	1.179603895	0.46232319	0.4659684165
-0.5256410256	1.056410256	0.075218504	0.08873973947	1.179759431	0.470430436	0.4742021023
-0.5256410256	1.065384615	0.07656602379	0.09034202641	1.179923182	0.478858074	0.4827643072
-0.5256410256	1.074358974	0.0779657151	0.09200692692	1.180094697	0.4876120023	0.4916611028
-0.5256410256	1.083333333	0.07941852877	0.09373558652	1.18027352	0.4966981677	0.5008986104
-0.5256410256	1.092307692	0.08092542337	0.09552916002	1.180459194	0.5061225652	0.510483001
-0.5256410256	1.101282051	0.08248736522	0.09738881156	1.180651259	0.5158912384	0.5204204955
-0.5256410256	1.11025641	0.08410532836	0.0993157146	1.180849258	0.5260102792	0.5307173645
-0.5256410256	1.119230769	0.08578029459	0.1013110519	1.181052739	0.5364858278	0.5413799284
-0.5256410256	1.128205128	0.08751325343	0.1033760155	1.181261254	0.5473240729	0.5524145573
-0.5256410256	1.137179487	0.08930520214	0.1055118069	1.181474364	0.5585312515	0.5638276712
-0.5256410256	1.146153846	0.0911571457	0.1077196367	1.181691637	0.5701136491	0.5756257399
-0.5256410256	1.155128205	0.09307009686	0.110000725	1.181912652	0.5820775995	0.5878152828
-0.5256410256	1.164102564	0.09504507608	0.1123563011	1.182137	0.5944294848	0.6004028691
-0.5256410256	1.173076923	0.09708311156	0.1147876036	1.182364283	0.6071757356	0.613395118
-0.5256410256	1.182051282	0.09918523925	0.1172958806	1.182594119	0.620322831	0.6267986981
-0.5256410256	1.191025641	0.1013525028	0.1198823893	1.182826136	0.6338772982	0.6406203282
-0.5256410256	1.2	0.1035859537	0.1225483963	1.18305998	0.647845713	0.6548667766
-0.3512820513	0.85	0.0628331046	0.07399923366	1.177710924	0.3929698574	0.3954326706
-0.3512820513	0.858974359	0.0632421447	0.07447393843	1.177599823	0.3955280698	0.3979693695
-0.3512820513	0.8679487179	0.06368228303	0.07498586117	1.177499574	0.3982807764	0.4007049516
-0.3512820513	0.8769230769	0.06415428302	0.07553592151	1.177410423	0.4012327516	0.4036443311
-0.3512820513	0.8858974359	0.06465891585	0.0761250484	1.177332583	0.4043888186	0.4067924721
-0.3512820513	0.8948717949	0.0651969604	0.07675418011	1.177266235	0.4077538488	0.4101543884
-0.3512820513	0.9038461538	0.06576920333	0.07742426422	1.177211526	0.4113327619	0.4137351437
-0.3512820513	0.9128205128	0.06637643901	0.07813625762	1.177168567	0.4151305262	0.4175398514
-0.3512820513	0.9217948718	0.06701946956	0.07889112651	1.177137435	0.4191521582	0.4215736745
-0.3512820513	0.9307692308	0.06769910482	0.07968984643	1.177118171	0.4234027228	0.4258418262
-0.3512820513	0.9397435897	0.06841616239	0.0805334022	1.177110779	0.4278873334	0.4303495689
-0.3512820513	0.9487179487	0.06917146757	0.08142278798	1.17711523	0.4326111518	0.4351022154
-0.3512820513	0.9576923077	0.06996585344	0.08235900724	1.17713146	0.4375793879	0.4401051277
-0.3512820513	0.9666666667	0.07080016079	0.08334307275	1.177159371	0.4427973003	0.445363718
-0.3512820513	0.9756410256	0.07167523814	0.0843760066	1.177198832	0.448270196	0.4508834481
-0.3512820513	0.9846153846	0.07259194177	0.08545884022	1.17724968	0.45400343	0.4566698295
-0.3512820513	0.9935897436	0.07355113568	0.08659261432	1.177311724	0.4600024061	0.4627284236
-0.3512820513	1.002564103	0.0745536916	0.08777837894	1.177384742	0.4662725763	0.4690648415
-0.3512820513	1.011538462	0.07560048903	0.08901719343	1.177468487	0.472819441	0.4756847442
-0.3512820513	1.020512821	0.07669241516	0.09031012646	1.177562687	0.479648549	0.4825938422
-0.3512820513	1.029487179	0.07783036496	0.09165825602	1.177667046	0.4867654975	0.4897978962
-0.3512820513	1.038461538	0.0790152411	0.09306266939	1.17778125	0.494175932	0.4973027162
-0.3512820513	1.047435897	0.080247954	0.09452446319	1.177904962	0.5018855465	0.5051141623
-0.3512820513	1.056410256	0.08152942183	0.09604474334	1.178037832	0.5099000833	0.5132381443
-0.3512820513	1.065384615	0.08286057048	0.09762462509	1.178179495	0.5182253332	0.5216806217
-0.3512820513	1.074358974	0.08424233358	0.09926523298	1.178329573	0.5268671352	0.5304476038
-0.3512820513	1.083333333	0.0856756525	0.1009677009	1.178487679	0.5358313768	0.5395451498
-0.3512820513	1.092307692	0.08716147633	0.102733172	1.178653418	0.5451239939	0.5489793685
-0.3512820513	1.101282051	0.08870076193	0.1045627988	1.178826388	0.5547509707	0.5587564186
-0.3512820513	1.11025641	0.09029447387	0.1064577431	1.179006184	0.5647183399	0.5688825084
-0.3512820513	1.119230769	0.09194358446	0.108419176	1.1791924	0.5750321825	0.5793638963
-0.3512820513	1.128205128	0.09364907374	0.1104482781	1.179384629	0.585698628	0.59020689
-0.3512820513	1.137179487	0.09541192951	0.1125462389	1.179582464	0.596723854	0.6014178475
-0.3512820513	1.146153846	0.09723314728	0.1147142577	1.179785504	0.6081140868	0.6130031761
-0.3512820513	1.155128205	0.09911373032	0.1169535427	1.17999335	0.6198756009	0.6249693333
-0.3512820513	1.164102564	0.1010546896	0.1192653117	1.180205611	0.6320147193	0.637322826
-0.3512820513	1.173076923	0.1030570439	0.1216507917	1.180421901	0.6445378133	0.6500702111
-0.3512820513	1.182051282	0.1051218196	0.124111219	1.180641845	0.6574513027	0.6632180952
-0.3512820513	1.191025641	0.107250051	0.1266478393	1.180865073	0.6707616554	0.6767731347
-0.3512820513	1.2	0.10944278	0.1292619075	1.181091229	0.6844753881	0.6907420358
-0.1769230769	0.85	0.0698838623	0.08222728339	1.176627632	0.4370666001	0.4394012297
-0.1769230769	0.858974359	0.07032610114	0.08273892613	1.176503813	0.4398324436	0.4421353155
-0.1769230769	0.8679487179	0.07079827099	0.08328636819	1.176389861	0.4427854812	0.4450607036
-0.1769230769	0.8769230769	0.07130112581	0.08387051757	1.176286021	0.4459304283	0.4481822461
-0.1769230769	0.8858974359	0.07183542729	0.08449229158	1.176192511	0.4492720485	0.4515048448
-0.1769230769	0.8948717949	0.07240194486	0.08515261685	1.176109523	0.4528151542	0.4550334514
-0.1769230769	0.9038461538	0.07300145569	0.0858524293	1.176037224	0.4565646058	0.4587730673
-0.1769230769	0.9128205128	0.07363474468	0.08659267421	1.175975751	0.4605253123	0.4627287436
-0.1769230769	0.9217948718	0.07430260448	0.08737430613	1.175925215	0.464702231	0.4669055814
-0.1769230769	0.9307692308	0.07500583545	0.08819828895	1.175885695	0.4691003675	0.4713087315
-0.1769230769	0.9397435897	0.07574524571	0.08906559586	1.175857244	0.4737247761	0.4759433942
-0.1769230769	0.9487179487	0.07652165111	0.08997720938	1.175839884	0.478580559	0.4808148199
-0.1769230769	0.9576923077	0.07733587523	0.09093412134	1.17583361	0.4836728673	0.4859283086
-0.1769230769	0.9666666667	0.0781887494	0.09193733287	1.175838386	0.4890069001	0.4912892103
-0.1769230769	0.9756410256	0.07908111267	0.09298785443	1.175854149	0.494587905	0.4969029245
-0.1769230769	0.9846153846	0.08001381183	0.09408670578	1.175880809	0.5004211781	0.5027749005
-0.1769230769	0.9935897436	0.08098770143	0.09523491602	1.175918249	0.5065120637	0.5089106376
-0.1769230769	1.002564103	0.08200364371	0.09643352354	1.175966325	0.5128659547	0.5153156846
-0.1769230769	1.011538462	0.0830625087	0.09768357606	1.176024871	0.5194882922	0.5219956403
-0.1769230769	1.020512821	0.08416517412	0.09898613059	1.176093695	0.5263845656	0.5289561532
-0.1769230769	1.029487179	0.08531252545	0.1003422535	1.176172584	0.5335603131	0.5362029215
-0.1769230769	1.038461538	0.0865054559	0.1017530204	1.176261305	0.5410211207	0.5437416932
-0.1769230769	1.047435897	0.08774486642	0.1032195163	1.176359604	0.5487726234	0.5515782662
-0.1769230769	1.056410256	0.0890316657	0.1047428355	1.176467212	0.5568205041	0.559718488
-0.1769230769	1.065384615	0.09036677016	0.1063240816	1.176583841	0.5651704943	0.568168256
-0.1769230769	1.074358974	0.09175110395	0.1079643674	1.176709192	0.5738283739	0.5769335173
-0.1769230769	1.083333333	0.09318559897	0.1096648153	1.176842951	0.582799971	0.5860202687
-0.1769230769	1.092307692	0.09467119485	0.1114265567	1.176984794	0.5920911624	0.595434557
-0.1769230769	1.101282051	0.09620883895	0.1132507326	1.177134386	0.601707873	0.6051824787
-0.1769230769	1.11025641	0.09779948638	0.1151384931	1.177291388	0.6116560762	0.6152701798
-0.1769230769	1.119230769	0.09944409997	0.1170909976	1.177455451	0.6219417938	0.6257038565
-0.1769230769	1.128205128	0.1011436503	0.119109415	1.177626224	0.6325710959	0.6364897545
-0.1769230769	1.137179487	0.1028991157	0.1211949234	1.177803352	0.6435501011	0.6476341694
-0.1769230769	1.146153846	0.1047114822	0.1233487102	1.177986479	0.6548849763	0.6591434464
-0.1769230769	1.155128205	0.1065817435	0.1255719722	1.178175249	0.6665819368	0.6710239806
-0.1769230769	1.164102564	0.1085109013	0.1278659155	1.178369306	0.6786472463	0.683282217
-0.1769230769	1.173076923	0.1104999647	0.1302317553	1.178568297	0.6910872169	0.6959246501
-0.1769230769	1.182051282	0.1125499508	0.1326707164	1.178771874	0.703908209	0.7089578244
-0.1769230769	1.191025641	0.1146618843	0.1351840328	1.17897969	0.7171166316	0.7223883341
-0.1769230769	1.2	0.1168367976	0.1377729479	1.179191408	0.7307189417	0.7362228231
-0.002564102564	0.85	0.07770588437	0.09135721835	1.17567954	0.4859869729	0.4881892291
-0.002564102564	0.858974359	0.07819769405	0.09192494393	1.175545456	0.4890628416	0.491223007
-0.002564102564	0.8679487179	0.07871843948	0.09252725126	1.175420294	0.4923196798	0.4944415809
-0.002564102564	0.8769230769	0.07926886512	0.09316503669	1.175304283	0.4957621436	0.4978497404
-0.002564102564	0.8858974359	0.07984972321	0.0938392059	1.175197635	0.4993949375	0.5014523255
-0.002564102564	0.8948717949	0.08046177369	0.09455067388	1.175100542	0.5032228144	0.5052542254
-0.002564102564	0.9038461538	0.08110578427	0.09530036491	1.175013173	0.5072505757	0.5092603794
-0.002564102564	0.9128205128	0.08178253037	0.09608921262	1.174935676	0.511483071	0.5134757765
-0.002564102564	0.9217948718	0.08249279516	0.09691815994	1.174868178	0.5159251983	0.5179054555
-0.002564102564	0.9307692308	0.08323736954	0.0977881591	1.174810781	0.5205819042	0.5225545049
-0.002564102564	0.9397435897	0.08401705215	0.09870017167	1.174763565	0.5254581835	0.527428063
-0.002564102564	0.9487179487	0.08483264937	0.09965516851	1.174726585	0.5305590793	0.532531318
-0.002564102564	0.9576923077	0.08568497529	0.1006541298	1.174699876	0.5358896833	0.5378695075
-0.002564102564	0.9666666667	0.08657485179	0.1016980451	1.174683444	0.5414551355	0.5434479194
-0.002564102564	0.9756410256	0.08750310842	0.1027879132	1.174677277	0.5472606242	0.549271891
-0.002564102564	0.9846153846	0.08847058253	0.1039247421	1.174681336	0.5533113862	0.5553468095
-0.002564102564	0.9935897436	0.08947811916	0.1051095494	1.174695562	0.5596127066	0.5616781119
-0.002564102564	1.002564103	0.09052657111	0.1063433619	1.17471987	0.566169919	0.5682712849
-0.002564102564	1.011538462	0.0916167989	0.1076272155	1.174754159	0.5729884052	0.5751318649
-0.002564102564	1.020512821	0.0927496708	0.1089621557	1.174798301	0.5800735956	0.5822654383
-0.002564102564	1.029487179	0.09392606282	0.1103492372	1.174852153	0.5874309689	0.5896776412
-0.002564102564	1.038461538	0.09514685869	0.1117895239	1.174915551	0.5950660521	0.5973741593
-0.002564102564	1.047435897	0.09641294989	0.1132840893	1.174988313	0.6029844206	0.6053607283
-0.002564102564	1.056410256	0.09772523562	0.114834016	1.175070239	0.6111916983	0.6136431335
-0.002564102564	1.065384615	0.09908462284	0.1164403959	1.175161115	0.6196935573	0.6222272102
-0.002564102564	1.074358974	0.1004920262	0.1181043303	1.175260712	0.6284957184	0.6311188431
-0.002564102564	1.083333333	0.1019483682	0.1198269298	1.175368786	0.6376039505	0.6403239671
-0.002564102564	1.092307692	0.1034545789	0.1216093143	1.175485083	0.6470240709	0.6498485665
-0.002564102564	1.101282051	0.1050115963	0.123452613	1.175609336	0.6567619454	0.6596986757
-0.002564102564	1.11025641	0.1066203659	0.1253579644	1.17574127	0.6668234881	0.6698803786
-0.002564102564	1.119230769	0.1082818411	0.1273265165	1.175880602	0.6772146616	0.6803998092
-0.002564102564	1.128205128	0.1099969831	0.1293594263	1.176027039	0.6879414768	0.6912631508
-0.002564102564	1.137179487	0.1117667607	0.1314578603	1.176180284	0.6990099929	0.7024766369
-0.002564102564	1.146153846	0.1135921504	0.1336229944	1.176340038	0.7104263177	0.7140465506
-0.002564102564	1.155128205	0.1154741365	0.1358560136	1.176505993	0.7221966072	0.7259792248
-0.002564102564	1.164102564	0.1174137112	0.1381581124	1.176677843	0.7343270658	0.7382810421
-0.002564102564	1.173076923	0.1194118741	0.1405304944	1.176855279	0.7468239463	0.750958435
-0.002564102564	1.182051282	0.1214696328	0.1429743727	1.177037992	0.7596935501	0.7640178858
-0.002564102564	1.191025641	0.1235880026	0.1454909698	1.177225675	0.7729422266	0.7774659263
-0.002564102564	1.2	0.1257680065	0.1480815172	1.17741802	0.7865763739	0.7913091384
0.1717948718	0.85	0.08629917081	0.1013890386	1.174855304	0.5397309756	0.5417966688
0.1717948718	0.858974359	0.08685692343	0.1020319918	1.1747134	0.5432192637	0.545232444
0.1717948718	0.8679487179	0.08744278848	0.1027085104	1.174579541	0.5468833721	0.5488475832
0.1717948718	0.8769230769	0.08805750095	0.1034194789	1.174453939	0.5507278976	0.5526468141
0.1717948718	0.8858974359	0.0887018036	0.1041657914	1.174336791	0.5547574855	0.5566349141
0.1717948718	0.8948717949	0.0893764469	0.1049483512	1.174228277	0.5589768295	0.5608167104
0.1717948718	0.9038461538	0.09008218908	0.105768071	1.174128561	0.5633906716	0.5651970802
0.1717948718	0.9128205128	0.09081979609	0.1066258729	1.174037792	0.5680038023	0.5697809501
0.1717948718	0.9217948718	0.09159004163	0.1075226879	1.173956099	0.5728210603	0.5745732968
0.1717948718	0.9307692308	0.09239370712	0.1084594569	1.173883593	0.5778473329	0.5795791466
0.1717948718	0.9397435897	0.09323158172	0.1094371296	1.173820369	0.5830875557	0.5848035756
0.1717948718	0.9487179487	0.09410446235	0.1104566654	1.1737665	0.5885467126	0.5902517096
0.1717948718	0.9576923077	0.09501315364	0.1115190327	1.173722042	0.5942298359	0.5959287244
0.1717948718	0.9666666667	0.09595846795	0.1126252094	1.173687032	0.6001420065	0.6018398455
0.1717948718	0.9756410256	0.09694122541	0.1137761828	1.173661487	0.6062883534	0.6079903479
0.1717948718	0.9846153846	0.09796225386	0.1149729492	1.173645406	0.6126740542	0.6143855567
0.1717948718	0.9935897436	0.09902238887	0.1162165146	1.173638769	0.6193043346	0.6210308466
0.1717948718	1.002564103	0.1001224738	0.1175078939	1.173641536	0.6261844691	0.6279316423
0.1717948718	1.011538462	0.1012633596	0.1188481117	1.173653651	0.6333197802	0.6350934179
0.1717948718	1.020512821	0.1024459052	0.1202382018	1.173675038	0.6407156391	0.6425216976
0.1717948718	1.029487179	0.1036709771	0.121679207	1.173705606	0.6483774651	0.6502220552
0.1717948718	1.038461538	0.1049394495	0.1231721799	1.173745246	0.656310726	0.6582001144
0.1717948718	1.047435897	0.1062522044	0.1247181822	1.173793832	0.664520938	0.6664615485
0.1717948718	1.056410256	0.1076101316	0.1263182848	1.173851225	0.6730136658	0.6750120808
0.1717948718	1.065384615	0.1090141285	0.127973568	1.173917269	0.6817945223	0.6838574842
0.1717948718	1.074358974	0.1104651004	0.1296851215	1.173991795	0.6908691688	0.6930035814
0.1717948718	1.083333333	0.1119639602	0.1314540443	1.174074623	0.7002433151	0.7024562449
0.1717948718	1.092307692	0.1135116285	0.1332814446	1.174165557	0.7099227192	0.712221397
0.1717948718	1.101282051	0.1151090339	0.1351684399	1.174264394	0.7199131878	0.7223050097
0.1717948718	1.11025641	0.1167571124	0.1371161573	1.174370918	0.7302205756	0.7327131049
0.1717948718	1.119230769	0.118456808	0.1391257328	1.174484905	0.740850786	0.7434517541
0.1717948718	1.128205128	0.1202090722	0.141198312	1.174606121	0.7518097706	0.7545270788
0.1717948718	1.137179487	0.1220148645	0.1433350498	1.174734328	0.7631035295	0.7659452501
0.1717948718	1.146153846	0.1238751519	0.1455371102	1.174869278	0.774738111	0.7777124888
0.1717948718	1.155128205	0.1257909092	0.1478056669	1.17501072	0.786719612	0.7898350658
0.1717948718	1.164102564	0.1277631192	0.1501419024	1.175158398	0.7990541777	0.8023193013
0.1717948718	1.173076923	0.129792772	0.152547009	1.175312051	0.8117480016	0.8151715658
0.1717948718	1.182051282	0.1318808657	0.155022188	1.175471417	0.8248073258	0.8283982792
0.1717948718	1.191025641	0.134028406	0.1575686502	1.175636232	0.8382384405	0.8420059113
0.1717948718	1.2	0.1362364066	0.1601876156	1.17580623	0.8520476845	0.8560009817
0.3461538462	0.85	0.09566372161	0.112322744	1.174141483	0.5982986084	0.6002235488
0.3461538462	0.858974359	0.09630378929	0.1130600699	1.17399399	0.60230171	0.6041636265
0.3461538462	0.8679487179	0.096971318	0.1138301455	1.173853753	0.6064765581	0.6082787108
0.3461538462	0.8769230769	0.0976670333	0.1146338441	1.17372096	0.6108276902	0.6125734671
0.3461538462	0.8858974359	0.09839166846	0.115472048	1.173595791	0.6153596925	0.6170526106
0.3461538462	0.8948717949	0.09914596448	0.1163456488	1.173478411	0.6200771993	0.6217209065
0.3461538462	0.9038461538	0.09993067011	0.1172555477	1.173368972	0.6249848934	0.6265831696
0.3461538462	0.9128205128	0.1007465418	0.1182026549	1.173267616	0.6300875061	0.6316442644
0.3461538462	0.9217948718	0.1015943439	0.1191878901	1.173174466	0.6353898168	0.6369091053
0.3461538462	0.9307692308	0.1024748482	0.1202121823	1.173089636	0.6408966536	0.6423826564
0.3461538462	0.9397435897	0.1033888344	0.1212764697	1.173013221	0.6466128927	0.6480699317
0.3461538462	0.9487179487	0.1043370901	0.1223817	1.172945305	0.6525434589	0.6539759949
0.3461538462	0.9576923077	0.1053204103	0.1235288299	1.172885955	0.6586933252	0.6601059593
0.3461538462	0.9666666667	0.1063395979	0.1247188259	1.172835222	0.6650675132	0.6664649884
0.3461538462	0.9756410256	0.1073954636	0.1259526633	1.172793143	0.6716710928	0.673058295
0.3461538462	0.9846153846	0.1084888258	0.1272313271	1.17275974	0.6785091821	0.6798911419
0.3461538462	0.9935897436	0.1096205106	0.1285558114	1.172735018	0.6855869479	0.6869688418
0.3461538462	1.002564103	0.1107913517	0.1299271197	1.172718968	0.6929096051	0.6942967569
0.3461538462	1.011538462	0.1120021909	0.1313462648	1.172711567	0.7004824172	0.7018802993
0.3461538462	1.020512821	0.1132538774	0.1328142688	1.172712775	0.708310696	0.709724931
0.3461538462	1.029487179	0.1145472682	0.1343321631	1.172722538	0.7163998015	0.7178361636
0.3461538462	1.038461538	0.1158832282	0.1359009884	1.172740788	0.7247551425	0.7262195585
0.3461538462	1.047435897	0.1172626299	0.1375217949	1.172767445	0.7333821758	0.7348807269
0.3461538462	1.056410256	0.1186863536	0.1391956418	1.172802413	0.7422864068	0.7438253299
0.3461538462	1.065384615	0.1201552872	0.1409235979	1.172845584	0.7514733892	0.7530590781
0.3461538462	1.074358974	0.1216703264	0.1427067411	1.172896838	0.760948725	0.7625877321
0.3461538462	1.083333333	0.1232323749	0.1445461588	1.172956043	0.7707180648	0.7724171021
0.3461538462	1.092307692	0.1248423437	0.1464429476	1.173023057	0.7807871075	0.7825530484
0.3461538462	1.101282051	0.1265011518	0.1483982134	1.173097725	0.7911616003	0.7930014806
0.3461538462	1.11025641	0.1282097259	0.1504130715	1.173179885	0.8018473387	0.8037683585
0.3461538462	1.119230769	0.1299690004	0.1524886465	1.173269364	0.812850167	0.8148596915
0.3461538462	1.128205128	0.1317799175	0.1546260721	1.17336598	0.8241759774	0.8262815386
0.3461538462	1.137179487	0.1336434271	0.1568264917	1.173469546	0.8358307107	0.8380400089
0.3461538462	1.146153846	0.1355604867	0.1590910577	1.173579865	0.8478203562	0.850141261
0.3461538462	1.155128205	0.1375320617	0.161420932	1.173696736	0.8601509513	0.8625915035
0.3461538462	1.164102564	0.1395591254	0.1638172856	1.173819951	0.8728285821	0.8753969947
0.3461538462	1.173076923	0.1416426584	0.1662812992	1.173949297	0.8858593828	0.8885640425
0.3461538462	1.182051282	0.1437836493	0.1688141623	1.174084558	0.8992495361	0.9020990048
0.3461538462	1.191025641	0.1459830945	0.1714170742	1.174225514	0.9130052733	0.9160082892
0.3461538462	1.2	0.148241998	0.1740912431	1.174371942	0.9271328737	0.9302983531
0.5205128205	0.85	0.1057995368	0.1241583347	1.173524369	0.6616898712	0.663469869
0.5205128205	0.858974359	0.1065382916	0.125009178	1.173373217	0.6663101804	0.6680165545
0.5205128205	0.8679487179	0.107304028	0.1258921567	1.17322862	0.6710992378	0.6727349635
0.5205128205	0.8769230769	0.1080974622	0.1268081324	1.173090745	0.6760615215	0.6776296994
0.5205128205	0.8858974359	0.1089193178	0.1277579757	1.17295975	0.6812015586	0.6827054152
0.5205128205	0.8948717949	0.1097703264	0.1287425668	1.172835783	0.686523924	0.6879668137
0.5205128205	0.9038461538	0.1106512274	0.1297627949	1.172718984	0.6920332413	0.6934186476
0.5205128205	0.9128205128	0.1115627676	0.1308195588	1.172609479	0.6977341825	0.6990657193
0.5205128205	0.9217948718	0.1125057019	0.1319137665	1.172507387	0.7036314679	0.7049128809
0.5205128205	0.9307692308	0.1134807927	0.1330463353	1.172412813	0.7097298662	0.7109650344
0.5205128205	0.9397435897	0.1144888102	0.134218192	1.172325851	0.7160341945	0.7172271315
0.5205128205	0.9487179487	0.1155305325	0.1354302723	1.172246586	0.7225493182	0.7237041737
0.5205128205	0.9576923077	0.1166067452	0.1366835216	1.172175086	0.7292801511	0.7304012122
0.5205128205	0.9666666667	0.1177182416	0.1379788944	1.172111412	0.7362316556	0.7373233481
0.5205128205	0.9756410256	0.1188658231	0.1393173548	1.17205561	0.7434088423	0.7444757323
0.5205128205	0.9846153846	0.1200502984	0.1406998758	1.172007714	0.7508167701	0.7518635652
0.5205128205	0.9935897436	0.1212724843	0.14212744	1.171967746	0.7584605464	0.7594920972
0.5205128205	1.002564103	0.122533205	0.1436010392	1.171935715	0.766345327	0.7673666286
0.5205128205	1.011538462	0.1238332927	0.1451216747	1.17191162	0.7744763161	0.7754925091
0.5205128205	1.020512821	0.1251735873	0.1466903568	1.171895445	0.7828587662	0.7838751385
0.5205128205	1.029487179	0.1265549363	0.1483081053	1.171887164	0.7914979783	0.7925199663
0.5205128205	1.038461538	0.127978195	0.1499759494	1.171886738	0.8003993016	0.8014324916
0.5205128205	1.047435897	0.1294442265	0.1516949275	1.171894116	0.8095681339	0.8106182635
0.5205128205	1.056410256	0.1309539016	0.1534660872	1.171909239	0.8190099212	0.8200828807
0.5205128205	1.065384615	0.1325080988	0.1552904856	1.171932033	0.8287301579	0.8298319918
0.5205128205	1.074358974	0.1341077044	0.1571691892	1.171962415	0.8387343871	0.8398712952
0.5205128205	1.083333333	0.1357536123	0.1591032735	1.172000293	0.8490281998	0.8502065389
0.5205128205	1.092307692	0.1374467244	0.1610938235	1.172045563	0.8596172357	0.8608435208
0.5205128205	1.101282051	0.13918795	0.1631419335	1.172098113	0.8705071828	0.8717880886
0.5205128205	1.11025641	0.1409782064	0.1652487072	1.172157821	0.8817037774	0.8830461396
0.5205128205	1.119230769	0.1428184185	0.1674152575	1.172224558	0.8932128045	0.8946236211
0.5205128205	1.128205128	0.1447095191	0.1696427066	1.172298185	0.905040097	0.9065265301
0.5205128205	1.137179487	0.1466524485	0.1719321861	1.172378558	0.9171915366	0.9187609133
0.5205128205	1.146153846	0.1486481548	0.1742848368	1.172465524	0.9296730532	0.9313328672
0.5205128205	1.155128205	0.150697594	0.1767018089	1.172558926	0.942490625	0.9442485381
0.5205128205	1.164102564	0.1528017297	0.179184262	1.172658597	0.9556502789	0.9575141221
0.5205128205	1.173076923	0.1549615333	0.1817333648	1.172764369	0.9691580898	0.9711358651
0.5205128205	1.182051282	0.1571779838	0.1843502955	1.172876068	0.9830201812	0.9851200625
0.5205128205	1.191025641	0.1594520681	0.1870362415	1.172993513	0.997242725	0.99947306
0.5205128205	1.2	0.1617847807	0.1897923996	1.173116524	1.011831941	1.014201252
0.6948717949	0.85	0.1167066163	0.1368958106	1.172991	0.729904764	0.7315356295
0.6948717949	0.858974359	0.1175604304	0.1378793162	1.172837797	0.735244675	0.7367912279
0.6948717949	0.8679487179	0.1184409186	0.138894544	1.172690533	0.7407514112	0.7422163414
0.6948717949	0.8769230769	0.1193487876	0.1399423438	1.172549354	0.7464293915	0.747815511
0.6948717949	0.8858974359	0.1202847516	0.1410235746	1.172414398	0.7522830837	0.7535933276
0.6948717949	0.8948717949	0.1212495328	0.142139105	1.172285796	0.7583170034	0.7595544319
0.6948717949	0.9038461538	0.1222438608	0.1432898126	1.17216367	0.7645357152	0.7657035142
0.6948717949	0.9128205128	0.1232684734	0.1444765845	1.172048136	0.7709438315	0.7720453149
0.6948717949	0.9217948718	0.1243241157	0.1457003171	1.1719393	0.7775460136	0.7785846237
0.6948717949	0.9307692308	0.1254115407	0.146961916	1.171837259	0.7843469709	0.7853262806
0.6948717949	0.9397435897	0.1265315092	0.1482622963	1.1717421	0.7913514611	0.792275175
0.6948717949	0.9487179487	0.1276847897	0.1496023823	1.171653904	0.7985642905	0.7994362461
0.6948717949	0.9576923077	0.1288721583	0.1509831076	1.17157274	0.8059903137	0.8068144831
0.6948717949	0.9666666667	0.1300943991	0.1524054151	1.171498667	0.8136344337	0.8144149248
0.6948717949	0.9756410256	0.1313523038	0.1538702571	1.171431735	0.8215016019	0.8222426598
0.6948717949	0.9846153846	0.1326466716	0.1553785952	1.171371986	0.8295968179	0.8303028265
0.6948717949	0.9935897436	0.1339783099	0.1569314003	1.17131945	0.8379251301	0.8386006131
0.6948717949	1.002564103	0.1353480335	0.1585296525	1.171274147	0.8464916348	0.8471412575
0.6948717949	1.011538462	0.1367566651	0.1601743414	1.171236088	0.855301477	0.8559300473
0.6948717949	1.020512821	0.1382050349	0.1618664657	1.171205274	0.8643598499	0.8649723202
0.6948717949	1.029487179	0.1396939812	0.1636070338	1.171181696	0.8736719954	0.8742734633
0.6948717949	1.038461538	0.1412243497	0.1653970629	1.171165335	0.8832432033	0.8838389137
0.6948717949	1.047435897	0.1427969941	0.1672375799	1.171156164	0.8930788122	0.8936741582
0.6948717949	1.056410256	0.1444127757	0.1691296209	1.171154145	0.9031842089	0.9037847333
0.6948717949	1.065384615	0.1460725635	0.1710742312	1.171159232	0.9135648286	0.9141762255
0.6948717949	1.074358974	0.1477772342	0.1730724656	1.171171368	0.924226155	0.9248542708
0.6948717949	1.083333333	0.1495276725	0.1751253881	1.17119049	0.9351737199	0.9358245551
0.6948717949	1.092307692	0.1513247706	0.1772340721	1.171216526	0.9464131037	0.9470928142
0.6948717949	1.101282051	0.1531694285	0.1793996002	1.171249393	0.9579499353	0.9586648335
0.6948717949	1.11025641	0.1550625539	0.1816230644	1.171289004	0.9697898917	0.9705464481
0.6948717949	1.119230769	0.1570050623	0.1839055659	1.171335263	0.9819386985	0.9827435432
0.6948717949	1.128205128	0.1589978769	0.1862482155	1.171388066	0.9944021296	0.9952620534
0.6948717949	1.137179487	0.1610419287	0.1886521329	1.171447302	1.007186007	1.008107963
0.6948717949	1.146153846	0.1631381562	0.1911184475	1.171512857	1.020296202	1.021287307
0.6948717949	1.155128205	0.165287506	0.1936482977	1.171584607	1.033738633	1.03480617
0.6948717949	1.164102564	0.1674909322	0.1962428315	1.171662423	1.047519268	1.048670684
0.6948717949	1.173076923	0.1697493967	0.198903206	1.171746173	1.061644123	1.062887034
0.6948717949	1.182051282	0.172063869	0.2016305877	1.171835719	1.076119261	1.077461452
0.6948717949	1.191025641	0.1744353267	0.2044261524	1.171930917	1.090950796	1.092400224
0.6948717949	1.2	0.1768647547	0.2072910852	1.172031622	1.106144888	1.10770968
0.8692307692	0.85	0.1283849603	0.1505351717	1.172529644	0.8029432868	0.8044208303
0.8692307692	0.858974359	0.1293702057	0.1516704845	1.172375693	0.8091051938	0.8104876469
0.8692307692	0.8679487179	0.1303819897	0.1528373073	1.172227143	0.8154330783	0.8167228445
0.8692307692	0.8769230769	0.1314210095	0.1540364782	1.172084119	0.8219313002	0.823130902
0.8692307692	0.8858974359	0.1324879699	0.1552688447	1.171946742	0.8286042678	0.829716348
0.8692307692	0.8948717949	0.1335835834	0.1565352635	1.171815125	0.8354564377	0.8364837611
0.8692307692	0.9038461538	0.1347085705	0.1578366008	1.171689375	0.842492315	0.8434377695
0.8692307692	0.9128205128	0.1358636592	0.159173732	1.171569594	0.8497164531	0.8505830511
0.8692307692	0.9217948718	0.1370495852	0.1605475418	1.171455875	0.8571334539	0.8579243338
0.8692307692	0.9307692308	0.1382670922	0.1619589243	1.171348307	0.8647479675	0.865466395
0.8692307692	0.9397435897	0.1395169313	0.1634087829	1.171246969	0.8725646924	0.873214062
0.8692307692	0.9487179487	0.1407998616	0.1648980301	1.171151933	0.8805883758	0.8811722121
0.8692307692	0.9576923077	0.1421166498	0.166427588	1.171063265	0.8888238129	0.889345772
0.8692307692	0.9666666667	0.1434680704	0.1679983879	1.170981023	0.8972758474	0.8977397184
0.8692307692	0.9756410256	0.1448549057	0.1696113704	1.170905256	0.9059493716	0.9063590776
0.8692307692	0.9846153846	0.1462779455	0.1712674854	1.170836006	0.9148493258	0.915208926
0.8692307692	0.9935897436	0.1477379876	0.1729676923	1.170773307	0.923980699	0.9242943894
0.8692307692	1.002564103	0.1492358373	0.1747129594	1.170717185	0.9333485284	0.9336206435
0.8692307692	1.011538462	0.1507723079	0.1765042648	1.17066766	0.9429578998	0.943192914
0.8692307692	1.020512821	0.1523482203	0.1783425957	1.170624739	0.9528139471	0.953016476
0.8692307692	1.029487179	0.153964403	0.1802289484	1.170588427	0.9629218528	0.9630966547
0.8692307692	1.038461538	0.1556216925	0.1821643288	1.170558718	0.9732868476	0.9734388248
0.8692307692	1.047435897	0.1573209328	0.1841497522	1.170535598	0.9839142109	0.984048411
0.8692307692	1.056410256	0.1590629758	0.1861862428	1.170519047	0.9948092701	0.9949308877
0.8692307692	1.065384615	0.1608486811	0.1882748345	1.170509035	1.005977401	1.006091779
0.8692307692	1.074358974	0.162678916	0.1904165704	1.170505528	1.017424029	1.017536659
0.8692307692	1.083333333	0.1645545555	0.1926125028	1.170508481	1.029154625	1.029271151
0.8692307692	1.092307692	0.1664764824	0.1948636935	1.170517845	1.041174712	1.041300929
0.8692307692	1.101282051	0.1684455873	0.1971712134	1.170533562	1.053489858	1.053631715
0.8692307692	1.11025641	0.1704627684	0.1995361429	1.170555569	1.066105682	1.066269284
0.8692307692	1.119230769	0.1725289318	0.2019595717	1.170583795	1.079027849	1.079219458
0.8692307692	1.128205128	0.174644991	0.2044425987	1.170618164	1.092262075	1.092488108
0.8692307692	1.137179487	0.1768118677	0.2069863322	1.170658593	1.105814123	1.106081159
0.8692307692	1.146153846	0.179030491	0.2095918898	1.170704994	1.119689803	1.120004582
0.8692307692	1.155128205	0.1813017978	0.2122603984	1.170757273	1.133894976	1.134264398
0.8692307692	1.164102564	0.1836267329	0.2149929942	1.170815332	1.14843555	1.148866679
0.8692307692	1.173076923	0.1860062486	0.2177908227	1.170879066	1.163317481	1.163817548
0.8692307692	1.182051282	0.1884413051	0.2206550388	1.170948369	1.178546775	1.179123174
0.8692307692	1.191025641	0.1909328703	0.2235868067	1.171023126	1.194129485	1.19478978
0.8692307692	1.2	0.1934819199	0.2265872999	1.171103222	1.210071712	1.210823635
1.043589744	0.85	0.1408345685	0.1650764181	1.172129967	0.8808054396	0.8821254714
1.043589744	0.858974359	0.1419676174	0.166382683	1.1719763	0.8878917367	0.8891058113
1.043589744	0.8679487179	0.1431272413	0.1677204467	1.171827565	0.8951442391	0.8962544727
1.043589744	0.8769230769	0.1443141279	0.1690905357	1.171683868	0.9025672476	0.9035758722
1.043589744	0.8858974359	0.1455289726	0.1704937858	1.171545313	0.910165111	0.9110744764
1.043589744	0.8948717949	0.1467724785	0.1719310423	1.171411998	0.9179422268	0.9187548014
1.043589744	0.9038461538	0.1480453565	0.1734031596	1.171284015	0.9259030409	0.9266214134
1.043589744	0.9128205128	0.149348325	0.1749110014	1.171161453	0.9340520473	0.934678928
1.043589744	0.9217948718	0.1506821106	0.1764554408	1.171044394	0.9423937887	0.942932011
1.043589744	0.9307692308	0.1520474471	0.1780373603	1.170932914	0.9509328561	0.9513853775
1.043589744	0.9397435897	0.1534450765	0.1796576515	1.170827085	0.9596738886	0.9600437928
1.043589744	0.9487179487	0.1548757482	0.1813172156	1.170726971	0.9686215741	0.9689120717
1.043589744	0.9576923077	0.1563402195	0.1830169628	1.170632633	0.9777806487	0.9779950789
1.043589744	0.9666666667	0.1578392555	0.1847578128	1.170544122	0.9871558968	0.9872977288
1.043589744	0.9756410256	0.1593736288	0.1865406946	1.170461487	0.9967521514	0.9968249857
1.043589744	0.9846153846	0.16094412	0.1883665464	1.170384767	1.006574294	1.006581863
1.043589744	0.9935897436	0.1625515172	0.190236316	1.170313998	1.016627253	1.016573426
1.043589744	1.002564103	0.1641966164	0.1921509601	1.170249207	1.026916008	1.026804787
1.043589744	1.011538462	0.1658802213	0.1941114451	1.170190416	1.037445585	1.037281109
1.043589744	1.020512821	0.1676031434	0.1961187465	1.170137639	1.048221058	1.048007606
1.043589744	1.029487179	0.1693662017	0.1981738492	1.170090887	1.05924755	1.05898954
1.043589744	1.038461538	0.1711702232	0.2002777473	1.170050161	1.070530235	1.070232225
1.043589744	1.047435897	0.1730160425	0.2024314443	1.170015459	1.08207433	1.081741022
1.043589744	1.056410256	0.174904502	0.2046359531	1.169986769	1.093885105	1.093521344
1.043589744	1.065384615	0.1768364517	0.2068922957	1.169964075	1.105967876	1.105578652
1.043589744	1.074358974	0.1788127496	0.2092015036	1.169947356	1.118328008	1.117918459
1.043589744	1.083333333	0.1808342612	0.2115646176	1.169936583	1.130970916	1.130546326
1.043589744	1.092307692	0.1829018598	0.2139826876	1.169931721	1.14390206	1.143467864
1.043589744	1.101282051	0.1850164264	0.2164567732	1.169932732	1.157126951	1.156688734
1.043589744	1.11025641	0.18717885	0.218987943	1.169939569	1.170651147	1.170214647
1.043589744	1.119230769	0.1893900268	0.2215772749	1.169952181	1.184480256	1.184051364
1.043589744	1.128205128	0.1916508613	0.2242258564	1.169970512	1.198619934	1.198204695
1.043589744	1.137179487	0.1939622655	0.226934784	1.169994501	1.213075883	1.2126805
1.043589744	1.146153846	0.196325159	0.2297051638	1.170024081	1.227853856	1.22748469
1.043589744	1.155128205	0.1987404693	0.2325381109	1.170059182	1.242959653	1.242623223
1.043589744	1.164102564	0.2012091317	0.23543475	1.170099727	1.258399124	1.258102109
1.043589744	1.173076923	0.203732089	0.2383962149	1.170145636	1.274178166	1.273927408
1.043589744	1.182051282	0.206310292	0.2414236489	1.170196826	1.290302724	1.290105228
1.043589744	1.191025641	0.2089446991	0.2445182045	1.170253209	1.306778793	1.306641729
1.043589744	1.2	0.2116362764	0.2476810435	1.170314692	1.323612415	1.323543119
1.217948718	0.85	0.1540554412	0.1805195497	1.171783017	0.9634912225	0.9646495528
1.217948718	0.858974359	0.1553526656	0.1820159115	1.171630437	0.9716043038	0.9726457212
1.217948718	0.8679487179	0.1566766734	0.1835439621	1.171482378	0.9798848937	0.9808112261
1.217948718	0.8769230769	0.1580281429	0.1851045162	1.171338933	0.9883372336	0.9891504218
1.217948718	0.8858974359	0.1594077598	0.1866983982	1.171200187	0.9969656132	0.9976677127
1.217948718	0.8948717949	0.160816218	0.1883264414	1.171066226	1.005774371	1.006367553
1.217948718	0.9038461538	0.1622542186	0.1899894888	1.170937129	1.014767893	1.015254446
1.217948718	0.9128205128	0.1637224709	0.1916883925	1.170812971	1.023950614	1.024332946
1.217948718	0.9217948718	0.1652216917	0.1934240139	1.170693823	1.033327018	1.033607655
1.217948718	0.9307692308	0.1667526055	0.1951972239	1.170579753	1.042901637	1.043083228
1.217948718	0.9397435897	0.1683159448	0.1970089023	1.170470822	1.05267905	1.052764367
1.217948718	0.9487179487	0.1699124495	0.1988599388	1.170367088	1.062663885	1.062655825
1.217948718	0.9576923077	0.1715428675	0.2007512319	1.170268603	1.072860821	1.072762404
1.217948718	0.9666666667	0.1732079543	0.2026836898	1.170175415	1.083274582	1.083088956
1.217948718	0.9756410256	0.1749084732	0.2046582296	1.170087566	1.093909941	1.093640384
1.217948718	0.9846153846	0.1766451951	0.2066757782	1.170005095	1.104771721	1.104421639
1.217948718	0.9935897436	0.1784188988	0.2087372714	1.169928033	1.115864792	1.115437723
1.217948718	1.002564103	0.1802303708	0.2108436546	1.16985641	1.127194073	1.126693687
1.217948718	1.011538462	0.1820804053	0.2129958823	1.169790247	1.138764531	1.138194632
1.217948718	1.020512821	0.1839698042	0.2151949184	1.169729561	1.150581182	1.14994571
1.217948718	1.029487179	0.1858993773	0.2174417362	1.169674366	1.162649088	1.16195212
1.217948718	1.038461538	0.1878699419	0.2197373182	1.169624667	1.174973364	1.174219114
1.217948718	1.047435897	0.1898823232	0.2220826563	1.169580467	1.187559169	1.186751991
1.217948718	1.056410256	0.1919373542	0.2244787516	1.169541763	1.200411713	1.199556102
1.217948718	1.065384615	0.1940358754	0.2269266147	1.169508547	1.213536252	1.212636845
1.217948718	1.074358974	0.1961787351	0.2294272652	1.169480806	1.226938094	1.225999672
1.217948718	1.083333333	0.1983667896	0.2319817324	1.169458521	1.240622591	1.239650081
1.217948718	1.092307692	0.2006009027	0.2345910546	1.16944167	1.254595147	1.25359362
1.217948718	1.101282051	0.2028819459	0.2372562796	1.169430225	1.268861213	1.26783589
1.217948718	1.11025641	0.2052107985	0.2399784644	1.169424154	1.283426288	1.282382538
1.217948718	1.119230769	0.2075883476	0.2427586755	1.169423421	1.29829592	1.297239263
1.217948718	1.128205128	0.2100154879	0.2455979884	1.169427983	1.313475705	1.312411814
1.217948718	1.137179487	0.2124931221	0.2484974883	1.169437796	1.328971287	1.327905987
1.217948718	1.146153846	0.2150221603	0.2514582694	1.169452809	1.34478836	1.343727632
1.217948718	1.155128205	0.2176035206	0.2544814353	1.169472969	1.360932665	1.359882645
1.217948718	1.164102564	0.2202381287	0.2575680989	1.169498218	1.377409991	1.376376973
1.217948718	1.173076923	0.222926918	0.2607193826	1.169528494	1.394226176	1.393216614
1.217948718	1.182051282	0.2256708298	0.263936418	1.169563733	1.411387108	1.410407615
1.217948718	1.191025641	0.2284708129	0.2672203458	1.169603865	1.428898721	1.427956071
1.217948718	1.2	0.2313278241	0.2705723163	1.169648819	1.446766997	1.44586813
1.392307692	0.85	0.1680475782	0.1968645666	1.171481129	1.051000635	1.051993074
1.392307692	0.858974359	0.1695253503	0.1985701702	1.171330246	1.060242895	1.061107377
1.392307692	0.8679487179	0.1710302861	0.2003078535	1.171183526	1.069655042	1.070393105
1.392307692	0.8769230769	0.1725630544	0.2020784198	1.171041047	1.079241258	1.079854551
1.392307692	0.8858974359	0.1741243315	0.2038826816	1.170902882	1.089005774	1.089496057
1.392307692	0.8948717949	0.1757148018	0.2057214608	1.170769103	1.098952869	1.099322015
1.392307692	0.9038461538	0.177335157	0.2075955886	1.170639777	1.109086871	1.109336867
1.392307692	0.9128205128	0.1789860968	0.2095059055	1.170514969	1.119412153	1.119545104
1.392307692	0.9217948718	0.1806683286	0.2114532613	1.170394739	1.129933142	1.129951267
1.392307692	0.9307692308	0.1823825674	0.2134385151	1.170279145	1.140654309	1.140559947
1.392307692	0.9397435897	0.1841295363	0.2154625353	1.17016824	1.151580175	1.151375785
1.392307692	0.9487179487	0.1859099656	0.2175261997	1.170062073	1.16271531	1.162403472
1.392307692	0.9576923077	0.1877245938	0.2196303955	1.169960691	1.17406433	1.173647747
1.392307692	0.9666666667	0.189574167	0.2217760189	1.169864135	1.185631903	1.1851134
1.392307692	0.9756410256	0.1914594388	0.2239639756	1.169772444	1.197422741	1.196805272
1.392307692	0.9846153846	0.1933811708	0.2261951807	1.169685651	1.209441609	1.208728253
1.392307692	0.9935897436	0.1953401324	0.2284705586	1.169603787	1.221693317	1.22088728
1.392307692	1.002564103	0.1973371005	0.2307910427	1.169526877	1.234182725	1.233287345
1.392307692	1.011538462	0.1993728598	0.2331575762	1.169454942	1.24691474	1.245933484
1.392307692	1.020512821	0.2014482028	0.2355711112	1.169388001	1.259894319	1.258830788
1.392307692	1.029487179	0.2035639298	0.2380326094	1.169326067	1.273126467	1.271984395
1.392307692	1.038461538	0.2057208486	0.2405430417	1.169269149	1.286616236	1.285399492
1.392307692	1.047435897	0.207919775	0.2431033882	1.169217253	1.300368729	1.299081318
1.392307692	1.056410256	0.2101615324	0.2457146385	1.169170379	1.314389094	1.313035161
1.392307692	1.065384615	0.212446952	0.2483777914	1.169128524	1.328682531	1.327266359
1.392307692	1.074358974	0.2147768726	0.2510938552	1.169091682	1.343254285	1.341780297
1.392307692	1.083333333	0.2171521408	0.2538638472	1.169059841	1.358109652	1.356582415
1.392307692	1.092307692	0.2195736111	0.2566887943	1.169032986	1.373253975	1.371678198
1.392307692	1.101282051	0.2220421456	0.2595697325	1.169011099	1.388692646	1.387073183
1.392307692	1.11025641	0.224558614	0.2625077073	1.168994156	1.404431105	1.402772956
1.392307692	1.119230769	0.227123894	0.2655037734	1.16898213	1.42047484	1.418783155
1.392307692	1.128205128	0.2297388708	0.2685589949	1.168974993	1.436829389	1.435109464
1.392307692	1.137179487	0.2324044375	0.271674445	1.168972709	1.453500337	1.45175762
1.392307692	1.146153846	0.235121495	0.2748512066	1.168975242	1.470493316	1.468733408
1.392307692	1.155128205	0.2378909517	0.2780903715	1.168982551	1.487814011	1.486042663
1.392307692	1.164102564	0.2407137238	0.281393041	1.168994591	1.50546815	1.503691271
1.392307692	1.173076923	0.2435907355	0.2847603259	1.169011315	1.523461513	1.521685166
1.392307692	1.182051282	0.2465229183	0.288193346	1.169032672	1.541799926	1.540030333
1.392307692	1.191025641	0.2495112118	0.2916932305	1.16905861	1.560489267	1.558732806
1.392307692	1.2	0.2525565632	0.2952611181	1.169089072	1.579535457	1.57779867
1.566666667	0.85	0.1828109796	0.2141114687	1.171217774	1.143333678	1.144156036
1.566666667	0.858974359	0.1844856714	0.2160454589	1.171069044	1.15380751	1.154490778
1.566666667	0.8679487179	0.1861880793	0.218012121	1.170924164	1.164454684	1.165000108
1.566666667	0.8769230769	0.1879188624	0.2200122464	1.170783197	1.175279322	1.175688259
1.566666667	0.8858974359	0.1896786877	0.2220466362	1.170646207	1.186285595	1.186559509
1.566666667	0.8948717949	0.19146823	0.2241161005	1.170513252	1.197477723	1.197618189
1.566666667	0.9038461538	0.1932881716	0.226221459	1.170384391	1.208859974	1.208868677
1.566666667	0.9128205128	0.1951392027	0.2283635403	1.170259677	1.220436665	1.220315403
1.566666667	0.9217948718	0.1970220212	0.2305431828	1.170139162	1.232212161	1.231962846
1.566666667	0.9307692308	0.1989373328	0.2327612339	1.170022894	1.244190874	1.243815534
1.566666667	0.9397435897	0.2008858509	0.2350185504	1.169910919	1.256377266	1.255878047
1.566666667	0.9487179487	0.2028682964	0.2373159984	1.169803279	1.268775847	1.268155012
1.566666667	0.9576923077	0.2048853984	0.2396544534	1.169700014	1.281391176	1.280651107
1.566666667	0.9666666667	0.2069378934	0.2420348001	1.16960116	1.294227859	1.293371061
1.566666667	0.9756410256	0.2090265256	0.2444579325	1.169506749	1.307290551	1.306319651
1.566666667	0.9846153846	0.2111520472	0.246924754	1.169416813	1.320583957	1.319501704
1.566666667	0.9935897436	0.213315218	0.2494361774	1.169331376	1.334112827	1.332922098
1.566666667	1.002564103	0.2155168054	0.2519931246	1.169250463	1.347881962	1.346585759
1.566666667	1.011538462	0.2177575848	0.2545965269	1.169174094	1.36189621	1.360497665
1.566666667	1.020512821	0.2200383391	0.257247325	1.169102285	1.37616047	1.374662841
1.566666667	1.029487179	0.2223598591	0.2599464688	1.169035049	1.390679685	1.389086363
1.566666667	1.038461538	0.2247229433	0.2626949176	1.168972397	1.405458851	1.403773359
1.566666667	1.047435897	0.2271283978	0.2654936399	1.168914334	1.420503008	1.418729004
1.566666667	1.056410256	0.2295770367	0.2683436136	1.168860865	1.435817249	1.433958523
1.566666667	1.065384615	0.2320696816	0.271245826	1.168811989	1.451406711	1.449467192
1.566666667	1.074358974	0.2346071619	0.2742012736	1.168767702	1.467276582	1.465260335
1.566666667	1.083333333	0.2371903148	0.2772109621	1.168728	1.483432098	1.481343328
1.566666667	1.092307692	0.2398199851	0.2802759068	1.16869287	1.499878543	1.497721596
1.566666667	1.101282051	0.2424970256	0.283397132	1.168662302	1.516621249	1.514400612
1.566666667	1.11025641	0.2452222965	0.2865756717	1.168636277	1.533665597	1.531385902
1.566666667	1.119230769	0.247996666	0.2898125687	1.168614778	1.551017017	1.548683039
1.566666667	1.128205128	0.2508210099	0.2931088757	1.168597781	1.568680986	1.566297646
1.566666667	1.137179487	0.2536962118	0.2964656543	1.168585263	1.586663031	1.584235398
1.566666667	1.146153846	0.256623163	0.2998839754	1.168577193	1.604968725	1.602502018
1.566666667	1.155128205	0.2596027625	0.3033649195	1.168573541	1.623603691	1.621103279
1.566666667	1.164102564	0.2626359171	0.3069095763	1.168574274	1.642573601	1.640045003
1.566666667	1.173076923	0.2657235414	0.3105190447	1.168579355	1.661884175	1.659333064
1.566666667	1.182051282	0.2688665576	0.3141944329	1.168588744	1.681541179	1.678973384
1.566666667	1.191025641	0.2720658957	0.3179368587	1.1686024	1.701550432	1.698971934
1.566666667	1.2	0.2753224934	0.3217474489	1.168620278	1.721917796	1.719334738
1.741025641	0.85	0.1983456454	0.232260256	1.170987422	1.240490351	1.241138439
1.741025641	0.858974359	0.200233629	0.2344417778	1.170841177	1.25229815	1.252795924
1.741025641	0.8679487179	0.2021500529	0.2366567645	1.170698504	1.26428382	1.264632237
1.741025641	0.8769230769	0.2040955669	0.2389059962	1.170559458	1.276451424	1.276651547
1.741025641	0.8858974359	0.2060708283	0.241190262	1.170424091	1.288805074	1.288858069
1.741025641	0.8948717949	0.2080765025	0.2435103606	1.170292453	1.301348931	1.301256073
1.741025641	0.9038461538	0.2101132624	0.2458670998	1.170164591	1.314087204	1.313849875
1.741025641	0.9128205128	0.2121817886	0.248261297	1.170040552	1.32702415	1.326643842
1.741025641	0.9217948718	0.2142827697	0.2506937785	1.169920376	1.340164074	1.339642392
1.741025641	0.9307692308	0.2164169017	0.2531653804	1.169804107	1.35351133	1.352849989
1.741025641	0.9397435897	0.2185848886	0.2556769477	1.169691781	1.367070321	1.366271152
1.741025641	0.9487179487	0.220787442	0.2582293348	1.169583435	1.380845498	1.379910446
1.741025641	0.9576923077	0.2230252813	0.2608234057	1.169479102	1.394841358	1.393772486
1.741025641	0.9666666667	0.2252991335	0.2634600334	1.169378813	1.409062451	1.407861939
1.741025641	0.9756410256	0.2276097337	0.2661401003	1.169282596	1.423513372	1.42218352
1.741025641	0.9846153846	0.2299578242	0.2688644981	1.169190477	1.438198764	1.436741994
1.741025641	0.9935897436	0.2323441555	0.271634128	1.169102478	1.453123322	1.451542176
1.741025641	1.002564103	0.2347694856	0.2744499002	1.16901862	1.468291785	1.466588931
1.741025641	1.011538462	0.2372345803	0.2773127345	1.168938921	1.483708943	1.481887173
1.741025641	1.020512821	0.2397402132	0.2802235598	1.168863396	1.499379634	1.497441867
1.741025641	1.029487179	0.2422871654	0.2831833144	1.168792057	1.515308744	1.513258027
1.741025641	1.038461538	0.244876226	0.286192946	1.168724913	1.531501208	1.529340715
1.741025641	1.047435897	0.2475081917	0.2892534115	1.168661972	1.547962009	1.545695048
1.741025641	1.056410256	0.250183867	0.2923656771	1.168603238	1.564696177	1.562326186
1.741025641	1.065384615	0.2529040642	0.2955307184	1.168548712	1.581708793	1.579239344
1.741025641	1.074358974	0.2556696031	0.2987495203	1.168498393	1.599004985	1.596439785
1.741025641	1.083333333	0.2584813114	0.302023077	1.168452277	1.616589929	1.613932821
1.741025641	1.092307692	0.2613400247	0.305352392	1.168410359	1.63446885	1.631723815
1.741025641	1.101282051	0.2642465859	0.3087384781	1.168372628	1.652647022	1.649818179
1.741025641	1.11025641	0.267201846	0.3121823574	1.168339074	1.671129765	1.668221375
1.741025641	1.119230769	0.2702066637	0.3156850614	1.168309682	1.689922451	1.686938915
1.741025641	1.128205128	0.2732619053	0.3192476309	1.168284436	1.709030496	1.70597636
1.741025641	1.137179487	0.2763684448	0.3228711159	1.168263317	1.728459369	1.725339322
1.741025641	1.146153846	0.2795271642	0.3265565759	1.168246302	1.748214585	1.745033462
1.741025641	1.155128205	0.2827389531	0.3303050795	1.168233368	1.768301706	1.765064491
1.741025641	1.164102564	0.2860047086	0.3341177047	1.168224489	1.788726345	1.785438169
1.741025641	1.173076923	0.2893253359	0.337995539	1.168219637	1.809494163	1.806160308
1.741025641	1.182051282	0.2927017478	0.3419396789	1.16821878	1.830610867	1.827236766
1.741025641	1.191025641	0.2961348647	0.3459512304	1.168221887	1.852082216	1.848673455
1.741025641	1.2	0.299625615	0.3500313088	1.168228921	1.873914013	1.870476333
1.915384615	0.85	0.2146515755	0.2513109286	1.17078539	1.342470654	1.342940281
1.915384615	0.858974359	0.2167692231	0.2537591268	1.170641861	1.355714814	1.356022816
1.915384615	0.8679487179	0.2189162072	0.2562417841	1.170501661	1.369142449	1.369289491
1.915384615	0.8769230769	0.2210931679	0.2587596689	1.170364835	1.382757564	1.382744413
1.915384615	0.8858974359	0.2233007534	0.2613135589	1.170231425	1.396564212	1.396391737
1.915384615	0.8948717949	0.2255396194	0.2639042409	1.170101473	1.410566494	1.410235669
1.915384615	0.9038461538	0.2278104294	0.2665325112	1.169975018	1.42476856	1.424280462
1.915384615	0.9128205128	0.2301138546	0.2691991754	1.169852097	1.439174607	1.438530423
1.915384615	0.9217948718	0.2324505739	0.2719050484	1.169732748	1.453788882	1.452989905
1.915384615	0.9307692308	0.234821274	0.2746509545	1.169617002	1.468615679	1.467663313
1.915384615	0.9397435897	0.2372266494	0.277437727	1.169504892	1.483659341	1.482555101
1.915384615	0.9487179487	0.2396674022	0.280266209	1.169396448	1.498924261	1.497669773
1.915384615	0.9576923077	0.2421442424	0.2831372524	1.169291698	1.514414877	1.513011883
1.915384615	0.9666666667	0.2446578875	0.2860517188	1.169190668	1.530135679	1.528586034
1.915384615	0.9756410256	0.247209063	0.289010479	1.16909338	1.546091202	1.544396879
1.915384615	0.9846153846	0.2497985019	0.292014413	1.168999857	1.562286032	1.560449122
1.915384615	0.9935897436	0.2524269451	0.2950644103	1.168910119	1.578724802	1.576747515
1.915384615	1.002564103	0.2550951411	0.2981613695	1.168824181	1.595412194	1.59329686
1.915384615	1.011538462	0.2578038464	0.3013061988	1.168742061	1.612352937	1.61010201
1.915384615	1.020512821	0.2605538249	0.3044998155	1.168663771	1.629551812	1.627167868
1.915384615	1.029487179	0.2633458485	0.3077431462	1.168589321	1.647013643	1.644499384
1.915384615	1.038461538	0.2661806966	0.3110371269	1.16851872	1.664743308	1.662101561
1.915384615	1.047435897	0.2690591566	0.3143827029	1.168451975	1.682745729	1.679979449
1.915384615	1.056410256	0.2719820234	0.3177808288	1.16838909	1.701025879	1.698138151
1.915384615	1.065384615	0.2749500998	0.3212324686	1.168330067	1.719588777	1.716582817
1.915384615	1.074358974	0.2779641962	0.3247385955	1.168274907	1.738439494	1.735318648
1.915384615	1.083333333	0.2810251309	0.328300192	1.168223607	1.757583145	1.754350894
1.915384615	1.092307692	0.2841337297	0.33191825	1.168176163	1.777024898	1.773684855
1.915384615	1.101282051	0.2872908265	0.3355937707	1.168132567	1.796769964	1.793325883
1.915384615	1.11025641	0.2904972625	0.3393277646	1.168092813	1.816823609	1.813279375
1.915384615	1.119230769	0.293753887	0.3431212515	1.168056889	1.83719114	1.833550783
1.915384615	1.128205128	0.2970615569	0.3469752605	1.168024783	1.857877919	1.854145606
1.915384615	1.137179487	0.3004211367	0.3508908301	1.16799648	1.878889353	1.875069392
1.915384615	1.146153846	0.3038334988	0.354869008	1.167971963	1.900230897	1.89632774
1.915384615	1.155128205	0.3072995234	0.3589108512	1.167951213	1.921908056	1.9179263
1.915384615	1.164102564	0.3108200983	0.3630174263	1.167934211	1.943926382	1.93987077
1.915384615	1.173076923	0.3143961189	0.3671898088	1.167920934	1.966291477	1.962166897
1.915384615	1.182051282	0.3180284888	0.3714290837	1.167911357	1.98900899	1.984820481
1.915384615	1.191025641	0.3217181188	0.3757363455	1.167905454	2.012084618	2.007837368
1.915384615	1.2	0.3254659279	0.3801126977	1.167903197	2.035524109	2.031223457
2.08974359	0.85	0.23172877	0.2712634864	1.170607717	1.449274587	1.449561564
2.08974359	0.858974359	0.2340924537	0.2739975058	1.170467059	1.464057502	1.464171453
2.08974359	0.8679487179	0.2364865419	0.2767671797	1.170329514	1.479030572	1.478971871
2.08974359	0.8769230769	0.2389116655	0.2795732648	1.170195119	1.494197744	1.49396686
2.08974359	0.8858974359	0.241368463	0.2824165269	1.170063907	1.50956301	1.509160513
2.08974359	0.8948717949	0.2438575807	0.2852977415	1.169935913	1.525130412	1.524556975
2.08974359	0.9038461538	0.2463796727	0.2882176931	1.16981117	1.540904042	1.540160438
2.08974359	0.9128205128	0.2489354005	0.2911771757	1.169689707	1.556888037	1.555975144
2.08974359	0.9217948718	0.2515254338	0.2941769926	1.169571554	1.573086584	1.572005385
2.08974359	0.9307692308	0.2541504498	0.2972179562	1.169456739	1.589503919	1.588255505
2.08974359	0.9397435897	0.2568111334	0.3003008886	1.169345288	1.606144326	1.604729894
2.08974359	0.9487179487	0.2595081772	0.3034266208	1.169237224	1.623012137	1.621432994
2.08974359	0.9576923077	0.2622422818	0.3065959935	1.169132572	1.640111733	1.638369298
2.08974359	0.9666666667	0.2650141552	0.3098098563	1.169031353	1.657447542	1.655543346
2.08974359	0.9756410256	0.2678245135	0.3130690686	1.168933585	1.675024043	1.672959729
2.08974359	0.9846153846	0.2706740801	0.3163744986	1.168839286	1.692845759	1.690623088
2.08974359	0.9935897436	0.2735635866	0.3197270243	1.168748474	1.710917267	1.708538114
2.08974359	1.002564103	0.2764937719	0.3231275326	1.168661161	1.729243188	1.726709546
2.08974359	1.011538462	0.279465383	0.32657692	1.168577362	1.747828194	1.745142176
2.08974359	1.020512821	0.2824791745	0.3300760922	1.168497086	1.766677003	1.763840842
2.08974359	1.029487179	0.2855359085	0.3336259641	1.168420343	1.785794383	1.782810436
2.08974359	1.038461538	0.2886363553	0.3372274603	1.16834714	1.805185151	1.802055895
2.08974359	1.047435897	0.2917812926	0.3408815142	1.168277483	1.82485417	1.821582209
2.08974359	1.056410256	0.2949715058	0.3445890689	1.168211377	1.844806354	1.841394418
2.08974359	1.065384615	0.2982077884	0.3483510767	1.168148822	1.865046663	1.861497609
2.08974359	1.074358974	0.3014909412	0.3521684991	1.168089819	1.885580108	1.881896923
2.08974359	1.083333333	0.304821773	0.3560423071	1.168034368	1.906411747	1.902597546
2.08974359	1.092307692	0.3082011004	0.3599734808	1.167982465	1.927546685	1.923604717
2.08974359	1.101282051	0.3116297474	0.36396301	1.167934105	1.948990077	1.944923723
2.08974359	1.11025641	0.315108546	0.3680118933	1.167889281	1.970747128	1.966559903
2.08974359	1.119230769	0.318638336	0.372121139	1.167847986	1.992823087	1.988518644
2.08974359	1.128205128	0.3222199647	0.3762917645	1.16781021	2.015223255	2.010805383
2.08974359	1.137179487	0.3258542873	0.3805247967	1.16777594	2.037952981	2.033425607
2.08974359	1.146153846	0.3295421667	0.3848212717	1.167745165	2.061017661	2.056384852
2.08974359	1.155128205	0.3332844735	0.3891822349	1.167717868	2.08442274	2.079688706
2.08974359	1.164102564	0.337082086	0.393608741	1.167694034	2.108173711	2.103342804
2.08974359	1.173076923	0.3409358905	0.3981018541	1.167673645	2.132276117	2.127352833
2.08974359	1.182051282	0.3448467806	0.4026626476	1.167656682	2.156735547	2.151724528
2.08974359	1.191025641	0.348815658	0.4072922041	1.167643123	2.18155764	2.176463675
2.08974359	1.2	0.352843432	0.4119916157	1.167632945	2.206748083	2.201576109
2.264102564	0.85	0.2495772289	0.2921179294	1.170451049	1.56090215	1.561002287
2.264102564	0.858974359	0.2522033207	0.295156915	1.170313358	1.577326214	1.577241836
2.264102564	0.8679487179	0.2548610571	0.2982329514	1.170178586	1.593948189	1.593679375
2.264102564	0.8769230769	0.2575510596	0.3013467836	1.170046763	1.610771962	1.610318885
2.264102564	0.8858974359	0.2602739571	0.3044991661	1.169917918	1.627801466	1.627164397
2.264102564	0.8948717949	0.2630303864	0.3076908624	1.169792078	1.645040685	1.644219993
2.264102564	0.9038461538	0.2658209922	0.3109226455	1.169669269	1.66249365	1.661489802
2.264102564	0.9128205128	0.2686464265	0.3141952978	1.169549515	1.680164439	1.678978005
2.264102564	0.9217948718	0.2715073496	0.3175096108	1.16943284	1.698057181	1.696688833
2.264102564	0.9307692308	0.2744044291	0.3208663856	1.169319266	1.716176052	1.714626564
2.264102564	0.9397435897	0.2773383404	0.3242664323	1.169208815	1.734525276	1.73279553
2.264102564	0.9487179487	0.2803097669	0.3277105704	1.169101505	1.753109127	1.751200109
2.264102564	0.9576923077	0.2833193995	0.3311996289	1.168997356	1.771931925	1.769844731
2.264102564	0.9666666667	0.2863679368	0.334734446	1.168896385	1.790998041	1.788733875
2.264102564	0.9756410256	0.2894560852	0.3383158691	1.168798607	1.810311893	1.807872069
2.264102564	0.9846153846	0.292584559	0.3419447551	1.168704036	1.829877947	1.827263892
2.264102564	0.9935897436	0.2957540801	0.34562197	1.168612686	1.849700718	1.846913973
2.264102564	1.002564103	0.298965378	0.3493483894	1.168524569	1.869784769	1.86682699
2.264102564	1.011538462	0.3022191902	0.353124898	1.168439694	1.890134712	1.88700767
2.264102564	1.020512821	0.3055162617	0.3569523898	1.16835807	1.910755207	1.907460791
2.264102564	1.029487179	0.3088573454	0.3608317683	1.168279705	1.931650963	1.928191182
2.264102564	1.038461538	0.3122432019	0.3647639461	1.168204604	1.952826736	1.949203718
2.264102564	1.047435897	0.3156745995	0.3687498453	1.168132773	1.974287331	1.970503327
2.264102564	1.056410256	0.3191523143	0.3727903972	1.168064214	1.996037602	1.992094986
2.264102564	1.065384615	0.32267713	0.3768865425	1.16799893	2.018082451	2.013983722
2.264102564	1.074358974	0.3262498381	0.381039231	1.16793692	2.040426829	2.03617461
2.264102564	1.083333333	0.329871238	0.3852494221	1.167878183	2.063075733	2.058672777
2.264102564	1.092307692	0.3335421365	0.3895180844	1.167822718	2.086034212	2.081483399
2.264102564	1.101282051	0.3372633486	0.3938461958	1.167770519	2.10930736	2.104611701
2.264102564	1.11025641	0.3410356966	0.3982347434	1.167721583	2.132900322	2.128062959
2.264102564	1.119230769	0.3448600107	0.4026847238	1.167675901	2.15681829	2.151842497
2.264102564	1.128205128	0.3487371289	0.4071971429	1.167633467	2.181066504	2.175955692
2.264102564	1.137179487	0.3526678968	0.4117730158	1.167594271	2.205650254	2.200407968
2.264102564	1.146153846	0.3566531679	0.4164133671	1.167558302	2.230574877	2.225204799
2.264102564	1.155128205	0.3606938033	0.4211192304	1.167525548	2.255845758	2.250351709
2.264102564	1.164102564	0.364790672	0.4258916489	1.167495996	2.281468332	2.275854273
2.264102564	1.173076923	0.3689446505	0.430731675	1.167469631	2.307448082	2.301718114
2.264102564	1.182051282	0.3731566232	0.4356403704	1.167446438	2.333790538	2.327948907
2.264102564	1.191025641	0.3774274822	0.4406188062	1.167426398	2.360501281	2.354552374
2.264102564	1.2	0.3817581273	0.4456680628	1.167409495	2.387585936	2.381534289
2.438461538	0.85	0.2681969522	0.3138742577	1.170312545	1.677353343	1.67726245
2.438461538	0.858974359	0.2711018242	0.3172373543	1.170177867	1.69552095	1.695233964
2.438461538	0.8679487179	0.2740397529	0.3206390991	1.170045936	1.7138953	1.713412005
2.438461538	0.8769230769	0.2770113502	0.3240802256	1.169916776	1.732480219	1.73180049
2.438461538	0.8858974359	0.2800172356	0.3275614764	1.169790408	1.751279582	1.750403389
2.438461538	0.8948717949	0.2830580365	0.3310836036	1.169666856	1.770297313	1.769224721
2.438461538	0.9038461538	0.2861343879	0.3346473685	1.169546139	1.789537383	1.788268555
2.438461538	0.9128205128	0.2892469326	0.3382535417	1.169428276	1.809003814	1.807539007
2.438461538	0.9217948718	0.2923963211	0.3419029033	1.169313287	1.828700672	1.827040247
2.438461538	0.9307692308	0.2955832118	0.3455962426	1.169201189	1.848632076	1.846776492
2.438461538	0.9397435897	0.2988082707	0.3493343581	1.169091998	1.868802191	1.86675201
2.438461538	0.9487179487	0.3020721714	0.3531180577	1.16898573	1.889215229	1.886971117
2.438461538	0.9576923077	0.3053755954	0.3569481588	1.1688824	1.909875454	1.907438182
2.438461538	0.9666666667	0.3087192321	0.3608254877	1.16878202	1.930787176	1.92815762
2.438461538	0.9756410256	0.3121037782	0.3647508805	1.168684604	1.951954754	1.949133899
2.438461538	0.9846153846	0.3155299386	0.3687251823	1.168590163	1.973382594	1.970371534
2.438461538	0.9935897436	0.3189984256	0.3727492475	1.168498706	1.995075154	1.991875093
2.438461538	1.002564103	0.3225099594	0.3768239399	1.168410243	2.017036936	2.01364919
2.438461538	1.011538462	0.3260652679	0.3809501328	1.168324781	2.039272492	2.035698492
2.438461538	1.020512821	0.3296650867	0.3851287084	1.168242328	2.061786425	2.058027714
2.438461538	1.029487179	0.3333101592	0.3893605587	1.168162889	2.084583383	2.080641622
2.438461538	1.038461538	0.3370012366	0.3936465845	1.168086469	2.107668063	2.10354503
2.438461538	1.047435897	0.3407390776	0.3979876963	1.168013071	2.131045212	2.126742803
2.438461538	1.056410256	0.3445244488	0.4023848139	1.167942697	2.154719624	2.150239857
2.438461538	1.065384615	0.3483581245	0.4068388661	1.167875349	2.178696141	2.174041154
2.438461538	1.074358974	0.3522408869	0.4113507914	1.167811026	2.202979655	2.19815171
2.438461538	1.083333333	0.3561735256	0.4159215373	1.167749727	2.227575105	2.222576588
2.438461538	1.092307692	0.3601568383	0.4205520608	1.16769145	2.252487479	2.247320902
2.438461538	1.101282051	0.3641916301	0.4252433281	1.167636192	2.277721813	2.272389815
2.438461538	1.11025641	0.3682787141	0.4299963149	1.167583948	2.303283193	2.297788541
2.438461538	1.119230769	0.372418911	0.434812006	1.167534712	2.32917675	2.323522343
2.438461538	1.128205128	0.3766130492	0.4396913957	1.167488478	2.355407666	2.349596533
2.438461538	1.137179487	0.3808619651	0.4446354874	1.167445238	2.381981172	2.376016474
2.438461538	1.146153846	0.3851665024	0.449645294	1.167404983	2.408902544	2.402787579
2.438461538	1.155128205	0.389527513	0.4547218377	1.167367702	2.436177111	2.429915308
2.438461538	1.164102564	0.3939458561	0.4598661499	1.167333385	2.463810246	2.457405176
2.438461538	1.173076923	0.3984223991	0.4650792713	1.16730202	2.491807374	2.485262742
2.438461538	1.182051282	0.4029580166	0.4703622521	1.167273594	2.520173965	2.513493618
2.438461538	1.191025641	0.4075535915	0.4757161518	1.167248091	2.54891554	2.542103466
2.438461538	1.2	0.412210014	0.4811420389	1.167225498	2.578037667	2.571097996
2.612820513	0.85	0.2875879398	0.3365324712	1.170189791	1.798628166	1.798342054
2.612820513	0.858974359	0.2907879642	0.3402388237	1.170058137	1.81864171	1.818147838
2.612820513	0.8679487179	0.2940226292	0.3439856229	1.169929076	1.838871904	1.838169759
2.612820513	0.8769230769	0.2972925373	0.3477735906	1.169802625	1.859322514	1.858411674
2.612820513	0.8858974359	0.3005982986	0.3516034579	1.169678802	1.879997356	1.878877489
2.612820513	0.8948717949	0.3039405309	0.3554759651	1.169557624	1.900900295	1.899571161
2.612820513	0.9038461538	0.3073198598	0.3593918619	1.169439105	1.922035243	1.920496696
2.612820513	0.9128205128	0.3107369186	0.3633519075	1.169323262	1.943406161	1.94165815
2.612820513	0.9217948718	0.3141923485	0.36735687	1.169210109	1.965017058	1.963059629
2.612820513	0.9307692308	0.3176867981	0.3714075272	1.169099659	1.986871993	1.984705288
2.612820513	0.9397435897	0.321220924	0.375504666	1.168991924	2.00897507	2.006599333
2.612820513	0.9487179487	0.3247953905	0.3796490828	1.168886917	2.031330445	2.028746019
2.612820513	0.9576923077	0.3284108697	0.383841583	1.168784649	2.05394232	2.051149651
2.612820513	0.9666666667	0.3320680411	0.3880829816	1.168685129	2.076814947	2.073814582
2.612820513	0.9756410256	0.3357675924	0.3923741028	1.168588368	2.099952625	2.096745219
2.612820513	0.9846153846	0.3395102187	0.3967157802	1.168494373	2.123359702	2.119946014
2.612820513	0.9935897436	0.343296623	0.4011088566	1.168403153	2.147040575	2.143421473
2.612820513	1.002564103	0.347127516	0.4055541842	1.168314713	2.170999688	2.167176148
2.612820513	1.011538462	0.3510036161	0.4100526244	1.16822906	2.195241535	2.191214643
2.612820513	1.020512821	0.3549256494	0.414605048	1.168146198	2.219770657	2.215541612
2.612820513	1.029487179	0.3588943499	0.4192123352	1.168066132	2.244591643	2.240161757
2.612820513	1.038461538	0.3629104592	0.4238753754	1.167988865	2.269709134	2.265079831
2.612820513	1.047435897	0.3669747266	0.4285950672	1.167914399	2.295127814	2.290300638
2.612820513	1.056410256	0.3710879093	0.4333723188	1.167842735	2.320852419	2.315829029
2.612820513	1.065384615	0.3752507721	0.4382080476	1.167773873	2.346887733	2.341669906
2.612820513	1.074358974	0.3794640876	0.4431031801	1.167707814	2.373238587	2.367828222
2.612820513	1.083333333	0.383728636	0.4480586524	1.167644555	2.399909862	2.394308978
2.612820513	1.092307692	0.3880452056	0.4530754099	1.167584094	2.426906486	2.421117226
2.612820513	1.101282051	0.3924145919	0.4581544071	1.167526429	2.454233436	2.448258067
2.612820513	1.11025641	0.3968375986	0.4632966079	1.167471554	2.481895738	2.475736652
2.612820513	1.119230769	0.4013150369	0.4685029856	1.167419465	2.509898466	2.503558181
2.612820513	1.128205128	0.4058477259	0.4737745229	1.167370156	2.538246741	2.531727906
2.612820513	1.137179487	0.4104364921	0.4791122115	1.167323619	2.566945734	2.560251126
2.612820513	1.146153846	0.4150821702	0.4845170527	1.167279848	2.596000664	2.589133193
2.612820513	1.155128205	0.4197856023	0.4899900569	1.167238834	2.625416798	2.618379505
2.612820513	1.164102564	0.4245476384	0.495532244	1.167200566	2.655199452	2.647995512
2.612820513	1.173076923	0.4293691361	0.5011446432	1.167165036	2.685353991	2.677986715
2.612820513	1.182051282	0.4342509609	0.5068282929	1.167132231	2.715885826	2.708358661
2.612820513	1.191025641	0.4391939858	0.5125842408	1.16710214	2.746800418	2.739116951
2.612820513	1.2	0.4441990919	0.518413544	1.16707475	2.778103277	2.770267232
2.787179487	0.85	0.3077501918	0.36009257	1.170080733	1.924726619	1.924241098
2.787179487	0.858974359	0.3112617406	0.3641613232	1.169952088	1.946688495	1.945983458
2.787179487	0.8679487179	0.314809686	0.3682725227	1.169825895	1.968878002	1.967952639
2.787179487	0.8769230769	0.318394621	0.3724268787	1.169702169	1.991298848	1.990152438
2.787179487	0.8858974359	0.3220171461	0.3766251105	1.169580922	2.01395479	2.012586697
2.787179487	0.8948717949	0.3256778697	0.3808679469	1.169462166	2.036849632	2.035259312
2.787179487	0.9038461538	0.3293774079	0.3851561259	1.169345913	2.059987229	2.058174226
2.787179487	0.9128205128	0.3331163847	0.389490395	1.169232175	2.083371481	2.081335434
2.787179487	0.9217948718	0.3368954315	0.3938715109	1.169120962	2.107006339	2.104746978
2.787179487	0.9307692308	0.3407151878	0.3983002395	1.169012283	2.130895801	2.128412953
2.787179487	0.9397435897	0.3445763005	0.4027773562	1.168906148	2.155043914	2.152337501
2.787179487	0.9487179487	0.3484794244	0.4073036455	1.168802566	2.179454773	2.176524815
2.787179487	0.9576923077	0.3524252222	0.4118799016	1.168701545	2.204132522	2.200979137
2.787179487	0.9666666667	0.356414364	0.4165069276	1.168603091	2.229081353	2.225704762
2.787179487	0.9756410256	0.3604475279	0.4211855361	1.168507213	2.254305506	2.250706029
2.787179487	0.9846153846	0.3645253995	0.425916549	1.168413914	2.279809269	2.275987333
2.787179487	0.9935897436	0.3686486725	0.4307007975	1.168323202	2.305596981	2.301553113
2.787179487	1.002564103	0.372818048	0.4355391221	1.16823508	2.331673026	2.327407863
2.787179487	1.011538462	0.3770342349	0.4404323728	1.168149553	2.358041839	2.353556122
2.787179487	1.020512821	0.3812979499	0.4453814086	1.168066623	2.384707901	2.380002483
2.787179487	1.029487179	0.3856099175	0.4503870979	1.167986293	2.411675744	2.406751586
2.787179487	1.038461538	0.3899708698	0.4554503187	1.167908564	2.438949947	2.433808122
2.787179487	1.047435897	0.3943815467	0.4605719579	1.167833439	2.466535136	2.46117683
2.787179487	1.056410256	0.3988426959	0.4657529121	1.167760916	2.494435988	2.488862503
2.787179487	1.065384615	0.4033550727	0.4709940868	1.167690997	2.522657227	2.516869978
2.787179487	1.074358974	0.4079194401	0.4762963972	1.167623679	2.551203625	2.545204147
2.787179487	1.083333333	0.4125365692	0.4816607677	1.16755896	2.580080004	2.573869948
2.787179487	1.092307692	0.4172072384	0.4870881318	1.167496838	2.609291233	2.602872371
2.787179487	1.101282051	0.421932234	0.4925794326	1.167437311	2.63884223	2.632216455
2.787179487	1.11025641	0.4267123501	0.4981356223	1.167380373	2.66873796	2.661907289
2.787179487	1.119230769	0.4315483885	0.5037576626	1.16732602	2.698983439	2.691950011
2.787179487	1.128205128	0.4364411587	0.5094465244	1.167274246	2.729583728	2.72234981
2.787179487	1.137179487	0.441391478	0.515203188	1.167225046	2.760543941	2.753111924
2.787179487	1.146153846	0.4464001713	0.5210286429	1.167178412	2.791869235	2.784241641
2.787179487	1.155128205	0.4514680715	0.5269238879	1.167134336	2.82356482	2.815744298
2.787179487	1.164102564	0.4565960189	0.5328899313	1.167092811	2.855635951	2.847625283
2.787179487	1.173076923	0.4617848617	0.5389277906	1.167053828	2.888087934	2.879890034
2.787179487	1.182051282	0.4670354559	0.5450384925	1.167017377	2.920926122	2.912544037
2.787179487	1.191025641	0.4723486653	0.5512230733	1.166983446	2.954155915	2.945592829
2.787179487	1.2	0.4777253611	0.5574825783	1.166952027	2.987782766	2.979041996
2.961538462	0.85	0.3286837081	0.3845545539	1.169983618	2.055648702	2.054959582
2.961538462	0.858974359	0.3325231535	0.3890048528	1.169857944	2.079661304	2.078740822
2.961538462	0.8679487179	0.3364009234	0.3934997986	1.169734597	2.103913593	2.102760644
2.961538462	0.8769230769	0.3403176011	0.3980400898	1.169613586	2.128409221	2.12702278
2.961538462	0.8858974359	0.344273778	0.4026264342	1.169494919	2.153151883	2.151531013
2.961538462	0.8948717949	0.3482700528	0.4072595489	1.169378606	2.178145325	2.176289174
2.961538462	0.9038461538	0.3523070323	0.4119401604	1.169264655	2.203393341	2.201301145
2.961538462	0.9128205128	0.3563853308	0.4166690044	1.169153072	2.228899774	2.226570858
2.961538462	0.9217948718	0.3605055704	0.4214468259	1.169043867	2.254668514	2.252102294
2.961538462	0.9307692308	0.364668381	0.4262743794	1.168937044	2.280703501	2.277899485
2.961538462	0.9397435897	0.3688744001	0.4311524284	1.168832612	2.307008723	2.303966511
2.961538462	0.9487179487	0.3731242731	0.436081746	1.168730575	2.333588215	2.330307504
2.961538462	0.9576923077	0.377418653	0.4410631146	1.168630938	2.360446061	2.356926642
2.961538462	0.9666666667	0.3817582006	0.4460973257	1.168533708	2.387586395	2.383828158
2.961538462	0.9756410256	0.3861435845	0.4511851802	1.168438887	2.415013397	2.41101633
2.961538462	0.9846153846	0.390575481	0.4563274885	1.16834648	2.442731297	2.438495489
2.961538462	0.9935897436	0.3950545739	0.4615250701	1.16825649	2.470744372	2.466270014
2.961538462	1.002564103	0.3995815552	0.4667787538	1.16816892	2.49905695	2.494344334
2.961538462	1.011538462	0.4041571242	0.472089378	1.168083772	2.527673405	2.52272293
2.961538462	1.020512821	0.4087819881	0.4774577901	1.168001047	2.55659816	2.551410328
2.961538462	1.029487179	0.413456862	0.4828848469	1.167920747	2.585835685	2.580411109
2.961538462	1.038461538	0.4181824684	0.4883714145	1.167842871	2.615390502	2.609729901
2.961538462	1.047435897	0.4229595379	0.4939183685	1.167767421	2.645267178	2.639371381
2.961538462	1.056410256	0.4277888085	0.4995265936	1.167694394	2.67547033	2.669340278
2.961538462	1.065384615	0.4326710262	0.5051969839	1.167623791	2.706004622	2.69964137
2.961538462	1.074358974	0.4376069446	0.5109304428	1.167555609	2.736874769	2.730279484
2.961538462	1.083333333	0.4425973251	0.5167278829	1.167489846	2.768085531	2.761259497
2.961538462	1.092307692	0.4476429367	0.5225902264	1.167426499	2.79964172	2.792586337
2.961538462	1.101282051	0.4527445564	0.5285184046	1.167365564	2.831548193	2.824264981
2.961538462	1.11025641	0.4579029686	0.5345133581	1.167307038	2.863809857	2.856300454
2.961538462	1.119230769	0.4631189658	0.540576037	1.167250916	2.896431668	2.888697834
2.961538462	1.128205128	0.4683933479	0.5467074004	1.167197192	2.929418629	2.921462246
2.961538462	1.137179487	0.4737269227	0.552908417	1.167145861	2.962775792	2.954598867
2.961538462	1.146153846	0.4791205058	0.5591800647	1.167096916	2.996508258	2.988112923
2.961538462	1.155128205	0.4845749204	0.5655233308	1.167050351	3.030621176	3.022009688
2.961538462	1.164102564	0.4900909975	0.5719392118	1.167006158	3.065119743	3.056294488
2.961538462	1.173076923	0.4956695758	0.5784287135	1.166964328	3.100009203	3.090972699
2.961538462	1.182051282	0.5013115018	0.5849928512	1.166924854	3.135294852	3.126049744
2.961538462	1.191025641	0.5070176298	0.5916326492	1.166887726	3.170982032	3.161531099
2.961538462	1.2	0.5127888215	0.5983491415	1.166852935	3.207076132	3.197422288
3.135897436	0.85	0.3503884888	0.4099184232	1.169896946	2.191394415	2.190497507
3.135897436	0.858974359	0.3545722029	0.4147694125	1.169774193	2.217560136	2.216419933
3.135897436	0.8679487179	0.3587963412	0.4196674505	1.169653651	2.243978679	2.242593775
3.135897436	0.8769230769	0.3630614778	0.424613224	1.169535326	2.270653632	2.269022703
3.135897436	0.8858974359	0.3673681944	0.4296074291	1.169419225	2.297588634	2.295710437
3.135897436	0.8948717949	0.3717170804	0.4346507713	1.169305351	2.324787371	2.322660747
3.135897436	0.9038461538	0.3761087329	0.4397439655	1.169193712	2.352253579	2.349877452
3.135897436	0.9128205128	0.3805437569	0.4448877356	1.16908431	2.379991039	2.377364423
3.135897436	0.9217948718	0.385022765	0.4500828152	1.168977152	2.408003584	2.405125578
3.135897436	0.9307692308	0.3895463776	0.4553299469	1.16887224	2.436295094	2.433164886
3.135897436	0.9397435897	0.3941152228	0.4606298828	1.168769578	2.464869497	2.461486366
3.135897436	0.9487179487	0.3987299364	0.4659833843	1.168669171	2.493730769	2.490094086
3.135897436	0.9576923077	0.403391162	0.471391222	1.168571021	2.522882936	2.518992165
3.135897436	0.9666666667	0.408099551	0.4768541758	1.16847513	2.552330072	2.548184771
3.135897436	0.9756410256	0.4128557624	0.4823730352	1.168381501	2.582076298	2.577676121
3.135897436	0.9846153846	0.417660463	0.4879485988	1.168290135	2.612125784	2.607470483
3.135897436	0.9935897436	0.4225143274	0.4935816744	1.168201035	2.642482749	2.637572175
3.135897436	1.002564103	0.4274180377	0.4992730793	1.1681142	2.67315146	2.667985564
3.135897436	1.011538462	0.432372284	0.50502364	1.168029633	2.704136233	2.698715066
3.135897436	1.020512821	0.437377764	0.5108341925	1.167947332	2.735441431	2.729765148
3.135897436	1.029487179	0.4424351833	0.516705582	1.167867298	2.767071467	2.761140327
3.135897436	1.038461538	0.447545255	0.5226386628	1.16778953	2.7990308	2.792845169
3.135897436	1.047435897	0.4527087	0.528634299	1.167714026	2.83132394	2.82488429
3.135897436	1.056410256	0.4579262472	0.5346933635	1.167640787	2.863955445	2.857262356
3.135897436	1.065384615	0.4631986328	0.5408167388	1.167569808	2.89692992	2.889984082
3.135897436	1.074358974	0.468526601	0.5470053167	1.167501089	2.930252019	2.923054234
3.135897436	1.083333333	0.4739109037	0.5532599983	1.167434625	2.963926444	2.956477626
3.135897436	1.092307692	0.4793523007	0.5595816939	1.167370414	2.997957947	2.990259124
3.135897436	1.101282051	0.4848515591	0.5659713233	1.167308453	3.032351326	3.024403643
3.135897436	1.11025641	0.4904094542	0.5724298154	1.167248736	3.06711143	3.058916146
3.135897436	1.119230769	0.4960267687	0.5789581087	1.167191259	3.102243154	3.093801649
3.135897436	1.128205128	0.5017042933	0.5855571507	1.167136017	3.137751442	3.129065214
3.135897436	1.137179487	0.5074428262	0.5922278985	1.167083005	3.173641289	3.164711956
3.135897436	1.146153846	0.5132431735	0.5989713182	1.167032216	3.209917734	3.200747039
3.135897436	1.155128205	0.519106149	0.6057883856	1.166983644	3.246585867	3.237175675
3.135897436	1.164102564	0.5250325742	0.6126800854	1.166937283	3.283650826	3.274003127
3.135897436	1.173076923	0.5310232784	0.619647412	1.166893123	3.321117798	3.311234709
3.135897436	1.182051282	0.5370790985	0.6266913688	1.166851159	3.358992017	3.348875784
3.135897436	1.191025641	0.5432008793	0.6338129687	1.166811382	3.397278767	3.386931763
3.135897436	1.2	0.5493894733	0.6410132338	1.166773783	3.435983378	3.425408108
3.31025641	0.85	0.3728645339	0.4361841776	1.169819433	2.331963758	2.330854871
3.31025641	0.858974359	0.3774088887	0.4414550023	1.169699537	2.360384993	2.359020788
3.31025641	0.8679487179	0.3819959396	0.4467754784	1.169581747	2.389073258	2.38745203
3.31025641	0.8769230769	0.386626251	0.4521462812	1.169466067	2.418032082	2.416152204
3.31025641	0.8858974359	0.3913003953	0.4575680951	1.169352499	2.447265045	2.445124968
3.31025641	0.8948717949	0.3960189523	0.463041614	1.169241046	2.476775773	2.474374031
3.31025641	0.9038461538	0.4007825097	0.468567541	1.16913171	2.506567942	2.503903148
3.31025641	0.9128205128	0.4055916631	0.4741465887	1.169024494	2.536645277	2.533716129
3.31025641	0.9217948718	0.4104470154	0.4797794786	1.168919399	2.567011548	2.563816829
3.31025641	0.9307692308	0.4153491777	0.4854669421	1.168816427	2.597670578	2.594209155
3.31025641	0.9397435897	0.4202987686	0.4912097194	1.16871558	2.628626235	2.624897064
3.31025641	0.9487179487	0.4252964145	0.4970085602	1.168616859	2.659882437	2.655884562
3.31025641	0.9576923077	0.4303427494	0.5028642237	1.168520265	2.691443148	2.687175706
3.31025641	0.9666666667	0.4354384152	0.5087774781	1.168425799	2.723312385	2.718774601
3.31025641	0.9756410256	0.4405840616	0.5147491012	1.16833346	2.755494209	2.750685402
3.31025641	0.9846153846	0.4457803457	0.5207798799	1.16824325	2.787992731	2.782912316
3.31025641	0.9935897436	0.4510279328	0.5268706104	1.168155168	2.820812111	2.815459597
3.31025641	1.002564103	0.4563274954	0.5330220984	1.168069213	2.853956556	2.84833155
3.31025641	1.011538462	0.4616797143	0.5392351589	1.167985385	2.887430323	2.88153253
3.31025641	1.020512821	0.4670852777	0.545510616	1.167903683	2.921237716	2.915066942
3.31025641	1.029487179	0.4725448815	0.5518493033	1.167824105	2.955383088	2.948939239
3.31025641	1.038461538	0.4780592296	0.5582520637	1.16774665	2.989870841	2.983153926
3.31025641	1.047435897	0.4836290333	0.5647197493	1.167671315	3.024705423	3.017715557
3.31025641	1.056410256	0.4892550119	0.5712532216	1.167598099	3.059891334	3.052628735
3.31025641	1.065384615	0.4949378923	0.5778533515	1.167526998	3.095433119	3.087898113
3.31025641	1.074358974	0.5006784093	0.584521019	1.167458009	3.131335374	3.123528396
3.31025641	1.083333333	0.5064773051	0.5912571136	1.16739113	3.167602741	3.159524334
3.31025641	1.092307692	0.5123353301	0.5980625341	1.167326356	3.204239913	3.195890733
3.31025641	1.101282051	0.5182532421	0.6049381885	1.167263684	3.241251629	3.232632442
3.31025641	1.11025641	0.5242318067	0.6118849942	1.167203108	3.278642678	3.269754366
3.31025641	1.119230769	0.5302717973	0.6189038778	1.167144625	3.316417896	3.307261456
3.31025641	1.128205128	0.5363739949	0.6259957755	1.167088228	3.354582169	3.345158714
3.31025641	1.137179487	0.5425391885	0.6331616324	1.167033914	3.39314043	3.383451191
3.31025641	1.146153846	0.5487681746	0.6404024034	1.166981675	3.432097661	3.422143989
3.31025641	1.155128205	0.5550617574	0.6477190522	1.166931505	3.471458892	3.461242258
3.31025641	1.164102564	0.5614207492	0.6551125522	1.166883399	3.511229202	3.500751201
3.31025641	1.173076923	0.5678459695	0.6625838859	1.166837349	3.551413719	3.540676066
3.31025641	1.182051282	0.574338246	0.6701340453	1.166793349	3.592017617	3.581022155
3.31025641	1.191025641	0.5808984139	0.6777640316	1.166751389	3.63304612	3.621794819
3.31025641	1.2	0.5875273163	0.6854748552	1.166711464	3.674504502	3.662999456
3.484615385	0.85	0.3961118434	0.4633518173	1.169749971	2.477356731	2.476031676
3.484615385	0.858974359	0.401033211	0.4690616222	1.169632862	2.508135875	2.50654339
3.484615385	0.8679487179	0.4059997185	0.4748238825	1.169517763	2.539197331	2.537335411
3.484615385	0.8769230769	0.4110119208	0.4806392615	1.169404675	2.570544571	2.568411285
3.484615385	0.8858974359	0.4160703807	0.4865084323	1.169293598	2.602181115	2.599774608
3.484615385	0.8948717949	0.4211756686	0.492432077	1.169184532	2.63411053	2.631429026
3.484615385	0.9038461538	0.4263283628	0.4984108871	1.169077478	2.666336432	2.663378233
3.484615385	0.9128205128	0.4315290492	0.5044455635	1.168972435	2.698862487	2.695625975
3.484615385	0.9217948718	0.4367783216	0.5105368163	1.168869404	2.731692407	2.728176046
3.484615385	0.9307692308	0.4420767814	0.5166853649	1.168768383	2.764829955	2.761032292
3.484615385	0.9397435897	0.4474250376	0.522891938	1.168669373	2.798278938	2.794198606
3.484615385	0.9487179487	0.4528237073	0.5291572739	1.168572372	2.832043217	2.827678932
3.484615385	0.9576923077	0.458273415	0.5354821198	1.168477381	2.866126697	2.861477265
3.484615385	0.9666666667	0.4637747932	0.5418672325	1.168384398	2.900533334	2.895597647
3.484615385	0.9756410256	0.4693284819	0.5483133781	1.168293422	2.93526713	2.930044174
3.484615385	0.9846153846	0.474935129	0.5548213317	1.168204451	2.970332138	2.964820986
3.484615385	0.9935897436	0.4805953901	0.5613918781	1.168117484	3.005732458	2.999932279
3.484615385	1.002564103	0.4863099285	0.5680258113	1.16803252	3.041472238	3.035382293
3.484615385	1.011538462	0.4920794152	0.5747239345	1.167949556	3.077555675	3.071175323
3.484615385	1.020512821	0.4979045291	0.5814870604	1.16786859	3.113987015	3.107315709
3.484615385	1.029487179	0.5037859567	0.5883160108	1.16778962	3.15077055	3.143807845
3.484615385	1.038461538	0.5097243921	0.595211617	1.167712643	3.187910624	3.180656172
3.484615385	1.047435897	0.5157205375	0.6021747194	1.167637656	3.225411626	3.217865182
3.484615385	1.056410256	0.5217751026	0.609206168	1.167564656	3.263277996	3.255439416
3.484615385	1.065384615	0.5278888048	0.616306822	1.167493639	3.301514221	3.293383465
3.484615385	1.074358974	0.5340623694	0.6234775497	1.167424603	3.340124835	3.33170197
3.484615385	1.083333333	0.5402965293	0.630719229	1.167357543	3.379114424	3.370399622
3.484615385	1.092307692	0.5465920251	0.6380327471	1.167292455	3.41848762	3.409481162
3.484615385	1.101282051	0.5529496054	0.6454190003	1.167229335	3.458249103	3.448951379
3.484615385	1.11025641	0.5593700262	0.6528788943	1.167168178	3.498403602	3.488815114
3.484615385	1.119230769	0.5658540515	0.6604133443	1.167108979	3.538955895	3.529077256
3.484615385	1.128205128	0.5724024528	0.6680232746	1.167051733	3.579910808	3.569742745
3.484615385	1.137179487	0.5790160096	0.6757096189	1.166996435	3.621273215	3.610816571
3.484615385	1.146153846	0.5856955089	0.6834733201	1.166943078	3.66304804	3.652303773
3.484615385	1.155128205	0.5924417456	0.6913153306	1.166891658	3.705240252	3.694209439
3.484615385	1.164102564	0.5992555222	0.6992366121	1.166842167	3.747854871	3.736538708
3.484615385	1.173076923	0.6061376491	0.7072381354	1.166794599	3.790896965	3.779296769
3.484615385	1.182051282	0.6130889443	0.7153208808	1.166748948	3.834371651	3.822488859
3.484615385	1.191025641	0.6201102336	0.7234858379	1.166705206	3.878284093	3.866120268
3.484615385	1.2	0.6272023505	0.7317340056	1.166663366	3.922639504	3.910196332
3.658974359	0.85	0.4201304172	0.4914213422	1.169687607	2.627573334	2.626027922
3.658974359	0.858974359	0.4254451698	0.4975892723	1.169573208	2.66081278	2.658987737
3.658974359	0.8679487179	0.4308076779	0.5038126625	1.169460732	2.694350897	2.692243916
3.658974359	0.8769230769	0.436218487	0.5100921649	1.169350177	2.728191098	2.725799945
3.658974359	0.8858974359	0.4416781505	0.5164284406	1.169241539	2.762336843	2.759659355
3.658974359	0.8948717949	0.4471872292	0.5228221603	1.169134819	2.796791641	2.793825732
3.658974359	0.9038461538	0.4527462921	0.5292740038	1.169030013	2.831559048	2.828302706
3.658974359	0.9128205128	0.4583559154	0.5357846602	1.16892712	2.86664267	2.863093962
3.658974359	0.9217948718	0.4640166836	0.5423548281	1.168826138	2.902046161	2.898203231
3.658974359	0.9307692308	0.4697291884	0.5489852153	1.168727064	2.937773223	2.933634297
3.658974359	0.9397435897	0.4754940297	0.5556765389	1.168629897	2.973827606	2.969390991
3.658974359	0.9487179487	0.4813118148	0.5624295253	1.168534634	3.010213111	3.005477195
3.658974359	0.9576923077	0.4871831589	0.5692449104	1.168441273	3.046933583	3.041896842
3.658974359	0.9666666667	0.493108685	0.5761234391	1.168349811	3.083992918	3.078653911
3.658974359	0.9756410256	0.4990890235	0.5830658658	1.168260247	3.121395062	3.115752435
3.658974359	0.9846153846	0.505124813	0.5900729543	1.168172577	3.159144005	3.153196495
3.658974359	0.9935897436	0.5112166995	0.5971454776	1.168086798	3.19724379	3.190990221
3.658974359	1.002564103	0.5173653369	0.6042842179	1.168002908	3.235698506	3.229137794
3.658974359	1.011538462	0.5235713867	0.611489967	1.167920904	3.274512289	3.267643444
3.658974359	1.020512821	0.5298355183	0.6187635258	1.167840782	3.313689327	3.306511451
3.658974359	1.029487179	0.5361584087	0.6261057045	1.167762539	3.353233853	3.345746146
3.658974359	1.038461538	0.5425407427	0.6335173227	1.167686172	3.39315015	3.385351908
3.658974359	1.047435897	0.5489832128	0.6409992094	1.167611676	3.43344255	3.425333165
3.658974359	1.056410256	0.5554865194	0.6485522028	1.167539049	3.474115432	3.465694398
3.658974359	1.065384615	0.5620513704	0.6561771503	1.167468286	3.515173224	3.506440136
3.658974359	1.074358974	0.5686784815	0.6638749088	1.167399384	3.556620403	3.547574957
3.658974359	1.083333333	0.5753685762	0.6716463445	1.167332337	3.598461492	3.589103489
3.658974359	1.092307692	0.5821223857	0.6794923328	1.167267141	3.640701066	3.631030412
3.658974359	1.101282051	0.588940649	0.6874137586	1.167203792	3.683343746	3.673360452
3.658974359	1.11025641	0.5958241127	0.6954115159	1.167142284	3.726394201	3.716098388
3.658974359	1.119230769	0.6027735313	0.7034865082	1.167082613	3.769857151	3.759249048
3.658974359	1.128205128	0.609789667	0.7116396481	1.167024774	3.81373736	3.802817309
3.658974359	1.137179487	0.6168732895	0.7198718578	1.16696876	3.858039646	3.846808097
3.658974359	1.146153846	0.6240251766	0.7281840685	1.166914567	3.90276887	3.891226391
3.658974359	1.155128205	0.6312461135	0.7365772209	1.166862188	3.947929946	3.936077216
3.658974359	1.164102564	0.6385368935	0.7450522652	1.166811617	3.993527832	3.981365649
3.658974359	1.173076923	0.6458983173	0.7536101604	1.166762848	4.039567538	4.027096817
3.658974359	1.182051282	0.6533311935	0.7622518753	1.166715875	4.08605412	4.073275895
3.658974359	1.191025641	0.6608363384	0.7709783878	1.166670691	4.132992685	4.11990811
3.658974359	1.2	0.6684145761	0.7797906851	1.166627289	4.180388385	4.166998736
3.833333333	0.85	0.4449202554	0.5203927524	1.169631515	2.782613567	2.780843607
3.833333333	0.858974359	0.4506447651	0.5270379524	1.169519749	2.818415709	2.816353829
3.833333333	0.8679487179	0.4564198178	0.5337418186	1.169409823	2.854533958	2.852177547
3.833333333	0.8769230769	0.4622459498	0.5405049913	1.169301735	2.890971665	2.888318184
3.833333333	0.8858974359	0.4681237048	0.5473281201	1.169195481	2.927732231	2.924779211
3.833333333	0.8948717949	0.4740536343	0.5542118639	1.169091056	2.964819107	2.961564149
3.833333333	0.9038461538	0.4800362976	0.5611568909	1.168988457	3.00223579	2.998676568
3.833333333	0.9128205128	0.4860722617	0.5681638787	1.168887681	3.039985826	3.036120089
3.833333333	0.9217948718	0.4921621013	0.5752335141	1.168788723	3.078072809	3.073898384
3.833333333	0.9307692308	0.498306399	0.5823664933	1.168691581	3.116500383	3.11201517
3.833333333	0.9397435897	0.5045057449	0.5895635219	1.16859625	3.155272239	3.15047422
3.833333333	0.9487179487	0.5107607371	0.5968253145	1.168502728	3.194392117	3.189279352
3.833333333	0.9576923077	0.5170719811	0.6041525953	1.168411009	3.233863805	3.228434436
3.833333333	0.9666666667	0.5234400905	0.6115460977	1.168321091	3.273691138	3.267943392
3.833333333	0.9756410256	0.5298656863	0.6190065645	1.16823297	3.313878003	3.307810187
3.833333333	0.9846153846	0.5363493976	0.6265347477	1.168146642	3.354428333	3.348038842
3.833333333	0.9935897436	0.5428918608	0.6341314088	1.168062103	3.395346108	3.388633424
3.833333333	1.002564103	0.5494937205	0.6417973183	1.16797935	3.436635359	3.429598052
3.833333333	1.011538462	0.5561556286	0.6495332563	1.167898377	3.478300165	3.470936894
3.833333333	1.020512821	0.5628782451	0.6573400121	1.167819183	3.520344652	3.512654168
3.833333333	1.029487179	0.5696622376	0.6652183844	1.167741761	3.562772995	3.554754141
3.833333333	1.038461538	0.5765082812	0.673169181	1.167666108	3.605589418	3.597241132
3.833333333	1.047435897	0.5834170592	0.6811932193	1.16759222	3.648798194	3.640119507
3.833333333	1.056410256	0.5903892622	0.6892913258	1.167520092	3.692403641	3.683393683
3.833333333	1.065384615	0.5974255889	0.6974643364	1.16744972	3.736410129	3.727068127
3.833333333	1.074358974	0.6045267454	0.7057130963	1.167381099	3.780822076	3.771147356
3.833333333	1.083333333	0.6116934458	0.71403846	1.167314224	3.825643945	3.815635936
3.833333333	1.092307692	0.6189264118	0.7224412914	1.167249091	3.870880253	3.860538483
3.833333333	1.101282051	0.6262263729	0.7309224635	1.167185694	3.916535559	3.905859662
3.833333333	1.11025641	0.6335940663	0.739482859	1.167124028	3.962614476	3.95160419
3.833333333	1.119230769	0.6410302369	0.7481233694	1.167064089	4.009121663	3.997776832
3.833333333	1.128205128	0.6485356374	0.756844896	1.16700587	4.056061826	4.044382404
3.833333333	1.137179487	0.6561110282	0.7656483491	1.166949367	4.103439721	4.091425769
3.833333333	1.146153846	0.6637571775	0.7745346485	1.166894573	4.151260153	4.138911843
3.833333333	1.155128205	0.6714748612	0.7835047231	1.166841483	4.199527974	4.18684559
3.833333333	1.164102564	0.6792648629	0.7925595114	1.166790091	4.248248086	4.235232025
3.833333333	1.173076923	0.6871279739	0.8016999609	1.166740391	4.297425436	4.284076212
3.833333333	1.182051282	0.6950649934	0.8109270287	1.166692376	4.347065024	4.333383264
3.833333333	1.191025641	0.7030767282	0.8202416811	1.16664604	4.397171895	4.383158345
3.833333333	1.2	0.7111639929	0.8296448936	1.166601377	4.447751144	4.433406668
4.007692308	0.85	0.470481358	0.5502660478	1.16958098	2.94247743	2.940478733
4.007692308	0.858974359	0.4766319968	0.5574076626	1.169471765	2.980944663	2.978641667
4.007692308	0.8679487179	0.4828361383	0.5646113507	1.169364316	3.019746512	3.017136303
4.007692308	0.8769230769	0.4890943091	0.5718777408	1.169258628	3.058886269	3.055966003
4.007692308	0.8858974359	0.4954070435	0.5792074707	1.169154695	3.098367278	3.095134174
4.007692308	0.8948717949	0.5017748837	0.5866011877	1.169052511	3.138192928	3.134644277
4.007692308	0.9038461538	0.5081983793	0.5940595486	1.168952072	3.178366657	3.174499818
4.007692308	0.9128205128	0.5146780879	0.601583219	1.168853373	3.218891954	3.214704358
4.007692308	0.9217948718	0.5212145748	0.6091728743	1.168756408	3.259772352	3.255261503
4.007692308	0.9307692308	0.527808413	0.616829199	1.168661173	3.301011435	3.296174912
4.007692308	0.9397435897	0.5344601833	0.624552887	1.168567662	3.342612837	3.337448293
4.007692308	0.9487179487	0.5411704741	0.6323446413	1.168475871	3.384580237	3.379085403
4.007692308	0.9576923077	0.5479398816	0.6402051745	1.168385796	3.426917363	3.421090049
4.007692308	0.9666666667	0.5547690098	0.6481352084	1.16829743	3.469627994	3.463466089
4.007692308	0.9756410256	0.5616584704	0.6561354741	1.16821077	3.512715955	3.506217429
4.007692308	0.9846153846	0.5686088828	0.6642067119	1.16812581	3.55618512	3.549348026
4.007692308	0.9935897436	0.5756208742	0.6723496716	1.168042546	3.600039411	3.592861887
4.007692308	1.002564103	0.5826950794	0.6805651123	1.167960974	3.644282799	3.636763066
4.007692308	1.011538462	0.5898321411	0.6888538024	1.167881087	3.688919303	3.681055672
4.007692308	1.020512821	0.5970327098	0.6972165194	1.167802883	3.733952991	3.725743858
4.007692308	1.029487179	0.6042974433	0.7056540505	1.167726354	3.779387978	3.770831831
4.007692308	1.038461538	0.6116270077	0.7141671918	1.167651498	3.825228429	3.816323845
4.007692308	1.047435897	0.6190220766	0.722756749	1.167578308	3.871478558	3.862224206
4.007692308	1.056410256	0.6264833311	0.7314235371	1.167506781	3.918142623	3.908537269
4.007692308	1.065384615	0.6340114604	0.7401683803	1.16743691	3.965224936	3.955267438
4.007692308	1.074358974	0.6416071612	0.7489921122	1.167368691	4.012729854	4.002419168
4.007692308	1.083333333	0.6492711382	0.7578955756	1.167302119	4.060661784	4.049996962
4.007692308	1.092307692	0.6570041035	0.7668796227	1.167237189	4.109025179	4.098005375
4.007692308	1.101282051	0.6648067771	0.775945115	1.167173894	4.157824543	4.146449009
4.007692308	1.11025641	0.6726798868	0.7850929235	1.167112231	4.207064427	4.19533252
4.007692308	1.119230769	0.680624168	0.7943239281	1.167052193	4.256749431	4.244660609
4.007692308	1.128205128	0.688640364	0.8036390183	1.166993775	4.306884204	4.29443803
4.007692308	1.137179487	0.6967292257	0.813039093	1.166936972	4.357473441	4.344669586
4.007692308	1.146153846	0.7048915118	0.8225250601	1.166881777	4.408521888	4.395360129
4.007692308	1.155128205	0.7131279887	0.8320978371	1.166828186	4.460034337	4.446514561
4.007692308	1.164102564	0.7214394305	0.8417583507	1.166776191	4.512015632	4.498137835
4.007692308	1.173076923	0.7298266191	0.8515075369	1.166725788	4.56447066	4.550234952
4.007692308	1.182051282	0.7382903442	0.8613463411	1.166676969	4.617404363	4.602810964
4.007692308	1.191025641	0.7468314031	0.8712757178	1.16662973	4.670821725	4.655870972
4.007692308	1.2	0.7554506009	0.8812966312	1.166584063	4.724727782	4.709420128
4.182051282	0.85	0.4968137249	0.5810412284	1.16953538	3.107164924	3.104933299
4.182051282	0.858974359	0.503406865	0.588698403	1.169428635	3.148399641	3.14585125
4.182051282	0.8679487179	0.5100566393	0.5964212589	1.169323587	3.189988559	3.187120185
4.182051282	0.8769230769	0.5167635649	0.6042104133	1.169220228	3.231934913	3.228743401
4.182051282	0.8858974359	0.5235281668	0.6120664924	1.169118552	3.274241984	3.270724246
4.182051282	0.8948717949	0.5303509774	0.6199901319	1.169018552	3.316913104	3.313066116
4.182051282	0.9038461538	0.5372325372	0.6279819767	1.168920222	3.359951651	3.355772457
4.182051282	0.9128205128	0.5441733942	0.6360426811	1.168823555	3.403361054	3.398846767
4.182051282	0.9217948718	0.5511741041	0.6441729087	1.168728545	3.447144789	3.442292589
4.182051282	0.9307692308	0.5582352305	0.6523733323	1.168635186	3.49130638	3.486113522
4.182051282	0.9397435897	0.5653573448	0.6606446342	1.168543471	3.535849399	3.530313209
4.182051282	0.9487179487	0.5725410258	0.6689875059	1.168453396	3.580777469	3.574895347
4.182051282	0.9576923077	0.5797868603	0.6774026482	1.168364954	3.626094259	3.61986368
4.182051282	0.9666666667	0.5870954429	0.6858907713	1.168278139	3.671803486	3.665222003
4.182051282	0.9756410256	0.5944673757	0.6944525945	1.168192945	3.717908917	3.710974162
4.182051282	0.9846153846	0.6019032687	0.7030888468	1.168109368	3.764414367	3.757124049
4.182051282	0.9935897436	0.6094037395	0.7118002662	1.168027401	3.811323699	3.80367561
4.182051282	1.002564103	0.6169694136	0.7205876001	1.16794704	3.858640824	3.850632839
4.182051282	1.011538462	0.6246009242	0.7294516053	1.167868277	3.906369702	3.897999778
4.182051282	1.020512821	0.6322989121	0.7383930477	1.167791109	3.954514343	3.945780522
4.182051282	1.029487179	0.640064026	0.7474127027	1.167715529	4.003078801	3.993979214
4.182051282	1.038461538	0.6478969223	0.756511355	1.167641532	4.052067183	4.042600047
4.182051282	1.047435897	0.655798265	0.7656897986	1.167569113	4.101483642	4.091647264
4.182051282	1.056410256	0.663768726	0.7749488367	1.167498266	4.151332379	4.141125157
4.182051282	1.065384615	0.6718089849	0.784289282	1.167428986	4.201617645	4.191038069
4.182051282	1.074358974	0.679919729	0.7937119564	1.167361267	4.252343739	4.241390392
4.182051282	1.083333333	0.6881016533	0.8032176912	1.167295104	4.303515007	4.292186568
4.182051282	1.092307692	0.6963554607	0.8128073268	1.167230492	4.355135845	4.343431088
4.182051282	1.101282051	0.7046818616	0.8224817131	1.167167424	4.407210696	4.395128494
4.182051282	1.11025641	0.7130815743	0.8322417094	1.167105896	4.459744053	4.447283377
4.182051282	1.119230769	0.7215553249	0.8420881841	1.167045901	4.512740456	4.499900378
4.182051282	1.128205128	0.730103847	0.852022015	1.166987434	4.566204495	4.552984189
4.182051282	1.137179487	0.7387278821	0.8620440893	1.16693049	4.620140805	4.606539549
4.182051282	1.146153846	0.7474281794	0.8721553034	1.166875062	4.674554074	4.660571249
4.182051282	1.155128205	0.7562054959	0.882356563	1.166821146	4.729449035	4.715084129
4.182051282	1.164102564	0.7650605962	0.8926487832	1.166768734	4.78483047	4.770083078
4.182051282	1.173076923	0.7739942528	0.9030328885	1.166717822	4.840703211	4.825573038
4.182051282	1.182051282	0.7830072458	0.9135098124	1.166668402	4.897072136	4.881558996
4.182051282	1.191025641	0.7921003631	0.9240804981	1.16662047	4.953942173	4.938045993
4.182051282	1.2	0.8012744003	0.9347458978	1.166574019	5.011318298	4.995039117
4.356410256	0.85	0.5239173563	0.6127182943	1.169494171	3.276676047	3.274207306
4.356410256	0.858974359	0.5309693697	0.6209101734	1.169389816	3.320780643	3.317982578
4.356410256	0.8679487179	0.5380813208	0.6291715432	1.169287093	3.365260101	3.362129191
4.356410256	0.8769230769	0.5452537173	0.6375030089	1.169185993	3.410117595	3.406650378
4.356410256	0.8858974359	0.5524870745	0.6459051853	1.169086509	3.455356349	3.451549425
4.356410256	0.8948717949	0.5597819156	0.6543786964	1.168988633	3.500979634	3.496829666
4.356410256	0.9038461538	0.5671387714	0.6629241755	1.168892357	3.546990771	3.542494485
4.356410256	0.9128205128	0.5745581805	0.6715422651	1.168797674	3.593393128	3.588547316
4.356410256	0.9217948718	0.5820406892	0.6802336173	1.168704577	3.640190121	3.634991643
4.356410256	0.9307692308	0.5895868515	0.6889988933	1.168613058	3.687385216	3.681831
4.356410256	0.9397435897	0.5971972294	0.6978387636	1.16852311	3.734981927	3.729068969
4.356410256	0.9487179487	0.6048723922	0.7067539082	1.168434727	3.782983815	3.776709185
4.356410256	0.9576923077	0.6126129174	0.7157450162	1.168347901	3.831394491	3.824755329
4.356410256	0.9666666667	0.6204193898	0.7248127862	1.168262627	3.880217613	3.873211135
4.356410256	0.9756410256	0.6282924022	0.7339579259	1.168178898	3.929456889	3.922080384
4.356410256	0.9846153846	0.6362325551	0.7431811526	1.168096707	3.979116074	3.97136691
4.356410256	0.9935897436	0.6442404568	0.7524831926	1.168016048	4.029198972	4.021074594
4.356410256	1.002564103	0.6523167231	0.7618647817	1.167936916	4.079709435	4.071207368
4.356410256	1.011538462	0.6604619778	0.771326665	1.167859303	4.130651364	4.121769213
4.356410256	1.020512821	0.6686768522	0.7808695969	1.167783204	4.182028708	4.172764161
4.356410256	1.029487179	0.6769619856	0.7904943412	1.167708613	4.233845465	4.224196292
4.356410256	1.038461538	0.6853180248	0.8002016708	1.167635524	4.286105679	4.276069739
4.356410256	1.047435897	0.6937456244	0.8099923681	1.167563931	4.338813446	4.32838868
4.356410256	1.056410256	0.7022454469	0.8198672247	1.167493827	4.391972908	4.381157347
4.356410256	1.065384615	0.7108181624	0.8298270416	1.167425209	4.445588256	4.43438002
4.356410256	1.074358974	0.7194644486	0.8398726291	1.167358069	4.49966373	4.488061028
4.356410256	1.083333333	0.7281849912	0.8500048068	1.167292401	4.554203616	4.542204753
4.356410256	1.092307692	0.7369804834	0.8602244036	1.167228201	4.609212251	4.596815622
4.356410256	1.101282051	0.7458516264	0.8705322577	1.167165462	4.66469402	4.651898115
4.356410256	1.11025641	0.7547991288	0.8809292167	1.167104178	4.720653355	4.707456761
4.356410256	1.119230769	0.7638237073	0.8914161375	1.167044344	4.777094738	4.76349614
4.356410256	1.128205128	0.7729260861	0.9019938861	1.166985954	4.834022699	4.820020879
4.356410256	1.137179487	0.7821069972	0.9126633381	1.166929002	4.891441814	4.877035657
4.356410256	1.146153846	0.7913671803	0.9234253782	1.166873483	4.949356712	4.934545203
4.356410256	1.155128205	0.8007073829	0.9342809007	1.166819391	5.007772067	4.992554293
4.356410256	1.164102564	0.8101283601	0.9452308089	1.166766719	5.066692601	5.051067756
4.356410256	1.173076923	0.819630875	0.9562760156	1.166715463	5.126123086	5.11009047
4.356410256	1.182051282	0.8292156982	0.9674174427	1.166665615	5.186068343	5.169627361
4.356410256	1.191025641	0.8388836081	0.9786560218	1.166617171	5.24653324	5.229683406
4.356410256	1.2	0.8486353909	0.9899926935	1.166570124	5.307522693	5.290263633
4.530769231	0.85	0.5517922519	0.6452972454	1.16945688	3.4510108	3.448300753
4.530769231	0.858974359	0.5593195108	0.654042974	1.169354834	3.498087669	3.495035653
4.530769231	0.8679487179	0.5669101828	0.6628622034	1.169254361	3.545561136	3.542163323
4.530769231	0.8769230769	0.5745647661	0.6717555276	1.16915545	3.593434316	3.589686935
4.530769231	0.8858974359	0.5822837667	0.6807235493	1.169058092	3.641710373	3.637609713
4.530769231	0.8948717949	0.5900676981	0.6897668812	1.168962279	3.690392519	3.685934927
4.530769231	0.9038461538	0.5979170818	0.6988861447	1.168868002	3.739484017	3.734665901
4.530769231	0.9128205128	0.6058324468	0.7080819709	1.168775252	3.788988173	3.783806006
4.530769231	0.9217948718	0.61381433	0.7173550001	1.168684022	3.838908347	3.833358664
4.530769231	0.9307692308	0.621863276	0.7267058819	1.168594304	3.889247944	3.883327346
4.530769231	0.9397435897	0.6299798371	0.7361352752	1.168506088	3.940010419	3.933715573
4.530769231	0.9487179487	0.6381645734	0.7456438483	1.168419369	3.991199273	3.984526916
4.530769231	0.9576923077	0.6464180527	0.7552322787	1.168334139	4.042818059	4.035764996
4.530769231	0.9666666667	0.6547408504	0.7649012533	1.168250389	4.094870376	4.087433483
4.530769231	0.9756410256	0.6631335499	0.7746514682	1.168168114	4.147359871	4.139536097
4.530769231	0.9846153846	0.6715967422	0.7844836291	1.168087306	4.200290241	4.192076609
4.530769231	0.9935897436	0.6801310261	0.7943984506	1.168007958	4.25366523	4.245058838
4.530769231	1.002564103	0.6887370079	0.8043966569	1.167930063	4.307488632	4.298486654
4.530769231	1.011538462	0.6974153019	0.8144789815	1.167853615	4.361764288	4.352363976
4.530769231	1.020512821	0.70616653	0.8246461671	1.167778608	4.416496087	4.406694773
4.530769231	1.029487179	0.714991322	0.8348989658	1.167705034	4.471687969	4.461483065
4.530769231	1.038461538	0.7238903153	0.845238139	1.167632887	4.527343918	4.516732919
4.530769231	1.047435897	0.7328641549	0.8556644574	1.167562162	4.583467971	4.572448454
4.530769231	1.056410256	0.7419134939	0.8661787009	1.167492852	4.640064211	4.628633839
4.530769231	1.065384615	0.7510389929	0.8767816589	1.16742495	4.697136769	4.68529329
4.530769231	1.074358974	0.7602413201	0.8874741302	1.167358451	4.754689826	4.742431077
4.530769231	1.083333333	0.7695211518	0.8982569225	1.167293349	4.812727609	4.800051517
4.530769231	1.092307692	0.7788791717	0.9091308532	1.167229637	4.871254397	4.858158976
4.530769231	1.101282051	0.7883160715	0.9200967489	1.16716731	4.930274513	4.916757873
4.530769231	1.11025641	0.7978325504	0.9311554455	1.167106362	4.989792333	4.975852673
4.530769231	1.119230769	0.8074293155	0.9423077882	1.167046787	5.049812276	5.035447894
4.530769231	1.128205128	0.8171070816	0.9535546315	1.166988578	5.110338815	5.095548101
4.530769231	1.137179487	0.8268665711	0.9648968393	1.166931731	5.171376468	5.156157911
4.530769231	1.146153846	0.8367085145	0.9763352848	1.166876239	5.232929802	5.217281991
4.530769231	1.155128205	0.8466336496	0.9878708503	1.166822097	5.295003433	5.278925054
4.530769231	1.164102564	0.8566427222	0.9995044277	1.166769298	5.357602024	5.341091868
4.530769231	1.173076923	0.8667364857	1.011236918	1.166717837	5.420730288	5.403787248
4.530769231	1.182051282	0.8769157014	1.023069232	1.166667709	5.484392986	5.467016057
4.530769231	1.191025641	0.8871811382	1.035002289	1.166618906	5.548594926	5.530783212
4.530769231	1.2	0.8975335728	1.047037018	1.166571424	5.613340967	5.595093677
4.705128205	0.85	0.580438412	0.6787780818	1.169423091	3.630169183	3.62721364
4.705128205	0.858974359	0.5884572884	0.6880968046	1.169323277	3.680320719	3.677010472
4.705128205	0.8679487179	0.5965432254	0.6974932398	1.169224978	3.730891665	3.727222579
4.705128205	0.8769230769	0.6046967115	0.7069679693	1.169128186	3.781885075	3.777853071
4.705128205	0.8858974359	0.6129182433	0.7165215845	1.169032889	3.833304056	3.828905108
4.705128205	0.8948717949	0.621208325	0.7261546862	1.168939077	3.88515176	3.8803819
4.705128205	0.9038461538	0.6295674684	0.7358678844	1.168846742	3.937431388	3.932286706
4.705128205	0.9128205128	0.6379961931	0.7456617985	1.168755874	3.990146192	3.984622837
4.705128205	0.9217948718	0.6464950266	0.7555370571	1.168666465	4.043299468	4.037393652
4.705128205	0.9307692308	0.6550645039	0.7654942981	1.168578504	4.096894564	4.09060256
4.705128205	0.9397435897	0.663705168	0.7755341689	1.168491985	4.150934876	4.14425302
4.705128205	0.9487179487	0.6724175693	0.785657326	1.168406898	4.205423845	4.198348541
4.705128205	0.9576923077	0.6812022662	0.7958644355	1.168323235	4.260364964	4.25289268
4.705128205	0.9666666667	0.6900598248	0.8061561724	1.168240989	4.315761774	4.307889048
4.705128205	0.9756410256	0.6989908189	0.8165332214	1.168160152	4.371617863	4.3633413
4.705128205	0.9846153846	0.70799583	0.8269962763	1.168080716	4.427936868	4.419253146
4.705128205	0.9935897436	0.7170754473	0.8375460403	1.168002675	4.484722474	4.475628343
4.705128205	1.002564103	0.7262302679	0.8481832259	1.167926019	4.541978415	4.532470698
4.705128205	1.011538462	0.7354608965	0.8589085549	1.167850744	4.599708473	4.589784068
4.705128205	1.020512821	0.7447679456	0.8697227583	1.16777684	4.65791648	4.64757236
4.705128205	1.029487179	0.7541520353	0.8806265767	1.167704303	4.716606313	4.705839531
4.705128205	1.038461538	0.7636137938	0.8916207597	1.167633124	4.7757819	4.764589588
4.705128205	1.047435897	0.7731538565	0.9027060665	1.167563298	4.835447217	4.823826586
4.705128205	1.056410256	0.782772867	0.9138832654	1.167494817	4.895606287	4.883554632
4.705128205	1.065384615	0.7924714764	0.9251531341	1.167427676	4.956263184	4.943777881
4.705128205	1.074358974	0.8022503435	0.9365164596	1.167361868	5.017422028	5.004500539
4.705128205	1.083333333	0.8121101352	0.9479740382	1.167297386	5.079086988	5.065726861
4.705128205	1.092307692	0.8220515256	0.9595266756	1.167234225	5.141262283	5.127461152
4.705128205	1.101282051	0.8320751969	0.9711751867	1.167172379	5.203952177	5.189707768
4.705128205	1.11025641	0.8421818389	0.9829203958	1.16711184	5.267160986	5.252471112
4.705128205	1.119230769	0.8523721493	0.9947631364	1.167052604	5.330893071	5.31575564
4.705128205	1.128205128	0.8626468332	1.006704251	1.166994664	5.395152845	5.379565855
4.705128205	1.137179487	0.8730066039	1.018744593	1.166938015	5.459944767	5.443906311
4.705128205	1.146153846	0.883452182	1.030885023	1.16688265	5.525273344	5.508781613
4.705128205	1.155128205	0.8939842961	1.043126412	1.166828563	5.591143134	5.574196413
4.705128205	1.164102564	0.9046036824	1.05546964	1.16677575	5.65755874	5.640155415
4.705128205	1.173076923	0.9153110849	1.067915596	1.166724203	5.724524816	5.706663372
4.705128205	1.182051282	0.9261072554	1.08046518	1.166673918	5.792046063	5.773725086
4.705128205	1.191025641	0.9369929534	1.0931193	1.166624888	5.860127231	5.841345411
4.705128205	1.2	0.9479689459	1.105878872	1.166577109	5.928773119	5.909529249
4.879487179	0.85	0.6098558364	0.7131608033	1.169392438	3.814151196	3.810945967
4.879487179	0.858974359	0.6183827025	0.7230716654	1.169294779	3.867479794	3.863907038
4.879487179	0.8679487179	0.6269804484	0.7330646522	1.169198583	3.921251687	3.917306961
4.879487179	0.8769230769	0.6356495534	0.743140334	1.16910384	3.975469873	3.971148787
4.879487179	0.8858974359	0.6443905045	0.7532992908	1.169010539	4.030137398	4.025435611
4.879487179	0.8948717949	0.6532037963	0.7635421116	1.168918668	4.085257355	4.080170583
4.879487179	0.9038461538	0.6620899312	0.7738693947	1.168828218	4.140832886	4.1353569
4.879487179	0.9128205128	0.6710494195	0.7842817479	1.16873918	4.196867183	4.190997809
4.879487179	0.9217948718	0.680082779	0.7947797882	1.168651542	4.253363484	4.247096607
4.879487179	0.9307692308	0.6891905353	0.8053641419	1.168565296	4.310325077	4.303656643
4.879487179	0.9397435897	0.6983732219	0.8160354447	1.168480433	4.367755297	4.360681311
4.879487179	0.9487179487	0.7076313799	0.8267943415	1.168396944	4.425657529	4.418174059
4.879487179	0.9576923077	0.7169655581	0.8376414867	1.16831482	4.484035206	4.476138383
4.879487179	0.9666666667	0.7263763131	0.8485775437	1.168234052	4.542891808	4.534577829
4.879487179	0.9756410256	0.7358642091	0.8596031855	1.168154634	4.602230865	4.593495994
4.879487179	0.9846153846	0.7454298184	0.8707190944	1.168076555	4.662055954	4.652896521
4.879487179	0.9935897436	0.7550737206	0.8819259618	1.16799981	4.722370702	4.712783108
4.879487179	1.002564103	0.7647965032	0.8932244886	1.167924389	4.783178784	4.773159498
4.879487179	1.011538462	0.7745987617	0.904615385	1.167850286	4.844483921	4.834029488
4.879487179	1.020512821	0.7844810989	0.9160993704	1.167777492	4.906289885	4.895396921
4.879487179	1.029487179	0.7944441256	0.9276771737	1.167706002	4.968600497	4.957265693
4.879487179	1.038461538	0.8044884602	0.9393495329	1.167635808	5.031419624	5.019639746
4.879487179	1.047435897	0.8146147291	0.9511171955	1.167566902	5.094751182	5.082523077
4.879487179	1.056410256	0.824823566	0.9629809182	1.167499278	5.158599137	5.145919727
4.879487179	1.065384615	0.8351156128	0.9749414671	1.16743293	5.222967501	5.209833791
4.879487179	1.074358974	0.8454915188	0.9869996175	1.167367851	5.287860336	5.274269413
4.879487179	1.083333333	0.8559519413	0.999156154	1.167304034	5.353281753	5.339230784
4.879487179	1.092307692	0.8664975449	1.011411871	1.167241473	5.419235909	5.404722149
4.879487179	1.101282051	0.8771290026	1.023767571	1.167180162	5.485727011	5.4707478
4.879487179	1.11025641	0.8878469944	1.036224067	1.167120094	5.552759314	5.537312079
4.879487179	1.119230769	0.8986522087	1.048782182	1.167061263	5.620337123	5.604419378
4.879487179	1.128205128	0.9095453412	1.061442746	1.167003664	5.688464788	5.67207414
4.879487179	1.137179487	0.9205270954	1.074206599	1.16694729	5.75714671	5.740280856
4.879487179	1.146153846	0.9315981828	1.087074593	1.166892135	5.826387338	5.809044068
4.879487179	1.155128205	0.9427593223	1.100047585	1.166838194	5.896191169	5.878368368
4.879487179	1.164102564	0.9540112408	1.113126445	1.16678546	5.966562748	5.948258395
4.879487179	1.173076923	0.9653546727	1.12631205	1.166733929	6.037506669	6.018718841
4.879487179	1.182051282	0.9767903603	1.139605287	1.166683593	6.109027575	6.089754447
4.879487179	1.191025641	0.9883190536	1.153007054	1.166634448	6.181130155	6.161370003
4.879487179	1.2	0.9999415104	1.166518255	1.166586488	6.253819149	6.23357035
5.053846154	0.85	0.6400445252	0.7484454102	1.1693646	4.00295684	3.999497734
5.053846154	0.858974359	0.649095753	0.7589675563	1.169269022	4.059564893	4.055725348
5.053846154	0.8679487179	0.658221852	0.7695764406	1.169174858	4.116641203	4.112416468
5.053846154	0.8769230769	0.6674232919	0.7802726219	1.169082097	4.17418871	4.169574081
5.053846154	0.8858974359	0.6767005501	0.7910566683	1.168990727	4.232210399	4.227201222
5.053846154	0.8948717949	0.6860541119	0.8019291573	1.168900737	4.290709304	4.285300977
5.053846154	0.9038461538	0.6954844703	0.8128906755	1.168812116	4.34968851	4.343876482
5.053846154	0.9128205128	0.7049921259	0.8239418192	1.168724854	4.409151146	4.402930921
5.053846154	0.9217948718	0.7145775871	0.8350831936	1.168638939	4.469100394	4.46246753
5.053846154	0.9307692308	0.7242413702	0.8463154134	1.168554364	4.529539481	4.522489593
5.053846154	0.9397435897	0.7339839991	0.8576391027	1.168471116	4.590471684	4.583000446
5.053846154	0.9487179487	0.7438060053	0.8690548948	1.168389188	4.651900327	4.644003471
5.053846154	0.9576923077	0.7537079282	0.8805634323	1.168308571	4.713828785	4.705502104
5.053846154	0.9666666667	0.763690315	0.8921653671	1.168229254	4.776260478	4.767499828
5.053846154	0.9756410256	0.7737537206	0.9038613605	1.16815123	4.839198877	4.830000177
5.053846154	0.9846153846	0.7838987074	0.9156520832	1.16807449	4.902647501	4.893006734
5.053846154	0.9935897436	0.7941258458	0.927538215	1.167999027	4.966609916	4.956523133
5.053846154	1.002564103	0.8044357139	0.939520445	1.167924831	5.031089738	5.020553056
5.053846154	1.011538462	0.8148288974	0.951599472	1.167851895	5.09609063	5.085100236
5.053846154	1.020512821	0.8253059899	0.9637760035	1.167780212	5.161616305	5.150168456
5.053846154	1.029487179	0.8358675927	0.9760507569	1.167709773	5.227670522	5.215761548
5.053846154	1.038461538	0.8465143147	0.9884244586	1.167640572	5.29425709	5.281883394
5.053846154	1.047435897	0.8572467727	1.000897844	1.167572601	5.361379868	5.348537925
5.053846154	1.056410256	0.8680655912	1.013471659	1.167505854	5.42904276	5.415729124
5.053846154	1.065384615	0.8789714023	1.026146658	1.167440323	5.497249719	5.483461022
5.053846154	1.074358974	0.8899648461	1.038923604	1.167376002	5.56600475	5.551737699
5.053846154	1.083333333	0.9010465701	1.05180327	1.167312883	5.635311902	5.620563287
5.053846154	1.092307692	0.9122172299	1.064786439	1.167250962	5.705175274	5.689941967
5.053846154	1.101282051	0.9234774885	1.077873902	1.16719023	5.775599014	5.759877969
5.053846154	1.11025641	0.934828017	1.091066461	1.167130682	5.846587319	5.830375573
5.053846154	1.119230769	0.9462694938	1.104364925	1.167072311	5.918144431	5.901439109
5.053846154	1.128205128	0.9578026054	1.117770114	1.167015111	5.990274644	5.973072958
5.053846154	1.137179487	0.9694280458	1.131282858	1.166959077	6.062982298	6.045281547
5.053846154	1.146153846	0.9811465169	1.144903994	1.166904203	6.136271784	6.118069358
5.053846154	1.155128205	0.9929587283	1.15863437	1.166850481	6.210147539	6.191440919
5.053846154	1.164102564	1.004865397	1.172474843	1.166797908	6.284614049	6.265400809
5.053846154	1.173076923	1.016867249	1.186426279	1.166746476	6.359675849	6.339953657
5.053846154	1.182051282	1.028965016	1.200489554	1.16669618	6.435337521	6.41510414
5.053846154	1.191025641	1.041159439	1.214665551	1.166647015	6.511603698	6.490856988
5.053846154	1.2	1.053451266	1.228955167	1.166598975	6.588479058	6.567216978
5.228205128	0.85	0.6710044784	0.7846319022	1.169339293	4.196586113	4.192868942
5.228205128	0.858974359	0.6805964401	0.7957844773	1.169245724	4.256576015	4.252465404
5.228205128	0.8679487179	0.6902674361	0.807028605	1.169153523	4.317060213	4.312551101
5.228205128	0.8769230769	0.7000179268	0.8183648328	1.169062679	4.378041586	4.373128955
5.228205128	0.8858974359	0.7098483802	0.8297937169	1.168973178	4.439523059	4.434201941
5.228205128	0.8948717949	0.7197592719	0.8413158232	1.168885009	4.501507609	4.495773083
5.228205128	0.9038461538	0.7297510855	0.8529317269	1.168798161	4.563998259	4.557845453
5.228205128	0.9128205128	0.7398243123	0.8646420123	1.168712623	4.626998083	4.620422174
5.228205128	0.9217948718	0.7499794511	0.8764472731	1.168628383	4.690510199	4.68350642
5.228205128	0.9307692308	0.7602170086	0.8883481125	1.168545432	4.754537777	4.747101412
5.228205128	0.9397435897	0.7705374993	0.9003451428	1.168463759	4.819084035	4.811210424
5.228205128	0.9487179487	0.7809414453	0.9124389857	1.168383355	4.884152238	4.875836777
5.228205128	0.9576923077	0.7914293766	0.9246302722	1.168304209	4.9497457	4.940983843
5.228205128	0.9666666667	0.8020018308	0.9369196426	1.168226314	5.015867783	5.006655044
5.228205128	0.9756410256	0.8126593532	0.9493077465	1.168149659	5.0825219	5.072853851
5.228205128	0.9846153846	0.823402497	0.9617952428	1.168074236	5.149711508	5.139583786
5.228205128	0.9935897436	0.834231823	0.9743827999	1.168000037	5.217440116	5.206848419
5.228205128	1.002564103	0.8451478998	0.9870710952	1.167927052	5.285711279	5.274651371
5.228205128	1.011538462	0.8561513036	0.9998608157	1.167855275	5.354528602	5.342996313
5.228205128	1.020512821	0.8672426187	1.012752658	1.167784696	5.423895737	5.411886965
5.228205128	1.029487179	0.8784224367	1.025747326	1.167715308	5.493816387	5.481327098
5.228205128	1.038461538	0.8896913571	1.038845537	1.167647104	5.5642943	5.55132053
5.228205128	1.047435897	0.9010499874	1.052048013	1.167580076	5.635333274	5.621871132
5.228205128	1.056410256	0.9124989423	1.065355489	1.167514218	5.706937156	5.692982823
5.228205128	1.065384615	0.9240388448	1.078768706	1.167449521	5.77910984	5.764659572
5.228205128	1.074358974	0.9356703252	1.092288418	1.167385979	5.85185527	5.836905398
5.228205128	1.083333333	0.9473940217	1.105915386	1.167323585	5.925177436	5.90972437
5.228205128	1.092307692	0.9592105804	1.119650379	1.167262333	5.99908038	5.983120606
5.228205128	1.101282051	0.9711206548	1.133494179	1.167202215	6.073568188	6.057098275
5.228205128	1.11025641	0.9831249065	1.147447575	1.167143226	6.148644998	6.131661594
5.228205128	1.119230769	0.9952240045	1.161511365	1.167085359	6.224314995	6.206814832
5.228205128	1.128205128	1.007418626	1.175686357	1.167028609	6.300582412	6.282562307
5.228205128	1.137179487	1.019709455	1.189973369	1.166972968	6.377451531	6.358908384
5.228205128	1.146153846	1.032097184	1.204373227	1.166918431	6.454926682	6.435857482
5.228205128	1.155128205	1.044582514	1.218886767	1.166864992	6.533012243	6.513414068
5.228205128	1.164102564	1.057166152	1.233514834	1.166812645	6.611712642	6.591582658
5.228205128	1.173076923	1.069848814	1.248258284	1.166761385	6.691032354	6.670367818
5.228205128	1.182051282	1.082631222	1.263117979	1.166711205	6.770975902	6.749774165
5.228205128	1.191025641	1.095514109	1.278094792	1.166662101	6.851547859	6.829806366
5.228205128	1.2	1.108498213	1.293189608	1.166614066	6.932752846	6.910469135
5.402564103	0.85	0.7027356959	0.8217202795	1.169316265	4.395039016	4.39105959
5.402564103	0.858974359	0.7128847635	0.8335224283	1.169224636	4.458513162	4.454127206
5.402564103	0.8679487179	0.7231172007	0.8454211456	1.169134332	4.522508717	4.517710858
5.402564103	0.8769230769	0.7334334583	0.8574169667	1.16904534	4.5870285	4.581813408
5.402564103	0.8858974359	0.7438339947	0.8695104366	1.168957648	4.652075378	4.646437768
5.402564103	0.8948717949	0.7543192763	0.8817021095	1.168871242	4.717652268	4.711586899
5.402564103	0.9038461538	0.764889777	0.8939925487	1.168786112	4.783762135	4.777263812
5.402564103	0.9128205128	0.7755459787	0.9063823272	1.168702246	4.850407991	4.843471568
5.402564103	0.9217948718	0.7862883708	0.9188720269	1.168619633	4.917592898	4.910213276
5.402564103	0.9307692308	0.7971174504	0.9314622393	1.168538261	4.985319965	4.977492099
5.402564103	0.9397435897	0.8080337227	0.9441535651	1.168458121	5.053592351	5.045311246
5.402564103	0.9487179487	0.8190377002	0.9569466144	1.168379202	5.122413261	5.113673976
5.402564103	0.9576923077	0.8301299033	0.9698420065	1.168301494	5.191785951	5.1825836
5.402564103	0.9666666667	0.8413108604	0.9828403702	1.168224989	5.261713725	5.252043476
5.402564103	0.9756410256	0.8525811071	0.9959423433	1.168149675	5.332199932	5.322057015
5.402564103	0.9846153846	0.8639411873	1.009148573	1.168075545	5.403247975	5.392627675
5.402564103	0.9935897436	0.8753916522	1.022459716	1.168002589	5.4748613	5.463758965
5.402564103	1.002564103	0.8869330609	1.035876439	1.1679308	5.547043405	5.535454443
5.402564103	1.011538462	0.8985659804	1.049399416	1.167860167	5.619797835	5.607717719
5.402564103	1.020512821	0.9102909852	1.063029333	1.167790684	5.693128183	5.680552449
5.402564103	1.029487179	0.9221086575	1.076766882	1.167722343	5.767038092	5.753962342
5.402564103	1.038461538	0.9340195876	1.090612768	1.167655135	5.841531252	5.827951155
5.402564103	1.047435897	0.9460243731	1.104567702	1.167589053	5.9166114	5.902522697
5.402564103	1.056410256	0.9581236195	1.118632406	1.167524089	5.992282325	5.977680823
5.402564103	1.065384615	0.9703179402	1.132807613	1.167460237	6.068547863	6.053429441
5.402564103	1.074358974	0.9826079561	1.147094061	1.16739749	6.145411895	6.129772509
5.402564103	1.083333333	0.9949942961	1.161492502	1.167335839	6.222878356	6.206714031
5.402564103	1.092307692	1.007477596	1.176003693	1.16727528	6.300951225	6.284258066
5.402564103	1.101282051	1.020058501	1.190628404	1.167215804	6.379634532	6.362408718
5.402564103	1.11025641	1.032737663	1.205367411	1.167157405	6.458932354	6.441170143
5.402564103	1.119230769	1.045515741	1.220221503	1.167100078	6.538848816	6.520546548
5.402564103	1.128205128	1.058393402	1.235191475	1.167043815	6.619388094	6.600542187
5.402564103	1.137179487	1.071371323	1.250278133	1.166988612	6.700554408	6.681161366
5.402564103	1.146153846	1.084450185	1.265482292	1.166934461	6.782352031	6.76240844
5.402564103	1.155128205	1.09763068	1.280804776	1.166881356	6.864785282	6.844287813
5.402564103	1.164102564	1.110913505	1.296246419	1.166829293	6.947858528	6.92680394
5.402564103	1.173076923	1.124299367	1.311808064	1.166778264	7.031576185	7.009961325
5.402564103	1.182051282	1.13778898	1.327490563	1.166728265	7.115942718	7.093764523
5.402564103	1.191025641	1.151383065	1.343294777	1.16667929	7.20096264	7.178218136
5.402564103	1.2	1.165082351	1.359221578	1.166631334	7.286640512	7.263326819
5.576923077	0.85	0.7352381778	0.859710542	1.169295295	4.598315549	4.594069679
5.576923077	0.858974359	0.7459607235	0.8721814095	1.169205539	4.665376333	4.660710753
5.576923077	0.8679487179	0.7567711459	0.8847540621	1.169117067	4.732986714	4.727895741
5.576923077	0.8769230769	0.7676698863	0.8974290237	1.169029865	4.801149453	4.795627441
5.576923077	0.8858974359	0.7786573937	0.9102068275	1.168943922	4.869867356	4.863908703
5.576923077	0.8948717949	0.789734125	0.923088016	1.168859223	4.939143283	4.932742427
5.576923077	0.9038461538	0.8009005448	0.9360731411	1.168775758	5.008980137	5.00213156
5.576923077	0.9128205128	0.8121571252	0.9491627639	1.168693513	5.079380873	5.072079102
5.576923077	0.9217948718	0.8235043462	0.9623574548	1.168612478	5.150348492	5.142588101
5.576923077	0.9307692308	0.8349426957	0.9756577937	1.168532641	5.221886045	5.213661654
5.576923077	0.9397435897	0.8464726692	0.9890643695	1.168453992	5.293996632	5.285302911
5.576923077	0.9487179487	0.8580947697	1.002577781	1.16837652	5.366683398	5.357515069
5.576923077	0.9576923077	0.8698095083	1.016198635	1.168300215	5.43994954	5.430301374
5.576923077	0.9666666667	0.8816174037	1.02992755	1.168225066	5.513798301	5.503665126
5.576923077	0.9756410256	0.8935189822	1.043765151	1.168151065	5.588232975	5.577609669
5.576923077	0.9846153846	0.9055147782	1.057712074	1.168078202	5.663256901	5.652138402
5.576923077	0.9935897436	0.9176053333	1.071768965	1.168006468	5.73887347	5.727254771
5.576923077	1.002564103	0.9297911974	1.085936477	1.167935855	5.815086117	5.802962273
5.576923077	1.011538462	0.9420729277	1.100215274	1.167866352	5.89189833	5.879264452
5.576923077	1.020512821	0.9544510894	1.114606029	1.167797953	5.969313643	5.956164906
5.576923077	1.029487179	0.9669262553	1.129109424	1.167730649	6.047335638	6.03366728
5.576923077	1.038461538	0.979499006	1.143726151	1.167664432	6.125967946	6.11177527
5.576923077	1.047435897	0.9921699298	1.15845691	1.167599295	6.205214247	6.19049262
5.576923077	1.056410256	1.004939623	1.173302413	1.167535229	6.285078269	6.269823125
5.576923077	1.065384615	1.017808689	1.188263377	1.167472228	6.365563787	6.349770631
5.576923077	1.074358974	1.030777739	1.203340533	1.167410284	6.446674627	6.430339032
5.576923077	1.083333333	1.043847393	1.218534618	1.16734939	6.528414661	6.511532273
5.576923077	1.092307692	1.057018278	1.233846379	1.16728954	6.610787811	6.593354347
5.576923077	1.101282051	1.070291028	1.249276574	1.167230726	6.693798046	6.675809298
5.576923077	1.11025641	1.083666287	1.264825969	1.167172943	6.777449385	6.75890122
5.576923077	1.119230769	1.097144703	1.280495338	1.167116183	6.861745894	6.842634256
5.576923077	1.128205128	1.110726935	1.296285467	1.16706044	6.946691688	6.9270126
5.576923077	1.137179487	1.12441365	1.312197149	1.167005709	7.03229093	7.012040494
5.576923077	1.146153846	1.138205519	1.328231188	1.166951983	7.118547833	7.097722232
5.576923077	1.155128205	1.152103225	1.344388397	1.166899257	7.205466655	7.184062155
5.576923077	1.164102564	1.166107456	1.360669597	1.166847523	7.293051706	7.271064657
5.576923077	1.173076923	1.180218909	1.37707562	1.166796778	7.381307342	7.358734179
5.576923077	1.182051282	1.194438288	1.393607306	1.166747014	7.470237969	7.447075212
5.576923077	1.191025641	1.208766305	1.410265505	1.166698227	7.559848039	7.536092299
5.576923077	1.2	1.223203681	1.427051077	1.166650411	7.650142056	7.625790031
5.751282051	0.85	0.7685119241	0.8986026898	1.169276184	4.806415713	4.801899208
5.751282051	0.858974359	0.7798243199	0.9117614208	1.169188236	4.877165529	4.872216046
5.751282051	0.8679487179	0.7912292715	0.9250273547	1.169101534	4.948494205	4.943105749
5.751282051	0.8769230769	0.8027272108	0.9384010038	1.169016063	5.020404444	5.014571053
5.751282051	0.8858974359	0.8143185772	0.9518828895	1.168931811	5.092898994	5.086614746
5.751282051	0.8948717949	0.8260038182	0.9654735429	1.168848765	5.165980652	5.159239665
5.751282051	0.9038461538	0.8377833887	0.979173504	1.168766912	5.239652265	5.232448697
5.751282051	0.9128205128	0.8496577516	0.9929833224	1.168686239	5.313916727	5.306244777
5.751282051	0.9217948718	0.8616273775	1.006903557	1.168606736	5.38877698	5.380630892
5.751282051	0.9307692308	0.8736927445	1.020934776	1.168528389	5.464236017	5.455610078
5.751282051	0.9397435897	0.8858543388	1.035077556	1.16845119	5.540296877	5.53118542
5.751282051	0.9487179487	0.8981126539	1.049332485	1.168375126	5.616962648	5.607360055
5.751282051	0.9576923077	0.9104681915	1.063700158	1.168300187	5.694236465	5.684137167
5.751282051	0.9666666667	0.9229214608	1.078181182	1.168226363	5.772121514	5.761519992
5.751282051	0.9756410256	0.9354729786	1.09277617	1.168153645	5.850621028	5.839511814
5.751282051	0.9846153846	0.9481232697	1.107485746	1.168082022	5.929738288	5.918115968
5.751282051	0.9935897436	0.9608728665	1.122310545	1.168011486	6.009476625	5.997335838
5.751282051	1.002564103	0.9737223092	1.137251208	1.167942028	6.089839416	6.077174859
5.751282051	1.011538462	0.9866721456	1.152308388	1.167873638	6.170830088	6.157636514
5.751282051	1.020512821	0.9997229314	1.167482746	1.167806308	6.252452116	6.238724338
5.751282051	1.029487179	1.01287523	1.182774952	1.16774003	6.334709024	6.320441913
5.751282051	1.038461538	1.026129612	1.198185686	1.167674796	6.417604383	6.402792873
5.751282051	1.047435897	1.039486658	1.213715639	1.167610599	6.501141814	6.485780901
5.751282051	1.056410256	1.052946952	1.229365507	1.167547429	6.585324985	6.569409729
5.751282051	1.065384615	1.06651109	1.245135999	1.16748528	6.670157613	6.653683141
5.751282051	1.074358974	1.080179674	1.261027833	1.167424145	6.755643464	6.738604968
5.751282051	1.083333333	1.093953313	1.277041734	1.167364017	6.841786351	6.824179094
5.751282051	1.092307692	1.107832625	1.293178438	1.167304888	6.928590136	6.910409448
5.751282051	1.101282051	1.121818235	1.309438691	1.167246752	7.01605873	6.997300015
5.751282051	1.11025641	1.135910777	1.325823247	1.167189602	7.104196091	7.084854823
5.751282051	1.119230769	1.150110891	1.34233287	1.167133431	7.193006228	7.173077956
5.751282051	1.128205128	1.164419225	1.358968333	1.167078234	7.282493195	7.261973544
5.751282051	1.137179487	1.178836435	1.375730417	1.167024005	7.372661097	7.351545768
5.751282051	1.146153846	1.193363186	1.392619916	1.166970736	7.463514086	7.441798858
5.751282051	1.155128205	1.20800015	1.409637629	1.166918422	7.555056363	7.532737094
5.751282051	1.164102564	1.222748005	1.426784368	1.166867058	7.647292176	7.624364808
5.751282051	1.173076923	1.237607439	1.444060951	1.166816638	7.740225825	7.716686378
5.751282051	1.182051282	1.252579147	1.461468208	1.166767155	7.833861654	7.809706234
5.751282051	1.191025641	1.267663831	1.479006976	1.166718605	7.928204058	7.903428855
5.751282051	1.2	1.282862202	1.496678105	1.166670982	8.023257479	7.997858772
5.925641026	0.85	0.8025569347	0.9383967228	1.169258756	5.019339506	5.014548177
5.925641026	0.858974359	0.8144755528	0.9522624622	1.169172554	5.093880748	5.088643084
5.925641026	0.8679487179	0.8264915777	0.9662410234	1.169087562	5.16903119	5.163340882
5.925641026	0.8769230769	0.8386054318	0.9803329069	1.169003765	5.244793474	5.238644244
5.925641026	0.8858974359	0.8508175452	0.9945386227	1.168921149	5.32117029	5.314555897
5.925641026	0.8948717949	0.8631283557	1.00885869	1.168839702	5.398164376	5.391078615
5.925641026	0.9038461538	0.8755383089	1.023293637	1.16875941	5.475778518	5.468215222
5.925641026	0.9128205128	0.8880478581	1.037844003	1.168680261	5.554015553	5.545968592
5.925641026	0.9217948718	0.9006574645	1.052510333	1.168602243	5.632878364	5.62434165
5.925641026	0.9307692308	0.9133675968	1.067293185	1.168525344	5.712369882	5.703337369
5.925641026	0.9397435897	0.9261787315	1.082193125	1.168449553	5.792493088	5.782958773
5.925641026	0.9487179487	0.9390913529	1.097210727	1.168374859	5.87325101	5.863208935
5.925641026	0.9576923077	0.9521059531	1.112346576	1.168301251	5.954646727	5.944090978
5.925641026	0.9666666667	0.9652230317	1.127601266	1.168228719	6.036683362	6.025608075
5.925641026	0.9756410256	0.9784430962	1.142975399	1.168157253	6.119364091	6.107763449
5.925641026	0.9846153846	0.9917666619	1.158469589	1.168086843	6.202692135	6.190560372
5.925641026	0.9935897436	1.005194252	1.174084457	1.16801748	6.286670765	6.274002166
5.925641026	1.002564103	1.018726396	1.189820633	1.167949155	6.3713033	6.358092203
5.925641026	1.011538462	1.032363634	1.205678759	1.167881858	6.456593107	6.442833905
5.925641026	1.020512821	1.046106511	1.221659484	1.167815581	6.542543602	6.528230744
5.925641026	1.029487179	1.059955582	1.237763466	1.167750317	6.62915825	6.61428624
5.925641026	1.038461538	1.073911407	1.253991374	1.167686055	6.716440563	6.701003965
5.925641026	1.047435897	1.087974556	1.270343887	1.16762279	6.804394101	6.78838754
5.925641026	1.056410256	1.102145607	1.286821689	1.167560512	6.893022475	6.876440635
5.925641026	1.065384615	1.116425145	1.303425479	1.167499214	6.982329341	6.96516697
5.925641026	1.074358974	1.13081376	1.320155961	1.16743889	7.072318407	7.054570317
5.925641026	1.083333333	1.145312056	1.33701385	1.167379531	7.162993426	7.144654494
5.925641026	1.092307692	1.159920638	1.35399987	1.16732113	7.254358201	7.235423371
5.925641026	1.101282051	1.174640123	1.371114755	1.167263682	7.346416584	7.326880868
5.925641026	1.11025641	1.189471135	1.388359248	1.167207179	7.439172474	7.419030955
5.925641026	1.119230769	1.204414304	1.4057341	1.167151615	7.532629819	7.511877649
5.925641026	1.128205128	1.21947027	1.423240073	1.167096983	7.626792615	7.60542502
5.925641026	1.137179487	1.23463968	1.440877938	1.167043278	7.721664909	7.699677187
5.925641026	1.146153846	1.249923187	1.458648475	1.166990492	7.817250791	7.794638318
5.925641026	1.155128205	1.265321455	1.476552474	1.166938621	7.913554405	7.89031263
5.925641026	1.164102564	1.280835152	1.494590732	1.166887658	8.010579939	7.986704393
5.925641026	1.173076923	1.296464958	1.512764058	1.166837598	8.108331633	8.083817923
5.925641026	1.182051282	1.312211557	1.531073269	1.166788435	8.206813774	8.181657587
5.925641026	1.191025641	1.328075641	1.549519191	1.166740164	8.306030695	8.280227804
5.925641026	1.2	1.344057914	1.568102662	1.166692779	8.405986781	8.379533041
6.1	0.85	0.8373732097	0.979092641	1.169242853	5.237086929	5.232016586
6.1	0.858974359	0.8499144222	0.9936845337	1.169158338	5.315521992	5.309991868
6.1	0.8679487179	0.8625580644	1.008395068	1.169074999	5.394597669	5.38860114
6.1	0.8769230769	0.8753045494	1.023224733	1.16899282	5.474316543	5.467847015
6.1	0.8858974359	0.8881542976	1.038174027	1.168911787	5.554681245	5.547732156
6.1	0.8948717949	0.9011077375	1.053243457	1.168831887	5.635694454	5.628259276
6.1	0.9038461538	0.9141653053	1.068433541	1.168753108	5.717358898	5.709431136
6.1	0.9128205128	0.9273274447	1.083744805	1.168675435	5.799677352	5.791250549
6.1	0.9217948718	0.9405946073	1.099177784	1.168598858	5.882652641	5.873720376
6.1	0.9307692308	0.9539672525	1.114733023	1.168523363	5.966287638	5.956843529
6.1	0.9397435897	0.9674458474	1.130411076	1.168448941	6.050585263	6.040622969
6.1	0.9487179487	0.9810308666	1.146212506	1.168375579	6.135548486	6.125061708
6.1	0.9576923077	0.9947227929	1.162137888	1.168303266	6.221180325	6.210162807
6.1	0.9666666667	1.008522116	1.178187802	1.168231993	6.307483846	6.295929375
6.1	0.9756410256	1.022429335	1.19436284	1.168161748	6.394462164	6.382364574
6.1	0.9846153846	1.036444955	1.210663602	1.168092523	6.482118441	6.469471613
6.1	0.9935897436	1.050569489	1.2270907	1.168024308	6.57045589	6.557253753
6.1	1.002564103	1.064803459	1.243644752	1.167957093	6.659477769	6.645714304
6.1	1.011538462	1.079147393	1.260326387	1.167890869	6.749187388	6.734856624
6.1	1.020512821	1.093601829	1.277136242	1.167825628	6.839588102	6.824684124
6.1	1.029487179	1.10816731	1.294074966	1.167761361	6.930683317	6.915200261
6.1	1.038461538	1.122844389	1.311143215	1.16769806	7.022476485	7.006408546
6.1	1.047435897	1.137633626	1.328341655	1.167635717	7.114971109	7.098312537
6.1	1.056410256	1.152535589	1.34567096	1.167574324	7.208170738	7.190915842
6.1	1.065384615	1.167550852	1.363131817	1.167513873	7.302078972	7.28422212
6.1	1.074358974	1.182679999	1.380724917	1.167454357	7.396699456	7.378235078
6.1	1.083333333	1.197923621	1.398450966	1.167395768	7.492035886	7.472958473
6.1	1.092307692	1.213282316	1.416310675	1.167338101	7.588092006	7.568396115
6.1	1.101282051	1.228756691	1.434304765	1.167281347	7.684871608	7.664551859
6.1	1.11025641	1.244347359	1.452433969	1.167225501	7.782378532	7.761429613
6.1	1.119230769	1.260054943	1.470699027	1.167170555	7.880616666	7.859033334
6.1	1.128205128	1.275880072	1.489100688	1.167116503	7.979589949	7.957367028
6.1	1.137179487	1.291823383	1.507639712	1.16706334	8.079302365	8.056434752
6.1	1.146153846	1.307885521	1.526316867	1.167011059	8.179757948	8.156240612
6.1	1.155128205	1.324067139	1.54513293	1.166959653	8.280960781	8.256788763
6.1	1.164102564	1.340368898	1.564088689	1.166909118	8.382914995	8.358083412
6.1	1.173076923	1.356791465	1.58318494	1.166859448	8.485624768	8.460128813
6.1	1.182051282	1.373335517	1.602422488	1.166810636	8.589094328	8.562929273
6.1	1.191025641	1.390001737	1.62180215	1.166762678	8.693327951	8.666489146
6.1	1.2	1.406790817	1.641324748	1.166715569	8.798329961	8.770812837
