# VHH-NNLO grid scan points
# process: WplusHH
# energy_tev: 13.6
# scan_axes: kappa_lambda,kappa_w
# scan_x_keys: kappa_lambda,kappa_w
# windows: kappa_lambda=[-0.7,6.1]; kappa_w=[0.8,1.2]
# n_points_per_axis: 40
# n_points_total: 1600
# fixed_kappa: 1,1,1
#
kappa_lambda	kappa_w	sigma_lo	sigma_nnlo	k	sigma_heft_over_sm_lo	sigma_heft_over_sm_nnlo
-0.7	0.8	0.09579133939	0.11631494	1.214253196	0.3228390242	0.3249454534
-0.7	0.8102564103	0.09620750522	0.1168054103	1.214098734	0.3242415995	0.3263156653
-0.7	0.8205128205	0.09670393246	0.1173942571	1.21395536	0.3259146744	0.3279607084
-0.7	0.8307692308	0.09728297574	0.1180843818	1.213823702	0.3278661845	0.3298886883
-0.7	0.841025641	0.09794701771	0.1188787201	1.213704336	0.3301041599	0.3321078067
-0.7	0.8512820513	0.09869846896	0.1197802423	1.213597774	0.3326367249	0.3346263614
-0.7	0.8615384615	0.09953976806	0.1207919531	1.213504466	0.3354720979	0.3374527467
-0.7	0.8717948718	0.1004733816	0.1219168918	1.213424788	0.3386185919	0.3405954531
-0.7	0.8820512821	0.101501804	0.1231581319	1.213359044	0.3420846139	0.3440630673
-0.7	0.8923076923	0.1026275579	0.1245187816	1.21330746	0.3458786655	0.3478642723
-0.7	0.9025641026	0.1038531936	0.1260019834	1.213270185	0.3500093422	0.3520078474
-0.7	0.9128205128	0.1051812897	0.1276109144	1.213247287	0.354485334	0.3565026682
-0.7	0.9230769231	0.1066144526	0.129348786	1.213238757	0.3593154253	0.3613577065
-0.7	0.9333333333	0.1081553167	0.1312188442	1.21324451	0.3645084945	0.3665820302
-0.7	0.9435897436	0.1098065443	0.1332243694	1.213264384	0.3700735144	0.3721848038
-0.7	0.9538461538	0.1115708258	0.1353686763	1.213298147	0.3760195521	0.3781752878
-0.7	0.9641025641	0.1134508796	0.1376551143	1.213345501	0.3823557691	0.3845628392
-0.7	0.9743589744	0.1154494518	0.1400870673	1.213406085	0.3890914209	0.3913569109
-0.7	0.9846153846	0.1175693168	0.1426679533	1.213479479	0.3962358576	0.3985670525
-0.7	0.9948717949	0.1198132769	0.1454012251	1.213565215	0.4037985233	0.4062029095
-0.7	1.005128205	0.1221841622	0.1482903699	1.213662779	0.4117889565	0.4142742239
-0.7	1.015384615	0.124684831	0.1513389092	1.213771619	0.4202167901	0.4227908339
-0.7	1.025641026	0.1273181694	0.154550399	1.21389115	0.429091751	0.4317626739
-0.7	1.035897436	0.1300870915	0.15792843	1.214020762	0.4384236607	0.4411997746
-0.7	1.046153846	0.1329945396	0.161476627	1.214159826	0.4482224347	0.451112263
-0.7	1.056410256	0.1360434836	0.1651986495	1.214307699	0.4584980831	0.4615103623
-0.7	1.066666667	0.1392369217	0.1690981915	1.214463732	0.4692607098	0.4724043921
-0.7	1.076923077	0.1425778798	0.1731789811	1.214627271	0.4805205135	0.4838047681
-0.7	1.087179487	0.1460694121	0.1774447813	1.214797669	0.4922877869	0.4957220023
-0.7	1.097435897	0.1497146006	0.1818993893	1.214974282	0.5045729171	0.508166703
-0.7	1.107692308	0.153516555	0.1865466369	1.215156481	0.5173863852	0.5211495748
-0.7	1.117948718	0.1574784136	0.1913903901	1.215343651	0.530738767	0.5346814186
-0.7	1.128205128	0.161603342	0.1964345497	1.215535194	0.5446407323	0.5487731313
-0.7	1.138461538	0.1658945343	0.2016830507	1.215730534	0.5591030453	0.5634357064
-0.7	1.148717949	0.1703552123	0.2071398627	1.215929116	0.5741365644	0.5786802335
-0.7	1.158974359	0.1749886258	0.2128089897	1.216130413	0.5897522424	0.5945178985
-0.7	1.169230769	0.1797980527	0.2186944702	1.21633392	0.6059611262	0.6109599834
-0.7	1.179487179	0.1847867988	0.2248003771	1.216539161	0.6227743571	0.6280178668
-0.7	1.18974359	0.1899581978	0.2311308178	1.216745687	0.6402031707	0.6457030233
-0.7	1.2	0.1953156114	0.2376899341	1.216953076	0.6582588969	0.6640270238
-0.5256410256	0.8	0.1058631961	0.1284452665	1.213313703	0.3567835166	0.3588335719
-0.5256410256	0.8102564103	0.106283592	0.1289383969	1.213154302	0.3582003482	0.3602112149
-0.5256410256	0.8205128205	0.1067802195	0.1295249582	1.213005169	0.359874098	0.3618498733
-0.5256410256	0.8307692308	0.1073554007	0.1302078116	1.212866897	0.361812592	0.3637575397
-0.5256410256	0.841025641	0.1080114856	0.1309898526	1.212740032	0.3640237504	0.3659423033
-0.5256410256	0.8512820513	0.1087508525	0.131874011	1.212625078	0.366515588	0.3684123493
-0.5256410256	0.8615384615	0.1095759071	0.1328632512	1.212522485	0.3692962136	0.3711759592
-0.5256410256	0.8717948718	0.1104890837	0.1339605721	1.212432646	0.3723738303	0.3742415107
-0.5256410256	0.8820512821	0.1114928441	0.135169007	1.212355897	0.3757567356	0.377617478
-0.5256410256	0.8923076923	0.1125896783	0.1364916237	1.21229251	0.3794533212	0.3813124314
-0.5256410256	0.9025641026	0.1137821043	0.1379315244	1.212242692	0.3834720732	0.3853350375
-0.5256410256	0.9128205128	0.1150726679	0.1394918458	1.212206586	0.3878215717	0.389694059
-0.5256410256	0.9230769231	0.116463943	0.141175759	1.212184264	0.3925104914	0.3943983552
-0.5256410256	0.9333333333	0.1179585314	0.1429864695	1.212175735	0.3975476011	0.3994568814
-0.5256410256	0.9435897436	0.1195590631	0.1449272176	1.212180941	0.402941764	0.4048786893
-0.5256410256	0.9538461538	0.1212681958	0.1470012776	1.212199758	0.4087019374	0.4106729267
-0.5256410256	0.9641025641	0.1230886153	0.1492119586	1.212232003	0.4148371731	0.4168488378
-0.5256410256	0.9743589744	0.1250230353	0.1515626039	1.212277431	0.421356617	0.4234157631
-0.5256410256	0.9846153846	0.1270741975	0.1540565916	1.212335742	0.4282695093	0.4303831393
-0.5256410256	0.9948717949	0.1292448717	0.1566973338	1.212406587	0.4355851847	0.4377604992
-0.5256410256	1.005128205	0.1315378556	0.1594882775	1.212489566	0.4433130719	0.4455574723
-0.5256410256	1.015384615	0.1339559747	0.1624329038	1.21258424	0.4514626941	0.4537837839
-0.5256410256	1.025641026	0.1365020827	0.1655347285	1.212690131	0.4600436686	0.4624492558
-0.5256410256	1.035897436	0.1391790613	0.1687973019	1.212806727	0.469065707	0.4715638061
-0.5256410256	1.046153846	0.14198982	0.1722242084	1.212933494	0.4785386154	0.481137449
-0.5256410256	1.056410256	0.1449372962	0.1758190672	1.213069871	0.4884722939	0.491180295
-0.5256410256	1.066666667	0.1480244557	0.1795855319	1.213215283	0.498876737	0.501702551
-0.5256410256	1.076923077	0.1512542918	0.1835272905	1.213369143	0.5097620336	0.5127145201
-0.5256410256	1.087179487	0.1546298261	0.1876480654	1.213530857	0.5211383667	0.5242266017
-0.5256410256	1.097435897	0.1581541079	0.1919516136	1.213699828	0.5330160136	0.5362492912
-0.5256410256	1.107692308	0.1618302147	0.1964417264	1.21387546	0.545405346	0.5487931806
-0.5256410256	1.117948718	0.165661252	0.2011222297	1.214057163	0.5583168298	0.5618689581
-0.5256410256	1.128205128	0.169650353	0.2059969838	1.214244357	0.5717610253	0.575487408
-0.5256410256	1.138461538	0.1738006792	0.2110698834	1.214436471	0.5857485867	0.5896594109
-0.5256410256	1.148717949	0.1781154198	0.2163448579	1.21463295	0.600290263	0.604395944
-0.5256410256	1.158974359	0.1825977922	0.2218258707	1.214833258	0.6153968972	0.6197080802
-0.5256410256	1.169230769	0.1872510416	0.2275169201	1.215036874	0.6310794265	0.6356069891
-0.5256410256	1.179487179	0.1920784412	0.2334220387	1.2152433	0.6473488827	0.6521039364
-0.5256410256	1.18974359	0.1970832923	0.2395452935	1.215452059	0.6642163914	0.6692102841
-0.5256410256	1.2	0.2022689242	0.245890786	1.215662698	0.681693173	0.6869374905
-0.3512820513	0.8	0.1171975944	0.1420978774	1.212464113	0.3949830669	0.3969744489
-0.3512820513	0.8102564103	0.1176548007	0.1426329508	1.212300305	0.3965239582	0.3984692671
-0.3512820513	0.8205128205	0.1181846239	0.1432570103	1.212145925	0.3983095851	0.4002126828
-0.3512820513	0.8307692308	0.1187893534	0.1439728765	1.212001516	0.4003476639	0.402212576
-0.3512820513	0.841025641	0.1194713069	0.1447834044	1.211867587	0.4026460052	0.4044769229
-0.3512820513	0.8512820513	0.1202328298	0.1456914838	1.211744613	0.4052125139	0.4070137963
-0.3512820513	0.8615384615	0.1210762956	0.1467000387	1.211633028	0.4080551893	0.4098313649
-0.3512820513	0.8717948718	0.1220041058	0.1478120276	1.211533223	0.4111821248	0.4129378938
-0.3512820513	0.8820512821	0.1230186898	0.1490304434	1.211445542	0.4146015082	0.4163417444
-0.3512820513	0.8923076923	0.1241225051	0.1503583136	1.211370279	0.4183216214	0.4200513744
-0.3512820513	0.9025641026	0.1253180369	0.1517987001	1.211307676	0.422350841	0.4240753375
-0.3512820513	0.9128205128	0.1266077987	0.1533546992	1.211257922	0.4266976373	0.4284222841
-0.3512820513	0.9230769231	0.1279943318	0.1550294417	1.211221149	0.4313705754	0.4331009605
-0.3512820513	0.9333333333	0.1294802055	0.1568260929	1.211197435	0.4363783143	0.4381202094
-0.3512820513	0.9435897436	0.1310680171	0.1587478524	1.211186801	0.4417296075	0.4434889698
-0.3512820513	0.9538461538	0.1327603919	0.1607979546	1.211189213	0.4474333028	0.4492162769
-0.3512820513	0.9641025641	0.134559983	0.162979668	1.211204582	0.4534983422	0.4553112621
-0.3512820513	0.9743589744	0.1364694717	0.1652962957	1.211232766	0.4599337619	0.4617831533
-0.3512820513	0.9846153846	0.1384915672	0.1677511752	1.211273571	0.4667486925	0.4686412744
-0.3512820513	0.9948717949	0.1406290066	0.1703476786	1.211326758	0.4739523589	0.4758950457
-0.3512820513	1.005128205	0.1428845551	0.1730892123	1.211392038	0.4815540801	0.4835539837
-0.3512820513	1.015384615	0.1452610057	0.1759792173	1.211469083	0.4895632697	0.4916277013
-0.3512820513	1.025641026	0.1477611795	0.1790211689	1.211557525	0.4979894353	0.5001259076
-0.3512820513	1.035897436	0.1503879257	0.182218577	1.211656961	0.5068421789	0.5090584078
-0.3512820513	1.046153846	0.1531441212	0.1855749859	1.211766959	0.5161311967	0.5184351036
-0.3512820513	1.056410256	0.156032671	0.1890939743	1.211887056	0.5258662793	0.5282659928
-0.3512820513	1.066666667	0.1590565081	0.1927791555	1.212016772	0.5360573115	0.5385611695
-0.3512820513	1.076923077	0.1622185935	0.1966341771	1.212155604	0.5467142724	0.5493308242
-0.3512820513	1.087179487	0.165521916	0.2006627212	1.212303035	0.5578472354	0.5605852435
-0.3512820513	1.097435897	0.1689694927	0.2048685045	1.212458541	0.5694663681	0.5723348103
-0.3512820513	1.107692308	0.1725643684	0.209255278	1.212621586	0.5815819325	0.5845900038
-0.3512820513	1.117948718	0.1763096158	0.2138268272	1.212791635	0.5942042849	0.5973613995
-0.3512820513	1.128205128	0.180208336	0.218586972	1.212968151	0.6073438757	0.6106596691
-0.3512820513	1.138461538	0.1842636575	0.223539567	1.213150601	0.6210112498	0.6244955805
-0.3512820513	1.148717949	0.1884787374	0.2286885009	1.21333846	0.6352170461	0.638879998
-0.3512820513	1.158974359	0.1928567602	0.234037697	1.213531207	0.6499719981	0.6538238821
-0.3512820513	1.169230769	0.1974009387	0.2395911133	1.213728338	0.6652869333	0.6693382895
-0.3512820513	1.179487179	0.2021145137	0.245352742	1.213929359	0.6811727738	0.6854343734
-0.3512820513	1.18974359	0.2070007537	0.2513266096	1.21413379	0.6976405357	0.7021233829
-0.3512820513	1.2	0.2120629555	0.2575167776	1.21434117	0.7147013294	0.7194166638
-0.1769230769	0.8	0.1297945343	0.1572727724	1.211705664	0.4374376751	0.4393680843
-0.1769230769	0.8102564103	0.1303211314	0.1578890722	1.211538531	0.4392124296	0.4410898219
-0.1769230769	0.8205128205	0.1309171457	0.1585904133	1.211380011	0.4412211357	0.443049137
-0.1769230769	0.8307692308	0.131584834	0.1593795762	1.211230591	0.4434714002	0.445253797
-0.1769230769	0.841025641	0.1323264815	0.1602593757	1.211090735	0.4459709241	0.4477116655
-0.1769230769	0.8512820513	0.133144401	0.1612326609	1.210960879	0.4487275025	0.4504307024
-0.1769230769	0.8615384615	0.1340409335	0.1623023157	1.21084143	0.451749025	0.4534189639
-0.1769230769	0.8717948718	0.135018448	0.1634712581	1.21073276	0.4550434753	0.4566846023
-0.1769230769	0.8820512821	0.1360793412	0.1647424409	1.210635203	0.4586189316	0.4602358664
-0.1769230769	0.8923076923	0.1372260382	0.1661188512	1.210549058	0.4624835661	0.4640811012
-0.1769230769	0.9025641026	0.1384609916	0.1676035104	1.210474578	0.4666456456	0.4682287477
-0.1769230769	0.9128205128	0.1397866824	0.1691994746	1.210411977	0.4711135309	0.4726873435
-0.1769230769	0.9230769231	0.1412056193	0.1709098342	1.210361422	0.4758956772	0.4774655224
-0.1769230769	0.9333333333	0.142720339	0.1727377142	1.210323037	0.481000634	0.4825720142
-0.1769230769	0.9435897436	0.1443334064	0.174686274	1.210296897	0.4864370451	0.4880156454
-0.1769230769	0.9538461538	0.1460474141	0.1767587073	1.210283033	0.4922136485	0.4938053385
-0.1769230769	0.9641025641	0.1478649828	0.1789582426	1.210281428	0.4983392765	0.4999501121
-0.1769230769	0.9743589744	0.1497887612	0.1812881424	1.21029202	0.5048228557	0.5064590814
-0.1769230769	0.9846153846	0.1518214259	0.1837517042	1.210314704	0.5116734071	0.5133414578
-0.1769230769	0.9948717949	0.1539656816	0.1863522595	1.21034933	0.5189000457	0.5206065488
-0.1769230769	1.005128205	0.1562242607	0.1890931745	1.210395707	0.5265119811	0.5282637582
-0.1769230769	1.015384615	0.1585999239	0.1919778497	1.210453605	0.5345185169	0.5363225862
-0.1769230769	1.025641026	0.1610954597	0.1950097202	1.210522758	0.5429290512	0.5447926291
-0.1769230769	1.035897436	0.1637136846	0.1981922555	1.210602864	0.5517530763	0.5536835797
-0.1769230769	1.046153846	0.1664574432	0.2015289596	1.210693591	0.5610001787	0.5630052268
-0.1769230769	1.056410256	0.1693296078	0.2050233708	1.210794577	0.5706800393	0.5727674556
-0.1769230769	1.066666667	0.1723330788	0.2086790622	1.210905437	0.5808024333	0.5829802475
-0.1769230769	1.076923077	0.1754707848	0.2124996409	1.211025762	0.5913772299	0.5936536802
-0.1769230769	1.087179487	0.1787456821	0.2164887488	1.211155125	0.602414393	0.6047979278
-0.1769230769	1.097435897	0.182160755	0.2206500622	1.211293081	0.6139239806	0.6164232604
-0.1769230769	1.107692308	0.1857190159	0.2249872918	1.211439177	0.6259161448	0.6285400445
-0.1769230769	1.117948718	0.1894235051	0.2295041826	1.211592946	0.6384011322	0.6411587429
-0.1769230769	1.128205128	0.1932772908	0.2342045144	1.211753918	0.6513892837	0.6542899146
-0.1769230769	1.138461538	0.1972834694	0.2390921013	1.211921617	0.6648910344	0.667944215
-0.1769230769	1.148717949	0.201445165	0.2441707917	1.212095568	0.6789169136	0.6821323955
-0.1769230769	1.158974359	0.2057655299	0.2494444687	1.212275296	0.693477545	0.6968653041
-0.1769230769	1.169230769	0.2102477442	0.2549170498	1.212460332	0.7085836466	0.7121538846
-0.1769230769	1.179487179	0.2148950162	0.2605924868	1.212650212	0.7242460305	0.7280091776
-0.1769230769	1.18974359	0.2197105818	0.2664747662	1.212844479	0.7404756034	0.7444423197
-0.1769230769	1.2	0.2246977053	0.2725679087	1.213042689	0.757283366	0.7614645436
-0.002564102564	0.8	0.1436540158	0.1739699518	1.211034379	0.4841473412	0.4860144782
-0.002564102564	0.8102564103	0.1442825841	0.1747067609	1.210865206	0.4862657622	0.4880728792
-0.002564102564	0.8205128205	0.1449777848	0.1755251673	1.210703885	0.4886087498	0.4903592359
-0.002564102564	0.8307692308	0.1457418424	0.1764279109	1.210550848	0.4911838011	0.4928812028
-0.002564102564	0.841025641	0.1465770094	0.1774177662	1.210406509	0.4939985072	0.495646531
-0.002564102564	0.8512820513	0.147485566	0.1784975421	1.210271262	0.4970605539	0.4986630676
-0.002564102564	0.8615384615	0.1484698208	0.1796700821	1.210145477	0.5003777207	0.5019387561
-0.002564102564	0.8717948718	0.1495321101	0.1809382638	1.210029496	0.5039578819	0.5054816363
-0.002564102564	0.8820512821	0.1506747982	0.1823049997	1.209923636	0.5078090059	0.5092998441
-0.002564102564	0.8923076923	0.1519002775	0.1837732365	1.209828181	0.5119391553	0.5134016118
-0.002564102564	0.9025641026	0.1532109683	0.1853459553	1.209743384	0.516356487	0.5177952679
-0.002564102564	0.9128205128	0.1546093188	0.187026172	1.209669465	0.5210692524	0.5224892372
-0.002564102564	0.9230769231	0.1560978052	0.1888169365	1.209606607	0.5260857969	0.5274920407
-0.002564102564	0.9333333333	0.1576789319	0.1907213335	1.209554956	0.5314145602	0.5328122959
-0.002564102564	0.9435897436	0.1593552309	0.1927424821	1.209514624	0.5370640766	0.5384587161
-0.002564102564	0.9538461538	0.1611292624	0.1948835357	1.209485681	0.5430429743	0.5444401114
-0.002564102564	0.9641025641	0.1630036147	0.1971476823	1.209468162	0.5493599759	0.5507653878
-0.002564102564	0.9743589744	0.1649809037	0.1995381443	1.209462064	0.5560238985	0.5574435476
-0.002564102564	0.9846153846	0.1670637737	0.2020581786	1.209467344	0.5630436531	0.5644836896
-0.002564102564	0.9948717949	0.1692548966	0.2047110765	1.209483924	0.5704282453	0.5718950085
-0.002564102564	1.005128205	0.1715569725	0.2075001639	1.209511691	0.5781867749	0.5796867957
-0.002564102564	1.015384615	0.1739727294	0.2104288009	1.209550495	0.5863284358	0.5878684384
-0.002564102564	1.025641026	0.1765049233	0.2135003823	1.209600153	0.5948625164	0.5964494205
-0.002564102564	1.035897436	0.1791563382	0.2167183373	1.209660453	0.6037983993	0.6054393218
-0.002564102564	1.046153846	0.181929786	0.2200861294	1.209731151	0.6131455615	0.6148478186
-0.002564102564	1.056410256	0.1848281066	0.2236072568	1.209811975	0.622913574	0.6246846834
-0.002564102564	1.066666667	0.187854168	0.227285252	1.209902631	0.6331121023	0.6349597849
-0.002564102564	1.076923077	0.1910108659	0.231123682	1.210002797	0.6437509062	0.6456830882
-0.002564102564	1.087179487	0.1943011242	0.2351261482	1.210112135	0.6548398397	0.6568646545
-0.002564102564	1.097435897	0.1977278948	0.2392962866	1.210230286	0.666388851	0.6685146413
-0.002564102564	1.107692308	0.2012941573	0.2436377676	1.210356877	0.6784079828	0.6806433025
-0.002564102564	1.117948718	0.2050029197	0.248154296	1.210491521	0.6909073718	0.6932609882
-0.002564102564	1.128205128	0.2088572176	0.252849611	1.210633819	0.7038972493	0.7063781447
-0.002564102564	1.138461538	0.2128601147	0.2577274864	1.210783367	0.7173879406	0.7200053146
-0.002564102564	1.148717949	0.2170147027	0.2627917305	1.210939753	0.7313898656	0.7341531367
-0.002564102564	1.158974359	0.2213241013	0.2680461858	1.211102561	0.745913538	0.7488323462
-0.002564102564	1.169230769	0.2257914581	0.2734947296	1.211271374	0.7609695662	0.7640537745
-0.002564102564	1.179487179	0.2304199487	0.2791412733	1.211445775	0.7765686528	0.7798283492
-0.002564102564	1.18974359	0.2352127767	0.284989763	1.21162535	0.7927215946	0.7961670944
-0.002564102564	1.2	0.2401731738	0.2910441793	1.21180969	0.8094392827	0.81308113
0.1717948718	0.8	0.1587760388	0.1921894153	1.210443444	0.5351120651	0.5369136306
0.1717948718	0.8102564103	0.1595391587	0.193086017	1.210273506	0.5376839561	0.5394184391
0.1717948718	0.8205128205	0.1603665414	0.1940612722	1.210110729	0.5404724274	0.5421429794
0.1717948718	0.8307692308	0.1612603787	0.1951178805	1.20995549	0.5434848664	0.5450947934
0.1717948718	0.841025641	0.1622228906	0.1962585761	1.209808156	0.5467287546	0.5482815194
0.1717948718	0.8512820513	0.1632563249	0.1974861275	1.209669075	0.5502116679	0.5517108919
0.1717948718	0.8615384615	0.1643629575	0.1988033379	1.209538578	0.5539412764	0.5553907416
0.1717948718	0.8717948718	0.1655450923	0.2002130446	1.209416974	0.5579253446	0.5593289957
0.1717948718	0.8820512821	0.1668050609	0.2017181196	1.209304553	0.5621717311	0.5635336774
0.1717948718	0.8923076923	0.1681452232	0.2033214695	1.209201579	0.5666883889	0.5680129062
0.1717948718	0.9025641026	0.169567967	0.2050260349	1.209108292	0.5714833653	0.5727748981
0.1717948718	0.9128205128	0.171075708	0.2068347914	1.209024904	0.5765648019	0.5778279652
0.1717948718	0.9230769231	0.1726708898	0.2087507486	1.208951601	0.5819409344	0.5831805157
0.1717948718	0.9333333333	0.1743559841	0.2107769509	1.208888539	0.587620093	0.5888410543
0.1717948718	0.9435897436	0.1761334906	0.2129164769	1.208835845	0.5936107021	0.594818182
0.1717948718	0.9538461538	0.1780059369	0.2151724398	1.208793614	0.5999212803	0.6011205958
0.1717948718	0.9641025641	0.1799758786	0.2175479872	1.208761912	0.6065604405	0.6077570891
0.1717948718	0.9743589744	0.1820458993	0.2200463012	1.208740774	0.6135368901	0.6147365518
0.1717948718	0.9846153846	0.1842186104	0.2226705983	1.208730203	0.6208594306	0.6220679697
0.1717948718	0.9948717949	0.1864966516	0.2254241296	1.208730171	0.6285369576	0.629760425
0.1717948718	1.005128205	0.1888826904	0.2283101806	1.208740621	0.6365784614	0.6378230962
0.1717948718	1.015384615	0.1913794221	0.231332071	1.208761467	0.6449930262	0.6462652581
0.1717948718	1.025641026	0.1939895703	0.2344931553	1.208792591	0.6537898308	0.6550962817
0.1717948718	1.035897436	0.1967158863	0.2377968223	1.20883385	0.662978148	0.6643256342
0.1717948718	1.046153846	0.1995611496	0.2412464953	1.208885075	0.672567345	0.6739628791
0.1717948718	1.056410256	0.2025281675	0.2448456321	1.20894607	0.6825668833	0.6840176764
0.1717948718	1.066666667	0.2056197754	0.2485977249	1.209016615	0.6929863187	0.6944997819
0.1717948718	1.076923077	0.2088388366	0.2525063003	1.20909647	0.7038353013	0.7054190481
0.1717948718	1.087179487	0.2121882424	0.2565749194	1.209185375	0.7151235753	0.7167854236
0.1717948718	1.097435897	0.215670912	0.2608071778	1.209283048	0.7268609794	0.7286089532
0.1717948718	1.107692308	0.2192897927	0.2652067056	1.209389194	0.7390574464	0.740899778
0.1717948718	1.117948718	0.2230478597	0.2697771672	1.209503501	0.7517230036	0.7536681355
0.1717948718	1.128205128	0.2269481162	0.2745222617	1.209625646	0.7648677724	0.7669243592
0.1717948718	1.138461538	0.2309935934	0.2794457223	1.209755293	0.7785019685	0.7806788791
0.1717948718	1.148717949	0.2351873504	0.2845513171	1.209892099	0.792635902	0.7949422214
0.1717948718	1.158974359	0.2395324743	0.2898428482	1.210035713	0.807279977	0.8097250085
0.1717948718	1.169230769	0.2440320803	0.2953241526	1.210185777	0.8224446923	0.8250379591
0.1717948718	1.179487179	0.2486893113	0.3009991014	1.210341932	0.8381406407	0.8408918882
0.1717948718	1.18974359	0.2535073384	0.3068716003	1.210503815	0.8543785093	0.857297707
0.1717948718	1.2	0.2584893607	0.3129455896	1.210671065	0.8711690796	0.874266423
0.3461538462	0.8	0.1751606035	0.2119311632	1.209924829	0.5903318468	0.5920655415
0.3461538462	0.8102564103	0.1760908553	0.2130268406	1.209755272	0.5934670112	0.5951265016
0.3461538462	0.8205128205	0.1770834153	0.2141987281	1.209592258	0.5968121685	0.5984003676
0.3461538462	0.8307692308	0.1781404428	0.2154494851	1.209436116	0.6003745962	0.6018945688
0.3461538462	0.841025641	0.1792641251	0.2167818054	1.209287164	0.6041616662	0.6056166308
0.3461538462	0.8512820513	0.1804566776	0.2181984171	1.209145708	0.6081808447	0.6095741752
0.3461538462	0.8615384615	0.1817203436	0.2197020831	1.209012039	0.6124396921	0.6137749204
0.3461538462	0.8717948718	0.1830573944	0.2212956004	1.208886432	0.6169458633	0.6182266805
0.3461538462	0.8820512821	0.1844701292	0.2229818008	1.208769147	0.6217071071	0.6229373663
0.3461538462	0.8923076923	0.1859608753	0.2247635502	1.208660423	0.626731267	0.6279149845
0.3461538462	0.9025641026	0.1875319878	0.2266437492	1.20856048	0.6320262805	0.6331676385
0.3461538462	0.9128205128	0.1891858499	0.2286253328	1.208469518	0.6376001793	0.6387035274
0.3461538462	0.9230769231	0.1909248729	0.2307112705	1.208387713	0.6434610898	0.6445309472
0.3461538462	0.9333333333	0.1927514957	0.2329045662	1.208315222	0.6496172323	0.6506582896
0.3461538462	0.9435897436	0.1946681855	0.2352082583	1.208252173	0.6560769215	0.6570940428
0.3461538462	0.9538461538	0.1966774375	0.2376254195	1.208198676	0.6628485664	0.6638467915
0.3461538462	0.9641025641	0.1987817746	0.2401591572	1.208154811	0.6699406703	0.6709252162
0.3461538462	0.9743589744	0.2009837478	0.2428126131	1.208120636	0.6773618307	0.678338094
0.3461538462	0.9846153846	0.2032859362	0.2455889635	1.208096182	0.6851207394	0.6860942981
0.3461538462	0.9948717949	0.2056909468	0.2484914189	1.208081458	0.6932261826	0.6942027982
0.3461538462	1.005128205	0.2082014144	0.2515232245	1.208076445	0.7016870407	0.7026726598
0.3461538462	1.015384615	0.2108200021	0.2546876599	1.208081099	0.7105122883	0.7115130452
0.3461538462	1.025641026	0.2135494007	0.2579880391	1.208095356	0.7197109944	0.7207332127
0.3461538462	1.035897436	0.216392329	0.2614277107	1.208119122	0.7292923221	0.7303425167
0.3461538462	1.046153846	0.2193515341	0.2650100575	1.208152287	0.7392655292	0.7403504082
0.3461538462	1.056410256	0.2224297905	0.2687384969	1.208194713	0.7496399672	0.7507664343
0.3461538462	1.066666667	0.2256299013	0.2726164809	1.208246245	0.7604250824	0.7616002384
0.3461538462	1.076923077	0.2289546971	0.2766474958	1.208306706	0.7716304151	0.77286156
0.3461538462	1.087179487	0.2324070366	0.2808350623	1.208375901	0.7832655999	0.7845602352
0.3461538462	1.097435897	0.2359898067	0.2851827357	1.208453618	0.7953403657	0.796706196
0.3461538462	1.107692308	0.239705922	0.2896941057	1.208539628	0.8078645358	0.809309471
0.3461538462	1.117948718	0.2435583251	0.2943727964	1.208633687	0.8208480277	0.8223801847
0.3461538462	1.128205128	0.2475499868	0.2992224665	1.208735538	0.8343008531	0.8359285582
0.3461538462	1.138461538	0.2516839056	0.304246809	1.208844913	0.848233118	0.8499649087
0.3461538462	1.148717949	0.2559631082	0.3094495516	1.208961533	0.8626550228	0.8644996497
0.3461538462	1.158974359	0.2603906491	0.314834456	1.209085108	0.8775768622	0.8795432909
0.3461538462	1.169230769	0.2649696108	0.3204053189	1.209215343	0.8930090249	0.8951064384
0.3461538462	1.179487179	0.2697031039	0.3261659711	1.209351937	0.9089619942	0.9111997944
0.3461538462	1.18974359	0.2745942669	0.332120278	1.209494582	0.9254463476	0.9278341575
0.3461538462	1.2	0.2796462662	0.3382721394	1.209642968	0.9424727567	0.9450204225
0.5205128205	0.8	0.1928077097	0.2331951952	1.209470283	0.6498066864	0.6514702108
0.5205128205	0.8102564103	0.1939376738	0.2345292315	1.209302075	0.6536149277	0.6551970667
0.5205128205	0.8205128205	0.1951284066	0.235937535	1.209139864	0.6576279731	0.6591314005
0.5205128205	0.8307692308	0.1963820347	0.2374227246	1.208983933	0.6618529904	0.6632805291
0.5205128205	0.841025641	0.1977007129	0.238987454	1.208834558	0.6662972419	0.6676518651
0.5205128205	0.8512820513	0.1990866242	0.2406344109	1.208692005	0.6709680842	0.6722529177
0.5205128205	0.8615384615	0.2005419791	0.2423663178	1.208556527	0.6758729679	0.6770912924
0.5205128205	0.8717948718	0.2020690166	0.2441859314	1.208428365	0.681019438	0.6821746908
0.5205128205	0.8820512821	0.2036700032	0.2460960431	1.208307749	0.6864151341	0.6875109108
0.5205128205	0.8923076923	0.2053472336	0.2480994786	1.208194891	0.6920677896	0.6931078467
0.5205128205	0.9025641026	0.2071030306	0.2501990981	1.20808999	0.6979852324	0.6989734888
0.5205128205	0.9128205128	0.2089397446	0.2523977963	1.207993227	0.7041753848	0.705115924
0.5205128205	0.9230769231	0.2108597545	0.2546985023	1.207904765	0.7106462631	0.7115433352
0.5205128205	0.9333333333	0.2128654667	0.2571041796	1.207824753	0.7174059781	0.7182640016
0.5205128205	0.9435897436	0.2149593157	0.2596178263	1.207753316	0.7244627349	0.7252862988
0.5205128205	0.9538461538	0.2171437642	0.262242475	1.207690564	0.7318248328	0.7326186986
0.5205128205	0.9641025641	0.2194213026	0.2649811924	1.207636585	0.7395006652	0.7402697689
0.5205128205	0.9743589744	0.2217944494	0.2678370801	1.207591447	0.7474987202	0.7482481742
0.5205128205	0.9846153846	0.224265751	0.270813274	1.207555201	0.7558275798	0.7565626749
0.5205128205	0.9948717949	0.226837782	0.2739129443	1.207527872	0.7644959204	0.765222128
0.5205128205	1.005128205	0.2295131446	0.2771392958	1.207509471	0.7735125128	0.7742354865
0.5205128205	1.015384615	0.2322944693	0.2804955677	1.207499983	0.782886222	0.7836117998
0.5205128205	1.025641026	0.2351844145	0.2839850339	1.207499377	0.7926260072	0.7933602135
0.5205128205	1.035897436	0.2381856664	0.2876110023	1.2075076	0.8027409219	0.8034899695
0.5205128205	1.046153846	0.2413009393	0.2913768157	1.207524581	0.8132401141	0.814010406
0.5205128205	1.056410256	0.2445329756	0.2952858511	1.207550231	0.8241328258	0.8249309574
0.5205128205	1.066666667	0.2478845455	0.29934152	1.20758444	0.8354283934	0.8362611544
0.5205128205	1.076923077	0.2513584472	0.3035472685	1.207627084	0.8471362477	0.8480106239
0.5205128205	1.087179487	0.2549575069	0.307906577	1.207678019	0.8592659135	0.8601890892
0.5205128205	1.097435897	0.2586845789	0.3124229603	1.207737089	0.8718270101	0.8728063698
0.5205128205	1.107692308	0.2625425452	0.3170999679	1.207804121	0.884829251	0.8858723813
0.5205128205	1.117948718	0.2665343159	0.3219411835	1.207878927	0.898282444	0.8993971358
0.5205128205	1.128205128	0.2706628293	0.3269502255	1.207961309	0.9121964913	0.9133907416
0.5205128205	1.138461538	0.2749310513	0.3321307466	1.208051055	0.9265813891	0.9278634033
0.5205128205	1.148717949	0.279341976	0.3374864339	1.208147944	0.9414472281	0.9428254215
0.5205128205	1.158974359	0.2838986255	0.3430210092	1.208251743	0.9568041933	0.9582871934
0.5205128205	1.169230769	0.2886040497	0.3487382285	1.208362214	0.9726625639	0.9742592124
0.5205128205	1.179487179	0.2934613266	0.3546418824	1.208479109	0.9890327133	0.9907520679
0.5205128205	1.18974359	0.2984735622	0.360735796	1.208602174	1.005925109	1.007776446
0.5205128205	1.2	0.3036438903	0.3670238287	1.20873115	1.023350314	1.025343129
0.6948717949	0.8	0.2117173575	0.2559815116	1.209071919	0.7135365839	0.7151276386
0.6948717949	0.8102564103	0.2130796143	0.2575931898	1.208905838	0.7181277055	0.7196301343
0.6948717949	0.8205128205	0.2145015152	0.2592776928	1.208745274	0.7229198411	0.7243360781
0.6948717949	0.8307692308	0.2159851544	0.2610375991	1.208590469	0.7279200491	0.7292526741
0.6948717949	0.841025641	0.2175326541	0.2628755219	1.208441661	0.7331354819	0.7343872223
0.6948717949	0.8512820513	0.2191461646	0.2647941088	1.208299079	0.7385733864	0.7397471193
0.6948717949	0.8615384615	0.2208278641	0.2667960419	1.208162942	0.7442411036	0.7453398577
0.6948717949	0.8717948718	0.2225799587	0.2688840375	1.208033459	0.7501460689	0.7511730265
0.6948717949	0.8820512821	0.2244046828	0.2710608466	1.20791083	0.7562958119	0.757254311
0.6948717949	0.8923076923	0.2263042983	0.2733292548	1.207795242	0.7626979566	0.7635914927
0.6948717949	0.9025641026	0.2282810954	0.2756920817	1.207686871	0.7693602212	0.7701924493
0.6948717949	0.9128205128	0.2303373921	0.2781521818	1.207585877	0.7762904181	0.7770651549
0.6948717949	0.9230769231	0.2324755347	0.2807124438	1.207492411	0.7834964542	0.7842176797
0.6948717949	0.9333333333	0.234697897	0.283375791	1.207406605	0.7909863305	0.7916581905
0.6948717949	0.9435897436	0.2370068811	0.286145181	1.207328579	0.7987681423	0.7993949499
0.6948717949	0.9538461538	0.239404917	0.2890236061	1.207258438	0.8068500793	0.807436317
0.6948717949	0.9641025641	0.2418944626	0.2920140928	1.207196269	0.8152404253	0.8157907473
0.6948717949	0.9743589744	0.2444780039	0.2951197022	1.207142145	0.8239475586	0.8244667924
0.6948717949	0.9846153846	0.2471580548	0.2983435299	1.207096123	0.8329799515	0.8334731
0.6948717949	0.9948717949	0.2499371572	0.3016887057	1.207058243	0.8423461709	0.8428184145
0.6948717949	1.005128205	0.2528178809	0.3051583943	1.207028526	0.8520548777	0.8525115762
0.6948717949	1.015384615	0.2558028238	0.3087557944	1.207006982	0.8621148272	0.8625615217
0.6948717949	1.025641026	0.2588946116	0.3124841394	1.2069936	0.8725348692	0.8729772841
0.6948717949	1.035897436	0.2620958982	0.3163466973	1.206988356	0.8833239473	0.8837679925
0.6948717949	1.046153846	0.2654093654	0.3203467701	1.206991206	0.8944910997	0.8949428724
0.6948717949	1.056410256	0.2688377227	0.3244876947	1.207002096	0.906045459	0.9065112455
0.6948717949	1.066666667	0.2723837081	0.3287728423	1.207020951	0.9179962518	0.9184825299
0.6948717949	1.076923077	0.276050087	0.3332056185	1.207047685	0.930352799	0.9308662398
0.6948717949	1.087179487	0.2798396533	0.3377894634	1.207082197	0.943124516	0.9436719857
0.6948717949	1.097435897	0.2837552285	0.3425278516	1.207124371	0.9563209123	0.9569094744
0.6948717949	1.107692308	0.2877996623	0.3474242922	1.207174079	0.9699515918	0.9705885091
0.6948717949	1.117948718	0.2919758321	0.3524823285	1.207231181	0.9840262526	0.9847189889
0.6948717949	1.128205128	0.2962866437	0.3577055386	1.207295524	0.998554687	0.9993109096
0.6948717949	1.138461538	0.3007350305	0.3630975349	1.207366945	1.013546782	1.014374363
0.6948717949	1.148717949	0.3053239539	0.3686619641	1.207445271	1.029012518	1.029919537
0.6948717949	1.158974359	0.3100564036	0.3744025077	1.207530318	1.044961971	1.045956716
0.6948717949	1.169230769	0.3149353969	0.3803228814	1.207621897	1.061405309	1.062496281
0.6948717949	1.179487179	0.3199639793	0.3864268354	1.207719807	1.078352798	1.079548709
0.6948717949	1.18974359	0.3251452242	0.3927181544	1.207823844	1.095814795	1.097124572
0.6948717949	1.2	0.3304822329	0.3992006576	1.207933794	1.113801751	1.115234541
0.8692307692	0.8	0.2318895468	0.2802901121	1.208722497	0.7815215393	0.7830378249
0.8692307692	0.8102564103	0.2335166768	0.2822187155	1.208559146	0.7870053446	0.7884257045
0.8692307692	0.8205128205	0.2352027413	0.2842192015	1.208400888	0.7926877727	0.7940144004
0.8692307692	0.8307692308	0.2369498019	0.2862941085	1.208247933	0.7985757723	0.7998110039
0.8692307692	0.841025641	0.2387599486	0.2884460092	1.208100483	0.8046763861	0.8058227025
0.8692307692	0.8512820513	0.2406352988	0.290677511	1.207958734	0.8109967513	0.8120567799
0.8692307692	0.8615384615	0.2425779984	0.2929912554	1.207822875	0.8175440993	0.8185206162
0.8692307692	0.8717948718	0.2445902209	0.2953899186	1.207693086	0.8243257557	0.8252216876
0.8692307692	0.8820512821	0.246674168	0.2978762114	1.207569539	0.8313491406	0.8321675668
0.8692307692	0.8923076923	0.2488320692	0.3004528786	1.207452398	0.8386217681	0.8393659225
0.8692307692	0.9025641026	0.2510661822	0.3031226999	1.207341814	0.8461512468	0.8468245198
0.8692307692	0.9128205128	0.2533787924	0.3058884893	1.207237932	0.8539452795	0.85455122
0.8692307692	0.9230769231	0.2557722134	0.3087530951	1.207140881	0.8620116632	0.8625539809
0.8692307692	0.9333333333	0.2582487867	0.3117194004	1.207050784	0.8703582894	0.8708408561
0.8692307692	0.9435897436	0.2608108817	0.3147903224	1.206967747	0.8789931437	0.879419996
0.8692307692	0.9538461538	0.2634608959	0.3179688129	1.206891868	0.887924306	0.8882996469
0.8692307692	0.9641025641	0.2662012548	0.3212578583	1.206823231	0.8971599506	0.8974881514
0.8692307692	0.9743589744	0.2690344115	0.3246604793	1.206761906	0.9067083459	0.9069939486
0.8692307692	0.9846153846	0.2719628477	0.3281797311	1.206707953	0.9165778547	0.9168255735
0.8692307692	0.9948717949	0.2749890725	0.3318187033	1.206661415	0.9267769341	0.9269916577
0.8692307692	1.005128205	0.2781156234	0.3355805201	1.206622325	0.9373141353	0.9375009289
0.8692307692	1.015384615	0.2813450655	0.3394683399	1.206590701	0.9481981041	0.9483622111
0.8692307692	1.025641026	0.2846799922	0.3434853559	1.206566549	0.9594375804	0.9595844245
0.8692307692	1.035897436	0.2881230247	0.3476347955	1.206549861	0.9710413982	0.9711765856
0.8692307692	1.046153846	0.2916768122	0.3519199206	1.206540616	0.9830184861	0.9831478074
0.8692307692	1.056410256	0.2953440319	0.3563440277	1.206538779	0.9953778668	0.9955072987
0.8692307692	1.066666667	0.299127389	0.3609104477	1.206544305	1.008128657	1.008264365
0.8692307692	1.076923077	0.3030296166	0.3656225457	1.206557134	1.021280069	1.021428408
0.8692307692	1.087179487	0.3070534758	0.3704837216	1.206577195	1.034841408	1.035008925
0.8692307692	1.097435897	0.3112017557	0.3754974097	1.206604407	1.048822073	1.04901551
0.8692307692	1.107692308	0.3154772733	0.3806670786	1.206638674	1.063231558	1.063457854
0.8692307692	1.117948718	0.3198828738	0.3859962315	1.206679892	1.078079453	1.078345744
0.8692307692	1.128205128	0.32442143	0.3914884059	1.206727946	1.09337544	1.093689062
0.8692307692	1.138461538	0.3290958431	0.397147174	1.206782712	1.109129296	1.109497787
0.8692307692	1.148717949	0.3339090419	0.4029761422	1.206844055	1.125350892	1.125781996
0.8692307692	1.158974359	0.3388639834	0.4089789516	1.206911834	1.142050194	1.142551859
0.8692307692	1.169230769	0.3439636525	0.4151592776	1.206985897	1.159237261	1.159817645
0.8692307692	1.179487179	0.3492110621	0.42152083	1.207066086	1.176922248	1.177589717
0.8692307692	1.18974359	0.354609253	0.4280673532	1.207152238	1.195115403	1.195878537
0.8692307692	1.2	0.3601612941	0.4348026261	1.20724418	1.213827069	1.21469466
1.043589744	0.8	0.2533242778	0.306120997	1.208415552	0.8537615525	0.8552007696
1.043589744	0.8102564103	0.2552488612	0.3084058086	1.208255375	0.8602478449	0.8615837772
1.043589744	0.8205128205	0.2572320847	0.3107620612	1.208099921	0.8669317678	0.8681663673
1.043589744	0.8307692308	0.2592759773	0.3131922528	1.207949368	0.8738201599	0.8749555185
1.043589744	0.841025641	0.2613825964	0.3156989159	1.207803887	0.8809199545	0.8819583056
1.043589744	0.8512820513	0.2635540269	0.3182846172	1.207663647	0.888238179	0.8891818997
1.043589744	0.8615384615	0.2657923821	0.3209519583	1.207528808	0.895781955	0.896633568
1.043589744	0.8717948718	0.2680998031	0.3237035749	1.207399525	0.9035584987	0.9043206742
1.043589744	0.8820512821	0.2704784589	0.3265421373	1.207275946	0.9115751201	0.9122506782
1.043589744	0.8923076923	0.2729305465	0.3294703502	1.207158211	0.919839224	0.9204311361
1.043589744	0.9025641026	0.275458291	0.3324909528	1.207046452	0.9283583092	0.9288697003
1.043589744	0.9128205128	0.2780639454	0.3356067188	1.206940793	0.9371399687	0.9375741195
1.043589744	0.9230769231	0.2807497907	0.3388204563	1.206841349	0.9461918901	0.9465522385
1.043589744	0.9333333333	0.2835181358	0.3421350078	1.206748227	0.9555218548	0.9558119986
1.043589744	0.9435897436	0.2863713176	0.3455532503	1.206661523	0.965137739	0.9653614372
1.043589744	0.9538461538	0.289311701	0.3490780954	1.206581325	0.9750475129	0.9752086881
1.043589744	0.9641025641	0.2923416789	0.352712489	1.206507708	0.985259241	0.9853619812
1.043589744	0.9743589744	0.2954636722	0.3564594115	1.206440741	0.9957810821	0.9958296428
1.043589744	0.9846153846	0.2986801296	0.3603218777	1.206380479	1.006621289	1.006620095
1.043589744	0.9948717949	0.3019935279	0.364302937	1.206326969	1.01778821	1.017741858
1.043589744	1.005128205	0.305406372	0.3684056731	1.206280245	1.029290286	1.029203545
1.043589744	1.015384615	0.3089211945	0.3726332043	1.206240332	1.041136053	1.041013868
1.043589744	1.025641026	0.3125405562	0.3769886832	1.206207245	1.053334141	1.053181635
1.043589744	1.035897436	0.3162670458	0.381475297	1.206180986	1.065893275	1.065715749
1.043589744	1.046153846	0.3201032799	0.3860962673	1.206161547	1.078822273	1.078625211
1.043589744	1.056410256	0.3240519032	0.3908548502	1.206148911	1.092130049	1.091919117
1.043589744	1.066666667	0.3281155883	0.3957543361	1.206143049	1.10582561	1.105606659
1.043589744	1.076923077	0.3322970358	0.4007980501	1.206143922	1.119918058	1.119697127
1.043589744	1.087179487	0.3365989743	0.4059893516	1.206151482	1.134416588	1.134199906
1.043589744	1.097435897	0.3410241603	0.4113316345	1.206165669	1.149330491	1.149124477
1.043589744	1.107692308	0.3455753783	0.4168283272	1.206186417	1.164669151	1.164480417
1.043589744	1.117948718	0.3502554408	0.4224828923	1.206213646	1.180442046	1.180277401
1.043589744	1.128205128	0.3550671882	0.4282988274	1.206247272	1.196658751	1.196525199
1.043589744	1.138461538	0.3600134891	0.4342796639	1.2062872	1.213328932	1.213233677
1.043589744	1.148717949	0.3650972399	0.4404289682	1.206333327	1.230462351	1.230412798
1.043589744	1.158974359	0.3703213648	0.4467503409	1.206385543	1.248068863	1.248072622
1.043589744	1.169230769	0.3756888164	0.453247417	1.20644373	1.266158419	1.266223303
1.043589744	1.179487179	0.3812025749	0.4599238662	1.206507764	1.284741064	1.284875093
1.043589744	1.18974359	0.3868656486	0.4667833924	1.206577514	1.303826935	1.304038339
1.043589744	1.2	0.3926810739	0.4738297342	1.206652843	1.323426267	1.323723486
1.217948718	0.8	0.2760215503	0.3334741661	1.208145399	0.9302566235	0.9316164728
1.217948718	0.8102564103	0.2782761676	0.3361544691	1.207988711	0.9378552066	0.9391043525
1.217948718	0.8205128205	0.2805895454	0.3389062719	1.207836419	0.9456518263	0.9467919789
1.217948718	0.8307692308	0.2829636805	0.3417320321	1.207688674	0.953653212	0.954686218
1.217948718	0.841025641	0.2854005975	0.3446342419	1.207545622	0.9618661871	0.9627940317
1.217948718	0.8512820513	0.2879023488	0.3476154277	1.207407404	0.9702976694	0.9711224785
1.217948718	0.8615384615	0.2904710153	0.3506781507	1.207274159	0.9789546708	0.979678713
1.217948718	0.8717948718	0.2931087053	0.3538250063	1.207146018	0.9878442976	0.9884699862
1.217948718	0.8820512821	0.2958175554	0.3570586244	1.207023106	0.9969737506	0.9975036453
1.217948718	0.8923076923	0.2985997301	0.3603816695	1.206905543	1.006350324	1.006787134
1.217948718	0.9025641026	0.3014574219	0.3637968404	1.206793444	1.015981408	1.016327991
1.217948718	0.9128205128	0.3043928513	0.3673068703	1.206686914	1.025874486	1.026133853
1.217948718	0.9230769231	0.3074082666	0.3709145272	1.206586054	1.036037135	1.036212453
1.217948718	0.9333333333	0.3105059443	0.3746226132	1.206490955	1.046477027	1.046571618
1.217948718	0.9435897436	0.3136881887	0.3784339649	1.206401703	1.057201928	1.057219274
1.217948718	0.9538461538	0.3169573322	0.3823514536	1.206318374	1.0682197	1.068163441
1.217948718	0.9641025641	0.3203157351	0.3863779849	1.206241038	1.079538297	1.079412237
1.217948718	0.9743589744	0.3237657858	0.3905164988	1.206169756	1.091165767	1.090973875
1.217948718	0.9846153846	0.3273099004	0.3947699697	1.206104579	1.103110255	1.102856665
1.217948718	0.9948717949	0.3309505233	0.3991414068	1.206045553	1.115379999	1.115069014
1.217948718	1.005128205	0.3346901267	0.4036338535	1.205992712	1.127983329	1.127619423
1.217948718	1.015384615	0.3385312107	0.4082503875	1.205946083	1.140928673	1.140516492
1.217948718	1.025641026	0.3424763036	0.4129941214	1.205905685	1.15422455	1.153768915
1.217948718	1.035897436	0.3465279614	0.4178682018	1.205871527	1.167879577	1.167385483
1.217948718	1.046153846	0.3506887684	0.4228758102	1.205843609	1.181902461	1.181375083
1.217948718	1.056410256	0.3549613365	0.4280201621	1.205821925	1.196302006	1.1957467
1.217948718	1.066666667	0.359348306	0.4333045077	1.205806457	1.211087111	1.210509413
1.217948718	1.076923077	0.3638523447	0.4387321318	1.205797182	1.226266766	1.225672399
1.217948718	1.087179487	0.3684761489	0.4443063534	1.205794065	1.241850057	1.24124493
1.217948718	1.097435897	0.3732224423	0.4500305261	1.205797066	1.257846167	1.257236374
1.217948718	1.107692308	0.3780939771	0.4559080378	1.205806137	1.274264369	1.273656197
1.217948718	1.117948718	0.3830935332	0.4619423111	1.205821219	1.291114032	1.29051396
1.217948718	1.128205128	0.3882239184	0.4681368029	1.205842249	1.30840462	1.30781932
1.217948718	1.138461538	0.3934879687	0.4744950046	1.205869156	1.32614569	1.325582032
1.217948718	1.148717949	0.3988885479	0.481020442	1.20590186	1.344346894	1.343811945
1.217948718	1.158974359	0.404428548	0.4877166755	1.205940278	1.363017979	1.362519005
1.217948718	1.169230769	0.4101108887	0.4945872997	1.205984316	1.382168784	1.381713256
1.217948718	1.179487179	0.4159385177	0.501635944	1.206033879	1.401809245	1.401404835
1.217948718	1.18974359	0.421914411	0.508866272	1.206088862	1.421949391	1.421603979
1.217948718	1.2	0.4280415722	0.5162819818	1.206149158	1.442599345	1.442321019
1.392307692	0.8	0.2999813644	0.3623496194	1.207907098	1.011006752	1.012284935
1.392307692	0.8102564103	0.3025985959	0.365464697	1.207754107	1.01982743	1.02098743
1.392307692	0.8205128205	0.3052751236	0.3686518335	1.207605222	1.028847948	1.029891235
1.392307692	0.8307692308	0.3080129116	0.3719134463	1.207460572	1.038074929	1.039003102
1.392307692	0.841025641	0.3108139519	0.3752519872	1.207320279	1.047515084	1.048329881
1.392307692	0.8512820513	0.3136802646	0.3786699424	1.207184465	1.057175222	1.057878516
1.392307692	0.8615384615	0.3166138978	0.3821698325	1.207053244	1.067062246	1.067656051
1.392307692	0.8717948718	0.3196169274	0.3857542128	1.206926729	1.077183153	1.077669624
1.392307692	0.8820512821	0.3226914575	0.3894256727	1.206805026	1.087545032	1.087926468
1.392307692	0.8923076923	0.32583962	0.3931868365	1.206688237	1.098155069	1.098433915
1.392307692	0.9025641026	0.3290635748	0.3970403626	1.206576458	1.109020545	1.109199392
1.392307692	0.9128205128	0.3323655098	0.4009889439	1.206469781	1.120148831	1.120230421
1.392307692	0.9230769231	0.335747641	0.4050353079	1.206368291	1.131547397	1.131534623
1.392307692	0.9333333333	0.3392122121	0.4091822166	1.206272068	1.143223805	1.143119714
1.392307692	0.9435897436	0.342761495	0.4134324662	1.206181185	1.155185712	1.154993505
1.392307692	0.9538461538	0.3463977895	0.4177888875	1.206095709	1.167440867	1.167163905
1.392307692	0.9641025641	0.3501234234	0.4222543459	1.206015701	1.179997117	1.179638918
1.392307692	0.9743589744	0.3539407524	0.4268317411	1.205941215	1.192862401	1.192426645
1.392307692	0.9846153846	0.3578521603	0.4315240071	1.205872299	1.206044753	1.205535284
1.392307692	0.9948717949	0.3618600588	0.4363341128	1.205808992	1.2195523	1.218973127
1.392307692	1.005128205	0.3659668876	0.4412650611	1.205751329	1.233393265	1.232748565
1.392307692	1.015384615	0.3701751142	0.4463198897	1.205699337	1.247575965	1.246870084
1.392307692	1.025641026	0.3744872343	0.4515016705	1.205653034	1.262108809	1.261346265
1.392307692	1.035897436	0.3789057716	0.45681351	1.205612435	1.277000304	1.276185786
1.392307692	1.046153846	0.3834332777	0.4622585491	1.205577544	1.292259049	1.291397424
1.392307692	1.056410256	0.3880723319	0.4678399633	1.20554836	1.307893738	1.306990049
1.392307692	1.066666667	0.392825542	0.4735609624	1.205524875	1.323913158	1.322972627
1.392307692	1.076923077	0.3976955434	0.4794247907	1.205507074	1.340326192	1.339354223
1.392307692	1.087179487	0.4026849995	0.4854347269	1.205494934	1.357141816	1.356143996
1.392307692	1.097435897	0.4077966019	0.4915940843	1.205488428	1.374369101	1.373351202
1.392307692	1.107692308	0.4130330699	0.4979062106	1.205487519	1.392017212	1.390985194
1.392307692	1.117948718	0.4183971509	0.5043744878	1.205492166	1.410095409	1.409055421
1.392307692	1.128205128	0.4238916204	0.5110023327	1.205502322	1.428613045	1.427571426
1.392307692	1.138461538	0.4295192817	0.5177931961	1.205517932	1.447579569	1.446542851
1.392307692	1.148717949	0.4352829661	0.5247505638	1.205538936	1.467004521	1.465979434
1.392307692	1.158974359	0.4411855328	0.5318779555	1.205565269	1.48689754	1.485891008
1.392307692	1.169230769	0.4472298693	0.5391789258	1.205596859	1.507268355	1.506287503
1.392307692	1.179487179	0.4534188906	0.5466570635	1.205633631	1.528126792	1.527178946
1.392307692	1.18974359	0.4597555402	0.554315992	1.205675503	1.54948277	1.548575457
1.392307692	1.2	0.466242789	0.562159369	1.205722388	1.571346303	1.570487258
1.566666667	0.8	0.3252037201	0.392747357	1.207696385	1.096011939	1.097206155
1.566666667	0.8102564103	0.3282161462	0.3963364922	1.207547212	1.106164514	1.107233011
1.566666667	0.8205128205	0.3312888191	0.3999987461	1.207401889	1.116520134	1.117464136
1.566666667	0.8307692308	0.3344236704	0.4037364955	1.207260524	1.12708531	1.127906171
1.566666667	0.841025641	0.3376226596	0.4075521519	1.207123219	1.137866645	1.138565853
1.566666667	0.8512820513	0.3408877742	0.4114481612	1.206990078	1.148870838	1.149450013
1.566666667	0.8615384615	0.3442210298	0.4154270037	1.206861196	1.160104682	1.160565583
1.566666667	0.8717948718	0.3476244696	0.4194911943	1.206736668	1.171575064	1.171919587
1.566666667	0.8820512821	0.3511001653	0.4236432823	1.206616584	1.183288964	1.183519146
1.566666667	0.8923076923	0.3546502162	0.4278858512	1.20650103	1.195253459	1.19537148
1.566666667	0.9025641026	0.3582767497	0.4322215194	1.206390087	1.207475717	1.207483902
1.566666667	0.9128205128	0.3619819212	0.4366529395	1.206283833	1.219963004	1.219863824
1.566666667	0.9230769231	0.3657679139	0.4411827985	1.20618234	1.232722678	1.232518751
1.566666667	0.9333333333	0.3696369393	0.445813818	1.206085677	1.24576219	1.245456287
1.566666667	0.9435897436	0.3735912365	0.4505487541	1.205993905	1.259089089	1.258684131
1.566666667	0.9538461538	0.3776330729	0.4553903971	1.205907082	1.272711015	1.27221008
1.566666667	0.9641025641	0.3817647437	0.4603415721	1.205825262	1.286635703	1.286042025
1.566666667	0.9743589744	0.3859885721	0.4654051384	1.205748491	1.300870984	1.300187953
1.566666667	0.9846153846	0.3903069093	0.4705839899	1.205676812	1.315424782	1.314655951
1.566666667	0.9948717949	0.3947221344	0.4758810548	1.205610259	1.330305114	1.329454197
1.566666667	1.005128205	0.3992366545	0.481299296	1.205548866	1.345520094	1.34459097
1.566666667	1.015384615	0.4038529049	0.4868417106	1.205492655	1.361077928	1.360074643
1.566666667	1.025641026	0.4085733485	0.4925113304	1.205441648	1.376986917	1.375913684
1.566666667	1.035897436	0.4134004765	0.4983112214	1.205395856	1.393255458	1.392116661
1.566666667	1.046153846	0.4183368078	0.5042444843	1.20535529	1.409892039	1.408692234
1.566666667	1.056410256	0.4233848894	0.510314254	1.205319951	1.426905244	1.425649162
1.566666667	1.066666667	0.4285472964	0.5165237002	1.205289835	1.444303753	1.4429963
1.566666667	1.076923077	0.4338266317	0.5228760268	1.205264934	1.462096337	1.460742598
1.566666667	1.087179487	0.4392255262	0.5293744722	1.205245234	1.480291863	1.478897105
1.566666667	1.097435897	0.4447466389	0.5360223093	1.205230714	1.498899293	1.497468962
1.566666667	1.107692308	0.4503926566	0.5428228455	1.20522135	1.517927682	1.516467409
1.566666667	1.117948718	0.4561662941	0.5497794225	1.205217109	1.537386179	1.535901783
1.566666667	1.128205128	0.4620702944	0.5568954166	1.205217958	1.557284029	1.555781516
1.566666667	1.138461538	0.4681074282	0.5641742384	1.205223854	1.577630569	1.576116136
1.566666667	1.148717949	0.4742804942	0.5716193333	1.205234751	1.598435233	1.596915268
1.566666667	1.158974359	0.4805923193	0.5792341808	1.205250599	1.619707548	1.618188632
1.566666667	1.169230769	0.4870457582	0.5870222951	1.205271343	1.641457133	1.639946046
1.566666667	1.179487179	0.4936436936	0.5949872245	1.205296922	1.663693705	1.662197423
1.566666667	1.18974359	0.5003890361	0.6031325523	1.205327273	1.686427073	1.684952773
1.566666667	1.2	0.5072847244	0.6114618958	1.205362327	1.709667142	1.708222203
1.741025641	0.8	0.3516886174	0.4246673788	1.207509592	1.185272184	1.186380133
1.741025641	0.8102564103	0.3551288185	0.4287698549	1.207364293	1.196866459	1.197841094
1.741025641	0.8205128205	0.3586306321	0.4329470096	1.207222615	1.208668383	1.209510682
1.741025641	0.8307692308	0.3621959571	0.4372011796	1.207084648	1.220684355	1.221395425
1.741025641	0.841025641	0.3658267207	0.4415347359	1.206950479	1.23292087	1.233501947
1.741025641	0.8512820513	0.3695248777	0.4459500842	1.206820193	1.245384517	1.24583697
1.741025641	0.8615384615	0.3732924111	0.4504496644	1.20669387	1.258081978	1.258407308
1.741025641	0.8717948718	0.3771313318	0.455035951	1.206571591	1.271020031	1.271219875
1.741025641	0.8820512821	0.3810436788	0.459711453	1.206453429	1.284205547	1.28428168
1.741025641	0.8923076923	0.3850315188	0.4644787137	1.206339458	1.297645493	1.297599829
1.741025641	0.9025641026	0.3890969467	0.4693403109	1.206229745	1.311346927	1.311181523
1.741025641	0.9128205128	0.3932420853	0.474298857	1.206124356	1.325317006	1.32503406
1.741025641	0.9230769231	0.3974690854	0.4793569988	1.206023352	1.339562976	1.339164835
1.741025641	0.9333333333	0.4017801259	0.4845174174	1.20592679	1.354092182	1.353581337
1.741025641	0.9435897436	0.4061774133	0.4897828286	1.205834723	1.36891206	1.368291153
1.741025641	0.9538461538	0.4106631825	0.4951559824	1.2057472	1.384030142	1.383301967
1.741025641	0.9641025641	0.4152396961	0.5006396634	1.205664266	1.399454054	1.398621557
1.741025641	0.9743589744	0.4199092448	0.5062366908	1.205585962	1.415191516	1.4142578
1.741025641	0.9846153846	0.4246741472	0.511949918	1.205512324	1.431250342	1.430218666
1.741025641	0.9948717949	0.42953675	0.517782233	1.205443383	1.447638441	1.446512224
1.741025641	1.005128205	0.4344994277	0.5237365582	1.205379167	1.464363815	1.463146638
1.741025641	1.015384615	0.4395645829	0.5298158504	1.205319698	1.481434563	1.480130169
1.741025641	1.025641026	0.4447346461	0.5360231012	1.205264995	1.498858875	1.497471174
1.741025641	1.035897436	0.4500120759	0.5423613361	1.205215071	1.516645037	1.515178105
1.741025641	1.046153846	0.4553993587	0.5488336155	1.205169935	1.534801429	1.533259512
1.741025641	1.056410256	0.4608990089	0.5554430342	1.205129591	1.553336525	1.55172404
1.741025641	1.066666667	0.4665135692	0.5621927212	1.205094039	1.572258895	1.570580432
1.741025641	1.076923077	0.4722456097	0.5690858402	1.205063273	1.591577201	1.589837526
1.741025641	1.087179487	0.478097729	0.5761255893	1.205037285	1.6113002	1.609504256
1.741025641	1.097435897	0.4840725534	0.5833152011	1.20501606	1.631436743	1.629589652
1.741025641	1.107692308	0.4901727372	0.5906579425	1.20499958	1.651995777	1.650102842
1.741025641	1.117948718	0.4964009627	0.598157115	1.204987822	1.672986341	1.671053048
1.741025641	1.128205128	0.5027599403	0.6058160546	1.204980759	1.69441757	1.692449591
1.741025641	1.138461538	0.5092524081	0.6136381316	1.20497836	1.716298692	1.714301886
1.741025641	1.148717949	0.5158811325	0.6216267508	1.204980589	1.73863903	1.736619444
1.741025641	1.158974359	0.5226489075	0.6297853516	1.204987406	1.761448001	1.759411875
1.741025641	1.169230769	0.5295585555	0.6381174076	1.204998769	1.784735117	1.782688883
1.741025641	1.179487179	0.5366129266	0.6466264272	1.20501463	1.808509983	1.806460268
1.741025641	1.18974359	0.5438148988	0.655315953	1.205034938	1.832782299	1.830735928
1.741025641	1.2	0.5511673784	0.6641895621	1.205059639	1.85756186	1.855525855
1.915384615	0.8	0.3794360562	0.4581096849	1.207343576	1.278787486	1.27980687
1.915384615	0.8102564103	0.3833366127	0.4627647849	1.207202155	1.291933266	1.292811679
1.915384615	0.8205128205	0.3873005623	0.4674966241	1.20706415	1.305292696	1.306030872
1.915384615	0.8307692308	0.3913297717	0.4723074986	1.206929635	1.318872065	1.319470864
1.915384615	0.841025641	0.3954261351	0.4771997393	1.206798684	1.33267776	1.333138165
1.915384615	0.8512820513	0.399591575	0.4821757113	1.206671365	1.346716258	1.347039385
1.915384615	0.8615384615	0.4038280419	0.4872378145	1.206547748	1.360994134	1.361181226
1.915384615	0.8717948718	0.408137514	0.4923884828	1.206427897	1.375518054	1.375570489
1.915384615	0.8820512821	0.4125219978	0.4976301849	1.206311875	1.390294781	1.39021407
1.915384615	0.8923076923	0.4169835276	0.5029654238	1.206199743	1.405331171	1.405118962
1.915384615	0.9025641026	0.4215241656	0.5083967371	1.206091557	1.420634174	1.420292254
1.915384615	0.9128205128	0.4261460022	0.5139266966	1.205987371	1.436210835	1.435741131
1.915384615	0.9230769231	0.4308511555	0.5195579089	1.205887236	1.452068292	1.451472875
1.915384615	0.9333333333	0.4356417718	0.5252930149	1.2057912	1.46821378	1.467494863
1.915384615	0.9435897436	0.4405200253	0.5311346897	1.205699308	1.484654625	1.48381457
1.915384615	0.9538461538	0.4454881182	0.5370856433	1.205611601	1.50139825	1.500439565
1.915384615	0.9641025641	0.4505482805	0.54314862	1.205528116	1.518452171	1.517377515
1.915384615	0.9743589744	0.4557027705	0.5493263983	1.205448889	1.535823997	1.534636184
1.915384615	0.9846153846	0.4609538742	0.5556217915	1.205373949	1.553521434	1.552223429
1.915384615	0.9948717949	0.4663039057	0.5620376473	1.205303324	1.57155228	1.570147207
1.915384615	1.005128205	0.471755207	0.5685768476	1.205237037	1.58992443	1.588415569
1.915384615	1.015384615	0.4773101481	0.5752423091	1.205175108	1.608645869	1.607036663
1.915384615	1.025641026	0.4829711271	0.5820369828	1.205117553	1.627724681	1.626018733
1.915384615	1.035897436	0.4887405698	0.5889638541	1.205064385	1.647169041	1.645370119
1.915384615	1.046153846	0.4946209304	0.5960259429	1.205015612	1.666987219	1.665099259
1.915384615	1.056410256	0.5006146906	0.6032263037	1.204971239	1.687187581	1.685214684
1.915384615	1.066666667	0.5067243603	0.6105680252	1.204931267	1.707778585	1.705725024
1.915384615	1.076923077	0.5129524774	0.6180542308	1.204895693	1.728768783	1.726639006
1.915384615	1.087179487	0.5193016079	0.6256880782	1.204864512	1.750166825	1.747965449
1.915384615	1.097435897	0.5257743454	0.6334727595	1.204837712	1.771981451	1.769713273
1.915384615	1.107692308	0.5323733117	0.6414115016	1.204815282	1.794221498	1.791891491
1.915384615	1.117948718	0.5391011567	0.6495075655	1.204797203	1.816895895	1.814509215
1.915384615	1.128205128	0.5459605581	0.6577642468	1.204783454	1.840013668	1.83757565
1.915384615	1.138461538	0.5529542215	0.6661848755	1.204774011	1.863583936	1.8611001
1.915384615	1.148717949	0.5600848808	0.6747728161	1.204768847	1.887615911	1.885091965
1.915384615	1.158974359	0.5673552974	0.6835314676	1.204767931	1.912118901	1.909560739
1.915384615	1.169230769	0.5747682612	0.6924642635	1.204771227	1.937102307	1.934516015
1.915384615	1.179487179	0.5823265896	0.7015746715	1.2047787	1.962575627	1.95996748
1.915384615	1.18974359	0.5900331283	0.7108661941	1.204790307	1.988548449	1.985924919
1.915384615	1.2	0.5978907509	0.720342368	1.204806007	2.015030459	2.012398214
2.08974359	0.8	0.4084460366	0.4930742753	1.207195642	1.376557847	1.377486366
2.08974359	0.8102564103	0.4128395288	0.4983212824	1.207058064	1.391364934	1.392144768
2.08974359	0.8205128205	0.41729861	0.5036475895	1.206923717	1.406393072	1.407024707
2.08974359	0.8307692308	0.421825114	0.5090554526	1.206792663	1.42164844	1.422132487
2.08974359	0.841025641	0.4264209028	0.514547162	1.206664961	1.437137313	1.437474506
2.08974359	0.8512820513	0.4310878662	0.5201250427	1.20654067	1.452866062	1.453057259
2.08974359	0.8615384615	0.4358279221	0.525791454	1.206419845	1.468841149	1.468887337
2.08974359	0.8717948718	0.4406430163	0.5315487897	1.20630254	1.485069133	1.484971428
2.08974359	0.8820512821	0.4455351226	0.537399478	1.206188807	1.501556666	1.501316315
2.08974359	0.8923076923	0.4505062428	0.5433459817	1.206078696	1.518310494	1.517928879
2.08974359	0.9025641026	0.4555584066	0.5493907979	1.205972253	1.535337457	1.534816095
2.08974359	0.9128205128	0.4606936718	0.5555364583	1.205869523	1.552644492	1.551985036
2.08974359	0.9230769231	0.4659141241	0.5617855289	1.205770548	1.570238626	1.569442872
2.08974359	0.9333333333	0.4712218771	0.5681406103	1.205675368	1.588126985	1.587196866
2.08974359	0.9435897436	0.4766190725	0.5746043375	1.20558402	1.606316785	1.605254381
2.08974359	0.9538461538	0.48210788	0.58117938	1.205496537	1.624815338	1.623622874
2.08974359	0.9641025641	0.487690497	0.5878684416	1.205412952	1.643630052	1.642309899
2.08974359	0.9743589744	0.4933691492	0.5946742608	1.205333292	1.662768427	1.661323106
2.08974359	0.9846153846	0.4991460902	0.6015996104	1.205257583	1.682238057	1.680670241
2.08974359	0.9948717949	0.5050236014	0.6086472977	1.205185849	1.702046633	1.700359147
2.08974359	1.005128205	0.5110039924	0.6158201644	1.205118108	1.722201937	1.720397763
2.08974359	1.015384615	0.5170896006	0.6231210867	1.205054377	1.742711848	1.740794124
2.08974359	1.025641026	0.5232827914	0.6305529753	1.204994671	1.763584337	1.761556362
2.08974359	1.035897436	0.5295859584	0.6381187754	1.204939001	1.784827471	1.782692704
2.08974359	1.046153846	0.5360015229	0.6458214665	1.204887372	1.806449411	1.804211474
2.08974359	1.056410256	0.5425319342	0.6536640627	1.204839792	1.828458411	1.826121093
2.08974359	1.066666667	0.5491796698	0.6616496124	1.20479626	1.850862821	1.848430076
2.08974359	1.076923077	0.5559472349	0.6697811986	1.204756777	1.873671085	1.871147037
2.08974359	1.087179487	0.5628371628	0.6780619388	1.204721336	1.896891739	1.894280685
2.08974359	1.097435897	0.5698520148	0.6864949847	1.204689932	1.920533417	1.917839825
2.08974359	1.107692308	0.5769943802	0.6950835228	1.204662553	1.944604844	1.941833359
2.08974359	1.117948718	0.5842668761	0.7038307739	1.204639186	1.969114842	1.966270283
2.08974359	1.128205128	0.5916721478	0.7127399931	1.204619815	1.994072325	1.991159694
2.08974359	1.138461538	0.5992128684	0.7218144702	1.204604421	2.019486301	2.01651078
2.08974359	1.148717949	0.6068917391	0.7310575293	1.204592981	2.045365876	2.042332829
2.08974359	1.158974359	0.614711489	0.7404725291	1.204585472	2.071720246	2.068635223
2.08974359	1.169230769	0.6226748752	0.7500628626	1.204581865	2.098558704	2.095427441
2.08974359	1.179487179	0.6307846827	0.7598319575	1.204582131	2.125890636	2.122719059
2.08974359	1.18974359	0.6390437246	0.7697832756	1.204586237	2.153725522	2.150519749
2.08974359	1.2	0.647454842	0.7799203134	1.204594148	2.182072938	2.178839279
2.264102564	0.8	0.4387185586	0.5295611499	1.207063479	1.478583265	1.47941862
2.264102564	0.8102564103	0.443637567	0.5354393472	1.206929681	1.495161464	1.495840358
2.264102564	0.8205128205	0.448624775	0.5413999059	1.206798947	1.511969511	1.512492187
2.264102564	0.8307692308	0.4536819842	0.5474450415	1.206671326	1.529013479	1.529380295
2.264102564	0.841025641	0.4588110238	0.5535770041	1.206546869	1.546299531	1.54651097
2.264102564	0.8512820513	0.4640137512	0.5597980782	1.206425622	1.563833929	1.563890592
2.264102564	0.8615384615	0.4692920516	0.5661105829	1.206307631	1.581623025	1.581525642
2.264102564	0.8717948718	0.4746478385	0.5725168716	1.20619294	1.599673269	1.599422693
2.264102564	0.8820512821	0.4800830529	0.5790193323	1.206081591	1.617991202	1.617588416
2.264102564	0.8923076923	0.4855996643	0.5856203873	1.205973625	1.636583461	1.636029579
2.264102564	0.9025641026	0.4911996696	0.5923224934	1.205869079	1.655456777	1.654753046
2.264102564	0.9128205128	0.4968850943	0.5991281419	1.205767991	1.674617977	1.673765776
2.264102564	0.9230769231	0.5026579913	0.6060398586	1.205670394	1.694073978	1.693074825
2.264102564	0.9333333333	0.5085204418	0.6130602038	1.205576322	1.713831796	1.712687347
2.264102564	0.9435897436	0.514474555	0.6201917719	1.205485803	1.733898538	1.732610588
2.264102564	0.9538461538	0.5205224679	0.6274371923	1.205398866	1.754281406	1.752851895
2.264102564	0.9641025641	0.5266663455	0.6347991285	1.205315536	1.774987699	1.773418709
2.264102564	0.9743589744	0.5329083809	0.6422802784	1.205235837	1.796024805	1.794318566
2.264102564	0.9846153846	0.5392507952	0.6498833746	1.205159789	1.817400212	1.815559101
2.264102564	0.9948717949	0.5456958372	0.6576111842	1.205087412	1.839121498	1.837148044
2.264102564	1.005128205	0.5522457839	0.6654665084	1.205018721	1.861196337	1.85909322
2.264102564	1.015384615	0.5589029403	0.6734521831	1.204953731	1.883632497	1.881402553
2.264102564	1.025641026	0.5656696392	0.6815710787	1.204892452	1.906437842	1.904084061
2.264102564	1.035897436	0.5725482416	0.6898261	1.204834894	1.929620327	1.927145859
2.264102564	1.046153846	0.5795411362	0.6982201862	1.204781063	1.953188003	1.950596158
2.264102564	1.056410256	0.58665074	0.706756311	1.204730963	1.977149016	1.974443266
2.264102564	1.066666667	0.5938794976	0.7154374826	1.204684596	2.001511605	1.998695587
2.264102564	1.076923077	0.601229882	0.7242667437	1.20464196	2.026284105	2.023361621
2.264102564	1.087179487	0.6087043938	0.7332471712	1.204603053	2.051474943	2.048449963
2.264102564	1.097435897	0.6163055617	0.7423818767	1.204567868	2.077092641	2.073969308
2.264102564	1.107692308	0.6240359425	0.7516740062	1.204536398	2.103145817	2.099928443
2.264102564	1.117948718	0.6318981209	0.7611267402	1.204508631	2.129643181	2.126336254
2.264102564	1.128205128	0.6398947094	0.7707432936	1.204484554	2.156593538	2.153201722
2.264102564	1.138461538	0.6480283487	0.7805269157	1.204464152	2.184005789	2.180533925
2.264102564	1.148717949	0.6563017075	0.7904808904	1.204447408	2.211888926	2.208342036
2.264102564	1.158974359	0.6647174822	0.8006085359	1.204434301	2.240252038	2.236635327
2.264102564	1.169230769	0.6732783975	0.8109132051	1.204424809	2.269104308	2.265423162
2.264102564	1.179487179	0.6819872058	0.821398285	1.204418907	2.298455011	2.294715006
2.264102564	1.18974359	0.6908466877	0.8320671974	1.204416569	2.328313519	2.324520417
2.264102564	1.2	0.6998596516	0.8429233984	1.204417767	2.358689297	2.35484905
2.438461538	0.8	0.4702536222	0.5675703087	1.206945108	1.584863741	1.585603633
2.438461538	0.8102564103	0.4757307271	0.5741189795	1.206815004	1.603322854	1.603898452
2.438461538	0.8205128205	0.4812790574	0.5807535732	1.206687813	1.622022014	1.622433311
2.438461538	0.8307692308	0.4869003822	0.5874762653	1.206563574	1.640967182	1.641214288
2.438461538	0.841025641	0.4925964981	0.5942892655	1.206442327	1.660164413	1.660247556
2.438461538	0.8512820513	0.49836923	0.6011948179	1.20632411	1.679619858	1.679539385
2.438461538	0.8615384615	0.5042204306	0.6081952013	1.20620896	1.699339761	1.69909614
2.438461538	0.8717948718	0.5101519807	0.6152927287	1.206096912	1.71933046	1.718924283
2.438461538	0.8820512821	0.5161657889	0.6224897478	1.205988001	1.739598388	1.739030372
2.438461538	0.8923076923	0.5222637921	0.6297886406	1.205882257	1.760150073	1.759421064
2.438461538	0.9025641026	0.5284479547	0.6371918235	1.205779714	1.780992135	1.780103107
2.438461538	0.9128205128	0.5347202695	0.6447017476	1.205680398	1.80213129	1.80108335
2.438461538	0.9230769231	0.541082757	0.6523208982	1.205584339	1.823574348	1.822368735
2.438461538	0.9333333333	0.5475374659	0.6600517952	1.205491562	1.845328213	1.843966304
2.438461538	0.9435897436	0.5540864727	0.667896993	1.205402091	1.867399885	1.86588319
2.438461538	0.9538461538	0.5607318819	0.6758590803	1.205315949	1.889796455	1.888126628
2.438461538	0.9641025641	0.5674758261	0.6839406804	1.205233155	1.91252511	1.910703944
2.438461538	0.9743589744	0.5743204657	0.692144451	1.205153729	1.935593133	1.933622564
2.438461538	0.9846153846	0.5812679892	0.7004730843	1.205077688	1.959007898	1.95689001
2.438461538	0.9948717949	0.588320613	0.7089293068	1.205005045	1.982776875	1.980513897
2.438461538	1.005128205	0.5954805816	0.7175158796	1.204935815	2.00690763	2.00450194
2.438461538	1.015384615	0.6027501672	0.7262355984	1.204870007	2.031407819	2.028861949
2.438461538	1.025641026	0.6101316704	0.735091293	1.204807632	2.056285196	2.05360183
2.438461538	1.035897436	0.6176274193	0.7440858279	1.204748696	2.081547608	2.078729584
2.438461538	1.046153846	0.6252397703	0.7532221021	1.204693204	2.107202996	2.104253311
2.438461538	1.056410256	0.6329711078	0.7625030488	1.204641159	2.133259395	2.130181205
2.438461538	1.066666667	0.6408238438	0.771931636	1.204592562	2.159724937	2.156521558
2.438461538	1.076923077	0.6488004188	0.7815108659	1.204547413	2.186607844	2.183282756
2.438461538	1.087179487	0.6569033008	0.7912437753	1.204505708	2.213916435	2.210473284
2.438461538	1.097435897	0.6651349861	0.8011334353	1.204467442	2.241659123	2.238101722
2.438461538	1.107692308	0.6734979988	0.8111829517	1.204432609	2.269844415	2.266176745
2.438461538	1.117948718	0.681994891	0.8213954644	1.204401199	2.298480912	2.294707126
2.438461538	1.128205128	0.6906282429	0.8317741482	1.204373202	2.327577309	2.323701735
2.438461538	1.138461538	0.6994006625	0.842322212	1.204348605	2.357142398	2.353169534
2.438461538	1.148717949	0.7083147859	0.8530428993	1.204327393	2.38718506	2.383119587
2.438461538	1.158974359	0.7173732771	0.8639394881	1.204309549	2.417714276	2.413561051
2.438461538	1.169230769	0.7265788282	0.8750152908	1.204295056	2.448739117	2.444503178
2.438461538	1.179487179	0.735934159	0.8862736542	1.204283893	2.480268751	2.47595532
2.438461538	1.18974359	0.7454420175	0.8977179597	1.204276038	2.512312439	2.507926923
2.438461538	1.2	0.7551051798	0.909351623	1.204271468	2.544879536	2.540427529
2.612820513	0.8	0.5030512274	0.6071017518	1.206838824	1.695399275	1.696041404
2.612820513	0.8102564103	0.5091190091	0.6143601791	1.206712317	1.715849106	1.716319047
2.612820513	0.8205128205	0.5152614572	0.6217085915	1.206588583	1.736550581	1.73684808
2.612820513	0.8307692308	0.521480308	0.6291491241	1.206467655	1.75750955	1.757634466
2.612820513	0.841025641	0.5277773258	0.6366839462	1.206349563	1.77873196	1.778684266
2.612820513	0.8512820513	0.5341543027	0.6443152618	1.206234338	1.80022385	1.800003636
2.612820513	0.8615384615	0.540613059	0.6520453091	1.206122009	1.821991357	1.821598831
2.612820513	0.8717948718	0.5471554429	0.6598763609	1.206012605	1.844040707	1.843476198
2.612820513	0.8820512821	0.5537833306	0.6678107245	1.205906151	1.866378226	1.865642185
2.612820513	0.8923076923	0.5604986262	0.6758507416	1.205802673	1.889010329	1.888103332
2.612820513	0.9025641026	0.5673032617	0.6839987883	1.205702196	1.911943528	1.910866278
2.612820513	0.9128205128	0.5741991974	0.6922572752	1.205604742	1.935184431	1.933937758
2.612820513	0.9230769231	0.5811884213	0.7006286475	1.205510333	1.958739735	1.957324602
2.612820513	0.9333333333	0.5882729493	0.7091153847	1.20541899	1.982616238	1.981033737
2.612820513	0.9435897436	0.5954548256	0.7177200007	1.205330732	2.006820826	2.005072187
2.612820513	0.9538461538	0.6027361221	0.726445044	1.205245575	2.031360483	2.029447071
2.612820513	0.9641025641	0.6101189387	0.7352930976	1.205163536	2.056242287	2.054165605
2.612820513	0.9743589744	0.6176054035	0.7442667787	1.205084629	2.081473409	2.079235101
2.612820513	0.9846153846	0.6251976722	0.7533687393	1.205008868	2.107061115	2.104662967
2.612820513	0.9948717949	0.6328979289	0.7626016655	1.204936263	2.133012766	2.130456707
2.612820513	1.005128205	0.6407083854	0.7719682782	1.204866825	2.159335815	2.156623924
2.612820513	1.015384615	0.6486312815	0.7814713325	1.204800562	2.186037812	2.183172313
2.612820513	1.025641026	0.6566688849	0.7911136181	1.204737481	2.213126399	2.210109668
2.612820513	1.035897436	0.6648234916	0.8008979591	1.204677586	2.240609314	2.237443879
2.612820513	1.046153846	0.6730974253	0.8108272141	1.204620882	2.268494389	2.265182932
2.612820513	1.056410256	0.6814930376	0.8209042761	1.20456737	2.29678955	2.293334909
2.612820513	1.066666667	0.6900127084	0.8311320725	1.204517051	2.325502815	2.321907988
2.612820513	1.076923077	0.6986588453	0.8415135655	1.204469923	2.354642301	2.350910444
2.612820513	1.087179487	0.7074338839	0.8520517512	1.204425983	2.384216216	2.380350648
2.612820513	1.097435897	0.716340288	0.8627496607	1.204385228	2.414232863	2.410237067
2.612820513	1.107692308	0.725380549	0.8736103592	1.20434765	2.444700639	2.440578265
2.612820513	1.117948718	0.7345571866	0.8846369466	1.204313242	2.475628035	2.471382901
2.612820513	1.128205128	0.7438727484	0.895832557	1.204281994	2.507023638	2.502659732
2.612820513	1.138461538	0.7533298098	0.9072003591	1.204253897	2.538896128	2.534417609
2.612820513	1.148717949	0.7629309744	0.9187435561	1.204228937	2.571254279	2.566665482
2.612820513	1.158974359	0.7726788738	0.9304653857	1.2042071	2.60410696	2.599412395
2.612820513	1.169230769	0.7825761672	0.9423691198	1.204188371	2.637463133	2.632667489
2.612820513	1.179487179	0.7926255422	0.954458065	1.204172733	2.671331857	2.666440002
2.612820513	1.18974359	0.8028297142	0.9667355623	1.204160167	2.705722283	2.700739267
2.612820513	1.2	0.8131914265	0.9792049872	1.204150653	2.740643656	2.735574714
2.787179487	0.8	0.5371113741	0.6481554791	1.206743164	1.810189867	1.810731933
2.787179487	0.8102564103	0.5438024131	0.6561629461	1.206620144	1.83274022	1.833102146
2.787179487	0.8205128205	0.5505719744	0.6642649608	1.206499771	1.855555211	1.855736494
2.787179487	0.8307692308	0.5574217617	0.6724636178	1.206382068	1.878640582	1.878640829
2.787179487	0.841025641	0.5643535067	0.6807610464	1.206267062	1.90200217	1.901821099
2.787179487	0.8512820513	0.5713689692	0.6891594098	1.206154774	1.925645905	1.925283347
2.787179487	0.8615384615	0.5784699368	0.6976609063	1.206045227	1.949577812	1.949033715
2.787179487	0.8717948718	0.5856582252	0.7062677682	1.205938443	1.973804011	1.973078439
2.787179487	0.8820512821	0.5929356779	0.7149822624	1.205834442	1.998330714	1.997423852
2.787179487	0.8923076923	0.6003041666	0.7238066903	1.205733244	2.023164229	2.022076384
2.787179487	0.9025641026	0.6077655908	0.7327433877	1.205634868	2.048310959	2.047042559
2.787179487	0.9128205128	0.6153218782	0.7417947249	1.20553933	2.073777399	2.072329
2.787179487	0.9230769231	0.6229749841	0.7509631067	1.205446649	2.099570141	2.097942425
2.787179487	0.9333333333	0.6307268921	0.7602509722	1.205356838	2.125695868	2.123889648
2.787179487	0.9435897436	0.6385796137	0.7696607951	1.205269912	2.152161361	2.150177579
2.787179487	0.9538461538	0.6465351883	0.7791950834	1.205185885	2.178973492	2.176813226
2.787179487	0.9641025641	0.6545956834	0.7888563799	1.205104769	2.206139229	2.203803692
2.787179487	0.9743589744	0.6627631943	0.7986472615	1.205026574	2.233665635	2.231156175
2.787179487	0.9846153846	0.6710398443	0.8085703397	1.20495131	2.261559864	2.258877972
2.787179487	0.9948717949	0.6794277849	0.8186282604	1.204878986	2.289829169	2.286976474
2.787179487	1.005128205	0.6879291953	0.828823704	1.204809608	2.318480893	2.31545917
2.787179487	1.015384615	0.6965462829	0.8391593855	1.204743182	2.347522476	2.344333644
2.787179487	1.025641026	0.7052812829	0.8496380541	1.204679714	2.376961452	2.373607576
2.787179487	1.035897436	0.7141364585	0.8602624936	1.204619206	2.406805447	2.403288745
2.787179487	1.046153846	0.723114101	0.8710355222	1.20456166	2.437062184	2.433385022
2.787179487	1.056410256	0.7322165296	0.8819599927	1.204507078	2.467739478	2.463904377
2.787179487	1.066666667	0.7414460914	0.8930387921	1.204455459	2.498845241	2.494854877
2.787179487	1.076923077	0.7508051615	0.9042748422	1.2044068	2.530387478	2.526244683
2.787179487	1.087179487	0.7602961431	0.9156710989	1.2043611	2.562374286	2.558082053
2.787179487	1.097435897	0.7699214673	0.9272305528	1.204318352	2.594813861	2.590375342
2.787179487	1.107692308	0.7796835931	0.9389562289	1.204278553	2.627714488	2.623133001
2.787179487	1.117948718	0.7895850076	0.9508511867	1.204241693	2.661084551	2.656363577
2.787179487	1.128205128	0.7996282257	0.9629185199	1.204207767	2.694932524	2.690075713
2.787179487	1.138461538	0.8098157905	0.975161357	1.204176763	2.72926698	2.724278149
2.787179487	1.148717949	0.820150273	0.9875828608	1.20414867	2.764096582	2.75897972
2.787179487	1.158974359	0.830634272	1.000186229	1.204123478	2.79943009	2.794189359
2.787179487	1.169230769	0.8412704146	1.012974692	1.204101172	2.835276356	2.829916095
2.787179487	1.179487179	0.8520613554	1.025951517	1.204081738	2.871644329	2.866169051
2.787179487	1.18974359	0.8630097776	1.039120005	1.204065159	2.90854305	2.902957448
2.787179487	1.2	0.8741183918	1.052483491	1.20405142	2.945981656	2.940290605
2.961538462	0.8	0.5724340624	0.6907314907	1.206656864	1.929235516	1.929675221
2.961538462	0.8102564103	0.5797809391	0.6995272805	1.206537217	1.953996194	1.954247747
2.961538462	0.8205128205	0.5872106089	0.708422681	1.206420099	1.979035904	1.979098552
2.961538462	0.8307692308	0.5947247432	0.7174197465	1.20630553	2.004360279	2.004233376
2.961538462	0.841025641	0.602325041	0.7265205658	1.206193527	2.029975045	2.029658054
2.961538462	0.8512820513	0.6100132296	0.7357272621	1.206084108	2.055886023	2.055378517
2.961538462	0.8615384615	0.617791064	0.745041993	1.20597729	2.082099128	2.081400793
2.961538462	0.8717948718	0.6256603274	0.7544669506	1.205873087	2.10862037	2.107731005
2.961538462	0.8820512821	0.6336228308	0.7640043615	1.205771516	2.135455853	2.134375376
2.961538462	0.8923076923	0.6416804133	0.7736564867	1.205672591	2.162611775	2.16134022
2.961538462	0.9025641026	0.6498349419	0.7834256218	1.205576326	2.190094427	2.18863195
2.961538462	0.9128205128	0.6580883117	0.7933140966	1.205482733	2.217910196	2.216257077
2.961538462	0.9230769231	0.6664424455	0.8033242756	1.205391825	2.246065564	2.244222205
2.961538462	0.9333333333	0.6748992943	0.8134585577	1.205303613	2.274567106	2.272534035
2.961538462	0.9435897436	0.6834608371	0.823719376	1.205218107	2.30342149	2.301199366
2.961538462	0.9538461538	0.6921290808	0.8341091985	1.205135316	2.332635481	2.330225093
2.961538462	0.9641025641	0.7009060601	0.8446305274	1.20505525	2.362215936	2.359618204
2.961538462	0.9743589744	0.7097938381	0.8552858993	1.204977915	2.392169809	2.389385787
2.961538462	0.9846153846	0.7187945054	0.8660778854	1.204903319	2.422504145	2.419535025
2.961538462	0.9948717949	0.7279101809	0.8770090913	1.204831467	2.453226085	2.450073197
2.961538462	1.005128205	0.7371430114	0.8880821571	1.204762364	2.484342864	2.481007679
2.961538462	1.015384615	0.7464951716	0.8992997573	1.204696013	2.515861813	2.512345942
2.961538462	1.025641026	0.7559688643	0.9106646009	1.204632418	2.547790353	2.544095555
2.961538462	1.035897436	0.76556632	0.9221794314	1.20457158	2.580136005	2.57626418
2.961538462	1.046153846	0.7752897976	0.9338470265	1.204513499	2.612906379	2.60885958
2.961538462	1.056410256	0.7851415836	0.9456701987	1.204458175	2.646109182	2.641889611
2.961538462	1.066666667	0.7951239927	0.9576517949	1.204405607	2.679752215	2.675362226
2.961538462	1.076923077	0.8052393674	0.9697946962	1.204355792	2.713843373	2.709285474
2.961538462	1.087179487	0.8154900784	0.9821018184	1.204308727	2.748390646	2.743667501
2.961538462	1.097435897	0.8258785241	0.9945761117	1.204264408	2.783402116	2.778516549
2.961538462	1.107692308	0.8364071311	1.007220561	1.204222828	2.818885963	2.813840956
2.961538462	1.117948718	0.8470783539	1.020038185	1.204183981	2.854850458	2.849649156
2.961538462	1.128205128	0.857894675	1.033032037	1.20414786	2.891303968	2.885949679
2.961538462	1.138461538	0.8688586047	1.046205206	1.204114455	2.928254954	2.922751154
2.961538462	1.148717949	0.8799726816	1.059560813	1.204083758	2.96571197	2.960062302
2.961538462	1.158974359	0.891239472	1.073102017	1.204055757	3.003683666	2.997891944
2.961538462	1.169230769	0.9026615703	1.086832008	1.20403044	3.042178785	3.036248995
2.961538462	1.179487179	0.9142415988	1.100754011	1.204007795	3.081206166	3.075142467
2.961538462	1.18974359	0.9259822078	1.114871289	1.203987808	3.120774741	3.114581468
2.961538462	1.2	0.9378860756	1.129187134	1.203970465	3.160893535	3.154575203
3.135897436	0.8	0.6090192924	0.7348297866	1.206578832	2.052536224	2.052871267
3.135897436	0.8102564103	0.617054587	0.7444531823	1.206462439	2.07961703	2.07975585
3.135897436	0.8205128205	0.6251773608	0.7541817521	1.206348469	2.106992661	2.106934255
3.135897436	0.8307692308	0.6333892525	0.7640175101	1.206236934	2.13466864	2.134412109
3.135897436	0.841025641	0.6416919286	0.7739625046	1.206127848	2.162650584	2.162195132
3.135897436	0.8512820513	0.6500870838	0.7840188185	1.206021221	2.190944203	2.190289146
3.135897436	0.8615384615	0.6585764406	0.794188569	1.205917066	2.219555304	2.218700064
3.135897436	0.8717948718	0.6671617496	0.8044739081	1.205815394	2.248489786	2.247433897
3.135897436	0.8820512821	0.6758447894	0.8148770218	1.205716216	2.277753643	2.276496755
3.135897436	0.8923076923	0.6846273664	0.8254001309	1.205619541	2.307352964	2.305894839
3.135897436	0.9025641026	0.6935113151	0.8360454906	1.205525378	2.337293931	2.335634452
3.135897436	0.9128205128	0.7024984979	0.8468153904	1.205433738	2.367582821	2.365721988
3.135897436	0.9230769231	0.7115908054	0.8577121544	1.205344628	2.398226005	2.396163941
3.135897436	0.9333333333	0.7207901559	0.8687381412	1.205258055	2.429229949	2.426966899
3.135897436	0.9435897436	0.7300984957	0.8798957437	1.205174026	2.460601213	2.458137549
3.135897436	0.9538461538	0.7395177993	0.8911873893	1.205092548	2.49234645	2.48968267
3.135897436	0.9641025641	0.7490500689	0.90261554	1.205013627	2.524472409	2.521609142
3.135897436	0.9743589744	0.7586973349	0.9141826922	1.204937266	2.556985932	2.553923937
3.135897436	0.9846153846	0.7684616555	0.9258913765	1.20486347	2.589893956	2.586634127
3.135897436	0.9948717949	0.778345117	0.9377441584	1.204792242	2.623203513	2.619746877
3.135897436	1.005128205	0.7883498337	0.9497436375	1.204723585	2.656921728	2.653269451
3.135897436	1.015384615	0.7984779476	0.961892448	1.2046575	2.69105582	2.687209208
3.135897436	1.025641026	0.808731629	0.9741932587	1.204593989	2.725613104	2.721573602
3.135897436	1.035897436	0.8191130761	0.9866487724	1.204533051	2.760600988	2.756370186
3.135897436	1.046153846	0.829624515	0.9992617269	1.204474686	2.796026974	2.791606608
3.135897436	1.056410256	0.8402681997	1.012034894	1.204418892	2.83189866	2.82729061
3.135897436	1.066666667	0.8510464123	1.024971081	1.204365668	2.868223735	2.863430035
3.135897436	1.076923077	0.861961463	1.038073127	1.204315009	2.905009987	2.900032818
3.135897436	1.087179487	0.8730156897	1.05134391	1.204266913	2.942265294	2.937106992
3.135897436	1.097435897	0.8842114584	1.064786337	1.204221374	2.97999763	2.974660687
3.135897436	1.107692308	0.8955511631	1.078403355	1.204178387	3.018215064	3.012702127
3.135897436	1.117948718	0.9070372257	1.092197941	1.204137945	3.056925758	3.051239636
3.135897436	1.128205128	0.9186720962	1.106173108	1.20410004	3.09613797	3.09028163
3.135897436	1.138461538	0.9304582524	1.120331905	1.204064666	3.135860049	3.129836623
3.135897436	1.148717949	0.9423982003	1.134677414	1.204031813	3.176100442	3.169913227
3.135897436	1.158974359	0.9544944737	1.149212751	1.204001471	3.216867688	3.210520148
3.135897436	1.169230769	0.9667496343	1.163941066	1.20397363	3.258170421	3.25166619
3.135897436	1.179487179	0.9791662721	1.178865547	1.203948278	3.300017369	3.29336025
3.135897436	1.18974359	0.9917470047	1.193989412	1.203925403	3.342417355	3.335611325
3.135897436	1.2	1.004494478	1.209315917	1.203904992	3.385379295	3.378428507
3.31025641	0.8	0.6468670638	0.7804503667	1.206508122	2.180091989	2.180320072
3.31025641	0.8102564103	0.6556233569	0.7909406515	1.206394866	2.209602727	2.209626457
3.31025641	0.8205128205	0.6644722301	0.8015421743	1.206283932	2.239425482	2.239243603
3.31025641	0.8307692308	0.6734152896	0.8122569087	1.206175329	2.269565666	2.269177026
3.31025641	0.841025641	0.6824541695	0.8230868628	1.206069066	2.300028787	2.299432334
3.31025641	0.8512820513	0.6915905318	0.8340340791	1.205965149	2.330820446	2.330015234
3.31025641	0.8615384615	0.7008260666	0.8451006345	1.205863587	2.36194634	2.360931528
3.31025641	0.8717948718	0.7101624919	0.8562886406	1.205764386	2.393412258	2.392187115
3.31025641	0.8820512821	0.7196015536	0.8676002433	1.205667552	2.425224084	2.423787989
3.31025641	0.8923076923	0.7291450257	0.8790376228	1.205573091	2.457387798	2.455740243
3.31025641	0.9025641026	0.7387947102	0.890602994	1.205481011	2.489909472	2.488050063
3.31025641	0.9128205128	0.748552437	0.9022986061	1.205391315	2.522795274	2.520723733
3.31025641	0.9230769231	0.7584200639	0.9141267429	1.205304008	2.556051464	2.553767634
3.31025641	0.9333333333	0.7683994768	0.9260897227	1.205219096	2.5896844	2.58718824
3.31025641	0.9435897436	0.7784925895	0.9381898979	1.205136581	2.62370053	2.620992126
3.31025641	0.9538461538	0.7887013439	0.9504296558	1.205056468	2.658106399	2.655185959
3.31025641	0.9641025641	0.7990277097	0.9628114178	1.204978759	2.692908646	2.689776505
3.31025641	0.9743589744	0.8094736847	0.9753376401	1.204903456	2.728114004	2.724770626
3.31025641	0.9846153846	0.8200412946	0.988010813	1.204830561	2.7637293	2.760175277
3.31025641	0.9948717949	0.8307325932	1.000833462	1.204760075	2.799761455	2.795997514
3.31025641	1.005128205	0.841549662	1.013808145	1.204692	2.836217485	2.832244487
3.31025641	1.015384615	0.8524946108	1.026937458	1.204626334	2.8731045	2.868923441
3.31025641	1.025641026	0.8635695772	1.040224027	1.204563077	2.910429705	2.90604172
3.31025641	1.035897436	0.8747767268	1.053670517	1.204502228	2.948200397	2.943606763
3.31025641	1.046153846	0.8861182531	1.067279624	1.204443786	2.986423971	2.981626103
3.31025641	1.056410256	0.8975963778	1.081054079	1.204387747	3.025107912	3.020107374
3.31025641	1.066666667	0.9092133504	1.09499665	1.204334108	3.064259803	3.059058303
3.31025641	1.076923077	0.9209714483	1.109110136	1.204282867	3.103887319	3.098486713
3.31025641	1.087179487	0.9328729771	1.123397373	1.204234017	3.143998231	3.138400525
3.31025641	1.097435897	0.9449202701	1.13786123	1.204187555	3.184600402	3.178807755
3.31025641	1.107692308	0.9571156889	1.152504611	1.204143474	3.225701791	3.219716517
3.31025641	1.117948718	0.9694616228	1.167330454	1.204101768	3.267310451	3.261135018
3.31025641	1.128205128	0.9819604893	1.182341734	1.204062431	3.309434529	3.303071565
3.31025641	1.138461538	0.9946147335	1.197541455	1.204025453	3.352082266	3.345534558
3.31025641	1.148717949	1.007426829	1.212932662	1.203990828	3.395261998	3.388532496
3.31025641	1.158974359	1.020399277	1.22851843	1.203958546	3.438982156	3.432073973
3.31025641	1.169230769	1.033534607	1.244301869	1.203928597	3.483251263	3.476167679
3.31025641	1.179487179	1.046835375	1.260286124	1.20390097	3.528077937	3.520822401
3.31025641	1.18974359	1.060304168	1.276474377	1.203875656	3.573470893	3.566047021
3.31025641	1.2	1.073943599	1.292869839	1.203852642	3.619438936	3.611850518
3.484615385	0.8	0.6859773769	0.827593231	1.206443913	2.311902813	2.312021636
3.484615385	0.8102564103	0.6954872487	0.8389896881	1.206333674	2.343953286	2.343859565
3.484615385	0.8205128205	0.7050952168	0.8505039473	1.206225666	2.376334366	2.376026596
3.484615385	0.8307692308	0.7148028546	0.8621379422	1.206119892	2.409051356	2.408528127
3.484615385	0.841025641	0.7246117638	0.8738936403	1.206016358	2.442109654	2.441369658
3.484615385	0.8512820513	0.7345235737	0.8857730438	1.205915066	2.475514752	2.474556781
3.484615385	0.8615384615	0.744539942	0.8977781895	1.20581602	2.509272236	2.508095185
3.484615385	0.8717948718	0.7546625541	0.9099111483	1.205719223	2.543387785	2.541990657
3.484615385	0.8820512821	0.7648931235	0.9221740259	1.205624678	2.577867176	2.57624908
3.484615385	0.8923076923	0.7752333914	0.9345689624	1.205532389	2.612716277	2.61087643
3.484615385	0.9025641026	0.7856851274	0.947098132	1.205442357	2.64794105	2.645878784
3.484615385	0.9128205128	0.7962501288	0.9597637439	1.205354585	2.683547555	2.681262313
3.484615385	0.9230769231	0.8069302209	0.9725680413	1.205269075	2.719541941	2.717033283
3.484615385	0.9333333333	0.8177272571	0.9855133022	1.205185829	2.755930457	2.753198058
3.484615385	0.9435897436	0.8286431186	0.9986018388	1.205104847	2.792719441	2.789763099
3.484615385	0.9538461538	0.8396797147	1.011835998	1.205026131	2.829915329	2.82673496
3.484615385	0.9641025641	0.8508389826	1.025218161	1.204949681	2.867524649	2.864120295
3.484615385	0.9743589744	0.8621228876	1.038750743	1.204875497	2.905554025	2.901925852
3.484615385	0.9846153846	0.8735334228	1.052436195	1.20480358	2.944010174	2.940158476
3.484615385	0.9948717949	0.8850726094	1.066277001	1.204733928	2.982899909	2.978825108
3.484615385	1.005128205	0.8967424965	1.08027568	1.20466654	3.022230134	3.017932785
3.484615385	1.015384615	0.9085451613	1.094434786	1.204601414	3.062007851	3.057488642
3.484615385	1.025641026	0.9204827088	1.108756907	1.204538549	3.102240154	3.097499908
3.484615385	1.035897436	0.932557272	1.123244664	1.204477943	3.142934232	3.137973909
3.484615385	1.046153846	0.9447710121	1.137900716	1.204419591	3.184097368	3.178918068
3.484615385	1.056410256	0.957126118	1.152727753	1.204363492	3.225736939	3.220339903
3.484615385	1.066666667	0.9696248068	1.167728502	1.20430964	3.267860418	3.26224703
3.484615385	1.076923077	0.9822693233	1.182905721	1.204258031	3.310475371	3.30464716
3.484615385	1.087179487	0.9950619405	1.198262207	1.204208661	3.353589457	3.3475481
3.484615385	1.097435897	1.008004959	1.213800789	1.204161525	3.397210432	3.390957755
3.484615385	1.107692308	1.021100709	1.229524329	1.204116615	3.441346143	3.434884123
3.484615385	1.117948718	1.034351545	1.245435726	1.204073926	3.486004535	3.479335302
3.484615385	1.128205128	1.047759854	1.261537913	1.204033451	3.531193645	3.524319484
3.484615385	1.138461538	1.061328048	1.277833857	1.203995182	3.576921604	3.569844958
3.484615385	1.148717949	1.075058568	1.294326558	1.203959112	3.623196639	3.615920109
3.484615385	1.158974359	1.088953882	1.311019054	1.203925231	3.67002707	3.662553418
3.484615385	1.169230769	1.103016487	1.327914414	1.203893531	3.717421311	3.709753463
3.484615385	1.179487179	1.117248909	1.345015743	1.203864003	3.765387871	3.757528919
3.484615385	1.18974359	1.131653699	1.362326181	1.203836635	3.813935354	3.805888554
3.484615385	1.2	1.146233438	1.379848901	1.203811418	3.863072456	3.854841236
3.658974359	0.8	0.7263502315	0.8762583796	1.20638549	2.447968694	2.447975957
3.658974359	0.8102564103	0.7366462625	0.888600292	1.206278152	2.482668705	2.482455177
3.658974359	0.8205128205	0.7470463208	0.9010670714	1.206172959	2.517719313	2.517283233
3.658974359	0.8307692308	0.7575519474	0.9136606106	1.206069912	2.553125711	2.552465414
3.658974359	0.841025641	0.7681647113	0.9263828371	1.205969011	2.588893186	2.588007105
3.658974359	0.8512820513	0.7788862095	0.9392357127	1.205870256	2.62502712	2.623913787
3.658974359	0.8615384615	0.7897180669	0.9522212338	1.205773647	2.661532991	2.660191036
3.658974359	0.8717948718	0.8006619364	0.9653414311	1.205679185	2.698416369	2.696844525
3.658974359	0.8820512821	0.811719499	0.9785983698	1.20558687	2.735682919	2.733880025
3.658974359	0.8923076923	0.8228924634	0.9919941497	1.205496701	2.7733384	2.771303402
3.658974359	0.9025641026	0.8341825666	1.005530905	1.205408678	2.811388665	2.809120616
3.658974359	0.9128205128	0.8455915734	1.019210804	1.205322801	2.849839663	2.847337727
3.658974359	0.9230769231	0.8571212765	1.033036049	1.205239069	2.888697436	2.885960889
3.658974359	0.9333333333	0.8687734968	1.04700888	1.205157482	2.92796812	2.924996353
3.658974359	0.9435897436	0.8805500829	1.061131566	1.205078038	2.967657946	2.964450466
3.658974359	0.9538461538	0.8924529116	1.075406416	1.205000737	3.007773238	3.004329672
3.658974359	0.9641025641	0.9044838875	1.089835769	1.204925576	3.048320417	3.04464051
3.658974359	0.9743589744	0.9166449435	1.104422001	1.204852554	3.089305995	3.085389616
3.658974359	0.9846153846	0.92893804	1.119167522	1.204781669	3.130736581	3.126583722
3.658974359	0.9948717949	0.9413651657	1.134074776	1.204712919	3.172618875	3.168229658
3.658974359	1.005128205	0.9539283371	1.149146242	1.204646301	3.214959676	3.210334347
3.658974359	1.015384615	0.966629599	1.164384433	1.204581811	3.257765874	3.25290481
3.658974359	1.025641026	0.9794710237	1.179791897	1.204519448	3.301044452	3.295948165
3.658974359	1.035897436	0.9924547119	1.195371215	1.204459207	3.344802492	3.339471625
3.658974359	1.046153846	1.005582792	1.211125005	1.204401084	3.389047166	3.383482501
3.658974359	1.056410256	1.01885742	1.227055917	1.204345076	3.433785741	3.427988198
3.658974359	1.066666667	1.032280782	1.243166637	1.204291177	3.479025581	3.472996218
3.658974359	1.076923077	1.045855088	1.259459884	1.204239382	3.524774141	3.51851416
3.658974359	1.087179487	1.05958258	1.275938414	1.204189686	3.571038972	3.564549718
3.658974359	1.097435897	1.073465526	1.292605014	1.204142083	3.617827719	3.611110685
3.658974359	1.107692308	1.087506222	1.309462509	1.204096567	3.665148121	3.658204947
3.658974359	1.117948718	1.101706993	1.326513756	1.204053132	3.713008012	3.705840488
3.658974359	1.128205128	1.116070191	1.343761647	1.20401177	3.761415319	3.754025388
3.658974359	1.138461538	1.130598196	1.361209108	1.203972475	3.810378064	3.802767823
3.658974359	1.148717949	1.145293417	1.378859102	1.203935238	3.859904365	3.852076065
3.658974359	1.158974359	1.160158289	1.396714624	1.203900052	3.91000243	3.901958483
3.658974359	1.169230769	1.175195277	1.414778703	1.203866907	3.960680566	3.952423543
3.658974359	1.179487179	1.190406872	1.433054404	1.203835795	4.011947171	4.003479804
3.658974359	1.18974359	1.205795596	1.451544826	1.203806707	4.063810738	4.055135925
3.658974359	1.2	1.221363997	1.470253103	1.203779633	4.116279857	4.10740066
3.833333333	0.8	0.7679856278	0.9264458125	1.206332227	2.588289633	2.588183038
3.833333333	0.8102564103	0.7791003983	0.9397724634	1.206227677	2.625748986	2.62541329
3.833333333	0.8205128205	0.7903255422	0.9532315463	1.206125192	2.663580324	2.663013515
3.833333333	0.8307692308	0.801662568	0.966824914	1.20602477	2.70178873	2.700988886
3.833333333	0.841025641	0.8131130122	0.9805544533	1.205926407	2.740379381	2.739344675
3.833333333	0.8512820513	0.8246784391	0.9944220859	1.205830101	2.779357552	2.778086252
3.833333333	0.8615384615	0.8363604411	1.008429768	1.20573585	2.818728607	2.81721908
3.833333333	0.8717948718	0.8481606387	1.022579489	1.205643651	2.858498009	2.856748719
3.833333333	0.8820512821	0.8600806801	1.036873275	1.205553501	2.898671312	2.896680827
3.833333333	0.8923076923	0.8721222417	1.051313185	1.205465397	2.939254167	2.937021157
3.833333333	0.9025641026	0.8842870279	1.065901312	1.205379338	2.980252317	2.977775557
3.833333333	0.9128205128	0.8965767708	1.080639785	1.20529532	3.0216716	3.018949975
3.833333333	0.9230769231	0.9089932307	1.095530767	1.20521334	3.063517949	3.060550451
3.833333333	0.9333333333	0.9215381958	1.110576455	1.205133396	3.10579739	3.102583124
3.833333333	0.9435897436	0.9342134824	1.125779081	1.205055484	3.148516045	3.145054229
3.833333333	0.9538461538	0.9470209346	1.141140909	1.204979602	3.191680128	3.187970095
3.833333333	0.9641025641	0.9599624245	1.156664242	1.204905747	3.23529595	3.231337151
3.833333333	0.9743589744	0.9730398524	1.172351414	1.204833914	3.279369914	3.275161918
3.833333333	0.9846153846	0.9862551461	1.188204795	1.204764101	3.323908518	3.319451018
3.833333333	0.9948717949	0.999610262	1.204226788	1.204696304	3.368918355	3.364211165
3.833333333	1.005128205	1.013107184	1.220419832	1.204630518	3.414406111	3.409449171
3.833333333	1.015384615	1.026747924	1.2367864	1.20456674	3.460378568	3.455171945
3.833333333	1.025641026	1.040534522	1.253328998	1.204504965	3.5068426	3.501386492
3.833333333	1.035897436	1.054469046	1.27005017	1.204445189	3.553805178	3.548099912
3.833333333	1.046153846	1.068553593	1.28695249	1.204387407	3.601273364	3.595319403
3.833333333	1.056410256	1.082790285	1.30403857	1.204331613	3.649254318	3.643052257
3.833333333	1.066666667	1.097181275	1.321311055	1.204277803	3.697755291	3.691305864
3.833333333	1.076923077	1.111728742	1.338772625	1.204225971	3.74678363	3.740087711
3.833333333	1.087179487	1.126434896	1.356425992	1.204176111	3.796346776	3.789405379
3.833333333	1.097435897	1.14130197	1.374273907	1.204128217	3.846452265	3.839266546
3.833333333	1.107692308	1.15633223	1.392319152	1.204082283	3.897107725	3.889678989
3.833333333	1.117948718	1.171527967	1.410564543	1.204038302	3.948320881	3.940650576
3.833333333	1.128205128	1.1868915	1.429012935	1.203996266	4.000099551	3.992189276
3.833333333	1.138461538	1.202425178	1.447667211	1.20395617	4.052451646	4.044303153
3.833333333	1.148717949	1.218131376	1.466530294	1.203918004	4.105385174	4.097000365
3.833333333	1.158974359	1.234012497	1.485605139	1.203881762	4.158908236	4.150289168
3.833333333	1.169230769	1.250070974	1.504894735	1.203847434	4.213029027	4.204177916
3.833333333	1.179487179	1.266309266	1.524402106	1.203815013	4.267755836	4.258675057
3.833333333	1.18974359	1.28272986	1.544130311	1.20378449	4.323097047	4.313789135
3.833333333	1.2	1.299335273	1.564082444	1.203755856	4.379061138	4.369528791
4.007692308	0.8	0.8108835656	0.9781555296	1.206283579	2.732865629	2.732642876
4.007692308	0.8102564103	0.822849656	0.9925062021	1.206181706	2.773194129	2.772733907
4.007692308	0.8205128205	0.834932881	1.006997372	1.206081824	2.813917399	2.813217441
4.007692308	0.8307692308	0.8471347165	1.021630852	1.205983927	2.855040413	2.854098542
4.007692308	0.841025641	0.8594566664	1.036408489	1.20588801	2.896568241	2.895382368
4.007692308	0.8512820513	0.8719002625	1.051332163	1.205794067	2.938506046	2.937074176
4.007692308	0.8615384615	0.8844670647	1.066403791	1.205702093	2.980859083	2.979179317
4.007692308	0.8717948718	0.8971586609	1.081625322	1.205612083	3.023632705	3.021703238
4.007692308	0.8820512821	0.9099766669	1.096998741	1.205524033	3.066832357	3.064651484
4.007692308	0.8923076923	0.9229227264	1.112526067	1.205437937	3.110463579	3.108029696
4.007692308	0.9025641026	0.9359985111	1.128209354	1.205353791	3.154532005	3.151843609
4.007692308	0.9128205128	0.9492057209	1.144050689	1.205271591	3.199043365	3.196099057
4.007692308	0.9230769231	0.9625460834	1.160052195	1.205191331	3.244003479	3.24080197
4.007692308	0.9333333333	0.9760213542	1.176216029	1.205113007	3.289418266	3.285958373
4.007692308	0.9435897436	0.9896333171	1.192544381	1.205036614	3.335293738	3.331574386
4.007692308	0.9538461538	1.003383784	1.209039479	1.204962147	3.381635998	3.37765623
4.007692308	0.9641025641	1.017274594	1.225703581	1.204889602	3.428451248	3.424210217
4.007692308	0.9743589744	1.031307614	1.242538982	1.204818975	3.475745782	3.471242758
4.007692308	0.9846153846	1.045484741	1.259548013	1.204750259	3.523525987	3.518760361
4.007692308	0.9948717949	1.059807898	1.276733036	1.20468345	3.571798347	3.566769628
4.007692308	1.005128205	1.074279037	1.294096449	1.204618543	3.620569439	3.615277259
4.007692308	1.015384615	1.088900136	1.311640685	1.204555534	3.669845934	3.664290048
4.007692308	1.025641026	1.103673204	1.32936821	1.204494415	3.719634597	3.713814889
4.007692308	1.035897436	1.118600275	1.347281527	1.204435183	3.769942289	3.763858769
4.007692308	1.046153846	1.133683414	1.365383171	1.204377831	3.820775964	3.814428773
4.007692308	1.056410256	1.148924711	1.383675713	1.204322354	3.872142669	3.865532081
4.007692308	1.066666667	1.164326286	1.402161757	1.204268746	3.924049548	3.91717597
4.007692308	1.076923077	1.179890286	1.420843942	1.204217001	3.976503838	3.969367814
4.007692308	1.087179487	1.195618887	1.439724942	1.204167112	4.029512869	4.022115081
4.007692308	1.097435897	1.211514292	1.458807466	1.204119073	4.083084068	4.075425339
4.007692308	1.107692308	1.227578731	1.478094256	1.204072878	4.137224955	4.129306247
4.007692308	1.117948718	1.243814465	1.497588089	1.204028519	4.191943142	4.183765566
4.007692308	1.128205128	1.260223781	1.517291777	1.20398599	4.24724634	4.238811149
4.007692308	1.138461538	1.276808993	1.537208165	1.203945283	4.30314235	4.294450947
4.007692308	1.148717949	1.293572444	1.557340134	1.203906392	4.359639069	4.350693008
4.007692308	1.158974359	1.310516507	1.577690599	1.203869307	4.416744489	4.407545474
4.007692308	1.169230769	1.32764358	1.59826251	1.203834022	4.474466695	4.465016585
4.007692308	1.179487179	1.34495609	1.61905885	1.203800527	4.532813866	4.523114677
4.007692308	1.18974359	1.362456491	1.640082637	1.203768816	4.591794278	4.581848182
4.007692308	1.2	1.380147268	1.661336925	1.203738878	4.651416298	4.641225628
4.182051282	0.8	0.855044045	1.031387531	1.206239067	2.881696684	2.881355474
4.182051282	0.8102564103	0.8678940357	1.046801508	1.206139765	2.925004132	2.924417026
4.182051282	0.8205128205	0.8808683372	1.062364549	1.206042384	2.968730537	2.967895012
4.182051282	0.8307692308	0.8939683928	1.078078426	1.205946915	3.012880761	3.011794383
4.182051282	0.841025641	0.9071956739	1.093944944	1.205853351	3.057459766	3.056120184
4.182051282	0.8512820513	0.9205516798	1.109965945	1.205761685	3.102472602	3.10087756
4.182051282	0.8615384615	0.9340379378	1.126143303	1.205671909	3.147924419	3.146071747
4.182051282	0.8717948718	0.9476560032	1.14247893	1.205584016	3.193820457	3.191708082
4.182051282	0.8820512821	0.9614074593	1.158974769	1.205497999	3.240166052	3.237791997
4.182051282	0.8923076923	0.9752939173	1.175632798	1.205413852	3.286966635	3.284329018
4.182051282	0.9025641026	0.9893170164	1.192455031	1.205331568	3.334227731	3.331324771
4.182051282	0.9128205128	1.003478424	1.209443515	1.205251141	3.381954957	3.378784974
4.182051282	0.9230769231	1.017779835	1.226600333	1.205172564	3.430154028	3.426715446
4.182051282	0.9333333333	1.032222972	1.2439276	1.205095831	3.478830749	3.475122098
4.182051282	0.9435897436	1.046809587	1.261427469	1.205020936	3.527991024	3.524010939
4.182051282	0.9538461538	1.061541459	1.279102123	1.204947873	3.577640848	3.573388076
4.182051282	0.9641025641	1.076420395	1.296953784	1.204876636	3.627786311	3.623259709
4.182051282	0.9743589744	1.091448229	1.314984706	1.204807219	3.678433598	3.673632137
4.182051282	0.9846153846	1.106626826	1.333197176	1.204739615	3.729588987	3.724511753
4.182051282	0.9948717949	1.121958075	1.351593519	1.204673819	3.781258852	3.775905048
4.182051282	1.005128205	1.137443896	1.370176093	1.204609825	3.83344966	3.827818609
4.182051282	1.015384615	1.153086236	1.388947288	1.204547627	3.886167971	3.880259119
4.182051282	1.025641026	1.168887069	1.407909533	1.204487217	3.939420444	3.933233356
4.182051282	1.035897436	1.184848399	1.427065288	1.204428591	3.993213826	3.986748197
4.182051282	1.046153846	1.200972256	1.446417049	1.204371742	4.047554964	4.040810612
4.182051282	1.056410256	1.2172607	1.465967345	1.204316664	4.102450795	4.09542767
4.182051282	1.066666667	1.233715816	1.485718741	1.20426335	4.157908352	4.150606536
4.182051282	1.076923077	1.25033972	1.505673836	1.204211793	4.213934764	4.206354469
4.182051282	1.087179487	1.267134555	1.525835264	1.204161988	4.270537251	4.262678827
4.182051282	1.097435897	1.284102491	1.546205692	1.204113926	4.32772313	4.319587062
4.182051282	1.107692308	1.301245727	1.566787823	1.204067602	4.38549981	4.377086724
4.182051282	1.117948718	1.31856649	1.587584392	1.204023009	4.443874796	4.435185458
4.182051282	1.128205128	1.336067033	1.608598173	1.203980139	4.502855686	4.493891006
4.182051282	1.138461538	1.353749641	1.629831969	1.203938985	4.562450175	4.553211207
4.182051282	1.148717949	1.371616623	1.651288622	1.20389954	4.622666048	4.613153995
4.182051282	1.158974359	1.389670319	1.672971005	1.203861795	4.683511187	4.673727399
4.182051282	1.169230769	1.407913094	1.694882028	1.203825744	4.744993569	4.734939548
4.182051282	1.179487179	1.426347343	1.717024635	1.203791379	4.807121263	4.796798664
4.182051282	1.18974359	1.444975489	1.739401803	1.203758691	4.869902434	4.859313067
4.182051282	1.2	1.463799982	1.762016545	1.203727672	4.93334534	4.922491172
4.356410256	0.8	0.9004670659	1.086141817	1.206198269	3.034782797	3.034320829
4.356410256	0.8102564103	0.9142335373	1.102658382	1.206101436	3.081178997	3.080462647
4.356410256	0.8205128205	0.9281319107	1.119333077	1.206006457	3.128019738	3.127046228
4.356410256	0.8307692308	0.9421635969	1.136167634	1.205913323	3.175309774	3.174076409
4.356410256	0.841025641	0.9563300347	1.153163818	1.205822024	3.223053954	3.221558123
4.356410256	0.8512820513	0.9706326909	1.17032343	1.205732551	3.271257222	3.269496402
4.356410256	0.8615384615	0.9850730602	1.187648306	1.205644894	3.319924614	3.317896371
4.356410256	0.8717948718	0.9996526655	1.205140313	1.205559046	3.369061265	3.366763252
4.356410256	0.8820512821	1.014373057	1.222801357	1.205474996	3.418672398	3.416102365
4.356410256	0.8923076923	1.029235815	1.240633376	1.205392737	3.468763336	3.465919125
4.356410256	0.9025641026	1.044242544	1.258638342	1.205312262	3.519339493	3.516219042
4.356410256	0.9128205128	1.059394879	1.276818263	1.205233561	3.570406378	3.567007725
4.356410256	0.9230769231	1.074694484	1.29517518	1.205156627	3.621969594	3.618290878
4.356410256	0.9333333333	1.090143049	1.31371117	1.205081453	3.674034839	3.670074299
4.356410256	0.9435897436	1.105742292	1.332428343	1.205008031	3.726607905	3.722363887
4.356410256	0.9538461538	1.12149396	1.351328844	1.204936354	3.779694679	3.775165633
4.356410256	0.9641025641	1.137399828	1.370414853	1.204866415	3.83330114	3.828485627
4.356410256	0.9743589744	1.153461697	1.389688584	1.204798206	3.887433364	3.882330053
4.356410256	0.9846153846	1.169681399	1.409152285	1.204731721	3.942097519	3.936705193
4.356410256	0.9948717949	1.186060791	1.428808239	1.204666953	3.99729987	3.991617425
4.356410256	1.005128205	1.202601761	1.448658764	1.204603894	4.053046773	4.047073223
4.356410256	1.015384615	1.219306222	1.468706211	1.204542538	4.109344681	4.103079156
4.356410256	1.025641026	1.236176118	1.488952967	1.204482877	4.166200139	4.159641893
4.356410256	1.035897436	1.253213417	1.509401452	1.204424906	4.223619789	4.216768194
4.356410256	1.046153846	1.270420119	1.530054122	1.204368617	4.281610364	4.27446492
4.356410256	1.056410256	1.28779825	1.550913466	1.204314003	4.340178695	4.332739025
4.356410256	1.066666667	1.305349864	1.571982009	1.204261058	4.399331704	4.391597561
4.356410256	1.076923077	1.323077044	1.593262308	1.204209774	4.459076409	4.451047676
4.356410256	1.087179487	1.340981899	1.614756958	1.204160145	4.519419922	4.511096614
4.356410256	1.097435897	1.359066568	1.636468585	1.204112163	4.580369449	4.571751716
4.356410256	1.107692308	1.377333216	1.658399851	1.204065822	4.641932291	4.633020417
4.356410256	1.117948718	1.395784039	1.680553454	1.204021114	4.704115842	4.694910252
4.356410256	1.128205128	1.414421258	1.702932123	1.203978032	4.766927591	4.757428848
4.356410256	1.138461538	1.433247123	1.725538624	1.203936569	4.830375121	4.820583932
4.356410256	1.148717949	1.452263913	1.748375757	1.203896717	4.894466111	4.884383325
4.356410256	1.158974359	1.471473932	1.771446356	1.20385847	4.959208331	4.948834945
4.356410256	1.169230769	1.490879516	1.79475329	1.203821818	5.024609649	5.013946806
4.356410256	1.179487179	1.510483027	1.818299462	1.203786756	5.090678025	5.079727019
4.356410256	1.18974359	1.530286853	1.84208781	1.203753274	5.157421512	5.14618379
4.356410256	1.2	1.550293414	1.866121305	1.203721365	5.224848261	5.213325423
4.530769231	0.8	0.9471526285	1.142418386	1.206160815	3.192123967	3.191538943
4.530769231	0.8102564103	0.9618681609	1.160076823	1.206066351	3.241718723	3.240870771
4.530769231	0.8205128205	0.9767236016	1.177902956	1.20597368	3.291785003	3.290671088
4.530769231	0.8307692308	0.9917203288	1.195898477	1.20588279	3.342327451	3.340944619
4.530769231	0.841025641	1.006859749	1.214065112	1.20579367	3.393350807	3.391696185
4.530769231	0.8512820513	1.022143296	1.23240462	1.205706309	3.444859904	3.442930704
4.530769231	0.8615384615	1.037572432	1.250918797	1.205620695	3.49685967	3.494653188
4.530769231	0.8717948718	1.053148648	1.269609472	1.20553682	3.549355129	3.546868748
4.530769231	0.8820512821	1.068873461	1.288478507	1.205454672	3.602351395	3.599582589
4.530769231	0.8923076923	1.084748418	1.307527802	1.205374242	3.655853682	3.652800015
4.530769231	0.9025641026	1.100775093	1.326759288	1.20529552	3.709867292	3.706526424
4.530769231	0.9128205128	1.116955088	1.346174933	1.205218498	3.764397626	3.760767311
4.530769231	0.9230769231	1.133290033	1.365776737	1.205143165	3.819450178	3.815528266
4.530769231	0.9333333333	1.149781586	1.385566737	1.205069515	3.875030535	3.870814978
4.530769231	0.9435897436	1.166431433	1.405547004	1.204997537	3.93114438	3.92663323
4.530769231	0.9538461538	1.183241288	1.42571964	1.204927224	3.987797489	3.982988902
4.530769231	0.9641025641	1.200212893	1.446086787	1.204858568	4.044995734	4.03988797
4.530769231	0.9743589744	1.217348018	1.466650617	1.204791559	4.102745078	4.097336507
4.530769231	0.9846153846	1.234648461	1.487413339	1.204726192	4.161051583	4.155340682
4.530769231	0.9948717949	1.252116048	1.508377195	1.204662457	4.2199214	4.213906759
4.530769231	1.005128205	1.269752632	1.529544463	1.204600348	4.279360779	4.273041099
4.530769231	1.015384615	1.287560096	1.550917453	1.204539856	4.339376061	4.332750162
4.530769231	1.025641026	1.305540349	1.572498512	1.204480974	4.399973684	4.393040499
4.530769231	1.035897436	1.32369533	1.59429002	1.204423695	4.461160177	4.453918762
4.530769231	1.046153846	1.342027003	1.616294392	1.204368011	4.522942166	4.515391696
4.530769231	1.056410256	1.360537363	1.638514077	1.204313914	4.58532637	4.577466144
4.530769231	1.066666667	1.379228431	1.66095156	1.204261399	4.648319603	4.640149046
4.530769231	1.076923077	1.398102257	1.683609357	1.204210457	4.711928773	4.703447435
4.530769231	1.087179487	1.417160919	1.706490023	1.204161081	4.776160882	4.767368444
4.530769231	1.097435897	1.436406522	1.729596144	1.204113263	4.841023027	4.831919301
4.530769231	1.107692308	1.4558412	1.752930342	1.204066998	4.906522397	4.897107329
4.530769231	1.117948718	1.475467114	1.776495273	1.204022276	4.97266628	4.962939948
4.530769231	1.128205128	1.495286454	1.800293627	1.203979092	5.039462052	5.029424674
4.530769231	1.138461538	1.515301439	1.82432813	1.203937437	5.106917189	5.096569122
4.530769231	1.148717949	1.535514312	1.848601541	1.203897304	5.175039258	5.164380999
4.530769231	1.158974359	1.555927347	1.873116653	1.203858687	5.243835922	5.232868111
4.530769231	1.169230769	1.576542847	1.897876295	1.203821576	5.313314936	5.302038359
4.530769231	1.179487179	1.59736314	1.922883331	1.203785966	5.383484152	5.371899741
4.530769231	1.18974359	1.618390585	1.948140656	1.203751848	5.454351514	5.442460351
4.530769231	1.2	1.639627565	1.973651204	1.203719214	5.525925063	5.51372838
4.705128205	0.8	0.9951007326	1.200217241	1.206126376	3.353720195	3.353009816
4.705128205	0.8102564103	1.010797906	1.219056831	1.206034187	3.406623311	3.405641398
4.705128205	0.8205128205	1.02664341	1.238074186	1.205943732	3.460026332	3.458769594
4.705128205	0.8307692308	1.042638589	1.257270955	1.205855	3.513933792	3.512399015
4.705128205	0.841025641	1.058784816	1.276648824	1.205767976	3.568350323	3.56653437
4.705128205	0.8512820513	1.075083495	1.296209514	1.205682647	3.623280648	3.621180464
4.705128205	0.8615384615	1.091536053	1.315954778	1.205599003	3.678729586	3.676342198
4.705128205	0.8717948718	1.10814395	1.335886405	1.205517031	3.734702049	3.732024568
4.705128205	0.8820512821	1.12490867	1.356006218	1.20543672	3.791203043	3.788232669
4.705128205	0.8923076923	1.141831728	1.376316075	1.205358059	3.848237671	3.84497169
4.705128205	0.9025641026	1.158914664	1.396817869	1.205281037	3.905811128	3.902246916
4.705128205	0.9128205128	1.176159049	1.417513525	1.205205644	3.963928703	3.96006373
4.705128205	0.9230769231	1.19356648	1.438405004	1.205131871	4.02259578	4.018427611
4.705128205	0.9333333333	1.211138582	1.459494303	1.205059706	4.081817838	4.077344134
4.705128205	0.9435897436	1.228877008	1.480783451	1.204989141	4.141600449	4.136818968
4.705128205	0.9538461538	1.246783441	1.502274512	1.204920167	4.20194928	4.196857882
4.705128205	0.9641025641	1.26485959	1.523969586	1.204852774	4.262870093	4.257466739
4.705128205	0.9743589744	1.283107192	1.545870806	1.204786954	4.324368742	4.318651499
4.705128205	0.9846153846	1.301528012	1.567980339	1.204722698	4.386451177	4.380418219
4.705128205	0.9948717949	1.320123845	1.590300387	1.204659998	4.449123443	4.442773049
4.705128205	1.005128205	1.33889651	1.612833188	1.204598844	4.512391678	4.505722239
4.705128205	1.015384615	1.357847857	1.635581013	1.20453923	4.576262114	4.569272134
4.705128205	1.025641026	1.376979765	1.658546167	1.204481147	4.640741077	4.633429175
4.705128205	1.035897436	1.396294137	1.68173099	1.204424588	4.70583499	4.698199899
4.705128205	1.046153846	1.415792908	1.705137857	1.204369543	4.771550368	4.763590941
4.705128205	1.056410256	1.435478037	1.728769177	1.204316006	4.83789382	4.829609029
4.705128205	1.066666667	1.455351516	1.752627393	1.204263969	4.90487205	4.89626099
4.705128205	1.076923077	1.47541536	1.776714984	1.204213425	4.972491856	4.963553746
4.705128205	1.087179487	1.495671615	1.80103446	1.204164365	5.040760131	5.031494317
4.705128205	1.097435897	1.516122353	1.82558837	1.204116783	5.109683862	5.100089817
4.705128205	1.107692308	1.536769677	1.850379295	1.204070671	5.17927013	5.169347457
4.705128205	1.117948718	1.557615714	1.87540985	1.204026021	5.24952611	5.239274545
4.705128205	1.128205128	1.578662623	1.900682686	1.203982826	5.320459072	5.309878485
4.705128205	1.138461538	1.599912587	1.926200487	1.203941079	5.392076379	5.381166777
4.705128205	1.148717949	1.621367821	1.951965972	1.203900772	5.464385491	5.453147016
4.705128205	1.158974359	1.643030564	1.977981895	1.203861899	5.537393958	5.525826896
4.705128205	1.169230769	1.664903086	2.004251044	1.203824451	5.61110943	5.599214206
4.705128205	1.179487179	1.686987684	2.030776241	1.203788421	5.685539645	5.67331683
4.705128205	1.18974359	1.709286683	2.057560344	1.203753802	5.76069244	5.74814275
4.705128205	1.2	1.731802435	2.084606243	1.203720587	5.836575744	5.823700043
4.879487179	0.8	1.044311378	1.259538379	1.206094662	3.519571481	3.518733447
4.879487179	0.8102564103	1.061022774	1.279598407	1.206004657	3.57589276	3.574774527
4.879487179	0.8205128205	1.077891336	1.299846766	1.205916333	3.632743723	3.631341743
4.879487179	0.8307692308	1.094918376	1.320285068	1.205829673	3.690128798	3.688439595
4.879487179	0.841025641	1.112105237	1.340914957	1.205744665	3.748052504	3.746072678
4.879487179	0.8512820513	1.129453287	1.361738112	1.205661294	3.806519456	3.804245684
4.879487179	0.8615384615	1.146963924	1.382756248	1.205579547	3.865534362	3.862963401
4.879487179	0.8717948718	1.164638572	1.403971113	1.205499411	3.925102025	3.922230715
4.879487179	0.8820512821	1.182478685	1.425384491	1.205420874	3.985227342	3.982052604
4.879487179	0.8923076923	1.200485744	1.446998197	1.205343923	4.045915306	4.042434148
4.879487179	0.9025641026	1.218661258	1.468814084	1.205268548	4.107171	4.103380518
4.879487179	0.9128205128	1.237006763	1.490834039	1.205194735	4.168999607	4.164896984
4.879487179	0.9230769231	1.255523825	1.513059981	1.205122476	4.2314064	4.226988913
4.879487179	0.9333333333	1.274214037	1.535493867	1.205051759	4.294396747	4.289661766
4.879487179	0.9435897436	1.293079019	1.558137685	1.204982574	4.357976111	4.352921101
4.879487179	0.9538461538	1.312120421	1.58099346	1.204914911	4.422150051	4.416772574
4.879487179	0.9641025641	1.33133992	1.60406325	1.204848759	4.486924217	4.481221934
4.879487179	0.9743589744	1.350739219	1.627349149	1.204784111	4.552304354	4.54627503
4.879487179	0.9846153846	1.370320053	1.650853283	1.204720956	4.618296303	4.611937804
4.879487179	0.9948717949	1.390084181	1.674577815	1.204659285	4.684905999	4.678216296
4.879487179	1.005128205	1.410033393	1.698524942	1.204599089	4.752139469	4.745116642
4.879487179	1.015384615	1.430169506	1.722696892	1.204540361	4.820002838	4.812645074
4.879487179	1.025641026	1.450494364	1.747095934	1.20448309	4.888502321	4.880807921
4.879487179	1.035897436	1.471009839	1.771724364	1.20442727	4.95764423	4.949611607
4.879487179	1.046153846	1.491717833	1.796584519	1.204372891	5.027434971	5.019062654
4.879487179	1.056410256	1.512620274	1.821678767	1.204319946	5.097881044	5.089167678
4.879487179	1.066666667	1.533719119	1.84700951	1.204268427	5.168989043	5.159933393
4.879487179	1.076923077	1.555016352	1.872579187	1.204218325	5.240765657	5.231366609
4.879487179	1.087179487	1.576513987	1.898390269	1.204169633	5.313217669	5.303474232
4.879487179	1.097435897	1.598214062	1.924445263	1.204122344	5.386351955	5.376263264
4.879487179	1.107692308	1.620118648	1.95074671	1.20407645	5.460175488	5.449740803
4.879487179	1.117948718	1.64222984	1.977297185	1.204031943	5.534695332	5.523914045
4.879487179	1.128205128	1.664549763	2.004099299	1.203988816	5.609918648	5.59879028
4.879487179	1.138461538	1.68708057	2.031155694	1.203947061	5.68585269	5.674376897
4.879487179	1.148717949	1.70982444	2.058469051	1.203906672	5.762504807	5.750681377
4.879487179	1.158974359	1.732783583	2.086042082	1.20386764	5.839882441	5.827711302
4.879487179	1.169230769	1.755960234	2.113877535	1.203829958	5.917993129	5.905474348
4.879487179	1.179487179	1.779356658	2.141978193	1.20379362	5.996844504	5.983978287
4.879487179	1.18974359	1.802975147	2.170346871	1.203758618	6.076444289	6.063230987
4.879487179	1.2	1.826818022	2.198986422	1.203724944	6.156800306	6.143240413
5.053846154	0.8	1.094784566	1.320381802	1.206065415	3.689677825	3.688709837
5.053846154	0.8102564103	1.112542763	1.34170155	1.205977508	3.74952707	3.748270159
5.053846154	0.8205128205	1.130467379	1.363220698	1.20589123	3.809937179	3.808387538
5.053846154	0.8307692308	1.148559692	1.384940816	1.205806564	3.870912469	3.86906636
5.053846154	0.841025641	1.166821011	1.406863508	1.205723496	3.93245735	3.930311109
5.053846154	0.8512820513	1.185252674	1.428990415	1.205642009	3.994576326	3.992126363
5.053846154	0.8615384615	1.203856044	1.451323208	1.20556209	4.057273998	4.054516798
5.053846154	0.8717948718	1.222632515	1.473863597	1.205483724	4.120555057	4.117487186
5.053846154	0.8820512821	1.241583506	1.496613324	1.205406899	4.184424292	4.181042395
5.053846154	0.8923076923	1.260710467	1.519574166	1.205331601	4.248886584	4.24518739
5.053846154	0.9025641026	1.280014873	1.542747934	1.205257819	4.31394691	4.30992723
5.053846154	0.9128205128	1.29949823	1.566136475	1.205185539	4.379610339	4.375267073
5.053846154	0.9230769231	1.319162069	1.589741668	1.20511475	4.445882037	4.441212171
5.053846154	0.9333333333	1.339007952	1.613565428	1.205045442	4.512767262	4.507767875
5.053846154	0.9435897436	1.359037465	1.637609706	1.204977602	4.580271368	4.574939629
5.053846154	0.9538461538	1.379252227	1.661876483	1.20491122	4.648399802	4.642732977
5.053846154	0.9641025641	1.399653881	1.68636778	1.204846286	4.717158106	4.711153555
5.053846154	0.9743589744	1.420244099	1.711085647	1.20478279	4.786551915	4.780207098
5.053846154	0.9846153846	1.441024582	1.736032174	1.204720721	4.856586961	4.849899437
5.053846154	0.9948717949	1.461997058	1.76120948	1.204660071	4.927269068	4.920236499
5.053846154	1.005128205	1.483163283	1.786619722	1.20460083	4.998604154	4.991224308
5.053846154	1.015384615	1.504525042	1.812265091	1.204542989	5.070598233	5.062868982
5.053846154	1.025641026	1.526084146	1.838147811	1.204486539	5.143257413	5.135176737
5.053846154	1.035897436	1.547842436	1.864270142	1.204431471	5.216587895	5.208153886
5.053846154	1.046153846	1.569801779	1.890634377	1.204377777	5.290595974	5.281806836
5.053846154	1.056410256	1.591964073	1.917242846	1.204325448	5.365288043	5.356142093
5.053846154	1.066666667	1.614331241	1.94409791	1.204274477	5.440670584	5.431166256
5.053846154	1.076923077	1.636905235	1.971201968	1.204224854	5.516750177	5.506886024
5.053846154	1.087179487	1.659688035	1.99855745	1.204176573	5.593533496	5.583308189
5.053846154	1.097435897	1.682681649	2.026166823	1.204129625	5.671027307	5.660439641
5.053846154	1.107692308	1.705888113	2.054032587	1.204084003	5.749238472	5.738287366
5.053846154	1.117948718	1.729309491	2.082157278	1.204039699	5.828173947	5.816858446
5.053846154	1.128205128	1.752947875	2.110543465	1.203996705	5.907840783	5.89616006
5.053846154	1.138461538	1.776805385	2.139193752	1.203955014	5.988246123	5.976199481
5.053846154	1.148717949	1.800884169	2.168110778	1.203914619	6.069397208	6.056984082
5.053846154	1.158974359	1.825186403	2.197297215	1.203875512	6.15130137	6.138521329
5.053846154	1.169230769	1.84971429	2.22675577	1.203837686	6.233966036	6.220818785
5.053846154	1.179487179	1.874470062	2.256489186	1.203801134	6.317398728	6.303884111
5.053846154	1.18974359	1.899455979	2.286500239	1.203765849	6.401607062	6.387725062
5.053846154	1.2	1.924674329	2.31679174	1.203731823	6.486598748	6.47234949
5.228205128	0.8	1.146520294	1.382747508	1.206038406	3.864039227	3.862938985
5.228205128	0.8102564103	1.165357875	1.40536626	1.205952515	3.927526241	3.926128293
5.228205128	0.8205128205	1.184371539	1.428195981	1.205868204	3.991606698	3.989906977
5.228205128	0.8307692308	1.203562535	1.451238199	1.205785455	4.056284804	4.05427931
5.228205128	0.841025641	1.222932139	1.474494479	1.205704252	4.121564859	4.119249662
5.228205128	0.8512820513	1.242481654	1.497966421	1.205624579	4.187451259	4.184822501
5.228205128	0.8615384615	1.262212414	1.521655657	1.205546421	4.253948493	4.251002388
5.228205128	0.8717948718	1.282125777	1.545563856	1.205469762	4.321061145	4.317793983
5.228205128	0.8820512821	1.302223132	1.569692719	1.20539459	4.388793893	4.385202042
5.228205128	0.8923076923	1.322505896	1.594043983	1.20532089	4.457151507	4.453231415
5.228205128	0.9025641026	1.342975511	1.618619419	1.205248648	4.526138856	4.521887052
5.228205128	0.9128205128	1.363633449	1.643420832	1.205177853	4.5957609	4.591173995
5.228205128	0.9230769231	1.384481212	1.668450064	1.205108491	4.666022693	4.661097386
5.228205128	0.9333333333	1.405520326	1.693708988	1.205040551	4.736929385	4.731662461
5.228205128	0.9435897436	1.426752347	1.719199513	1.204974021	4.808486219	4.802874553
5.228205128	0.9538461538	1.448178859	1.744923582	1.204908891	4.880698533	4.874739091
5.228205128	0.9641025641	1.469801474	1.770883174	1.204845148	4.95357176	4.947261601
5.228205128	0.9743589744	1.491621832	1.797080301	1.204782782	5.027111425	5.020447704
5.228205128	0.9846153846	1.5136416	1.823517009	1.204721784	5.10132315	5.094303119
5.228205128	0.9948717949	1.535862475	1.85019538	1.204662143	5.176212649	5.16883366
5.228205128	1.005128205	1.558286179	1.87711753	1.204603849	5.251785731	5.244045237
5.228205128	1.015384615	1.580914465	1.904285608	1.204546894	5.3280483	5.319943857
5.228205128	1.025641026	1.603749111	1.931701799	1.204491267	5.405006354	5.396535623
5.228205128	1.035897436	1.626791927	1.959368322	1.20443696	5.482665985	5.473826734
5.228205128	1.046153846	1.650044746	1.987287432	1.204383963	5.561033379	5.551823487
5.228205128	1.056410256	1.673509434	2.015461414	1.204332269	5.640114816	5.630532272
5.228205128	1.066666667	1.697187881	2.043892594	1.204281869	5.719916672	5.709959579
5.228205128	1.076923077	1.721082007	2.072583326	1.204232755	5.800445416	5.790111991
5.228205128	1.087179487	1.745193759	2.101536002	1.204184918	5.881707612	5.870996189
5.228205128	1.097435897	1.769525113	2.130753049	1.20413835	5.963709916	5.95261895
5.228205128	1.107692308	1.794078072	2.160236927	1.204093044	6.046459081	6.034987147
5.228205128	1.117948718	1.818854668	2.189990129	1.204048992	6.129961954	6.11810775
5.228205128	1.128205128	1.843856959	2.220015186	1.204006187	6.214225475	6.201987824
5.228205128	1.138461538	1.869087035	2.250314662	1.20396462	6.299256678	6.286634531
5.228205128	1.148717949	1.894547009	2.280891153	1.203924285	6.385062694	6.37205513
5.228205128	1.158974359	1.920239025	2.311747293	1.203885174	6.471650744	6.458256975
5.228205128	1.169230769	1.946165254	2.342885749	1.203847281	6.559028148	6.545247517
5.228205128	1.179487179	1.972327896	2.374309221	1.203810597	6.647202318	6.633034302
5.228205128	1.18974359	1.998729177	2.406020448	1.203775116	6.736180758	6.721624974
5.228205128	1.2	2.025371354	2.438022197	1.203740831	6.825971071	6.811027273
5.402564103	0.8	1.199518565	1.4466355	1.206013431	4.042655687	4.041420891
5.402564103	0.8102564103	1.219468108	1.470592538	1.205929477	4.109890274	4.10834893
5.402564103	0.8205128205	1.239603817	1.494772614	1.205847057	4.17775228	4.175900061
5.402564103	0.8307692308	1.259926906	1.519177217	1.205766151	4.246245803	4.244078445
5.402564103	0.841025641	1.280438619	1.54380787	1.205686744	4.315375033	4.312888339
5.402564103	0.8512820513	1.301140228	1.568666132	1.205608817	4.385144255	4.382334098
5.402564103	0.8615384615	1.322033032	1.593753596	1.205532356	4.455557849	4.452420171
5.402564103	0.8717948718	1.343118359	1.61907189	1.205457344	4.52662029	4.523151106
5.402564103	0.8820512821	1.364397564	1.644622674	1.205383766	4.598336144	4.594531544
5.402564103	0.8923076923	1.385872031	1.670407647	1.205311609	4.670710075	4.666566225
5.402564103	0.9025641026	1.40754317	1.696428538	1.205240858	4.743746839	4.739259984
5.402564103	0.9128205128	1.429412422	1.722687112	1.2051715	4.817451288	4.812617752
5.402564103	0.9230769231	1.451481253	1.74918517	1.205103522	4.891828366	4.886644557
5.402564103	0.9333333333	1.473751159	1.775924545	1.205036912	4.966883113	4.961345523
5.402564103	0.9435897436	1.496223663	1.802907107	1.204971657	5.042620664	5.036725871
5.402564103	0.9538461538	1.518900317	1.830134757	1.204907746	5.119046245	5.112790917
5.402564103	0.9641025641	1.5417827	1.857609434	1.204845167	5.196165179	5.189546073
5.402564103	0.9743589744	1.564872418	1.88533311	1.204783909	5.273982884	5.266996848
5.402564103	0.9846153846	1.588171108	1.91330779	1.204723963	5.35250487	5.345148849
5.402564103	0.9948717949	1.611680432	1.941535517	1.204665316	5.431736743	5.424007777
5.402564103	1.005128205	1.635402081	1.970018365	1.20460796	5.511684201	5.503579428
5.402564103	1.015384615	1.659337775	1.998758444	1.204551884	5.592353039	5.583869699
5.402564103	1.025641026	1.68348926	2.027757898	1.20449708	5.673749145	5.664884578
5.402564103	1.035897436	1.707858312	2.057018906	1.204443537	5.755878501	5.746630153
5.402564103	1.046153846	1.732446734	2.086543682	1.204391247	5.838747184	5.829112606
5.402564103	1.056410256	1.757256357	2.116334472	1.2043402	5.922361364	5.912338217
5.402564103	1.066666667	1.782289039	2.14639356	1.204290389	6.006727308	5.996313361
5.402564103	1.076923077	1.807546668	2.176723261	1.204241804	6.091851374	6.08104451
5.402564103	1.087179487	1.833031159	2.207325927	1.204194438	6.177740017	6.166538231
5.402564103	1.097435897	1.858744454	2.238203942	1.204148283	6.264399783	6.25280119
5.402564103	1.107692308	1.884688525	2.269359728	1.20410333	6.351837317	6.339840145
5.402564103	1.117948718	1.91086537	2.300795738	1.204059572	6.440059353	6.427661955
5.402564103	1.128205128	1.937277016	2.332514462	1.204017001	6.529072724	6.516273573
5.402564103	1.138461538	1.963925517	2.364518421	1.203975609	6.618884354	6.605682046
5.402564103	1.148717949	1.990812958	2.396810176	1.20393539	6.709501263	6.695894522
5.402564103	1.158974359	2.017941448	2.429392316	1.203896336	6.800930565	6.786918241
5.402564103	1.169230769	2.045313126	2.46226747	1.20385844	6.893179468	6.878760543
5.402564103	1.179487179	2.07293016	2.495438298	1.203821695	6.986255273	6.97142886
5.402564103	1.18974359	2.100794743	2.528907496	1.203786093	7.080165378	7.064930725
5.402564103	1.2	2.128909098	2.562677794	1.203751629	7.174917273	7.159273763
5.576923077	0.8	1.253779377	1.512045775	1.205990306	4.225527204	4.224155556
5.576923077	0.8102564103	1.274873464	1.537380384	1.205908216	4.296619168	4.29493207
5.576923077	0.8205128205	1.296164212	1.562950599	1.205827614	4.368373926	4.36636679
5.576923077	0.8307692308	1.317652805	1.588757869	1.205748482	4.440795467	4.438463764
5.576923077	0.841025641	1.339340453	1.614803679	1.205670803	4.51388787	4.511227139
5.576923077	0.8512820513	1.361228396	1.641089547	1.205594558	4.587655313	4.584661154
5.576923077	0.8615384615	1.383317901	1.667617024	1.205519731	4.662102065	4.658770148
5.576923077	0.8717948718	1.405610262	1.694387698	1.205446307	4.73723249	4.733558554
5.576923077	0.8820512821	1.428106802	1.721403192	1.205374268	4.813051046	4.809030902
5.576923077	0.8923076923	1.450808872	1.748665159	1.205303602	4.889562287	4.885191818
5.576923077	0.9025641026	1.473717851	1.776175292	1.205234292	4.966770859	4.962046026
5.576923077	0.9128205128	1.496835147	1.803935314	1.205166326	5.044681504	5.039598343
5.576923077	0.9230769231	1.520162193	1.831946986	1.205099689	5.123299057	5.117853685
5.576923077	0.9333333333	1.543700452	1.860212101	1.20503437	5.202628449	5.196817063
5.576923077	0.9435897436	1.567451415	1.888732487	1.204970354	5.282674702	5.276493585
5.576923077	0.9538461538	1.591416601	1.917510007	1.204907631	5.363442936	5.356888454
5.576923077	0.9641025641	1.615597557	1.946546559	1.204846189	5.444938364	5.43800697
5.576923077	0.9743589744	1.639995857	1.975844073	1.204786015	5.527166292	5.519854531
5.576923077	0.9846153846	1.664613104	2.005404517	1.204727099	5.610132122	5.602436628
5.576923077	0.9948717949	1.689450929	2.03522989	1.204669431	5.69384135	5.68575885
5.576923077	1.005128205	1.714510989	2.065322227	1.204613001	5.778299564	5.769826883
5.576923077	1.015384615	1.739794972	2.095683598	1.204557797	5.86351245	5.854646509
5.576923077	1.025641026	1.765304593	2.126316108	1.20450381	5.949485785	5.940223603
5.576923077	1.035897436	1.791041593	2.157221893	1.204451031	6.036225443	6.026564142
5.576923077	1.046153846	1.817007743	2.188403128	1.204399451	6.12373739	6.113674194
5.576923077	1.056410256	1.843204842	2.21986202	1.204349061	6.212027687	6.201559927
5.576923077	1.066666667	1.869634716	2.251600809	1.204299851	6.301102491	6.290227603
5.576923077	1.076923077	1.89629922	2.283621773	1.204251813	6.390968051	6.379683581
5.576923077	1.087179487	1.923200235	2.315927223	1.204204939	6.48163071	6.469934316
5.576923077	1.097435897	1.950339673	2.348519502	1.204159222	6.573096908	6.56098636
5.576923077	1.107692308	1.977719471	2.381400992	1.204114651	6.665373178	6.652846361
5.576923077	1.117948718	2.005341597	2.414574105	1.204071221	6.758466145	6.745521063
5.576923077	1.128205128	2.033208043	2.448041291	1.204028923	6.852382531	6.839017306
5.576923077	1.138461538	2.061320834	2.481805032	1.20398775	6.947129152	6.933342026
5.576923077	1.148717949	2.089682018	2.515867846	1.203947694	7.042712918	7.028502257
5.576923077	1.158974359	2.118293673	2.550232285	1.203908748	7.139140832	7.124505128
5.576923077	1.169230769	2.147157907	2.584900935	1.203870906	7.236419993	7.221357864
5.576923077	1.179487179	2.176276854	2.619876417	1.203834159	7.334557594	7.319067786
5.576923077	1.18974359	2.205652674	2.655161385	1.203798502	7.433560921	7.417642314
5.576923077	1.2	2.23528756	2.690758531	1.203763927	7.533437356	7.51708896
5.751282051	0.8	1.30930273	1.578978334	1.20596887	4.41265378	4.41114298
5.751282051	0.8102564103	1.331573941	1.605729796	1.205888571	4.487712923	4.485877712
5.751282051	0.8205128205	1.354052725	1.632729934	1.205809718	4.563471636	4.561307163
5.751282051	0.8307692308	1.376740232	1.659980157	1.205732294	4.639933795	4.637435268
5.751282051	0.841025641	1.399637641	1.687481908	1.205656278	4.717103373	4.714266061
5.751282051	0.8512820513	1.422746158	1.715236666	1.205581653	4.794984434	4.791803669
5.751282051	0.8615384615	1.446067018	1.743245942	1.205508403	4.873581141	4.870052317
5.751282051	0.8717948718	1.469601484	1.771511282	1.205436509	4.952897746	4.949016327
5.751282051	0.8820512821	1.493350845	1.80003427	1.205365957	5.0329386	5.028700115
5.751282051	0.8923076923	1.51731642	1.828816519	1.20529673	5.113708144	5.109108196
5.751282051	0.9025641026	1.541499555	1.85785968	1.205228814	5.195210916	5.190245178
5.751282051	0.9128205128	1.565901625	1.887165438	1.205162195	5.277451548	5.272115769
5.751282051	0.9230769231	1.590524031	1.916735512	1.205096858	5.360434766	5.354724769
5.751282051	0.9333333333	1.615368204	1.946571655	1.205032791	5.44416539	5.438077079
5.751282051	0.9435897436	1.640435602	1.976675654	1.20496998	5.528648335	5.522177693
5.751282051	0.9538461538	1.665727712	2.007049334	1.204908413	5.613888608	5.607031702
5.751282051	0.9641025641	1.691246047	2.037694549	1.204848078	5.699891314	5.692644293
5.751282051	0.9743589744	1.716992149	2.068613192	1.204788964	5.786661649	5.779020751
5.751282051	0.9846153846	1.74296759	2.099807188	1.204731058	5.874204906	5.866166455
5.751282051	0.9948717949	1.769173966	2.131278498	1.204674351	5.962526469	5.954086881
5.751282051	1.005128205	1.795612903	2.163029116	1.204618831	6.051631819	6.042787601
5.751282051	1.015384615	1.822286057	2.195061072	1.204564488	6.141526532	6.132274286
5.751282051	1.025641026	1.849195108	2.227376428	1.204511313	6.232216274	6.222552698
5.751282051	1.035897436	1.876341768	2.259977284	1.204459296	6.32370681	6.313628701
5.751282051	1.046153846	1.903727772	2.292865771	1.204408427	6.416003996	6.405508251
5.751282051	1.056410256	1.931354889	2.326044056	1.204358696	6.509113785	6.498197402
5.751282051	1.066666667	1.959224911	2.359514342	1.204310097	6.603042221	6.591702304
5.751282051	1.076923077	1.987339661	2.393278863	1.204262618	6.697795446	6.686029204
5.751282051	1.087179487	2.015700987	2.427339891	1.204216253	6.793379693	6.781184443
5.751282051	1.097435897	2.044310769	2.461699729	1.204170993	6.889801292	6.877174462
5.751282051	1.107692308	2.073170912	2.496360717	1.204126829	6.987066664	6.974005794
5.751282051	1.117948718	2.10228335	2.53132523	1.204083755	7.085182328	7.071685072
5.751282051	1.128205128	2.131650043	2.566595674	1.204041762	7.184154896	7.170219023
5.751282051	1.138461538	2.161272983	2.602174494	1.204000843	7.283991072	7.269614471
5.751282051	1.148717949	2.191154187	2.638064165	1.20396099	7.384697657	7.369878336
5.751282051	1.158974359	2.2212957	2.674267199	1.203922197	7.486281545	7.471017635
5.751282051	1.169230769	2.251699597	2.710786143	1.203884456	7.588749725	7.57303948
5.751282051	1.179487179	2.282367978	2.747623577	1.20384776	7.69210928	7.67595108
5.751282051	1.18974359	2.313302973	2.784782115	1.203812102	7.796367388	7.77975974
5.751282051	1.2	2.34450674	2.822264408	1.203777476	7.901531318	7.884472862
5.925641026	0.8	1.366088626	1.647433178	1.205948975	4.604035413	4.602383162
5.925641026	0.8102564103	1.38956954	1.675640776	1.205870399	4.68317154	4.681185857
5.925641026	0.8205128205	1.413269354	1.704110621	1.205793231	4.763045409	4.760721181
5.925641026	0.8307692308	1.437189186	1.73284408	1.205717449	4.843660788	4.840992958
5.925641026	0.841025641	1.461330181	1.761842557	1.205643036	4.925021539	4.922005106
5.925641026	0.8512820513	1.485693514	1.791107489	1.205569973	5.007131618	5.003761643
5.925641026	0.8615384615	1.510280386	1.820640348	1.205498241	5.089995077	5.08626668
5.925641026	0.8717948718	1.535092026	1.850442642	1.205427824	5.173616059	5.169524426
5.925641026	0.8820512821	1.560129694	1.880515909	1.205358706	5.257998804	5.253539184
5.925641026	0.8923076923	1.585394674	1.910861727	1.20529087	5.343147645	5.338315357
5.925641026	0.9025641026	1.610888281	1.941481704	1.205224302	5.42906701	5.42385744
5.925641026	0.9128205128	1.636611855	1.972377484	1.205158986	5.515761421	5.510170028
5.925641026	0.9230769231	1.662566768	2.003550748	1.205094909	5.603235493	5.59725781
5.925641026	0.9333333333	1.688754415	2.035003206	1.205032057	5.691493939	5.685125572
5.925641026	0.9435897436	1.715176224	2.066736608	1.204970416	5.780541561	5.773778197
5.925641026	0.9538461538	1.741833648	2.098752735	1.204909974	5.87038326	5.863220662
5.925641026	0.9641025641	1.768728168	2.131053404	1.204850718	5.961024029	5.953458042
5.925641026	0.9743589744	1.795861294	2.163640466	1.204792638	6.052468955	6.044495509
5.925641026	0.9846153846	1.823234564	2.196515806	1.20473572	6.14472322	6.13633833
5.925641026	0.9948717949	1.850849543	2.229681343	1.204679955	6.237792101	6.228991868
5.925641026	1.005128205	1.878707824	2.263139033	1.204625331	6.331680968	6.322461582
5.925641026	1.015384615	1.906811029	2.296890864	1.204571837	6.426395285	6.41675303
5.925641026	1.025641026	1.935160807	2.33093886	1.204519465	6.521940612	6.511871863
5.925641026	1.035897436	1.963758837	2.365285078	1.204468203	6.618322602	6.60782383
5.925641026	1.046153846	1.992606823	2.39993161	1.204418043	6.715547003	6.704614776
5.925641026	1.056410256	2.021706498	2.434880583	1.204368975	6.813619657	6.802250642
5.925641026	1.066666667	2.051059625	2.470134158	1.20432099	6.912546499	6.900737465
5.925641026	1.076923077	2.080667991	2.50569453	1.204274079	7.01233356	7.000081378
5.925641026	1.087179487	2.110533416	2.54156393	1.204228235	7.112986965	7.100288613
5.925641026	1.097435897	2.140657743	2.577744622	1.204183448	7.214512933	7.201365494
5.925641026	1.107692308	2.171042847	2.614238905	1.204139711	7.316917777	7.303318445
5.925641026	1.117948718	2.201690628	2.651049112	1.204097015	7.420207904	7.406153983
5.925641026	1.128205128	2.232603015	2.688177612	1.204055353	7.524389818	7.509878725
5.925641026	1.138461538	2.263781966	2.725626806	1.204014718	7.629470113	7.614499381
5.925641026	1.148717949	2.295229467	2.763399131	1.203975102	7.73545548	7.720022759
5.925641026	1.158974359	2.326947529	2.801497059	1.203936498	7.842352704	7.826455762
5.925641026	1.169230769	2.358938194	2.839923094	1.203898899	7.950168664	7.93380539
5.925641026	1.179487179	2.391203532	2.878679778	1.203862298	8.058910332	8.04207874
5.925641026	1.18974359	2.423745639	2.917769685	1.203826688	8.168584778	8.151283005
5.925641026	1.2	2.45656664	2.957195423	1.203792063	8.279199161	8.261425472
6.1	0.8	1.424137062	1.717410306	1.205930491	4.799672104	4.797876102
6.1	0.8102564103	1.448860261	1.747113324	1.205853573	4.882995018	4.880856504
6.1	0.8205128205	1.473814102	1.777092658	1.205778026	4.967095245	4.964608843
6.1	0.8307692308	1.498999669	1.807349637	1.205703827	5.051976445	5.049136831
6.1	0.841025641	1.524418075	1.837885624	1.205630958	5.137642369	5.134444275
6.1	0.8512820513	1.550070463	1.868702016	1.205559399	5.224096865	5.220535077
6.1	0.8615384615	1.575958002	1.899800245	1.205489132	5.311343873	5.307413237
6.1	0.8717948718	1.602081889	1.931181776	1.205420141	5.399387427	5.39508285
6.1	0.8820512821	1.628443348	1.96284811	1.205352407	5.488231659	5.483548109
6.1	0.8923076923	1.655043634	1.994800782	1.205285915	5.57788079	5.572813302
6.1	0.9025641026	1.681884028	2.027041362	1.20522065	5.66833914	5.662882813
6.1	0.9128205128	1.708965838	2.059571452	1.205156596	5.759611121	5.753761122
6.1	0.9230769231	1.736290403	2.092392693	1.205093739	5.851701238	5.845452808
6.1	0.9333333333	1.763859086	2.125506756	1.205032064	5.944614094	5.937962542
6.1	0.9435897436	1.791673282	2.158915349	1.20497156	6.038354382	6.031295096
6.1	0.9538461538	1.819734411	2.192620213	1.204912211	6.132926892	6.125455333
6.1	0.9641025641	1.848043922	2.226623125	1.204854007	6.228336509	6.220448217
6.1	0.9743589744	1.876603293	2.260925895	1.204796935	6.32458821	6.316278806
6.1	0.9846153846	1.905414027	2.295530368	1.204740983	6.421687066	6.412952253
6.1	0.9948717949	1.93447766	2.330438424	1.20468614	6.519638246	6.510473811
6.1	1.005128205	1.96379575	2.365651977	1.204632395	6.618447009	6.608848826
6.1	1.015384615	1.993369888	2.401172976	1.204579737	6.71811871	6.708082742
6.1	1.025641026	2.02320169	2.437003403	1.204528157	6.8186588	6.808181098
6.1	1.035897436	2.053292801	2.473145275	1.204477644	6.920072821	6.90914953
6.1	1.046153846	2.083644894	2.509600645	1.204428188	7.022366411	7.01099377
6.1	1.056410256	2.114259669	2.546371598	1.204379781	7.125545303	7.113719647
6.1	1.066666667	2.145138856	2.583460256	1.204332414	7.229615323	7.217333085
6.1	1.076923077	2.176284212	2.620868774	1.204286076	7.334582393	7.321840105
6.1	1.087179487	2.20769752	2.658599341	1.204240761	7.440452526	7.427246825
6.1	1.097435897	2.239380595	2.696654182	1.204196459	7.547231832	7.533559457
6.1	1.107692308	2.271335275	2.735035555	1.204153163	7.654926515	7.640784313
6.1	1.117948718	2.303563431	2.773745753	1.204110864	7.763542873	7.748927797
6.1	1.128205128	2.336066959	2.812787104	1.204069555	7.873087297	7.857996412
6.1	1.138461538	2.368847783	2.852161969	1.204029229	7.983566275	7.967996756
6.1	1.148717949	2.401907856	2.891872745	1.203989877	8.094986388	8.078935525
6.1	1.158974359	2.435249159	2.931921863	1.203951494	8.207354309	8.190819509
6.1	1.169230769	2.4688737	2.972311789	1.203914072	8.320676808	8.303655595
6.1	1.179487179	2.502783516	3.013045021	1.203877604	8.43496075	8.417450768
6.1	1.18974359	2.536980671	3.054124095	1.203842083	8.550213091	8.532212107
6.1	1.2	2.571467258	3.095551579	1.203807503	8.666440885	8.647946788
